site,url,widget_id,sha256,chars,evidence,source_kind
kr,https://beautyblossom.kr/,w2025012170d7ebbc8130a,e5d06469aac12f799b7041dd538354260cfdf1e9e2db108861f7aac98878b04d,197,rendered_code/e5d06469aac12f799b7041dd.html,rendered widget fragment; NOT original editor source
kr,https://beautyblossom.kr/,w202501211fd9578bbf522,40e78763a63c18256168bcf765f3d44b9538fd27ac4fde71f86a7b1e866dce74,2714,rendered_code/40e78763a63c18256168bcf7.html,rendered widget fragment; NOT original editor source
kr,https://beautyblossom.kr/,w2025012138b76fc8312ff,e5d06469aac12f799b7041dd538354260cfdf1e9e2db108861f7aac98878b04d,197,rendered_code/e5d06469aac12f799b7041dd.html,rendered widget fragment; NOT original editor source
kr,https://beautyblossom.kr/,w202501214229d81f25724,f8680ea773585563ef263886497e6241890de997f92ce83b45dd046245dcbadb,196,rendered_code/f8680ea773585563ef263886.html,rendered widget fragment; NOT original editor source
kr,https://beautyblossom.kr/110,w2025020810e2447f713c5,4203a3154b8eb79c81717522c8f7df6508b8cc48b18a7eb9ecf2ba910e2c0d6d,1355,rendered_code/4203a3154b8eb79c81717522.html,rendered widget fragment; NOT original editor source
kr,https://beautyblossom.kr/110,w2025020826d052dfaad90,25ad6e01f5ed0608b117f3fcb7555d71969867c14f7fbb68a937e8f4eb227ae1,861,rendered_code/25ad6e01f5ed0608b117f3fc.html,rendered widget fragment; NOT original editor source
kr,https://beautyblossom.kr/110,w2025020836377b9fd3b0e,8d4609ed6b06f7b44b8cf0f2c18877905975071ba9a38125602f44127794628d,1114,rendered_code/8d4609ed6b06f7b44b8cf0f2.html,rendered widget fragment; NOT original editor source
kr,https://beautyblossom.kr/110,w202502089d316e68dbf3e,a5aee77c8ee9b263cf7560624b714199b360459cd8b6bcb4f938aebb5b2d16dc,1275,rendered_code/a5aee77c8ee9b263cf756062.html,rendered widget fragment; NOT original editor source
kr,https://beautyblossom.kr/110,w20250208141604ee5c51a,6c3dc2c244570a84dcc0ddbc83073f49ce54497a87cefff10047493d9f94c97f,1111,rendered_code/6c3dc2c244570a84dcc0ddbc.html,rendered widget fragment; NOT original editor source
kr,https://beautyblossom.kr/110,w202604045f34674d25221,040d0c9a85a0d799297bb4cbed966c4143e0ca83287701ef5ce616758ea9e1f9,5270,rendered_code/040d0c9a85a0d799297bb4cb.html,rendered widget fragment; NOT original editor source
kr,https://beautyblossom.kr/111,w202502081dfacd12d3645,400a30016875937487da6536f33fe2ed7f2e97dfeae25ea6e9c31a8ddea44dc8,1352,rendered_code/400a30016875937487da6536.html,rendered widget fragment; NOT original editor source
kr,https://beautyblossom.kr/111,w2025020855cbd0fecc012,be2e0d438caea6dd89e74ca61def1f1a9237617c0fd653df5720bf1750e93dd0,833,rendered_code/be2e0d438caea6dd89e74ca6.html,rendered widget fragment; NOT original editor source
kr,https://beautyblossom.kr/111,w20250208f21fd3ee8ebd7,f4c1384682a8d0602ee2f2bca1d1c2a9c60ffe004b794f0805bca0e8eef09ad7,1295,rendered_code/f4c1384682a8d0602ee2f2bc.html,rendered widget fragment; NOT original editor source
kr,https://beautyblossom.kr/111,w20250208c59b6eb7c9c0f,6c3dc2c244570a84dcc0ddbc83073f49ce54497a87cefff10047493d9f94c97f,1111,rendered_code/6c3dc2c244570a84dcc0ddbc.html,rendered widget fragment; NOT original editor source
kr,https://beautyblossom.kr/111,w20260404454b03d13b8cb,797ba741b64669cfa670c40908c6cd16e60324bffafd0d7108a2e650275d6387,5663,rendered_code/797ba741b64669cfa670c409.html,rendered widget fragment; NOT original editor source
kr,https://beautyblossom.kr/112,w20250208d901fc97356c4,e5d06469aac12f799b7041dd538354260cfdf1e9e2db108861f7aac98878b04d,197,rendered_code/e5d06469aac12f799b7041dd.html,rendered widget fragment; NOT original editor source
kr,https://beautyblossom.kr/114,w2025021069a9bc374fe8a,68c5a161639c4d4da26ad0371828454218b627b221cbdd65af23e4b3c7dd1753,1361,rendered_code/68c5a161639c4d4da26ad037.html,rendered widget fragment; NOT original editor source
kr,https://beautyblossom.kr/114,w2025021062a63bf647331,b3be9b39279dc9457c9810fa350dad57f75a8be01f0a3a04dd150eb2032b4b9a,2060,rendered_code/b3be9b39279dc9457c9810fa.html,rendered widget fragment; NOT original editor source
kr,https://beautyblossom.kr/114,w20250210c37c1047e2282,f96a7202d3b6ab8f0e3eba210ed96eead86e14b9951718e9929d969737e91cf9,1119,rendered_code/f96a7202d3b6ab8f0e3eba21.html,rendered widget fragment; NOT original editor source
kr,https://beautyblossom.kr/114,w20250210974632809afa8,20c05e43d8b8e64004150f5fee4689231cca53320859c1069cdfadc34f5ba186,1232,rendered_code/20c05e43d8b8e64004150f5f.html,rendered widget fragment; NOT original editor source
kr,https://beautyblossom.kr/114,w20250210a45dae087bdf9,6c3dc2c244570a84dcc0ddbc83073f49ce54497a87cefff10047493d9f94c97f,1111,rendered_code/6c3dc2c244570a84dcc0ddbc.html,rendered widget fragment; NOT original editor source
kr,https://beautyblossom.kr/114,w2026040463adcc8edb791,2b43218c9a21a9b6e7d9d81213f102e2f1f85f26e9332354e749d8618496444b,5362,rendered_code/2b43218c9a21a9b6e7d9d812.html,rendered widget fragment; NOT original editor source
kr,https://beautyblossom.kr/115,w20250210323a68e994da0,b95c56569da893f923762d8ea4fa2ace626dcbadf0d7e2c9a700b0b384b7dc9d,1355,rendered_code/b95c56569da893f923762d8e.html,rendered widget fragment; NOT original editor source
kr,https://beautyblossom.kr/115,w202502105de9b36fb02e4,cfb0deae39c327119f734eb477b1e0b4b7f5be5af96cba634ab98790e22a93e6,1238,rendered_code/cfb0deae39c327119f734eb4.html,rendered widget fragment; NOT original editor source
kr,https://beautyblossom.kr/115,w202502107f873edf80575,6edf976cf742fe19eaa99eaafe7e3965b81fa06aba88b0de9480d109b43c2b7e,1236,rendered_code/6edf976cf742fe19eaa99eaa.html,rendered widget fragment; NOT original editor source
kr,https://beautyblossom.kr/115,w20250210f6f6542d18acb,6c3dc2c244570a84dcc0ddbc83073f49ce54497a87cefff10047493d9f94c97f,1111,rendered_code/6c3dc2c244570a84dcc0ddbc.html,rendered widget fragment; NOT original editor source
kr,https://beautyblossom.kr/115,w20260404bbdc6becb3415,88e8a4305087cc6581ccdf0351b9713a7b041be871071494ccd3f79e5c4ce150,5334,rendered_code/88e8a4305087cc6581ccdf03.html,rendered widget fragment; NOT original editor source
kr,https://beautyblossom.kr/116,w202502100d8eabadea986,da2b0d25883fe08a700e9b8ff65a52474f8278d41e45936c68bbe3f31edf1a4a,1350,rendered_code/da2b0d25883fe08a700e9b8f.html,rendered widget fragment; NOT original editor source
kr,https://beautyblossom.kr/116,w20250210ab150256b3849,9eba30f5c387729221ff95de7df0b8e4388ef96ded1406726c4f9f26342f1fd2,1192,rendered_code/9eba30f5c387729221ff95de.html,rendered widget fragment; NOT original editor source
kr,https://beautyblossom.kr/116,w20250210ec4b2584d87c2,f525fc84c368c7bfecd0150795f230c4dc53a21e749736fb0a18a5f1a7cbbca3,1242,rendered_code/f525fc84c368c7bfecd01507.html,rendered widget fragment; NOT original editor source
kr,https://beautyblossom.kr/116,w20250210201acd28937d5,6c3dc2c244570a84dcc0ddbc83073f49ce54497a87cefff10047493d9f94c97f,1111,rendered_code/6c3dc2c244570a84dcc0ddbc.html,rendered widget fragment; NOT original editor source
kr,https://beautyblossom.kr/116,w202604044b3369f608ebd,42baeca0b34175efc883bc01347d6e88f3abef3009d763d020e6f2085c61c487,5506,rendered_code/42baeca0b34175efc883bc01.html,rendered widget fragment; NOT original editor source
kr,https://beautyblossom.kr/117,w20250210bc3012003c215,116aefc16f2404027c102adc421c597cc08a01f402f4c51bd2a85e1eeefe99f2,1350,rendered_code/116aefc16f2404027c102adc.html,rendered widget fragment; NOT original editor source
kr,https://beautyblossom.kr/117,w20250211ce3b6348953ee,38ba13ca34fa933f65a91c911aef2946bbfe6b6bc0f20061b6daf4524600cd27,1253,rendered_code/38ba13ca34fa933f65a91c91.html,rendered widget fragment; NOT original editor source
kr,https://beautyblossom.kr/117,w20250210719a599d4cc5f,b8f196b16ecd34fd78fad96e075a349e6444628167a58f68b0b33271602274e9,1185,rendered_code/b8f196b16ecd34fd78fad96e.html,rendered widget fragment; NOT original editor source
kr,https://beautyblossom.kr/117,w20250210d4905447eda8c,69defbf15d4467c92bdc346a9b13497bcd1078463e661e9ffe32f81edefa3024,975,rendered_code/69defbf15d4467c92bdc346a.html,rendered widget fragment; NOT original editor source
kr,https://beautyblossom.kr/117,w20250210ad17c98c9e763,6c3dc2c244570a84dcc0ddbc83073f49ce54497a87cefff10047493d9f94c97f,1111,rendered_code/6c3dc2c244570a84dcc0ddbc.html,rendered widget fragment; NOT original editor source
kr,https://beautyblossom.kr/117,w20260404ceeabffd2fdf3,da407d118154dd1c2a23ae59e004d563b8796017905ff1f8d86a0661e161f977,5334,rendered_code/da407d118154dd1c2a23ae59.html,rendered widget fragment; NOT original editor source
kr,https://beautyblossom.kr/118,w20250210f372042580cb4,d573124c7c84ba18597ea23785f25bd8bf6f797a0685ebbef9cca13cad32e3bd,1341,rendered_code/d573124c7c84ba18597ea237.html,rendered widget fragment; NOT original editor source
kr,https://beautyblossom.kr/118,w20250210da13b54e57873,7f5247e58218682af8bfd95133c1b28e6c27007af6f9197eb69fc199f1ac73a4,1251,rendered_code/7f5247e58218682af8bfd951.html,rendered widget fragment; NOT original editor source
kr,https://beautyblossom.kr/118,w20250210cbe36fe8bb9b2,f1b3e8ab8a20806719d80e1007eb967b4da86999b3e651b455b6e749fce54adb,1214,rendered_code/f1b3e8ab8a20806719d80e10.html,rendered widget fragment; NOT original editor source
kr,https://beautyblossom.kr/118,w2025021032fad5ea05eb3,a9fa856e6b77c97d23134c60a0861bacb0b35d749d3e31383fd16705a58fb33f,1240,rendered_code/a9fa856e6b77c97d23134c60.html,rendered widget fragment; NOT original editor source
kr,https://beautyblossom.kr/118,w2025021024910114b8a3a,6c3dc2c244570a84dcc0ddbc83073f49ce54497a87cefff10047493d9f94c97f,1111,rendered_code/6c3dc2c244570a84dcc0ddbc.html,rendered widget fragment; NOT original editor source
kr,https://beautyblossom.kr/118,w20260404854fc973e27df,3e21f3985059ae4e07f3b6fa5a67dbd2000d5558343a43cd21813b833eb406ee,5314,rendered_code/3e21f3985059ae4e07f3b6fa.html,rendered widget fragment; NOT original editor source
kr,https://beautyblossom.kr/119,w2025021083407ebb06c76,2da09685d110397607568f27165ae4600ff6f22ca6b41eb3126a717bbb4d54c1,1347,rendered_code/2da09685d110397607568f27.html,rendered widget fragment; NOT original editor source
kr,https://beautyblossom.kr/119,w2025021036b7b6390274d,6842305254b6327832dcfb9b49828949102f6c509a2c1adb54e01fe27e487b16,1240,rendered_code/6842305254b6327832dcfb9b.html,rendered widget fragment; NOT original editor source
kr,https://beautyblossom.kr/119,w20250210299b0c032a355,2cc0585f53e84a2245d30da57ee8f75fcee8d666e6721179ba60c7858e665f62,1246,rendered_code/2cc0585f53e84a2245d30da5.html,rendered widget fragment; NOT original editor source
kr,https://beautyblossom.kr/119,w20250210b4f76cfd6b6de,6c3dc2c244570a84dcc0ddbc83073f49ce54497a87cefff10047493d9f94c97f,1111,rendered_code/6c3dc2c244570a84dcc0ddbc.html,rendered widget fragment; NOT original editor source
kr,https://beautyblossom.kr/119,w20260404871927f980981,77d6b9c3302aa2322ce899994650cecc0116fe8c9b8ad7e2f23954ca1d244a89,5404,rendered_code/77d6b9c3302aa2322ce89999.html,rendered widget fragment; NOT original editor source
kr,https://beautyblossom.kr/120,w20250210847d9f945de7d,251e824b65ba73c02dd9d7e3f9e33961e4c8daf539e9c142123c84b6b68a21c1,1344,rendered_code/251e824b65ba73c02dd9d7e3.html,rendered widget fragment; NOT original editor source
kr,https://beautyblossom.kr/120,w2025021053425be880829,478716022c3d5b84cf460da01b9f5632cdc4febe044820c2c15984700ba67f0c,1122,rendered_code/478716022c3d5b84cf460da0.html,rendered widget fragment; NOT original editor source
kr,https://beautyblossom.kr/120,w202502104308a95b06ed9,a33d0071989da6dfd92dd3cc368034cb979e4e100938a9c63f6b4478f506ed67,1205,rendered_code/a33d0071989da6dfd92dd3cc.html,rendered widget fragment; NOT original editor source
kr,https://beautyblossom.kr/120,w202502104f094fd0ad438,d8804edb8df8286233217b355ce2ad61ac02969010eb1c7b4df09f78cfb35219,1272,rendered_code/d8804edb8df8286233217b35.html,rendered widget fragment; NOT original editor source
kr,https://beautyblossom.kr/120,w202502105d28b03bda34c,6c3dc2c244570a84dcc0ddbc83073f49ce54497a87cefff10047493d9f94c97f,1111,rendered_code/6c3dc2c244570a84dcc0ddbc.html,rendered widget fragment; NOT original editor source
kr,https://beautyblossom.kr/120,w20260404981a16947c7bc,30c91dd75554584900963033dfc0f33caca9a374c641853c6d48cb57490c62a8,5259,rendered_code/30c91dd75554584900963033.html,rendered widget fragment; NOT original editor source
kr,https://beautyblossom.kr/121,w2025021112444d2dcbadf,f3ba77af3b572284cf48fed40cd045884e3ae05f906aa8aa09603a0eff8ae4ce,1346,rendered_code/f3ba77af3b572284cf48fed4.html,rendered widget fragment; NOT original editor source
kr,https://beautyblossom.kr/121,w20250211f18da2c6860bd,020587ea92b454b0653ae304ef6279777ad122bba29fe4eca093917fa7611108,996,rendered_code/020587ea92b454b0653ae304.html,rendered widget fragment; NOT original editor source
kr,https://beautyblossom.kr/121,w202502110a23556bcc4b5,0546c08b0fb165ef7b2ce3346c54addc25a65f47d7920c3d906a897b438b0b00,1092,rendered_code/0546c08b0fb165ef7b2ce334.html,rendered widget fragment; NOT original editor source
kr,https://beautyblossom.kr/121,w202502115cde4728c850e,ad65e1929550e08bb0abcd17e4c2dac722a9ef17dad7739e914d4cf8b7277554,1259,rendered_code/ad65e1929550e08bb0abcd17.html,rendered widget fragment; NOT original editor source
kr,https://beautyblossom.kr/121,w20250211d335f63d341d7,6c3dc2c244570a84dcc0ddbc83073f49ce54497a87cefff10047493d9f94c97f,1111,rendered_code/6c3dc2c244570a84dcc0ddbc.html,rendered widget fragment; NOT original editor source
kr,https://beautyblossom.kr/121,w202604048be032b8dc167,d58da4d350870cbc3b2faff56a9b70ff4913d8949bf9f49af5149a65b49cecea,5367,rendered_code/d58da4d350870cbc3b2faff5.html,rendered widget fragment; NOT original editor source
kr,https://beautyblossom.kr/122,w20250211be3fb4a67bf58,632c513c797e0b9708bdee04a8450c54440c127c2a3a9db7d0c18608a24a59a9,1348,rendered_code/632c513c797e0b9708bdee04.html,rendered widget fragment; NOT original editor source
kr,https://beautyblossom.kr/122,w20250211ac3846140773b,811a1745d1dec19ab4bd20ccb1e8098b536b72853db47aa50d095dc5999b99fe,984,rendered_code/811a1745d1dec19ab4bd20cc.html,rendered widget fragment; NOT original editor source
kr,https://beautyblossom.kr/122,w2025021176087bc56e1c7,5c1d3a92c794cf43a2ff8497e9427addcad19db063a6d224ac01170cb09a0db6,1093,rendered_code/5c1d3a92c794cf43a2ff8497.html,rendered widget fragment; NOT original editor source
kr,https://beautyblossom.kr/122,w202502117e3a69243d9fc,5243f550f69bf8a3631179471a99257305420f34d388edcefb75792ab2849605,1259,rendered_code/5243f550f69bf8a363117947.html,rendered widget fragment; NOT original editor source
kr,https://beautyblossom.kr/122,w2025021112446537bf49f,6c3dc2c244570a84dcc0ddbc83073f49ce54497a87cefff10047493d9f94c97f,1111,rendered_code/6c3dc2c244570a84dcc0ddbc.html,rendered widget fragment; NOT original editor source
kr,https://beautyblossom.kr/122,w20260404a2c00dc47eebc,df18026abd4f924e3659ecbfd53066fb647215beb4729a9e034eb5405baa5931,5400,rendered_code/df18026abd4f924e3659ecbf.html,rendered widget fragment; NOT original editor source
kr,https://beautyblossom.kr/123,w20250211bb184daf7dd62,2da09685d110397607568f27165ae4600ff6f22ca6b41eb3126a717bbb4d54c1,1347,rendered_code/2da09685d110397607568f27.html,rendered widget fragment; NOT original editor source
kr,https://beautyblossom.kr/123,w202502117f69779e4e133,b39999449d8216e9500d4ce75d5e3e449647bb77d14a03d0758e2efbe793ff58,1203,rendered_code/b39999449d8216e9500d4ce7.html,rendered widget fragment; NOT original editor source
kr,https://beautyblossom.kr/123,w202502114809e7aaa8ed6,d723175db12271386a119e2cf9f77e424ee1d8cd493211e77ee59f4086ee0a84,1364,rendered_code/d723175db12271386a119e2c.html,rendered widget fragment; NOT original editor source
kr,https://beautyblossom.kr/123,w202502116c8c76cccdaf3,242f6085126f5d8ed43b5258600590b6b15051c22ac571fcb409e382bf043788,1081,rendered_code/242f6085126f5d8ed43b5258.html,rendered widget fragment; NOT original editor source
kr,https://beautyblossom.kr/123,w20250211a3f6fc37069a6,b77479534fe58221dddd9e52ca3226124e9463f935c64a55fc4ab846b7c351d2,1257,rendered_code/b77479534fe58221dddd9e52.html,rendered widget fragment; NOT original editor source
kr,https://beautyblossom.kr/123,w202502117778c836fa88e,6c3dc2c244570a84dcc0ddbc83073f49ce54497a87cefff10047493d9f94c97f,1111,rendered_code/6c3dc2c244570a84dcc0ddbc.html,rendered widget fragment; NOT original editor source
kr,https://beautyblossom.kr/123,w20260404ac6082a1a1e55,85a636521aa2a8b44562c78213edc1f952295f367100ea73e13b8f14ae698875,5203,rendered_code/85a636521aa2a8b44562c782.html,rendered widget fragment; NOT original editor source
kr,https://beautyblossom.kr/124,w20250211f48ebf12c6239,780ca94f3ee1419e33bb2a0190a6ee74baf7ae8b9d887dd9d4f3d2d0ade5db2a,1356,rendered_code/780ca94f3ee1419e33bb2a01.html,rendered widget fragment; NOT original editor source
kr,https://beautyblossom.kr/124,w20250211594c72e85061f,5f20f5369548e431df6dd37acd0bc014950206093ea1c4257e04cfc967154b0f,848,rendered_code/5f20f5369548e431df6dd37a.html,rendered widget fragment; NOT original editor source
kr,https://beautyblossom.kr/124,w202502117a3bc7c0bb0d8,7e5330a6f3edf2a532dc51f52284f2af702464b066a16e8bf2613477e3e64f3d,1125,rendered_code/7e5330a6f3edf2a532dc51f5.html,rendered widget fragment; NOT original editor source
kr,https://beautyblossom.kr/124,w20250211e3593012ddf9e,d6ca76e3b8c2fb6433d8a9e07d06491237209d58a42ec3fe55a56eebda0e0fae,1286,rendered_code/d6ca76e3b8c2fb6433d8a9e0.html,rendered widget fragment; NOT original editor source
kr,https://beautyblossom.kr/124,w202502114d98c58b52642,6c3dc2c244570a84dcc0ddbc83073f49ce54497a87cefff10047493d9f94c97f,1111,rendered_code/6c3dc2c244570a84dcc0ddbc.html,rendered widget fragment; NOT original editor source
kr,https://beautyblossom.kr/124,w20260404eab284270ffbd,1ffd146a35456fbe90735d38aa7d55e2d42c585e7497e86999bae83e7860f828,5383,rendered_code/1ffd146a35456fbe90735d38.html,rendered widget fragment; NOT original editor source
kr,https://beautyblossom.kr/125,w202502115b742e522aaa7,0ab2e34e64c80f47bbeac96bcff2738d27fe8c76083d3ecb33623d5ef663e387,1010,rendered_code/0ab2e34e64c80f47bbeac96b.html,rendered widget fragment; NOT original editor source
kr,https://beautyblossom.kr/125,w20250211e332b6e69d0e0,ddee871f0f8a85f92c876d551df11cd1c13c91eb4e5641f7c26e666c6e4491b3,1133,rendered_code/ddee871f0f8a85f92c876d55.html,rendered widget fragment; NOT original editor source
kr,https://beautyblossom.kr/125,w20250211884c318a39030,a8d3b0b2a93f2a2a3d6d37052a7ac7db6f3056a9eb4c4a599424b19f421f1e5b,833,rendered_code/a8d3b0b2a93f2a2a3d6d3705.html,rendered widget fragment; NOT original editor source
kr,https://beautyblossom.kr/125,w2025021103f7aacebad15,1c7fc54ae889864f2d275cd116605b8a9fb3e7d62d966ff786a209dbdab70001,1014,rendered_code/1c7fc54ae889864f2d275cd1.html,rendered widget fragment; NOT original editor source
kr,https://beautyblossom.kr/125,w202502114f8be6902ec1c,6c3dc2c244570a84dcc0ddbc83073f49ce54497a87cefff10047493d9f94c97f,1111,rendered_code/6c3dc2c244570a84dcc0ddbc.html,rendered widget fragment; NOT original editor source
kr,https://beautyblossom.kr/125,w202604048d3498f5fd459,bccbd5dfce10da822a3b8140e210d5799426ca640e7bb7b7fbd9585b9825c2ad,5277,rendered_code/bccbd5dfce10da822a3b8140.html,rendered widget fragment; NOT original editor source
kr,https://beautyblossom.kr/126,w202502119e16b85344428,89af087825bb01b6c651351dbe50de83f32adf2cc395045d31c5202a0beac583,1352,rendered_code/89af087825bb01b6c651351d.html,rendered widget fragment; NOT original editor source
kr,https://beautyblossom.kr/126,w20250211aac5c92d843a9,f8680ea773585563ef263886497e6241890de997f92ce83b45dd046245dcbadb,196,rendered_code/f8680ea773585563ef263886.html,rendered widget fragment; NOT original editor source
kr,https://beautyblossom.kr/126,w2025021105f55810c16f1,8e052f23d427e342cba87e0a10448d2c3caa178a615077d62bf7412b2dc2c267,2989,rendered_code/8e052f23d427e342cba87e0a.html,rendered widget fragment; NOT original editor source
kr,https://beautyblossom.kr/126,w20250211c31ad1d1f1086,e2304c16a8986e7950ca7c1bd4e84f4c70cf1b1494919c889a334926ec9dfd88,1263,rendered_code/e2304c16a8986e7950ca7c1b.html,rendered widget fragment; NOT original editor source
kr,https://beautyblossom.kr/126,w202502114647b57b1bd67,6c3dc2c244570a84dcc0ddbc83073f49ce54497a87cefff10047493d9f94c97f,1111,rendered_code/6c3dc2c244570a84dcc0ddbc.html,rendered widget fragment; NOT original editor source
kr,https://beautyblossom.kr/126,w202604046af7738ffe26f,53681f5fa9b20ca7a271776c82cd424879a759aafbd3851dc0c3c491cabf6a03,5308,rendered_code/53681f5fa9b20ca7a271776c.html,rendered widget fragment; NOT original editor source
kr,https://beautyblossom.kr/127,w2025031428a62e5d6a947,4678139e8b68024e2406218264437a4c0721e1f7fc05490074ba14ee7dfb8d93,372,rendered_code/4678139e8b68024e24062182.html,rendered widget fragment; NOT original editor source
kr,https://beautyblossom.kr/127,w20250211aa4bb71773198,340a692503de08dca2af2c806d3bdec06702f71f301cee82f493a5675204c7f4,1435,rendered_code/340a692503de08dca2af2c80.html,rendered widget fragment; NOT original editor source
kr,https://beautyblossom.kr/127,w20250211047c3802e7a5c,283fe412d354db1726bf825976510e129cf45db4adbedd4c36801cd0cf91eb52,901,rendered_code/283fe412d354db1726bf8259.html,rendered widget fragment; NOT original editor source
kr,https://beautyblossom.kr/127,w20250211c4868098f9f8f,8129c6445eabfc75f74fbcf8f75efb2931a83df88439966b037706be2ecc0b4d,1275,rendered_code/8129c6445eabfc75f74fbcf8.html,rendered widget fragment; NOT original editor source
kr,https://beautyblossom.kr/127,w20250211f7bd972016f55,6c3dc2c244570a84dcc0ddbc83073f49ce54497a87cefff10047493d9f94c97f,1111,rendered_code/6c3dc2c244570a84dcc0ddbc.html,rendered widget fragment; NOT original editor source
kr,https://beautyblossom.kr/127,w20260404a68661fb9d05c,5b4f92c7d50bd082845dc25249a4e510acc922ed8b3f1b8c4dd93937426ea69a,5427,rendered_code/5b4f92c7d50bd082845dc252.html,rendered widget fragment; NOT original editor source
kr,https://beautyblossom.kr/129,w202502256821ea3c8958f,37f485da4d395f25c56ef1454183bd061b791d5ef9b52adff8950d8376a9020f,1371,rendered_code/37f485da4d395f25c56ef145.html,rendered widget fragment; NOT original editor source
kr,https://beautyblossom.kr/129,w202502255accd0ae0f6ec,4a0500d88f7394a645cb5bac07cba4bef3f39e31ccd3173738a0e9429eb28754,2067,rendered_code/4a0500d88f7394a645cb5bac.html,rendered widget fragment; NOT original editor source
kr,https://beautyblossom.kr/129,w202502252e58cd61eca64,9b19c77472936bd8c894dd4d51a3b5f5509939fadfba149321491b774dd0eefa,3244,rendered_code/9b19c77472936bd8c894dd4d.html,rendered widget fragment; NOT original editor source
kr,https://beautyblossom.kr/129,w202502258a37eb7df6142,ae5afd30a93b951dd283a3eaaee4fe4bdb43bd948b861c53f1c91704da02f562,1135,rendered_code/ae5afd30a93b951dd283a3ea.html,rendered widget fragment; NOT original editor source
kr,https://beautyblossom.kr/129,w202502257d31f1a97d607,6c3dc2c244570a84dcc0ddbc83073f49ce54497a87cefff10047493d9f94c97f,1111,rendered_code/6c3dc2c244570a84dcc0ddbc.html,rendered widget fragment; NOT original editor source
kr,https://beautyblossom.kr/129,w20260404c96e84fd9833b,af94045f9fcb151ceafe42c1c0dc13101510620ceacdcf665367b78c48a97aff,5257,rendered_code/af94045f9fcb151ceafe42c1.html,rendered widget fragment; NOT original editor source
kr,https://beautyblossom.kr/130,w20250225e5fc67b01b700,2e69cc21ce638f24f84c170281deea18aaea84f2d98b4d622391cf2aa62ba420,1369,rendered_code/2e69cc21ce638f24f84c1702.html,rendered widget fragment; NOT original editor source
kr,https://beautyblossom.kr/130,w20250225702eb831f8746,4f680eaf84822767f4180bedefb7ba4109027079a24e0efcb09d392e819e464b,864,rendered_code/4f680eaf84822767f4180bed.html,rendered widget fragment; NOT original editor source
kr,https://beautyblossom.kr/130,w2025022534ad0016b9bbc,67838df6ba8b25904773e3515ebddd1d761541bfb75f5b3718f31abed9eb9644,1488,rendered_code/67838df6ba8b25904773e351.html,rendered widget fragment; NOT original editor source
kr,https://beautyblossom.kr/130,w20250225f87d6e5361b2a,612906b403e9f3db41e5c20bfa0e661f31b40ea74aedef8ea0c58b2661cacac5,1267,rendered_code/612906b403e9f3db41e5c20b.html,rendered widget fragment; NOT original editor source
kr,https://beautyblossom.kr/130,w2025022562780bf9cb10a,6c3dc2c244570a84dcc0ddbc83073f49ce54497a87cefff10047493d9f94c97f,1111,rendered_code/6c3dc2c244570a84dcc0ddbc.html,rendered widget fragment; NOT original editor source
kr,https://beautyblossom.kr/130,w20260404ce138e354eb2d,0e896a18ea31a683cada7844a831ec23aafb999fcae3ebd28e9dec5b786c2702,5474,rendered_code/0e896a18ea31a683cada7844.html,rendered widget fragment; NOT original editor source
kr,https://beautyblossom.kr/131,w20250315e976dc2f2b64d,ae588a78f0d26bd61d206063a783e2546a1d9a7d15ff4a6397db3647946418e2,1573,rendered_code/ae588a78f0d26bd61d206063.html,rendered widget fragment; NOT original editor source
kr,https://beautyblossom.kr/131,w2025031739ed1d4946989,47d45d3982b165a43378b7097498f004aabefb5a2de6bb23d3260c1eee3c7ad0,742,rendered_code/47d45d3982b165a43378b709.html,rendered widget fragment; NOT original editor source
kr,https://beautyblossom.kr/131,w202503152fbe94d835e21,86181ce543ea10aba3d9f0c7ebc38955d4a84bbb08fc3dd79a4c34307ced0938,1406,rendered_code/86181ce543ea10aba3d9f0c7.html,rendered widget fragment; NOT original editor source
kr,https://beautyblossom.kr/131,w202503154db9f63d212df,d240e0ba32c9230cad4612c208722eb9c1a4f839fba05cbc0ff0902c03ca9e50,1529,rendered_code/d240e0ba32c9230cad4612c2.html,rendered widget fragment; NOT original editor source
kr,https://beautyblossom.kr/131,w2025031778dda25a6646e,1c847b98e6c872e35fd36091385e1c6dd9af5819b897b464b54b1ca79a44df40,1879,rendered_code/1c847b98e6c872e35fd36091.html,rendered widget fragment; NOT original editor source
kr,https://beautyblossom.kr/131,w2025031504b959c2b3655,ba9ed2a808b36400e5b43b70352fcafea2ae130743a64a3bb394e19bba04dec5,1270,rendered_code/ba9ed2a808b36400e5b43b70.html,rendered widget fragment; NOT original editor source
kr,https://beautyblossom.kr/131,w2025031596c6d41df74d7,6c3dc2c244570a84dcc0ddbc83073f49ce54497a87cefff10047493d9f94c97f,1111,rendered_code/6c3dc2c244570a84dcc0ddbc.html,rendered widget fragment; NOT original editor source
kr,https://beautyblossom.kr/131,w20260404dd86c10f45512,9d86058aa6be9456adbfb9b98c921f8047e25011e26e7c80e3fff5dfb07e394f,5419,rendered_code/9d86058aa6be9456adbfb9b9.html,rendered widget fragment; NOT original editor source
kr,https://beautyblossom.kr/132,w20250810931e8d421032c,f3de95d84ae142b77d780f4699cbafdc21da5fa1e2bb09437b9e8c44f16b1636,195,rendered_code/f3de95d84ae142b77d780f46.html,rendered widget fragment; NOT original editor source
kr,https://beautyblossom.kr/132,w2025081039e554189929c,8f6c009856664f4b544ce88c07e7de2ea49f295e21192e0a376e58dafbebc2c6,2654,rendered_code/8f6c009856664f4b544ce88c.html,rendered widget fragment; NOT original editor source
kr,https://beautyblossom.kr/132,w202503158bfdc18629607,091dd8b39e8acfa17547f6ffc4d3e927e70c217a41219a23666e43ee25c20da7,1846,rendered_code/091dd8b39e8acfa17547f6ff.html,rendered widget fragment; NOT original editor source
kr,https://beautyblossom.kr/132,w202508102d909b198a8e2,13624181d9cecb9a8c2a9636689180221fc1517473bdabd3948785e9411c924e,1992,rendered_code/13624181d9cecb9a8c2a9636.html,rendered widget fragment; NOT original editor source
kr,https://beautyblossom.kr/132,w20250810081d1b4dc1dda,c8d3c646a2bdab023ae2bf372b84ed2aa808996a5813e857177a4a29ee91e390,2173,rendered_code/c8d3c646a2bdab023ae2bf37.html,rendered widget fragment; NOT original editor source
kr,https://beautyblossom.kr/132,w2025031503f5e5819750b,b8a24ec81955316787299967c800265214eef0b079f3150fd11497acda44da70,1317,rendered_code/b8a24ec81955316787299967.html,rendered widget fragment; NOT original editor source
kr,https://beautyblossom.kr/132,w20250315e962f175e9986,6c3dc2c244570a84dcc0ddbc83073f49ce54497a87cefff10047493d9f94c97f,1111,rendered_code/6c3dc2c244570a84dcc0ddbc.html,rendered widget fragment; NOT original editor source
kr,https://beautyblossom.kr/132,w20260404a81975ad92670,50cb124b1fca9a18c88f29aac4876b9ff581329d6b10283651504a9413d85384,5302,rendered_code/50cb124b1fca9a18c88f29aa.html,rendered widget fragment; NOT original editor source
kr,https://beautyblossom.kr/139,w202507073d372f3d4ad89,159327cc5a581305f04c50fca2421b182ee18206f40e6b119b6b391b6d1e24b7,1642,rendered_code/159327cc5a581305f04c50fc.html,rendered widget fragment; NOT original editor source
kr,https://beautyblossom.kr/139,w202507070b07f01731278,c415ce140b1c2037a57593e139691b5a631fc298fcc22e5436a5be67b9e42c29,1449,rendered_code/c415ce140b1c2037a57593e1.html,rendered widget fragment; NOT original editor source
kr,https://beautyblossom.kr/139,w20250710195ac2f026d71,87d188c2475169171ad258ba508ea7cfeb94f12c7bd3c30770f512e2101d9e1c,196,rendered_code/87d188c2475169171ad258ba.html,rendered widget fragment; NOT original editor source
kr,https://beautyblossom.kr/139,w202507109417653c96484,7740b94175ce26cc61c4aad8be16b721fa121fa140393f364f61a405dfb7868a,2671,rendered_code/7740b94175ce26cc61c4aad8.html,rendered widget fragment; NOT original editor source
kr,https://beautyblossom.kr/139,w20250710efeba9e24963a,9a6e613ce365bf108f3a78b4c75443ef18c9a876dff00187457c812f2a6269b7,1381,rendered_code/9a6e613ce365bf108f3a78b4.html,rendered widget fragment; NOT original editor source
kr,https://beautyblossom.kr/139,w20250710d17e126966dc0,5e8be05a5325b978bb84cedb738d11f5599cc186e0eee1895d09fac2761d5be2,1916,rendered_code/5e8be05a5325b978bb84cedb.html,rendered widget fragment; NOT original editor source
kr,https://beautyblossom.kr/139,w2025070833b1b4794a8ef,47a1d20f8e278df9c3579899a8175bebcbe25400edcb41bb604a3d9328800181,1701,rendered_code/47a1d20f8e278df9c3579899.html,rendered widget fragment; NOT original editor source
kr,https://beautyblossom.kr/139,w2025070811a4fbb777306,1db6496cddff5771fe4bab430a4e865e3118b148459912e335048a3c1263d71b,1699,rendered_code/1db6496cddff5771fe4bab43.html,rendered widget fragment; NOT original editor source
kr,https://beautyblossom.kr/139,w20250708c237f41d1c2b2,3f19be2b62e2c3e9c144cc69111e37c79b9057120b367517b76974639c4a4778,1686,rendered_code/3f19be2b62e2c3e9c144cc69.html,rendered widget fragment; NOT original editor source
kr,https://beautyblossom.kr/139,w202507083f4fed722136a,e4bea9f7e32d82bde012dbb72adbf4878b81606aac43c43a125e13654e214e31,1903,rendered_code/e4bea9f7e32d82bde012dbb7.html,rendered widget fragment; NOT original editor source
kr,https://beautyblossom.kr/139,w20250708c53bbe3dfb620,6a8b3b142a2cbc4d11f92f6110543063a2ddc3fe440935b54806d97b84a17d8f,1897,rendered_code/6a8b3b142a2cbc4d11f92f61.html,rendered widget fragment; NOT original editor source
kr,https://beautyblossom.kr/139,w20250708e6496a2b6ac78,4bb86468198580b9ce9502442d0cdaa8eefe71100bce8992e22f3716116954cf,1896,rendered_code/4bb86468198580b9ce950244.html,rendered widget fragment; NOT original editor source
kr,https://beautyblossom.kr/139,w2025070895cf3370c2b17,493a1944492eb19b1e9b657a0f6993d20c489d892ff7296d8f1013c20942f47f,1880,rendered_code/493a1944492eb19b1e9b657a.html,rendered widget fragment; NOT original editor source
kr,https://beautyblossom.kr/139,w202507076ea1b60e2d665,4150bdb917b592ab4cd36e390eb3294036aa8561216345e861175857d0d7e8da,1281,rendered_code/4150bdb917b592ab4cd36e39.html,rendered widget fragment; NOT original editor source
kr,https://beautyblossom.kr/139,w2025070793ac6a65f85e7,6c3dc2c244570a84dcc0ddbc83073f49ce54497a87cefff10047493d9f94c97f,1111,rendered_code/6c3dc2c244570a84dcc0ddbc.html,rendered widget fragment; NOT original editor source
kr,https://beautyblossom.kr/139,w20260404c862aebdc0874,e3ffa06eb5253a5f0f4e30068e4d0e1c77fffec35fbf9396aafc2e0b3dbe4239,5315,rendered_code/e3ffa06eb5253a5f0f4e3006.html,rendered widget fragment; NOT original editor source
kr,https://beautyblossom.kr/140,w20250730f944f4defce47,312855f3563a28c0ef52c10d56f30b6c7ec12672f067f82286e6fdf09d744d05,1362,rendered_code/312855f3563a28c0ef52c10d.html,rendered widget fragment; NOT original editor source
kr,https://beautyblossom.kr/140,w20250730b88be59d2de94,693c3b2784db4c1843c61ea67be2fa93f90402b89be860336157aac200d06b74,2716,rendered_code/693c3b2784db4c1843c61ea6.html,rendered widget fragment; NOT original editor source
kr,https://beautyblossom.kr/140,w20250730b5423daa0d840,5c247e47976e31e5e5854c30d4b81a409b7b3e86f69ed858a4310eeab800691c,825,rendered_code/5c247e47976e31e5e5854c30.html,rendered widget fragment; NOT original editor source
kr,https://beautyblossom.kr/140,w202507314e351297399c5,6e30a82ad20f7c6b6a9676e2cac0feb106160ccaf4743a0476516477059f5b07,622,rendered_code/6e30a82ad20f7c6b6a9676e2.html,rendered widget fragment; NOT original editor source
kr,https://beautyblossom.kr/140,w2025073017a57c180999e,4e6ab15b369b2000876bac333d48aec0c34e80d95984831991365abaa4a8d0e4,729,rendered_code/4e6ab15b369b2000876bac33.html,rendered widget fragment; NOT original editor source
kr,https://beautyblossom.kr/140,w20250730e74a5200ca1a0,9ec8662004fc8196b47f37412c9ea61a6d981d639711728a1f27ed8c04fcac8b,1163,rendered_code/9ec8662004fc8196b47f3741.html,rendered widget fragment; NOT original editor source
kr,https://beautyblossom.kr/140,w202507316ef817ad2f22a,ee46ae1ade10f87b45a6ce47bf61abe94d7b9527adb957cd93c9aed861b3bb80,4678,rendered_code/ee46ae1ade10f87b45a6ce47.html,rendered widget fragment; NOT original editor source
kr,https://beautyblossom.kr/140,w20250731810259bc8393a,bc547c74ad162f9a4a84f0a7a9a8cd9f78f741cd5d96d0ac4e812d80b3e04f89,1849,rendered_code/bc547c74ad162f9a4a84f0a7.html,rendered widget fragment; NOT original editor source
kr,https://beautyblossom.kr/140,w2025073171adeb1f5069d,1ce968cbc714532d72625c9abd38d3e5735c25a728a92f806bc4c4abb374627c,3876,rendered_code/1ce968cbc714532d72625c9a.html,rendered widget fragment; NOT original editor source
kr,https://beautyblossom.kr/140,w20250730dfe06cabc6068,2ad0d61c330e0f9f653634e95710eb046fa9c596a72c8abcc06c57ba1ecb23a4,3211,rendered_code/2ad0d61c330e0f9f653634e9.html,rendered widget fragment; NOT original editor source
kr,https://beautyblossom.kr/140,w2025073036fb0aa6dc261,20fac6df37577d7f16a2efbd7021c756ff3bfa27244f12e55dd030cbbe02b645,1288,rendered_code/20fac6df37577d7f16a2efbd.html,rendered widget fragment; NOT original editor source
kr,https://beautyblossom.kr/140,w20250730865a2adb7900f,6c3dc2c244570a84dcc0ddbc83073f49ce54497a87cefff10047493d9f94c97f,1111,rendered_code/6c3dc2c244570a84dcc0ddbc.html,rendered widget fragment; NOT original editor source
kr,https://beautyblossom.kr/140,w202604044eb8ea22700dc,3dbc7edd4826fcb90c0179da14aee51e4302256150cdd9d60b11d822ec72c043,5505,rendered_code/3dbc7edd4826fcb90c0179da.html,rendered widget fragment; NOT original editor source
kr,https://beautyblossom.kr/141,w20250806b49cb3ce6b5b4,c29e9870cf62e199b81f9e495844cb134aef839b4ca2698c50acd0893200deae,1361,rendered_code/c29e9870cf62e199b81f9e49.html,rendered widget fragment; NOT original editor source
kr,https://beautyblossom.kr/141,w2025080634a0bb0af8db7,f3de95d84ae142b77d780f4699cbafdc21da5fa1e2bb09437b9e8c44f16b1636,195,rendered_code/f3de95d84ae142b77d780f46.html,rendered widget fragment; NOT original editor source
kr,https://beautyblossom.kr/141,w20250806697b25120df1c,29a81762949ed6e6b64b692de1137d7e4c0b9adb0464f0b8d303fcd5ccb35cf5,537,rendered_code/29a81762949ed6e6b64b692d.html,rendered widget fragment; NOT original editor source
kr,https://beautyblossom.kr/141,w20250806bd43c4ad2ef33,0942e8e7a3cc4885ff9d100ae6dcec80764828e003a0c9b21dada432e379b164,1827,rendered_code/0942e8e7a3cc4885ff9d100a.html,rendered widget fragment; NOT original editor source
kr,https://beautyblossom.kr/141,w2025081053f4bf60862c7,1869dec0940630ec5a02fe77135763c2b683cc71cf3fa85d9c5544da4357a224,4395,rendered_code/1869dec0940630ec5a02fe77.html,rendered widget fragment; NOT original editor source
kr,https://beautyblossom.kr/141,w20250806613d4c070746c,de9ddacc2c697de2f544ae2af3605353b5d297953d747fb176600a229fffb636,667,rendered_code/de9ddacc2c697de2f544ae2a.html,rendered widget fragment; NOT original editor source
kr,https://beautyblossom.kr/141,w202508067f6e4c3b98b67,cc4ee51118d1d53e372bb135a53ced6382aad2ac12383b08a891a74506a2df9f,1229,rendered_code/cc4ee51118d1d53e372bb135.html,rendered widget fragment; NOT original editor source
kr,https://beautyblossom.kr/141,w202508066f5f805b13bea,f1b1b64888d7d6ee55b4b062caa51e43c6a9a556b177fe343a112d445768eb08,1665,rendered_code/f1b1b64888d7d6ee55b4b062.html,rendered widget fragment; NOT original editor source
kr,https://beautyblossom.kr/141,w2025080640f300177c842,e3da88e85f900f46c50c6af4302945cd1a4791442f2cf2872ef4c7e9089ea5c5,1306,rendered_code/e3da88e85f900f46c50c6af4.html,rendered widget fragment; NOT original editor source
kr,https://beautyblossom.kr/141,w20250806ed69949da1388,6c3dc2c244570a84dcc0ddbc83073f49ce54497a87cefff10047493d9f94c97f,1111,rendered_code/6c3dc2c244570a84dcc0ddbc.html,rendered widget fragment; NOT original editor source
kr,https://beautyblossom.kr/141,w202604044d4b094495b4e,1062edd52674085bc52b20b3b43a4253336bf3eaa49ad58f072c80ad86e00b22,5174,rendered_code/1062edd52674085bc52b20b3.html,rendered widget fragment; NOT original editor source
kr,https://beautyblossom.kr/142,w202508066bad3175e8069,3eb6dc94708fc09acb54644b2f29b0cb1d8c63b8cdf692feefe6c70b21512449,1365,rendered_code/3eb6dc94708fc09acb54644b.html,rendered widget fragment; NOT original editor source
kr,https://beautyblossom.kr/142,w20250806b87374dcef351,f3de95d84ae142b77d780f4699cbafdc21da5fa1e2bb09437b9e8c44f16b1636,195,rendered_code/f3de95d84ae142b77d780f46.html,rendered widget fragment; NOT original editor source
kr,https://beautyblossom.kr/142,w2025080604bb4c37d0251,715366763b8083a69313ac1f01d8a0a53328902cd19003bfdfb2c4bd81e2ea44,1093,rendered_code/715366763b8083a69313ac1f.html,rendered widget fragment; NOT original editor source
kr,https://beautyblossom.kr/142,w2025080640dc552efc7c0,266800f933fd97fe096e79adcecc7912a34ef897ef7508524852dae54cfa2097,1503,rendered_code/266800f933fd97fe096e79ad.html,rendered widget fragment; NOT original editor source
kr,https://beautyblossom.kr/142,w202508066c205e45f72dd,2e04bfbb95aa93850c20f75df45b09f7864e455742706bd0ae8493d170373a40,1571,rendered_code/2e04bfbb95aa93850c20f75d.html,rendered widget fragment; NOT original editor source
kr,https://beautyblossom.kr/142,w2025080661abdea549c1d,baafb9aa5de77e0621e3da349a854016f84b83311819d56c22be95fe73f5062b,1793,rendered_code/baafb9aa5de77e0621e3da34.html,rendered widget fragment; NOT original editor source
kr,https://beautyblossom.kr/142,w202508062409dbfec4486,7754ed366d613d73f4d04cfa44a2d22597ba7937a2103d148a31813a1897de6e,2341,rendered_code/7754ed366d613d73f4d04cfa.html,rendered widget fragment; NOT original editor source
kr,https://beautyblossom.kr/142,w2025080680ec834013f05,132e20ecfc1753f8cf1b34d69b6ebf445e8ac30b1f05d39e5df9a1aeed4d940b,2905,rendered_code/132e20ecfc1753f8cf1b34d6.html,rendered widget fragment; NOT original editor source
kr,https://beautyblossom.kr/142,w20250806f39c23b59f85a,f1d544218b45cc9ab4e78ab2cd4892fc1dce4f96a09a0214c2d766c09033030f,1292,rendered_code/f1d544218b45cc9ab4e78ab2.html,rendered widget fragment; NOT original editor source
kr,https://beautyblossom.kr/142,w2025080662428bb0e85d1,6c3dc2c244570a84dcc0ddbc83073f49ce54497a87cefff10047493d9f94c97f,1111,rendered_code/6c3dc2c244570a84dcc0ddbc.html,rendered widget fragment; NOT original editor source
kr,https://beautyblossom.kr/142,w202604047844cc2c727c0,f7daa36567d818d0649aefdb6b24ed14fdd686d6ed60b148405171779a1b85e4,5301,rendered_code/f7daa36567d818d0649aefdb.html,rendered widget fragment; NOT original editor source
kr,https://beautyblossom.kr/143,w202508109ead74e1ea19d,529056811adcdd0f867e0d9c4b5efe74d3fbcf72fb051d2eec21af3ff63a15a8,1796,rendered_code/529056811adcdd0f867e0d9c.html,rendered widget fragment; NOT original editor source
kr,https://beautyblossom.kr/143,w202508106cceb77916469,5d21ba00cf8197214fee9d7f8084e7926afe5fd003588d4fc985262ff5af4410,1595,rendered_code/5d21ba00cf8197214fee9d7f.html,rendered widget fragment; NOT original editor source
kr,https://beautyblossom.kr/143,w20250810d5e75941f98db,43c98105ad91668615e4efb03752fe5ac89e335b387c2811eb8cf3cc9757bdc1,1270,rendered_code/43c98105ad91668615e4efb0.html,rendered widget fragment; NOT original editor source
kr,https://beautyblossom.kr/143,w20250810483721b193fbf,6c3dc2c244570a84dcc0ddbc83073f49ce54497a87cefff10047493d9f94c97f,1111,rendered_code/6c3dc2c244570a84dcc0ddbc.html,rendered widget fragment; NOT original editor source
kr,https://beautyblossom.kr/152,w20260309f977e259b84b3,56bee48bd13b696da3ce3b82d5b829f3394b6ccd037ea6161dd2549b71e615f2,2200,rendered_code/56bee48bd13b696da3ce3b82.html,rendered widget fragment; NOT original editor source
kr,https://beautyblossom.kr/153,w2026032498ee086f98be1,c66a663d9305af50402a747c0ac025b50f980432df296f8e9ffb616288d1dff5,10623,rendered_code/c66a663d9305af50402a747c.html,rendered widget fragment; NOT original editor source
kr,https://beautyblossom.kr/153,w2026040482d0a2f02afd0,cc7f1829e7a00702614edcb6772c7ee899f3cd4ab8d21cee0d41dc7401bce7eb,5506,rendered_code/cc7f1829e7a00702614edcb6.html,rendered widget fragment; NOT original editor source
kr,https://beautyblossom.kr/154,w20260325070e80661d60c,1c764858ebffd02f84fe9d50de4bf39a5b01c36ad5b7a2ecf7f65f64e8e83e8c,17003,rendered_code/1c764858ebffd02f84fe9d50.html,rendered widget fragment; NOT original editor source
kr,https://beautyblossom.kr/154,w20260404434f2738a2507,b9e9586deb2a1d00b6fa0976ab10b7de34ca41d3836c9a99b0351fe0cffad8ab,5389,rendered_code/b9e9586deb2a1d00b6fa0976.html,rendered widget fragment; NOT original editor source
kr,https://beautyblossom.kr/155,w202604201411a2b265737,bf94612ace37f712a29244d2553d42e58829d70afcc54c33e335d0523f87321e,16671,rendered_code/bf94612ace37f712a29244d2.html,rendered widget fragment; NOT original editor source
kr,https://beautyblossom.kr/155,w20260420f0834277d81b5,bf5f8af8f729230cda6bbf475323b45345c8480a11c942566b9543385bd4c38c,6704,rendered_code/bf5f8af8f729230cda6bbf47.html,rendered widget fragment; NOT original editor source
kr,https://beautyblossom.kr/17,w202502018e61f06842532,7b241739a11d7bf79b0f62ed6a7e9d76407171935fca733ba9072534db07b441,199,rendered_code/7b241739a11d7bf79b0f62ed.html,rendered widget fragment; NOT original editor source
kr,https://beautyblossom.kr/18,w20250203c17862649d37b,7b241739a11d7bf79b0f62ed6a7e9d76407171935fca733ba9072534db07b441,199,rendered_code/7b241739a11d7bf79b0f62ed.html,rendered widget fragment; NOT original editor source
kr,https://beautyblossom.kr/19,w20251204d3a4699f5f627,053c543dba87e304f3eda5a15e6ef728b3d0342dc30dc487f17d402ba4b17a66,352,rendered_code/053c543dba87e304f3eda5a1.html,rendered widget fragment; NOT original editor source
kr,https://beautyblossom.kr/19,w202502036de21be07aee3,7b241739a11d7bf79b0f62ed6a7e9d76407171935fca733ba9072534db07b441,199,rendered_code/7b241739a11d7bf79b0f62ed.html,rendered widget fragment; NOT original editor source
kr,https://beautyblossom.kr/22,w202501229a9406a419031,f3de95d84ae142b77d780f4699cbafdc21da5fa1e2bb09437b9e8c44f16b1636,195,rendered_code/f3de95d84ae142b77d780f46.html,rendered widget fragment; NOT original editor source
kr,https://beautyblossom.kr/25,w202504082a706bc61a824,f3de95d84ae142b77d780f4699cbafdc21da5fa1e2bb09437b9e8c44f16b1636,195,rendered_code/f3de95d84ae142b77d780f46.html,rendered widget fragment; NOT original editor source
kr,https://beautyblossom.kr/28,w202501233dd06476e0d7a,527b1a57b1fb20103b411466c1cd84804f4234820394b6097f98598eeadef603,1601,rendered_code/527b1a57b1fb20103b411466.html,rendered widget fragment; NOT original editor source
kr,https://beautyblossom.kr/28,w2025020944310585265b6,5de1bb3ed08634abb2cacdb1243142528b97d7b77db7d6efb366d8d61368c016,3504,rendered_code/5de1bb3ed08634abb2cacdb1.html,rendered widget fragment; NOT original editor source
kr,https://beautyblossom.kr/28,w202502093504b04ef7753,10903d705496c9678a3c8ab785e2d6600020863ad852725d2cca5353285d1498,3680,rendered_code/10903d705496c9678a3c8ab7.html,rendered widget fragment; NOT original editor source
kr,https://beautyblossom.kr/28,w202501239cb55317bd2aa,cf479d1aaed7f47ec38c712e00decfd4973b08f13d90b7a1e28cfb8fca4faf16,1299,rendered_code/cf479d1aaed7f47ec38c712e.html,rendered widget fragment; NOT original editor source
kr,https://beautyblossom.kr/28,w2025012347f6aa99c38ab,6c3dc2c244570a84dcc0ddbc83073f49ce54497a87cefff10047493d9f94c97f,1111,rendered_code/6c3dc2c244570a84dcc0ddbc.html,rendered widget fragment; NOT original editor source
kr,https://beautyblossom.kr/28,w202604046dab7874cd616,ea792c1bea8927d63ace457c7475406a09e8d63467bf9e65498df035430976d5,5388,rendered_code/ea792c1bea8927d63ace457c.html,rendered widget fragment; NOT original editor source
kr,https://beautyblossom.kr/29,w202501237f7fbb464cb66,89cb481c0aab817b91207ea0411c23672c2d23b0df09dd0408fa724e1076902c,1347,rendered_code/89cb481c0aab817b91207ea0.html,rendered widget fragment; NOT original editor source
kr,https://beautyblossom.kr/29,w20250209a2db3c027f4db,65d0061b1dc58faaea2459c9e8e705a5f55a1281297596dfd9b2936b8a98a190,4075,rendered_code/65d0061b1dc58faaea2459c9.html,rendered widget fragment; NOT original editor source
kr,https://beautyblossom.kr/29,w20250123ec9d1af7c28e2,2ca3dbd42dd797539788709dac7da1bc755170f6f74b4f8a7313c838dc7de07a,1261,rendered_code/2ca3dbd42dd797539788709d.html,rendered widget fragment; NOT original editor source
kr,https://beautyblossom.kr/29,w2025012360de25ce7f7b9,6c3dc2c244570a84dcc0ddbc83073f49ce54497a87cefff10047493d9f94c97f,1111,rendered_code/6c3dc2c244570a84dcc0ddbc.html,rendered widget fragment; NOT original editor source
kr,https://beautyblossom.kr/29,w20260404901b4e35177d0,b3bf8b5c9f91f03b2b3a4ae7e5ef550a22fab0344bae31de6d290851563a51b5,5398,rendered_code/b3bf8b5c9f91f03b2b3a4ae7.html,rendered widget fragment; NOT original editor source
kr,https://beautyblossom.kr/30,w2025012376b9fef3bee4b,71f7c70c5a3a5d743a42ba0c424cb990e90280f2e8dcb1bd3e4fd8cef5f70ee3,869,rendered_code/71f7c70c5a3a5d743a42ba0c.html,rendered widget fragment; NOT original editor source
kr,https://beautyblossom.kr/30,w20250123b7265251db5ce,7930cb126dcf512260b021262d6c0c87810872505a597595e2221c42b716e1fe,1272,rendered_code/7930cb126dcf512260b02126.html,rendered widget fragment; NOT original editor source
kr,https://beautyblossom.kr/30,w20250123bf70e835d330f,6c3dc2c244570a84dcc0ddbc83073f49ce54497a87cefff10047493d9f94c97f,1111,rendered_code/6c3dc2c244570a84dcc0ddbc.html,rendered widget fragment; NOT original editor source
kr,https://beautyblossom.kr/30,w202604045fc67ae743437,e6d7f811dc3c147582abba97494674f8d2fef140810b6ef78d18d9694a748460,4664,rendered_code/e6d7f811dc3c147582abba97.html,rendered widget fragment; NOT original editor source
kr,https://beautyblossom.kr/31,w202501232f51c49c01ac0,a8988c34e2152d7fe2967ef0b6778107a49636bf3617858ca405180d8a2a5472,1339,rendered_code/a8988c34e2152d7fe2967ef0.html,rendered widget fragment; NOT original editor source
kr,https://beautyblossom.kr/31,w2025013197bdaa026cabe,62b7465e7e7eb6b48d34743d7f59a1642205d4181df28f6e05e84ebb4f8dd305,849,rendered_code/62b7465e7e7eb6b48d34743d.html,rendered widget fragment; NOT original editor source
kr,https://beautyblossom.kr/31,w20250123c0a45cdcaada2,6a89b925c031722e5e13c6e173adaa4163d317d5a65702f72472e91476936113,1246,rendered_code/6a89b925c031722e5e13c6e1.html,rendered widget fragment; NOT original editor source
kr,https://beautyblossom.kr/31,w20250123a9490d68d5e30,6c3dc2c244570a84dcc0ddbc83073f49ce54497a87cefff10047493d9f94c97f,1111,rendered_code/6c3dc2c244570a84dcc0ddbc.html,rendered widget fragment; NOT original editor source
kr,https://beautyblossom.kr/31,w20260404f0713345aca67,7f3a38fc03b0ca0388e0bed9e2f5f9f12717d30aeaecc5652b98d2a59ef5acee,5319,rendered_code/7f3a38fc03b0ca0388e0bed9.html,rendered widget fragment; NOT original editor source
kr,https://beautyblossom.kr/32,w20250131d14f10fe35965,c046f4e9d967a50e218ca77c8efab1e6941d9398427397f1804fa6663da91c37,1365,rendered_code/c046f4e9d967a50e218ca77c.html,rendered widget fragment; NOT original editor source
kr,https://beautyblossom.kr/32,w2025013124b81c60ff804,19f35ca66fa142ff46cc0cce00be091b5a80c853d00ed89c8e450cc31a3beaf4,1249,rendered_code/19f35ca66fa142ff46cc0cce.html,rendered widget fragment; NOT original editor source
kr,https://beautyblossom.kr/32,w20250131a6ed785feece5,6c3dc2c244570a84dcc0ddbc83073f49ce54497a87cefff10047493d9f94c97f,1111,rendered_code/6c3dc2c244570a84dcc0ddbc.html,rendered widget fragment; NOT original editor source
kr,https://beautyblossom.kr/32,w202604043565ecc9c8b12,994f2a48f29c9f5908f64a64dfa83c3f1ac623a4811386931f8ebc940a5881fc,5323,rendered_code/994f2a48f29c9f5908f64a64.html,rendered widget fragment; NOT original editor source
kr,https://beautyblossom.kr/33,w20250123a10b50c8821e9,cd348a0302833691df51e65a1ce9b42a22ec1c5e3651e40150c874663c058f94,1214,rendered_code/cd348a0302833691df51e65a.html,rendered widget fragment; NOT original editor source
kr,https://beautyblossom.kr/33,w202502173931ea8df3e94,01f21aea5ff2efde23ab09c65c440ea45f329dc2028e7336f75931977c295e1b,874,rendered_code/01f21aea5ff2efde23ab09c6.html,rendered widget fragment; NOT original editor source
kr,https://beautyblossom.kr/33,w20250218b38bb92fac8a1,c8ca99077c6cd080285bdb28003d84dd700462b0e869d96de35487bf5ec54c51,1078,rendered_code/c8ca99077c6cd080285bdb28.html,rendered widget fragment; NOT original editor source
kr,https://beautyblossom.kr/33,w2025021748dad5b12a1c5,b08812cd48a61db453e32aa5362b2d3af7203fd1d716473e81d4a4c70194ba95,906,rendered_code/b08812cd48a61db453e32aa5.html,rendered widget fragment; NOT original editor source
kr,https://beautyblossom.kr/33,w2025012398df0f2566d47,70fa5d0723c046d3c75dbe4b32dd349e887d047c24eddcd8904524b95a7bd47a,1256,rendered_code/70fa5d0723c046d3c75dbe4b.html,rendered widget fragment; NOT original editor source
kr,https://beautyblossom.kr/33,w20250123a996bab21df04,6c3dc2c244570a84dcc0ddbc83073f49ce54497a87cefff10047493d9f94c97f,1111,rendered_code/6c3dc2c244570a84dcc0ddbc.html,rendered widget fragment; NOT original editor source
kr,https://beautyblossom.kr/33,w2026040434ddf07b0488e,b8f137afc016842252eadc13d2a39e11440adc0cc80d41f014e6cd4ac2cb0b84,5371,rendered_code/b8f137afc016842252eadc13.html,rendered widget fragment; NOT original editor source
kr,https://beautyblossom.kr/34,w20250123b97e8cacd5c90,473f7b8aab95a20684ca4578ec89dd9edb7cf0f344f1e98944fc7b8c5836b5c9,1262,rendered_code/473f7b8aab95a20684ca4578.html,rendered widget fragment; NOT original editor source
kr,https://beautyblossom.kr/34,w2025012368a31dfdc0bdc,6c3dc2c244570a84dcc0ddbc83073f49ce54497a87cefff10047493d9f94c97f,1111,rendered_code/6c3dc2c244570a84dcc0ddbc.html,rendered widget fragment; NOT original editor source
kr,https://beautyblossom.kr/35,w20250123ce46e634b7335,72a081aa26d655eda8794b8d0ca65ff3b428b0ff65adf091544fab063c025642,1319,rendered_code/72a081aa26d655eda8794b8d.html,rendered widget fragment; NOT original editor source
kr,https://beautyblossom.kr/35,w2025012326915de102ed8,3549373ead12f85439049802c3ab94db9804af2d6aeb485e9ebcf84e74d10adf,1253,rendered_code/3549373ead12f85439049802.html,rendered widget fragment; NOT original editor source
kr,https://beautyblossom.kr/35,w202501235624171d68ae2,6c3dc2c244570a84dcc0ddbc83073f49ce54497a87cefff10047493d9f94c97f,1111,rendered_code/6c3dc2c244570a84dcc0ddbc.html,rendered widget fragment; NOT original editor source
kr,https://beautyblossom.kr/35,w2026040481362f63db043,13fdf54e2571fb5496de334336a9bd65f4ddb4708a57ec87e5316778fecd270f,5341,rendered_code/13fdf54e2571fb5496de3343.html,rendered widget fragment; NOT original editor source
kr,https://beautyblossom.kr/36,w20250123fe10dbfd1fee0,5f759325b4c9f9ffe3ddf47d01d717cbb908a988ee77b8e345e4d68af5827abc,1341,rendered_code/5f759325b4c9f9ffe3ddf47d.html,rendered widget fragment; NOT original editor source
kr,https://beautyblossom.kr/36,w202501239835d57989f7f,9145cafb0f7e18346349725ea66759042aefb0cd14664f5c0885e8e80a0cafb1,1257,rendered_code/9145cafb0f7e18346349725e.html,rendered widget fragment; NOT original editor source
kr,https://beautyblossom.kr/36,w20250123fb25f954aa958,6c3dc2c244570a84dcc0ddbc83073f49ce54497a87cefff10047493d9f94c97f,1111,rendered_code/6c3dc2c244570a84dcc0ddbc.html,rendered widget fragment; NOT original editor source
kr,https://beautyblossom.kr/36,w2026040409a5813c46569,0683fda53e78ee901364a9f365c0f6f16dd987045eafa90be835c50fc83fb0fe,5178,rendered_code/0683fda53e78ee901364a9f3.html,rendered widget fragment; NOT original editor source
kr,https://beautyblossom.kr/37,w20250123eab5c318f10f9,1fa68a1f8cf0cf1d5e3546fde176d44b7ccb2f9c6d4e542f5f3a02c3579bfa0e,1349,rendered_code/1fa68a1f8cf0cf1d5e3546fd.html,rendered widget fragment; NOT original editor source
kr,https://beautyblossom.kr/37,w202502178d6d8ccd372c6,3602490f8a0ce33663bbf328c017422287878a0f6c8f88266ac9831523963ed2,3769,rendered_code/3602490f8a0ce33663bbf328.html,rendered widget fragment; NOT original editor source
kr,https://beautyblossom.kr/37,w20250123a75a96c0e274d,fdc99f800425361414fdce1de27897648110fe01db4dea8ad49d78af3ee6891c,1259,rendered_code/fdc99f800425361414fdce1d.html,rendered widget fragment; NOT original editor source
kr,https://beautyblossom.kr/37,w20250123f93bb993407b6,6c3dc2c244570a84dcc0ddbc83073f49ce54497a87cefff10047493d9f94c97f,1111,rendered_code/6c3dc2c244570a84dcc0ddbc.html,rendered widget fragment; NOT original editor source
kr,https://beautyblossom.kr/37,w202604044dfcc4e22260a,0df385d7ee3fcb65c8268672b6578b9aa84c173a7ed10728190285e98d8b5d7d,5283,rendered_code/0df385d7ee3fcb65c8268672.html,rendered widget fragment; NOT original editor source
kr,https://beautyblossom.kr/39,w202509157ee4e6d8217b4,fcfbf586a161a797d97346310df4f535f5b6d027af09311c60c3b7c9af581147,1728,rendered_code/fcfbf586a161a797d9734631.html,rendered widget fragment; NOT original editor source
kr,https://beautyblossom.kr/39,w20250915d2f48088741a6,37a500ceeb52dad2cf41a0821b1b99cc642490992fc4ff9ee97cc98ce6f62857,1616,rendered_code/37a500ceeb52dad2cf41a082.html,rendered widget fragment; NOT original editor source
kr,https://beautyblossom.kr/39,w2025091640e41dc1bbdd5,63acba901d39c97274377defe2900e3fc69ecbc8c29b220e143715a1e5c3c816,3055,rendered_code/63acba901d39c97274377def.html,rendered widget fragment; NOT original editor source
kr,https://beautyblossom.kr/39,w2025091191dede5b78277,b9deb966851fcd53d8890392e1e805817590e6cbabded1cfe6a3991736fb33e7,2624,rendered_code/b9deb966851fcd53d8890392.html,rendered widget fragment; NOT original editor source
kr,https://beautyblossom.kr/39,w20260404b6c10b9d3c262,06e249d7cd998f766b0cfa5a909807fa410994beeeee335a6f71d67cdf070626,5400,rendered_code/06e249d7cd998f766b0cfa5a.html,rendered widget fragment; NOT original editor source
kr,https://beautyblossom.kr/40,w202511064ff2cf4f55387,521a95fbee36e435efe52c658407c6f23d338f4999c0d0be6e919e14137418a4,1368,rendered_code/521a95fbee36e435efe52c65.html,rendered widget fragment; NOT original editor source
kr,https://beautyblossom.kr/40,w2025110647ce1acfc4d75,5743a1ec8792ee20817cf910dbe1b53b9244ff9f542bbc01d585e2797b0eab33,3079,rendered_code/5743a1ec8792ee20817cf910.html,rendered widget fragment; NOT original editor source
kr,https://beautyblossom.kr/40,w20251106f4327c0e7f594,7cdf6045c8da063da94e7e034950fb4840a374a08f8c2481a40602c79f4e69cf,1568,rendered_code/7cdf6045c8da063da94e7e03.html,rendered widget fragment; NOT original editor source
kr,https://beautyblossom.kr/40,w20251106d6a88d0ec573e,f3de95d84ae142b77d780f4699cbafdc21da5fa1e2bb09437b9e8c44f16b1636,195,rendered_code/f3de95d84ae142b77d780f46.html,rendered widget fragment; NOT original editor source
kr,https://beautyblossom.kr/40,w20251111d3a440ca03ab7,7ed80f3767f08d82e0188e82f76c9b6f627597c528a8b61cbec2c297b7809c73,1629,rendered_code/7ed80f3767f08d82e0188e82.html,rendered widget fragment; NOT original editor source
kr,https://beautyblossom.kr/40,w20251106be7b20c26975d,fa6fabb7b78bf416de626c366690ee332c51c864cb90c722bf3b7892f24c07a5,1771,rendered_code/fa6fabb7b78bf416de626c36.html,rendered widget fragment; NOT original editor source
kr,https://beautyblossom.kr/40,w20251106473158f77d2f3,c9883e512c43db420a1dc09af10ffd60495205a5db7cfba39becbd4334f21070,1280,rendered_code/c9883e512c43db420a1dc09a.html,rendered widget fragment; NOT original editor source
kr,https://beautyblossom.kr/40,w202511064da0ef0507774,6c3dc2c244570a84dcc0ddbc83073f49ce54497a87cefff10047493d9f94c97f,1111,rendered_code/6c3dc2c244570a84dcc0ddbc.html,rendered widget fragment; NOT original editor source
kr,https://beautyblossom.kr/40,w202604043cc868128545a,759b4a3e4eedb5f41c24f092ad3aef65e3e3f40297032bc56708528e4a6e87be,5326,rendered_code/759b4a3e4eedb5f41c24f092.html,rendered widget fragment; NOT original editor source
kr,https://beautyblossom.kr/400,w20250124482a43a108528,79281f143b953efa5a6a0834e4acbce14d06ecfcf3e2558d4397bb7200c163c8,1375,rendered_code/79281f143b953efa5a6a0834.html,rendered widget fragment; NOT original editor source
kr,https://beautyblossom.kr/400,w202501248873d8b2be4b2,13fdeb3f2b89547a58ae560b080dbde35b2c61769532cc402bbdb6cfb7d1a7b6,1246,rendered_code/13fdeb3f2b89547a58ae560b.html,rendered widget fragment; NOT original editor source
kr,https://beautyblossom.kr/400,w2025012404c248afa340a,6c3dc2c244570a84dcc0ddbc83073f49ce54497a87cefff10047493d9f94c97f,1111,rendered_code/6c3dc2c244570a84dcc0ddbc.html,rendered widget fragment; NOT original editor source
kr,https://beautyblossom.kr/400,w20260404483be46025e45,98902c2d3b0dbb77bac32bd0821ef8febd8abc2a00792cd1dcd42338dd1aacff,5478,rendered_code/98902c2d3b0dbb77bac32bd0.html,rendered widget fragment; NOT original editor source
kr,https://beautyblossom.kr/41,w20250124180840b69c081,60125fbbba98f3056cca8ccba66adbb36cac8b1c3d00cb7dac6a40b31ef7bb34,1355,rendered_code/60125fbbba98f3056cca8ccb.html,rendered widget fragment; NOT original editor source
kr,https://beautyblossom.kr/41,w20250708946cbfbade1ff,027a6f619d4cb75717e35f12a93d0b58ff1b0bc81c427648f34762671e9011d1,1673,rendered_code/027a6f619d4cb75717e35f12.html,rendered widget fragment; NOT original editor source
kr,https://beautyblossom.kr/41,w20250708e313133020e61,8354176bb23b07daa62fca29dad9911d88765048c8eb692ffce87eaa0a48302a,1751,rendered_code/8354176bb23b07daa62fca29.html,rendered widget fragment; NOT original editor source
kr,https://beautyblossom.kr/41,w2025070850979b54e1958,d608c98826e00fe496392c45424f00c7c373340d7d1d56c368eb3426662c9726,1730,rendered_code/d608c98826e00fe496392c45.html,rendered widget fragment; NOT original editor source
kr,https://beautyblossom.kr/41,w202507101b777d6fde16b,d6fb476c2f2e3c798b4000caeebc41987f43c4015b1255c0f182ba498a1413a3,198,rendered_code/d6fb476c2f2e3c798b4000ca.html,rendered widget fragment; NOT original editor source
kr,https://beautyblossom.kr/41,w20250710e3f26b25e7d3e,d51515d78652b0dd2ba7b97db646446ceab7b6a6a0ce66d51692e72e625972d4,1960,rendered_code/d51515d78652b0dd2ba7b97d.html,rendered widget fragment; NOT original editor source
kr,https://beautyblossom.kr/41,w20250708fb70d5cbcf2cd,0970505cdbe061df1226d8ad6c24638a009904ac8e07d3501a718de69788d726,1238,rendered_code/0970505cdbe061df1226d8ad.html,rendered widget fragment; NOT original editor source
kr,https://beautyblossom.kr/41,w20250708f3fdc65b435e8,c9a34d3d79d501e77938a0952297d174fff04d54da10627f50f39b12a5395e73,1600,rendered_code/c9a34d3d79d501e77938a095.html,rendered widget fragment; NOT original editor source
kr,https://beautyblossom.kr/41,w202501241553ff4724a46,c2963e0226f0d94cce369a3c22d4f586928c77a276654730a9f915bd344e347e,1253,rendered_code/c2963e0226f0d94cce369a3c.html,rendered widget fragment; NOT original editor source
kr,https://beautyblossom.kr/41,w202501240e6a2d4af519a,6c3dc2c244570a84dcc0ddbc83073f49ce54497a87cefff10047493d9f94c97f,1111,rendered_code/6c3dc2c244570a84dcc0ddbc.html,rendered widget fragment; NOT original editor source
kr,https://beautyblossom.kr/41,w202604048d6ad91e5d02f,7abeade3db0c3f9cae2b153bafd89fce23d17b7c4b3d6984609b55f819a3c6e3,5386,rendered_code/7abeade3db0c3f9cae2b153b.html,rendered widget fragment; NOT original editor source
kr,https://beautyblossom.kr/42,w20250124af15e25027c51,673f0febc941c58831aa1cf9e983404bb9135a9be65400f683219bf62ff452d5,1366,rendered_code/673f0febc941c58831aa1cf9.html,rendered widget fragment; NOT original editor source
kr,https://beautyblossom.kr/42,w20250124fa68dca082ec0,b208b4cf6ad0d3fe79e2a5e1fe12af4f58886fafb4fd950ab9a526198791b6a8,806,rendered_code/b208b4cf6ad0d3fe79e2a5e1.html,rendered widget fragment; NOT original editor source
kr,https://beautyblossom.kr/42,w20250124b819a53dfba8a,d52ece18b4019b05c3c713f3a3a75009a42fbd778d7458063f6edd3bd03a8b4f,1253,rendered_code/d52ece18b4019b05c3c713f3.html,rendered widget fragment; NOT original editor source
kr,https://beautyblossom.kr/42,w20250124e460f4ed0fc2f,6c3dc2c244570a84dcc0ddbc83073f49ce54497a87cefff10047493d9f94c97f,1111,rendered_code/6c3dc2c244570a84dcc0ddbc.html,rendered widget fragment; NOT original editor source
kr,https://beautyblossom.kr/42,w202604046c0adf6f54573,ef4b7e698a7263d144f7cafe3653f48d6e4d8f57ff9cc19e7d64b6f4c76a7f67,5322,rendered_code/ef4b7e698a7263d144f7cafe.html,rendered widget fragment; NOT original editor source
kr,https://beautyblossom.kr/43,w2025012400a0277cb2022,b9eea3f0b0d263badd6e8423d9e278c3ea0adb720e691f7775831922f420389d,1355,rendered_code/b9eea3f0b0d263badd6e8423.html,rendered widget fragment; NOT original editor source
kr,https://beautyblossom.kr/43,w202501247c5426103c1de,9a6349edc246f96d32bf747773c34c7d01259b85e20d132115761fa739e91f39,825,rendered_code/9a6349edc246f96d32bf7477.html,rendered widget fragment; NOT original editor source
kr,https://beautyblossom.kr/43,w202501246d7698d113c58,2a3635e635088cd2b6b6712552f8e578d0a055e009ca54e6c8d057098b137b5f,1274,rendered_code/2a3635e635088cd2b6b67125.html,rendered widget fragment; NOT original editor source
kr,https://beautyblossom.kr/43,w20250124708504f1b3a0d,6c3dc2c244570a84dcc0ddbc83073f49ce54497a87cefff10047493d9f94c97f,1111,rendered_code/6c3dc2c244570a84dcc0ddbc.html,rendered widget fragment; NOT original editor source
kr,https://beautyblossom.kr/43,w202604047b2e733aa958d,736c2bf43bfd4e9c22804818f21823cba6a2e89b412ef14498a477620178f05a,5394,rendered_code/736c2bf43bfd4e9c22804818.html,rendered widget fragment; NOT original editor source
kr,https://beautyblossom.kr/44,w2025012483fea6f4f4706,7c72c8fa2c2001bdb6184de771d062d3971450b1ae1ce0f600b27affd8ea7f04,1364,rendered_code/7c72c8fa2c2001bdb6184de7.html,rendered widget fragment; NOT original editor source
kr,https://beautyblossom.kr/44,w20250124dd4965293b4ea,31aa493647278467468399e7707ff0adaa3ae60513d27e6b82d1ed949dff1c12,1271,rendered_code/31aa493647278467468399e7.html,rendered widget fragment; NOT original editor source
kr,https://beautyblossom.kr/44,w2025012485fe5afe89d02,6c3dc2c244570a84dcc0ddbc83073f49ce54497a87cefff10047493d9f94c97f,1111,rendered_code/6c3dc2c244570a84dcc0ddbc.html,rendered widget fragment; NOT original editor source
kr,https://beautyblossom.kr/44,w20260404895ff0ab91675,90a9b4830d836b467573bb5428b7c3b7a466c89188d9c575c67de4b680a54c3e,5272,rendered_code/90a9b4830d836b467573bb54.html,rendered widget fragment; NOT original editor source
kr,https://beautyblossom.kr/45,w20250124a884070d8673c,4df0e54db78e2ddcdfa36557eac1e31eaaa64f4760f1010de7ad71112513cb01,1356,rendered_code/4df0e54db78e2ddcdfa36557.html,rendered widget fragment; NOT original editor source
kr,https://beautyblossom.kr/45,w2025012463d81a990ca6d,e62948f6682023ef948ece2a8916304d3404ebc73c61912791fcb9154e884b89,676,rendered_code/e62948f6682023ef948ece2a.html,rendered widget fragment; NOT original editor source
kr,https://beautyblossom.kr/45,w2025012438f1f003da763,53f59b5673ce8ba816f1f89281a48917c7bdd9a18982c3a4d3565542da1a727a,826,rendered_code/53f59b5673ce8ba816f1f892.html,rendered widget fragment; NOT original editor source
kr,https://beautyblossom.kr/45,w20250124da826560d7752,a5e9d65eac576740750190e33360c931e812a362a47a8a365c99f3369def9524,1267,rendered_code/a5e9d65eac576740750190e3.html,rendered widget fragment; NOT original editor source
kr,https://beautyblossom.kr/45,w20250124e59bf62848160,6c3dc2c244570a84dcc0ddbc83073f49ce54497a87cefff10047493d9f94c97f,1111,rendered_code/6c3dc2c244570a84dcc0ddbc.html,rendered widget fragment; NOT original editor source
kr,https://beautyblossom.kr/45,w202604046c4db1877a2ec,f94c1f73a2f36dfef541eaf3e36551a0d2ffdf5f71432aa23e9c0fe6f3999f83,5227,rendered_code/f94c1f73a2f36dfef541eaf3.html,rendered widget fragment; NOT original editor source
kr,https://beautyblossom.kr/47,w202501313ef355c593f7f,11f8e1586e3e0a8961cd92135e28781d82972a7f0cb8cf8dd7a7fa0dd572bd33,1211,rendered_code/11f8e1586e3e0a8961cd9213.html,rendered widget fragment; NOT original editor source
kr,https://beautyblossom.kr/47,w202501310786ad8aa9e76,92d68723a3ddd02cfc4e768e65f268ed314dc95dfcc918388392e4888be88e24,921,rendered_code/92d68723a3ddd02cfc4e768e.html,rendered widget fragment; NOT original editor source
kr,https://beautyblossom.kr/47,w202501318eccc6d940970,2178a32f10e20bdca02d47e6399f0d1b18df373b656f80820415f83db69c0d38,790,rendered_code/2178a32f10e20bdca02d47e6.html,rendered widget fragment; NOT original editor source
kr,https://beautyblossom.kr/47,w20250131fb9ec3f713f66,6c3dc2c244570a84dcc0ddbc83073f49ce54497a87cefff10047493d9f94c97f,1111,rendered_code/6c3dc2c244570a84dcc0ddbc.html,rendered widget fragment; NOT original editor source
kr,https://beautyblossom.kr/47,w20260404cc50f93e80638,de2c5855b9eef3ecb342df99d304391f5f1722bc830dacb88f4490931fa3db8e,5331,rendered_code/de2c5855b9eef3ecb342df99.html,rendered widget fragment; NOT original editor source
kr,https://beautyblossom.kr/48,w2025013162450111bab3b,11f8e1586e3e0a8961cd92135e28781d82972a7f0cb8cf8dd7a7fa0dd572bd33,1211,rendered_code/11f8e1586e3e0a8961cd9213.html,rendered widget fragment; NOT original editor source
kr,https://beautyblossom.kr/48,w202501318a87f6f3fe872,92d68723a3ddd02cfc4e768e65f268ed314dc95dfcc918388392e4888be88e24,921,rendered_code/92d68723a3ddd02cfc4e768e.html,rendered widget fragment; NOT original editor source
kr,https://beautyblossom.kr/48,w2025013149fe888864f30,2178a32f10e20bdca02d47e6399f0d1b18df373b656f80820415f83db69c0d38,790,rendered_code/2178a32f10e20bdca02d47e6.html,rendered widget fragment; NOT original editor source
kr,https://beautyblossom.kr/48,w20250131fb8bf461be399,6c3dc2c244570a84dcc0ddbc83073f49ce54497a87cefff10047493d9f94c97f,1111,rendered_code/6c3dc2c244570a84dcc0ddbc.html,rendered widget fragment; NOT original editor source
kr,https://beautyblossom.kr/48,w20260404494c1379286a9,b34261240189ea42ae589c8408dbacd839115f549b03dae02f44e3604192028a,5505,rendered_code/b34261240189ea42ae589c84.html,rendered widget fragment; NOT original editor source
kr,https://beautyblossom.kr/50,w20250203ceb8367c68945,8687867e9db25044216d4dfd92f6cc22ca41eeb03131077e0b5b7eb31fdd1c3c,1041,rendered_code/8687867e9db25044216d4dfd.html,rendered widget fragment; NOT original editor source
kr,https://beautyblossom.kr/50,w2025020313ca3ce7d0cdd,66e7916842927ccf9e4232acbac0d65a9001b9e95315dd3fdc298f29ae293595,909,rendered_code/66e7916842927ccf9e4232ac.html,rendered widget fragment; NOT original editor source
kr,https://beautyblossom.kr/50,w20260404ad702315bbafb,132cb6cd8ef38b7ef78a0d91e165a5ab9591d3bbdab8d5848acebb29f7900453,5154,rendered_code/132cb6cd8ef38b7ef78a0d91.html,rendered widget fragment; NOT original editor source
kr,https://beautyblossom.kr/51,w20250203eb2a5c32887ae,fc296a960ac4477e4a4ad7905ef904c7bade971efc49eeeaef7382a138e6062c,1363,rendered_code/fc296a960ac4477e4a4ad790.html,rendered widget fragment; NOT original editor source
kr,https://beautyblossom.kr/51,w20250203022c89f3dc295,2a29fff33addd18fb5f083543f9c5ab6e407cdf6629d13961c13397e04051977,858,rendered_code/2a29fff33addd18fb5f08354.html,rendered widget fragment; NOT original editor source
kr,https://beautyblossom.kr/51,w2025022370a55d970017f,737167e6e25d04186122c7f6148903f166791b74d86ad807b1a5c4eb3f095776,1584,rendered_code/737167e6e25d04186122c7f6.html,rendered widget fragment; NOT original editor source
kr,https://beautyblossom.kr/51,w20250203e249ca32758c2,3a445a05fd4db9ed9311575c392a4700660e049145e1003e505f26fd00238898,1286,rendered_code/3a445a05fd4db9ed9311575c.html,rendered widget fragment; NOT original editor source
kr,https://beautyblossom.kr/51,w2026040401c9b73db0c29,0988a97a1214f521422d5bb2a6fa68af475f3a856e455caed7f4bbc2b90f6a84,5333,rendered_code/0988a97a1214f521422d5bb2.html,rendered widget fragment; NOT original editor source
kr,https://beautyblossom.kr/51,w20250203453c12ca4d6b3,6c3dc2c244570a84dcc0ddbc83073f49ce54497a87cefff10047493d9f94c97f,1111,rendered_code/6c3dc2c244570a84dcc0ddbc.html,rendered widget fragment; NOT original editor source
kr,https://beautyblossom.kr/52,w202502031ea1103d3ce3b,f28e80435f307d8d08379df4ee6a98feb545f0911b5430681fc88354562675d5,1307,rendered_code/f28e80435f307d8d08379df4.html,rendered widget fragment; NOT original editor source
kr,https://beautyblossom.kr/52,w202502038ea329f2d7df4,beccf322ae86d1f2a2ac3b5fab22ad0340604d3f455ad2aceefda4098fc23911,700,rendered_code/beccf322ae86d1f2a2ac3b5f.html,rendered widget fragment; NOT original editor source
kr,https://beautyblossom.kr/52,w20250203ec5d9fda0e924,a87ba825e3d1bc418fe41d888d7087530b02316fd6a46d54b6dc0916da8a688a,1263,rendered_code/a87ba825e3d1bc418fe41d88.html,rendered widget fragment; NOT original editor source
kr,https://beautyblossom.kr/52,w202502031e943639cca07,6c3dc2c244570a84dcc0ddbc83073f49ce54497a87cefff10047493d9f94c97f,1111,rendered_code/6c3dc2c244570a84dcc0ddbc.html,rendered widget fragment; NOT original editor source
kr,https://beautyblossom.kr/52,w202604046d2fc118ff947,2a20d382f2444057e3fc950b036455f914bcb6dad427c468f3757f3cfbae3faa,5423,rendered_code/2a20d382f2444057e3fc950b.html,rendered widget fragment; NOT original editor source
kr,https://beautyblossom.kr/54,w20250203339f11273c496,82c491ec783a59d1af175cfe63be53fc6e9b06be1a0b24745b5d2b8bb8a16c6e,1354,rendered_code/82c491ec783a59d1af175cfe.html,rendered widget fragment; NOT original editor source
kr,https://beautyblossom.kr/54,w2025020394d7628562c12,98f64117b85284ad3e0a19b2ffdb69bb96ee82de1699a4ea9c4ca5183b82fa75,1264,rendered_code/98f64117b85284ad3e0a19b2.html,rendered widget fragment; NOT original editor source
kr,https://beautyblossom.kr/54,w202502037bd5a7ab713ca,6c3dc2c244570a84dcc0ddbc83073f49ce54497a87cefff10047493d9f94c97f,1111,rendered_code/6c3dc2c244570a84dcc0ddbc.html,rendered widget fragment; NOT original editor source
kr,https://beautyblossom.kr/54,w20260404cd1602c8201ae,1849d19c95789ac8b5243e8961ef06b874fa967f0692dcc27914e7cd6d59fe11,5353,rendered_code/1849d19c95789ac8b5243e89.html,rendered widget fragment; NOT original editor source
kr,https://beautyblossom.kr/55,w20250203769e4e32bfa9f,3d9152336cacf1ff4b220de43fc3eb5a0283b284c77d8a45f8595ee208e97ac3,1363,rendered_code/3d9152336cacf1ff4b220de4.html,rendered widget fragment; NOT original editor source
kr,https://beautyblossom.kr/55,w202502030ea83eb6ce666,ed8a71283dcbcf53eaccc52596cce1aa1dc68cc83f77e8461fe963927eb9288e,837,rendered_code/ed8a71283dcbcf53eaccc525.html,rendered widget fragment; NOT original editor source
kr,https://beautyblossom.kr/55,w202502271d1ad1741ba0c,3079e1525429360876a97e21793cb8d32de9dd3fe48a61a5ce6fb1ef162a3643,5005,rendered_code/3079e1525429360876a97e21.html,rendered widget fragment; NOT original editor source
kr,https://beautyblossom.kr/55,w202502032559a97664c95,92cca9d9f2049d995a8be71cd74f2de32f6738168e3b4f3c5fb72bcc409a17fd,1272,rendered_code/92cca9d9f2049d995a8be71c.html,rendered widget fragment; NOT original editor source
kr,https://beautyblossom.kr/55,w202502034f9ee4f5ecf67,6c3dc2c244570a84dcc0ddbc83073f49ce54497a87cefff10047493d9f94c97f,1111,rendered_code/6c3dc2c244570a84dcc0ddbc.html,rendered widget fragment; NOT original editor source
kr,https://beautyblossom.kr/55,w2026040443f3a302c9714,8ce116c27b0c16bf8e8907e9f643ecc6b300e854ce4bd401c85fd5ce7c6323fa,5317,rendered_code/8ce116c27b0c16bf8e8907e9.html,rendered widget fragment; NOT original editor source
kr,https://beautyblossom.kr/56,w20250203d360db6fda18a,bf1e3aeb2e97252d18449171624d17ea48e84386fde2ca96831c432734eca407,1353,rendered_code/bf1e3aeb2e97252d18449171.html,rendered widget fragment; NOT original editor source
kr,https://beautyblossom.kr/56,w202502033370f57197b7f,2f2dc7784b00099bf28b1a4953f6071601df008568b110c54d8be635e32b8387,681,rendered_code/2f2dc7784b00099bf28b1a49.html,rendered widget fragment; NOT original editor source
kr,https://beautyblossom.kr/56,w202502223ea2d6643629b,a1ca253ff538d5c2d531d96fa8c70e6bc4fba1ebe7a9a1a73739ce2e14a23e95,993,rendered_code/a1ca253ff538d5c2d531d96f.html,rendered widget fragment; NOT original editor source
kr,https://beautyblossom.kr/56,w202502035b7e2f8699ecb,b4a6cea19ba49ee6bd33ac000547a5abf4985d1b2493f66bcdfaac07dc5ec551,1261,rendered_code/b4a6cea19ba49ee6bd33ac00.html,rendered widget fragment; NOT original editor source
kr,https://beautyblossom.kr/56,w2025020389b693b389b9c,6c3dc2c244570a84dcc0ddbc83073f49ce54497a87cefff10047493d9f94c97f,1111,rendered_code/6c3dc2c244570a84dcc0ddbc.html,rendered widget fragment; NOT original editor source
kr,https://beautyblossom.kr/56,w2026040407de4aa17e49a,cd3963b6ba434caadd37c12343271d8e8205e6cf8fa8b6e9dc54da069af78c9e,5420,rendered_code/cd3963b6ba434caadd37c123.html,rendered widget fragment; NOT original editor source
kr,https://beautyblossom.kr/57,w2025020300d95d0a0a354,89ea879ad6a46a2d3bee348bc9e150cfb710c02825e1f99dd325655da182a904,1353,rendered_code/89ea879ad6a46a2d3bee348b.html,rendered widget fragment; NOT original editor source
kr,https://beautyblossom.kr/57,w20250203a06409eab0ecd,cea61d6a403eb920b38efb9f66abe1646a57f63b9b587627ddef8475ab1b443b,817,rendered_code/cea61d6a403eb920b38efb9f.html,rendered widget fragment; NOT original editor source
kr,https://beautyblossom.kr/57,w20250203fdccbb9c90afa,37b6b92644461100edd8293d41adbd81d1f9995aa4abe07e8a80903a4ff57606,1265,rendered_code/37b6b92644461100edd8293d.html,rendered widget fragment; NOT original editor source
kr,https://beautyblossom.kr/57,w20250203dd9eee87e1811,6c3dc2c244570a84dcc0ddbc83073f49ce54497a87cefff10047493d9f94c97f,1111,rendered_code/6c3dc2c244570a84dcc0ddbc.html,rendered widget fragment; NOT original editor source
kr,https://beautyblossom.kr/57,w202604047b9b4817ef4ce,40cbf1638a6f89b48c9775f3a47e23b4293a4f1f56355afc833cb8ab28551e7a,5320,rendered_code/40cbf1638a6f89b48c9775f3.html,rendered widget fragment; NOT original editor source
kr,https://beautyblossom.kr/58,w20250203c3301b9d86798,4f493019c1aef05f6f3459980a36437e7e793605c444482c8a912167fbc4d644,1353,rendered_code/4f493019c1aef05f6f345998.html,rendered widget fragment; NOT original editor source
kr,https://beautyblossom.kr/58,w202502030da6707f46f40,ba4feed53fc537de90c1ba59031182d4209a90c880d4220dfd6c5fe2e8a07aa4,813,rendered_code/ba4feed53fc537de90c1ba59.html,rendered widget fragment; NOT original editor source
kr,https://beautyblossom.kr/58,w202502036883f2ae4d566,c55984c826110677868d7e64d6fb13e49e066cc1b204d26d451e578d96bb26ac,1148,rendered_code/c55984c826110677868d7e64.html,rendered widget fragment; NOT original editor source
kr,https://beautyblossom.kr/58,w202502039880f1f6d5d4b,6c3dc2c244570a84dcc0ddbc83073f49ce54497a87cefff10047493d9f94c97f,1111,rendered_code/6c3dc2c244570a84dcc0ddbc.html,rendered widget fragment; NOT original editor source
kr,https://beautyblossom.kr/58,w20260404fc5da1c385bd5,9603f30cae5314774d93f9196f382a5e2e4628d72a2bf5c65ff46cd7e5c0b2f3,5251,rendered_code/9603f30cae5314774d93f919.html,rendered widget fragment; NOT original editor source
kr,https://beautyblossom.kr/60,w202502042acf5abd39a10,e88558af2ac57c57313c0ea532ea9cdc103821c5dcc8ba7ad3310b3af1871cfd,1347,rendered_code/e88558af2ac57c57313c0ea5.html,rendered widget fragment; NOT original editor source
kr,https://beautyblossom.kr/60,w20250204342659061edfc,1316c92656c194e9d56de8e22cb8df3c20037b8528cd967ca140e786ac30898e,1250,rendered_code/1316c92656c194e9d56de8e2.html,rendered widget fragment; NOT original editor source
kr,https://beautyblossom.kr/60,w20250204682835af9df58,6c3dc2c244570a84dcc0ddbc83073f49ce54497a87cefff10047493d9f94c97f,1111,rendered_code/6c3dc2c244570a84dcc0ddbc.html,rendered widget fragment; NOT original editor source
kr,https://beautyblossom.kr/60,w20260404a5e51b35b9f29,bd41f047be7d4ded1eb48b78117de78c35e8ee7206268d00d38a1971739457a9,5047,rendered_code/bd41f047be7d4ded1eb48b78.html,rendered widget fragment; NOT original editor source
kr,https://beautyblossom.kr/61,w20250204a3f2231d921c2,d8208e40e4a4b7f3de7b66f9c6ec55dce5a2ebc3c4d8920da2f60fc8c2ab0623,1360,rendered_code/d8208e40e4a4b7f3de7b66f9.html,rendered widget fragment; NOT original editor source
kr,https://beautyblossom.kr/61,w20250204c15fa9e274433,28d0dcf851bbb13a8f3b6417b984065b4316fdc5ef04e5b62413d152a58e8c6f,831,rendered_code/28d0dcf851bbb13a8f3b6417.html,rendered widget fragment; NOT original editor source
kr,https://beautyblossom.kr/61,w20250218e6993880e2278,2f767e89d2313a1b36d1e33dad96590f0d55cf8ef21d60a0e60060e37903218a,1610,rendered_code/2f767e89d2313a1b36d1e33d.html,rendered widget fragment; NOT original editor source
kr,https://beautyblossom.kr/61,w2025020432d02ee4eab6a,f4c2af1ba5130e787b5e7c3edd7fd2cf5bb31a6aac625270c7bd849ba7e5f7a2,1243,rendered_code/f4c2af1ba5130e787b5e7c3e.html,rendered widget fragment; NOT original editor source
kr,https://beautyblossom.kr/61,w20250204262ede98717b0,6c3dc2c244570a84dcc0ddbc83073f49ce54497a87cefff10047493d9f94c97f,1111,rendered_code/6c3dc2c244570a84dcc0ddbc.html,rendered widget fragment; NOT original editor source
kr,https://beautyblossom.kr/61,w20260404664e7b8e20deb,e21f17304dfab72a13d5c1d902c90c25eaa88243e7780221c363b693625968aa,5038,rendered_code/e21f17304dfab72a13d5c1d9.html,rendered widget fragment; NOT original editor source
kr,https://beautyblossom.kr/62,w20250204c84e05ceef66f,6b9bac43910c6fa12c831b166ceb81da7f589317327607e642a58d3b1d5bd29d,1353,rendered_code/6b9bac43910c6fa12c831b16.html,rendered widget fragment; NOT original editor source
kr,https://beautyblossom.kr/62,w202502048544e853eef31,9324fbcd2ed451fdd3a2cda7decd7210483e54e36170adb8902370ac4fdd8573,838,rendered_code/9324fbcd2ed451fdd3a2cda7.html,rendered widget fragment; NOT original editor source
kr,https://beautyblossom.kr/62,w20250204923f81de9812c,e1fec0c3810d6f4d08180574cf2953c64917eb96962883072b6a61cc2cc4e198,1269,rendered_code/e1fec0c3810d6f4d08180574.html,rendered widget fragment; NOT original editor source
kr,https://beautyblossom.kr/62,w20250204a977bd0d59560,6c3dc2c244570a84dcc0ddbc83073f49ce54497a87cefff10047493d9f94c97f,1111,rendered_code/6c3dc2c244570a84dcc0ddbc.html,rendered widget fragment; NOT original editor source
kr,https://beautyblossom.kr/62,w20260404af0436dbe1cb1,0f85cb49f3ca6fba0a91c3e9266806dcb51b478589fa231d3a7cb3099a734bd2,5294,rendered_code/0f85cb49f3ca6fba0a91c3e9.html,rendered widget fragment; NOT original editor source
kr,https://beautyblossom.kr/63,w20250204d804639eede75,6c3dc2c244570a84dcc0ddbc83073f49ce54497a87cefff10047493d9f94c97f,1111,rendered_code/6c3dc2c244570a84dcc0ddbc.html,rendered widget fragment; NOT original editor source
kr,https://beautyblossom.kr/64,w20250204c71f02721bb4c,5bbb73236749090f899836a91b40783e0a568d9c4a871a1f91709f7a241b84d0,1356,rendered_code/5bbb73236749090f899836a9.html,rendered widget fragment; NOT original editor source
kr,https://beautyblossom.kr/64,w20250204c1e0bd07d5a7f,25f24a952f0a9b9c80380fbd9e3707f85d95f6091b2f6a7e10d9ee92e051319d,851,rendered_code/25f24a952f0a9b9c80380fbd.html,rendered widget fragment; NOT original editor source
kr,https://beautyblossom.kr/64,w20250204c2fda132af312,e6ce362b417e9a30abc1fb3ae7298b8d53f0adc6e1a009102294f6fd340b46c7,907,rendered_code/e6ce362b417e9a30abc1fb3a.html,rendered widget fragment; NOT original editor source
kr,https://beautyblossom.kr/64,w20250204105b369ef1920,b75ae2750c38ff3dad8ec50e1dbac9622777331d078671e736692422ee953638,1258,rendered_code/b75ae2750c38ff3dad8ec50e.html,rendered widget fragment; NOT original editor source
kr,https://beautyblossom.kr/64,w202502044778b3df97617,6c3dc2c244570a84dcc0ddbc83073f49ce54497a87cefff10047493d9f94c97f,1111,rendered_code/6c3dc2c244570a84dcc0ddbc.html,rendered widget fragment; NOT original editor source
kr,https://beautyblossom.kr/64,w202604046be8a75c923c9,59ed29fb3ec7e0c9ba52b01209307df18851089fa2e541455a925013b76f1e06,5017,rendered_code/59ed29fb3ec7e0c9ba52b012.html,rendered widget fragment; NOT original editor source
kr,https://beautyblossom.kr/65,w20250204209673540ef4e,251e672c007f82ee97ab4083feefbfc519d52ea59e10621864d867fc3b2ca281,1357,rendered_code/251e672c007f82ee97ab4083.html,rendered widget fragment; NOT original editor source
kr,https://beautyblossom.kr/65,w202502045be2db73f3d1a,df9ea9dfe9434f7eae1732dac4af2ffa529d94980d57397057a807838b21c52d,856,rendered_code/df9ea9dfe9434f7eae1732da.html,rendered widget fragment; NOT original editor source
kr,https://beautyblossom.kr/65,w202502045ed3501453393,c0a8082cad0bdcd306c080d863d127c84581589ddb33bbffe4d7f68dd5a9255b,1097,rendered_code/c0a8082cad0bdcd306c080d8.html,rendered widget fragment; NOT original editor source
kr,https://beautyblossom.kr/65,w202502049fa38a8530290,e05b01337831567203f8563bfef1f8c43a6c5ec98284689e64ae8adfd62e67c7,1287,rendered_code/e05b01337831567203f8563b.html,rendered widget fragment; NOT original editor source
kr,https://beautyblossom.kr/65,w202502046ba24b0943de9,6c3dc2c244570a84dcc0ddbc83073f49ce54497a87cefff10047493d9f94c97f,1111,rendered_code/6c3dc2c244570a84dcc0ddbc.html,rendered widget fragment; NOT original editor source
kr,https://beautyblossom.kr/65,w20260404918e74b20e413,2751c4720377d24f30525ad978fecbc110abe13bb26ebadfee3f1944194bd79f,5247,rendered_code/2751c4720377d24f30525ad9.html,rendered widget fragment; NOT original editor source
kr,https://beautyblossom.kr/66,w20250205a89d3a19af540,f43ba2a52087855eeac7451c3983f8aaad92790c984446cb580d3480b31406a1,1345,rendered_code/f43ba2a52087855eeac7451c.html,rendered widget fragment; NOT original editor source
kr,https://beautyblossom.kr/66,w202502056243f3e314026,4e45867c7151a25a8923c69217138995c9ed974187cc0f28e33c288e2845e1f6,857,rendered_code/4e45867c7151a25a8923c692.html,rendered widget fragment; NOT original editor source
kr,https://beautyblossom.kr/66,w2025020567761908ab677,86c8670a2d6bdc3717c769372cc7ea6e6c879580193c8d58ab0cb3c1fe133ea0,1248,rendered_code/86c8670a2d6bdc3717c76937.html,rendered widget fragment; NOT original editor source
kr,https://beautyblossom.kr/66,w20250205bcb17c3880494,6c3dc2c244570a84dcc0ddbc83073f49ce54497a87cefff10047493d9f94c97f,1111,rendered_code/6c3dc2c244570a84dcc0ddbc.html,rendered widget fragment; NOT original editor source
kr,https://beautyblossom.kr/66,w202604047175a0b13f812,7bbf46254b5b8483fee2230d5cc5f4069cd3b93fc690b6dcbe8650684c432403,5369,rendered_code/7bbf46254b5b8483fee2230d.html,rendered widget fragment; NOT original editor source
kr,https://beautyblossom.kr/68,w20250205953eae138030b,5619e81abfc797ca368994bc32ee775ce6a36d124448d37a4328f3b1af54d03f,1352,rendered_code/5619e81abfc797ca368994bc.html,rendered widget fragment; NOT original editor source
kr,https://beautyblossom.kr/68,w202502059210bf1eec990,1c4bca2e04933f40a9440e4c200abf7516edd6c245e40bbb4ed2d2d4163a0f3d,821,rendered_code/1c4bca2e04933f40a9440e4c.html,rendered widget fragment; NOT original editor source
kr,https://beautyblossom.kr/68,w202502056c2cda3e63d83,5e9a24e17b61f2e3eefbdef066b1ed1381d8cb3780388f2eae0a6a2e7fca67d8,1257,rendered_code/5e9a24e17b61f2e3eefbdef0.html,rendered widget fragment; NOT original editor source
kr,https://beautyblossom.kr/68,w20250205a30194514f110,6c3dc2c244570a84dcc0ddbc83073f49ce54497a87cefff10047493d9f94c97f,1111,rendered_code/6c3dc2c244570a84dcc0ddbc.html,rendered widget fragment; NOT original editor source
kr,https://beautyblossom.kr/68,w202604047207042d3887b,7f2d675f85b1f0e5a10e0f3c5329dc50c011f1eecc57172d7af18b32fec806ef,4992,rendered_code/7f2d675f85b1f0e5a10e0f3c.html,rendered widget fragment; NOT original editor source
kr,https://beautyblossom.kr/69,w20250205869da9f9dd4d4,019f111743b70606599914b57986cea21eab5addf1790556c37f0b2eefc5c2c4,1354,rendered_code/019f111743b70606599914b5.html,rendered widget fragment; NOT original editor source
kr,https://beautyblossom.kr/69,w202502052c30a97cf48df,62e8a19844dcdb2ab91476b5255114616d788583c9e9bb99e8ebf318309fedba,831,rendered_code/62e8a19844dcdb2ab91476b5.html,rendered widget fragment; NOT original editor source
kr,https://beautyblossom.kr/69,w20250205132d72eada040,5c7c4eeba41515e53d4eb972950ebcf073684481da116ef77000dcb8f19ae49f,1900,rendered_code/5c7c4eeba41515e53d4eb972.html,rendered widget fragment; NOT original editor source
kr,https://beautyblossom.kr/69,w20250205fafb00bfdae3f,ab0012d890590549187e4c97d28eabb3262415ebee2d4be346696c65aecbe76a,1289,rendered_code/ab0012d890590549187e4c97.html,rendered widget fragment; NOT original editor source
kr,https://beautyblossom.kr/69,w20250205a6c2d5b0e1984,6c3dc2c244570a84dcc0ddbc83073f49ce54497a87cefff10047493d9f94c97f,1111,rendered_code/6c3dc2c244570a84dcc0ddbc.html,rendered widget fragment; NOT original editor source
kr,https://beautyblossom.kr/69,w2026040433c0eed88863a,f5d5ab224b9b0ce39a146ee805321be8350ee25536c6da1a9a2b5e88ceb9c958,5332,rendered_code/f5d5ab224b9b0ce39a146ee8.html,rendered widget fragment; NOT original editor source
kr,https://beautyblossom.kr/71,w202501312a4281a67af51,72bc75b68a8a6453cfa05b7a1581182bff9ca8811bc97b5908ee55e26698d550,1072,rendered_code/72bc75b68a8a6453cfa05b7a.html,rendered widget fragment; NOT original editor source
kr,https://beautyblossom.kr/71,w20250131a6e7cf68ddb0c,abce91e05e6f06e198efd06bf4fdd9e11ee9215e8a20fcaa1dc228e127aea4e4,909,rendered_code/abce91e05e6f06e198efd06b.html,rendered widget fragment; NOT original editor source
kr,https://beautyblossom.kr/71,w202604049e8935c3ff5db,b652fc9840823f6f73f605de2ac215a6e46928e3e1951beed52b221fa4c15d4b,5165,rendered_code/b652fc9840823f6f73f605de.html,rendered widget fragment; NOT original editor source
kr,https://beautyblossom.kr/72,w202501313ce72e0335421,a5b82058882cec5bb0fc08bba1aa5612653fb39df4a580fdd00d09eca23df4e5,1357,rendered_code/a5b82058882cec5bb0fc08bb.html,rendered widget fragment; NOT original editor source
kr,https://beautyblossom.kr/72,w202501314ee78bebbd93e,ef8c5ae20f699430c43c38956b0ded28f6f2b6f721b471bc54b45c33d0139991,1255,rendered_code/ef8c5ae20f699430c43c3895.html,rendered widget fragment; NOT original editor source
kr,https://beautyblossom.kr/72,w20250131d6cb83babad6d,6c3dc2c244570a84dcc0ddbc83073f49ce54497a87cefff10047493d9f94c97f,1111,rendered_code/6c3dc2c244570a84dcc0ddbc.html,rendered widget fragment; NOT original editor source
kr,https://beautyblossom.kr/72,w202604040c5a4e003301f,428ab42c1b1e64fde8f4239f5b55d72d413252e79bb16ba47bc11d1cdd92056b,5418,rendered_code/428ab42c1b1e64fde8f4239f.html,rendered widget fragment; NOT original editor source
kr,https://beautyblossom.kr/73,w2025013136b00028cd68c,cf8cb7a5904d718dcea1e59fcdee16d31bebe7e8678fd0400c56a4e82295a06f,1351,rendered_code/cf8cb7a5904d718dcea1e59f.html,rendered widget fragment; NOT original editor source
kr,https://beautyblossom.kr/73,w20250131d9e2bb69781a4,b88ec7302b112cacf76f5cd427ce1c34e6b4d73c9fe120294df768bb204cae0e,712,rendered_code/b88ec7302b112cacf76f5cd4.html,rendered widget fragment; NOT original editor source
kr,https://beautyblossom.kr/73,w20250225596d2692b7456,606f66582956a21653bb73b3c61759b4e1111580c041aa64400cfa2a3f9242fd,1685,rendered_code/606f66582956a21653bb73b3.html,rendered widget fragment; NOT original editor source
kr,https://beautyblossom.kr/73,w202502252ab55b2eda024,03ce286b20f9aad6c2ce22b8da985ea5879087c466bdf963e9b381ce7474e77b,1214,rendered_code/03ce286b20f9aad6c2ce22b8.html,rendered widget fragment; NOT original editor source
kr,https://beautyblossom.kr/73,w202502223d1b22b16e45b,c2f1c9787e54df063023a4292662c856110e394285e718d7d52d1d1ba3813f3a,4469,rendered_code/c2f1c9787e54df063023a429.html,rendered widget fragment; NOT original editor source
kr,https://beautyblossom.kr/73,w2025013141d15c9c8cfc3,637531307a0c681dfd16725aa7145b601a2ab88f251c24b81cfa0cf755267cf0,1254,rendered_code/637531307a0c681dfd16725a.html,rendered widget fragment; NOT original editor source
kr,https://beautyblossom.kr/73,w20250131979d835cf44c2,6c3dc2c244570a84dcc0ddbc83073f49ce54497a87cefff10047493d9f94c97f,1111,rendered_code/6c3dc2c244570a84dcc0ddbc.html,rendered widget fragment; NOT original editor source
kr,https://beautyblossom.kr/73,w20260404c645ef825eb98,eb7888cb224b420bebf9a3f498039318557b750ab91c7946d037f126a31e4ac2,5352,rendered_code/eb7888cb224b420bebf9a3f4.html,rendered widget fragment; NOT original editor source
kr,https://beautyblossom.kr/74,w202501318a90950a3a843,830d7222054487c546df9712993160b0031977f0451a2ac90ec4c8db99e548f7,1347,rendered_code/830d7222054487c546df9712.html,rendered widget fragment; NOT original editor source
kr,https://beautyblossom.kr/74,w202501312814cd4b5b839,9b2d7550ee280db8729fb0e6a9ff444c5873bc09ad1adb77b6042badacd6d52b,624,rendered_code/9b2d7550ee280db8729fb0e6.html,rendered widget fragment; NOT original editor source
kr,https://beautyblossom.kr/74,w20250131e475c5c705645,c4a608df9cfa4b3cffccd9bb4471ae8e8d34b4f4b9e477c63c64b520c940963e,1255,rendered_code/c4a608df9cfa4b3cffccd9bb.html,rendered widget fragment; NOT original editor source
kr,https://beautyblossom.kr/74,w20250131b9230ef4bb855,6c3dc2c244570a84dcc0ddbc83073f49ce54497a87cefff10047493d9f94c97f,1111,rendered_code/6c3dc2c244570a84dcc0ddbc.html,rendered widget fragment; NOT original editor source
kr,https://beautyblossom.kr/74,w202604042e5ade13df882,ec61cf12686178ae9f25514dbb97fa68056273f59fd798472ae01cc1db9160ba,5320,rendered_code/ec61cf12686178ae9f25514d.html,rendered widget fragment; NOT original editor source
kr,https://beautyblossom.kr/75,w202501311956bb12afb14,a79af59f467b920963a7efede56f49bb6cd516ef590f2c5a8655ce23d67b0970,1369,rendered_code/a79af59f467b920963a7efed.html,rendered widget fragment; NOT original editor source
kr,https://beautyblossom.kr/75,w20250131315000a03d64e,82a4e2b3b3b19c3aae4c7a097ed0816751076b7ce30b69316ab63a86b32d22e0,875,rendered_code/82a4e2b3b3b19c3aae4c7a09.html,rendered widget fragment; NOT original editor source
kr,https://beautyblossom.kr/75,w2025022543105a7c14661,32f08adcae31b984d30c846a645ab2cecdbf900727c501699a3b20d30574a82b,2189,rendered_code/32f08adcae31b984d30c846a.html,rendered widget fragment; NOT original editor source
kr,https://beautyblossom.kr/75,w202501313a70aafa4206c,117636cee9ce0765ebba42e6fac9718b6761c8f5b7e7e5a98cea5f5c36c1e11c,1262,rendered_code/117636cee9ce0765ebba42e6.html,rendered widget fragment; NOT original editor source
kr,https://beautyblossom.kr/75,w202501313aa9eeea41b0e,6c3dc2c244570a84dcc0ddbc83073f49ce54497a87cefff10047493d9f94c97f,1111,rendered_code/6c3dc2c244570a84dcc0ddbc.html,rendered widget fragment; NOT original editor source
kr,https://beautyblossom.kr/75,w202604047208b23f191c3,9f5054eb0c967d14204371998af97059be6b42ed3978bed78ef9bf5339bc2126,5875,rendered_code/9f5054eb0c967d1420437199.html,rendered widget fragment; NOT original editor source
kr,https://beautyblossom.kr/76,w20250131d3087c238cc79,d13143b9d8f22b9e4b864ac29bf35a414441f382f6cdda08c48e7dcf93339499,1381,rendered_code/d13143b9d8f22b9e4b864ac2.html,rendered widget fragment; NOT original editor source
kr,https://beautyblossom.kr/76,w20250131051ec5abe5cd8,711a51a55f7bdd26fefbde277ea963de69678ee86c84a853eb0cbf4e3cfc067c,872,rendered_code/711a51a55f7bdd26fefbde27.html,rendered widget fragment; NOT original editor source
kr,https://beautyblossom.kr/76,w2025013147f5e89020a24,42543469b23a2663d0fc7e4c80ed8424695604a7feb68ecd1b7d017d296b05ef,1133,rendered_code/42543469b23a2663d0fc7e4c.html,rendered widget fragment; NOT original editor source
kr,https://beautyblossom.kr/76,w2025013169395feffd31d,6c3dc2c244570a84dcc0ddbc83073f49ce54497a87cefff10047493d9f94c97f,1111,rendered_code/6c3dc2c244570a84dcc0ddbc.html,rendered widget fragment; NOT original editor source
kr,https://beautyblossom.kr/76,w2026040463c12a42cdcd4,d2037c736ff81489bc8cdec6eef48a39f413db4dbba1281bb03778de4979171f,5601,rendered_code/d2037c736ff81489bc8cdec6.html,rendered widget fragment; NOT original editor source
kr,https://beautyblossom.kr/alltite-lifting,w20260706930c981fd4075,e4c50f4b485d5b68d36732cda351702f907417aa6bedcd999db388beb8790ca4,22000,rendered_code/e4c50f4b485d5b68d36732cd.html,rendered widget fragment; NOT original editor source
kr,https://beautyblossom.kr/diet-injection,w202607163b4180b4e8703,3979812f9e1b5a18c3103a5d7ca44c9c694df20938d0cbe481e57aa3abc0c141,20542,rendered_code/3979812f9e1b5a18c3103a5d.html,rendered widget fragment; NOT original editor source
kr,https://beautyblossom.kr/event,w20260720475b5fb1bd4ed,e74dd66b158faeb64f34ab7f54ef276371fe1009f679ea066bc01c5c3484e290,3338,rendered_code/e74dd66b158faeb64f34ab7f.html,rendered widget fragment; NOT original editor source
kr,https://beautyblossom.kr/event,w2026072029bfd01ed81cf,f3de95d84ae142b77d780f4699cbafdc21da5fa1e2bb09437b9e8c44f16b1636,195,rendered_code/f3de95d84ae142b77d780f46.html,rendered widget fragment; NOT original editor source
kr,https://beautyblossom.kr/fat-dissolve,w202607021d24024fab5e8,855bcf799b882f83442c5201f6bc3981662c2626a97a880d02d3c42a12b408fa,14917,rendered_code/855bcf799b882f83442c5201.html,rendered widget fragment; NOT original editor source
kr,https://beautyblossom.kr/hilo-wave,w20260624a900b45a3bf75,e48889f3df7faa1ba3ce9ca0e742487863a56a8de02d2f091699abbdb47c9024,12006,rendered_code/e48889f3df7faa1ba3ce9ca0.html,rendered widget fragment; NOT original editor source
kr,https://beautyblossom.kr/home,w2025012170d7ebbc8130a,e5d06469aac12f799b7041dd538354260cfdf1e9e2db108861f7aac98878b04d,197,rendered_code/e5d06469aac12f799b7041dd.html,rendered widget fragment; NOT original editor source
kr,https://beautyblossom.kr/home,w202501211fd9578bbf522,40e78763a63c18256168bcf765f3d44b9538fd27ac4fde71f86a7b1e866dce74,2714,rendered_code/40e78763a63c18256168bcf7.html,rendered widget fragment; NOT original editor source
kr,https://beautyblossom.kr/home,w2025012138b76fc8312ff,e5d06469aac12f799b7041dd538354260cfdf1e9e2db108861f7aac98878b04d,197,rendered_code/e5d06469aac12f799b7041dd.html,rendered widget fragment; NOT original editor source
kr,https://beautyblossom.kr/home,w202501214229d81f25724,f8680ea773585563ef263886497e6241890de997f92ce83b45dd046245dcbadb,196,rendered_code/f8680ea773585563ef263886.html,rendered widget fragment; NOT original editor source
kr,https://beautyblossom.kr/re2o,w20260421c0abc176ce56a,508a2d182fd039d0fffe03f51feb3febe028921827318435ea30b1f5070912b2,16137,rendered_code/508a2d182fd039d0fffe03f5.html,rendered widget fragment; NOT original editor source
kr,https://beautyblossom.kr/re2o,w2026042131d3fbf5ac935,af541de67f13c69e1be17f1cb83b0f465324072447ad6eec5b0611067ef0e2a2,6494,rendered_code/af541de67f13c69e1be17f1c.html,rendered widget fragment; NOT original editor source
kr,https://beautyblossom.kr/skinvive,w2026062764604dbcca9c4,a987149f0784cb50cda2918f90b7676f2ba106b9b6a58a58870614d0b6385643,12708,rendered_code/a987149f0784cb50cda2918f.html,rendered widget fragment; NOT original editor source
kr,https://beautyblossom.kr/thread-lifting,w20260513c1c942c86f122,536369634bf2ece26b39df2576e8c0458073acdd7db9680a1a6ec442088c5315,15514,rendered_code/536369634bf2ece26b39df25.html,rendered widget fragment; NOT original editor source
kr,https://beautyblossom.kr/titanium-fortra-quattro,w2026070832539135516f0,4fc97ae7439b31c791b825b1ca9bb6ab91e09a28417b142f0f681c60dde9e1ff,21335,rendered_code/4fc97ae7439b31c791b825b1.html,rendered widget fragment; NOT original editor source
kr,https://beautyblossom.kr/treatment-search,w202603055195b40959b22,fb9dcbc4b338d5455d20f9521b580bd90678cbc9d8b147d6a7b04c6f48b3e091,791,rendered_code/fb9dcbc4b338d5455d20f952.html,rendered widget fragment; NOT original editor source
kr,https://beautyblossom.kr/yujiin-lifting,w20260605a8fedb661252b,f899809b0f80615710f7cdae755c14cbc415e50632fa7b3c262cd26b3cdf5af3,12272,rendered_code/f899809b0f80615710f7cdae.html,rendered widget fragment; NOT original editor source
en,https://en.beautyblossom.kr/,w202502281acc088340915,e5d06469aac12f799b7041dd538354260cfdf1e9e2db108861f7aac98878b04d,197,rendered_code/e5d06469aac12f799b7041dd.html,rendered widget fragment; NOT original editor source
en,https://en.beautyblossom.kr/,w202502285fde71f326ed8,0d7d6b4b5268e3ef7b9d9901ba4302e25c0e03934d54bdaab3dc732189550e7f,2940,rendered_code/0d7d6b4b5268e3ef7b9d9901.html,rendered widget fragment; NOT original editor source
en,https://en.beautyblossom.kr/,w2025022874a222eb6afb0,e5d06469aac12f799b7041dd538354260cfdf1e9e2db108861f7aac98878b04d,197,rendered_code/e5d06469aac12f799b7041dd.html,rendered widget fragment; NOT original editor source
en,https://en.beautyblossom.kr/,w20250228759c96507c7de,f8680ea773585563ef263886497e6241890de997f92ce83b45dd046245dcbadb,196,rendered_code/f8680ea773585563ef263886.html,rendered widget fragment; NOT original editor source
en,https://en.beautyblossom.kr/100,w202503191fc94c552e612,ed2bdc3cdcd49eb329c63cab9e2d733a84b03e0ac700ab0f5570cfcec6238ae6,2163,rendered_code/ed2bdc3cdcd49eb329c63cab.html,rendered widget fragment; NOT original editor source
en,https://en.beautyblossom.kr/100,w20250319516fc77f1c27f,c90112216043ed849d09c22364528357595f2ef416705b266479601dbbf39cc6,1787,rendered_code/c90112216043ed849d09c223.html,rendered widget fragment; NOT original editor source
en,https://en.beautyblossom.kr/100,w202503193627b65b54b76,e308cfefb6dcb34228ed86dfe25c74fdbca729c7efe03a3273f5b92689bd8f1b,1418,rendered_code/e308cfefb6dcb34228ed86df.html,rendered widget fragment; NOT original editor source
en,https://en.beautyblossom.kr/100,w202503199333a30162fa7,4d51d3cd788412785e81ed022a7ff4a57be8bf1aa0f6d7f58969f98fa5c1a399,1367,rendered_code/4d51d3cd788412785e81ed02.html,rendered widget fragment; NOT original editor source
en,https://en.beautyblossom.kr/107,w20250713de8e3361c45cf,c35536229e831556d248f5f88b579eb55332e70f2016094f75a861c4b709b238,1433,rendered_code/c35536229e831556d248f5f8.html,rendered widget fragment; NOT original editor source
en,https://en.beautyblossom.kr/107,w202507137186c99e035ae,bb7986d3c64634d87952ffac23550cebe058c30f3678f45be24706b6a5f66602,1527,rendered_code/bb7986d3c64634d87952ffac.html,rendered widget fragment; NOT original editor source
en,https://en.beautyblossom.kr/107,w2025071326a692607dd39,87d188c2475169171ad258ba508ea7cfeb94f12c7bd3c30770f512e2101d9e1c,196,rendered_code/87d188c2475169171ad258ba.html,rendered widget fragment; NOT original editor source
en,https://en.beautyblossom.kr/107,w20250713e0cb809d72b37,0c7f19df115f77abc31560a2ba9056151deae701b80d8548026b53ba42217132,2980,rendered_code/0c7f19df115f77abc31560a2.html,rendered widget fragment; NOT original editor source
en,https://en.beautyblossom.kr/107,w20250713ff46466f39a08,c670d5920a8c8deddb2802a07f204526bc22b39201b8a726281ce529d1bd2c27,1211,rendered_code/c670d5920a8c8deddb2802a0.html,rendered widget fragment; NOT original editor source
en,https://en.beautyblossom.kr/107,w20250713da4a413f97d3e,cb2ed463d5cc98f17607de3b964423aecb36816698a600618f6613eea1472876,2062,rendered_code/cb2ed463d5cc98f17607de3b.html,rendered widget fragment; NOT original editor source
en,https://en.beautyblossom.kr/107,w20250713df0e94da60995,e7793e78ad9061609bce2311e10c0487e6afa183127a6efc73f853c2fa29e79b,1660,rendered_code/e7793e78ad9061609bce2311.html,rendered widget fragment; NOT original editor source
en,https://en.beautyblossom.kr/107,w202507130f2d15768936b,face8ece4a90e02b0f8622b570427c507e1fb52b5019befe523bbf82d50f52e7,1644,rendered_code/face8ece4a90e02b0f8622b5.html,rendered widget fragment; NOT original editor source
en,https://en.beautyblossom.kr/107,w2025071321fafaffc05f6,f23bfbc71358f4481286eccc94cbfbbab02a0282b5e5bb448070326067bee6ff,1633,rendered_code/f23bfbc71358f4481286eccc.html,rendered widget fragment; NOT original editor source
en,https://en.beautyblossom.kr/107,w20250713d7e16d4f3dd8a,4f091872ddba62a2ab042d2676957cb305564fde243ac19e5eec7fa555291dbe,1746,rendered_code/4f091872ddba62a2ab042d26.html,rendered widget fragment; NOT original editor source
en,https://en.beautyblossom.kr/107,w2025071359c544307c3f4,c1dd7d84c160b4b6d71380cbc8a239b581d18dc0f312784a7e358105fcef715c,1857,rendered_code/c1dd7d84c160b4b6d71380cb.html,rendered widget fragment; NOT original editor source
en,https://en.beautyblossom.kr/107,w202507136f33f903ed1ff,5b887f98cd16d57a3425b56c5eb0316c4b542fa907961971537bd405805b5b89,1829,rendered_code/5b887f98cd16d57a3425b56c.html,rendered widget fragment; NOT original editor source
en,https://en.beautyblossom.kr/107,w202507131381b935d84ee,ed23cd5d7dd792b8de70c3ae251526408135ac8b1d7cdb22f338cb5b520dc688,1807,rendered_code/ed23cd5d7dd792b8de70c3ae.html,rendered widget fragment; NOT original editor source
en,https://en.beautyblossom.kr/107,w20250713e9829ab4c5a04,2811dbc978137f6d0d8893534cfcd32ee0c4fc6d0cf5638738961f3dc13cf253,2905,rendered_code/2811dbc978137f6d0d889353.html,rendered widget fragment; NOT original editor source
en,https://en.beautyblossom.kr/107,w202507136ccd3396c6ae6,4d51d3cd788412785e81ed022a7ff4a57be8bf1aa0f6d7f58969f98fa5c1a399,1367,rendered_code/4d51d3cd788412785e81ed02.html,rendered widget fragment; NOT original editor source
en,https://en.beautyblossom.kr/107,w20260408347353d573072,e9554c9a4ac419a2c852feead75eddf406777bc812d9a8616358b38410b243c4,8307,rendered_code/e9554c9a4ac419a2c852feea.html,rendered widget fragment; NOT original editor source
en,https://en.beautyblossom.kr/108,w202508140a7bcbd47532f,6d89d658b1bd1965a1c188900636720c8d008e7aa9dbdede64f4a7079f205faf,1475,rendered_code/6d89d658b1bd1965a1c18890.html,rendered widget fragment; NOT original editor source
en,https://en.beautyblossom.kr/108,w202508145a52a6835102a,f3de95d84ae142b77d780f4699cbafdc21da5fa1e2bb09437b9e8c44f16b1636,195,rendered_code/f3de95d84ae142b77d780f46.html,rendered widget fragment; NOT original editor source
en,https://en.beautyblossom.kr/108,w20250814fda298abbd1e7,5cbd0a72afc5516ccd17dec0b5d14e3891a367a23164eeceef3ca07c8421cd97,1392,rendered_code/5cbd0a72afc5516ccd17dec0.html,rendered widget fragment; NOT original editor source
en,https://en.beautyblossom.kr/108,w20250814513b36a3a4348,2574a874455d00d3deb6930c0d70fef5c2ddc61b88f49b28606e0d26980581ef,1596,rendered_code/2574a874455d00d3deb6930c.html,rendered widget fragment; NOT original editor source
en,https://en.beautyblossom.kr/108,w2025081422c2a3d9e62a6,cf7fb3bf01210c7d713453f0936560f22468cc95b28f10a28da2d812e2eb1325,1396,rendered_code/cf7fb3bf01210c7d713453f0.html,rendered widget fragment; NOT original editor source
en,https://en.beautyblossom.kr/108,w202508143f4863757ef83,9e99e32170e43dc323ea21861abb012501eec246b11a11eb37cebd05d28069f9,1920,rendered_code/9e99e32170e43dc323ea2186.html,rendered widget fragment; NOT original editor source
en,https://en.beautyblossom.kr/108,w202508149943553489454,39de6f35bd11838e01038620b4797894b64fd911ebb1d425d25fcbff58e29a71,2169,rendered_code/39de6f35bd11838e01038620.html,rendered widget fragment; NOT original editor source
en,https://en.beautyblossom.kr/108,w20250814540928336b02f,8b4bb0128843e12648052c4c12e21635e82707a5bba96ef8570a5fd8d2bfda28,3236,rendered_code/8b4bb0128843e12648052c4c.html,rendered widget fragment; NOT original editor source
en,https://en.beautyblossom.kr/108,w20250814af2eb2d57e39a,6fa633c7c01e5712fd558516bad9bc141009cd63501b9ed6c82093ef8c613ad0,1598,rendered_code/6fa633c7c01e5712fd558516.html,rendered widget fragment; NOT original editor source
en,https://en.beautyblossom.kr/108,w2025081410457e949898e,4d51d3cd788412785e81ed022a7ff4a57be8bf1aa0f6d7f58969f98fa5c1a399,1367,rendered_code/4d51d3cd788412785e81ed02.html,rendered widget fragment; NOT original editor source
en,https://en.beautyblossom.kr/108,w2026040801b1c2bc558a3,7790f557fcec1aa4dfcf8158515eae9afab89baa4f37d4ae51618f298c7d874a,8370,rendered_code/7790f557fcec1aa4dfcf8158.html,rendered widget fragment; NOT original editor source
en,https://en.beautyblossom.kr/110,w20250228b2e5f8876f55f,647a3cc9d318ace0015309aac7d7f3a027885a60f47dafdb0b9db3800507eb26,1430,rendered_code/647a3cc9d318ace0015309aa.html,rendered widget fragment; NOT original editor source
en,https://en.beautyblossom.kr/110,w202502283d421f886d086,a42b1551bbd263559dcb7afecc4f7293d79d8a0696fe7d9d4e716cdceb2cfa11,1035,rendered_code/a42b1551bbd263559dcb7afe.html,rendered widget fragment; NOT original editor source
en,https://en.beautyblossom.kr/110,w2025022864047760ce3a5,8c62f882bc668b4f46f29a8b69f145a301596ea2575265ebfb69c1fd63fbdc86,1388,rendered_code/8c62f882bc668b4f46f29a8b.html,rendered widget fragment; NOT original editor source
en,https://en.beautyblossom.kr/110,w20250228a8164d8eea2d4,55dbc2bb67f1186d352c400d965a866f37b659bbf5c0f4cf4fc49ee73c1f62ae,1424,rendered_code/55dbc2bb67f1186d352c400d.html,rendered widget fragment; NOT original editor source
en,https://en.beautyblossom.kr/110,w20250302324c3cf2f0849,4d51d3cd788412785e81ed022a7ff4a57be8bf1aa0f6d7f58969f98fa5c1a399,1367,rendered_code/4d51d3cd788412785e81ed02.html,rendered widget fragment; NOT original editor source
en,https://en.beautyblossom.kr/110,w20260408ce957f4fd4430,706bb7796658ac62a00bda50c93461b9935129de749c8b4d2aee09ffca6159e5,8174,rendered_code/706bb7796658ac62a00bda50.html,rendered widget fragment; NOT original editor source
en,https://en.beautyblossom.kr/111,w2025022860191da0ca780,2bfb6b82790472a773667d74d4bc40b8f3c6a308ee3ed18ff63549f6ad44a171,1434,rendered_code/2bfb6b82790472a773667d74.html,rendered widget fragment; NOT original editor source
en,https://en.beautyblossom.kr/111,w2025022891040e74a2a64,d9287439dc485aeef0e7a2ea920e0c61405f28147c6f9550ff11edf98dfd7ecc,940,rendered_code/d9287439dc485aeef0e7a2ea.html,rendered widget fragment; NOT original editor source
en,https://en.beautyblossom.kr/111,w20250228e0dbd8e906221,d3dc941b722e99985b0ff791b065ec1f2f9af3643c45895dd6de76b254e6dc86,1486,rendered_code/d3dc941b722e99985b0ff791.html,rendered widget fragment; NOT original editor source
en,https://en.beautyblossom.kr/111,w202503023779475f8230f,4d51d3cd788412785e81ed022a7ff4a57be8bf1aa0f6d7f58969f98fa5c1a399,1367,rendered_code/4d51d3cd788412785e81ed02.html,rendered widget fragment; NOT original editor source
en,https://en.beautyblossom.kr/111,w202604083b65a9e9a5002,31eb42b45291b7dfb3615440bd42ca8493ccabe9821051ea854152936af40677,8418,rendered_code/31eb42b45291b7dfb3615440.html,rendered widget fragment; NOT original editor source
en,https://en.beautyblossom.kr/112,w202502286516b3b808a81,e5d06469aac12f799b7041dd538354260cfdf1e9e2db108861f7aac98878b04d,197,rendered_code/e5d06469aac12f799b7041dd.html,rendered widget fragment; NOT original editor source
en,https://en.beautyblossom.kr/114,w20250228fe2ffc52f3e11,13280e7bfe80bc417042af4fc043a7b39c69b29432444bb2e839030b60c820db,1435,rendered_code/13280e7bfe80bc417042af4f.html,rendered widget fragment; NOT original editor source
en,https://en.beautyblossom.kr/114,w202502280c1b829593258,e7be689da330cc765633fe437de09d85c9723787a4e567ddba6e0a2495dd2082,2082,rendered_code/e7be689da330cc765633fe43.html,rendered widget fragment; NOT original editor source
en,https://en.beautyblossom.kr/114,w20250228c701d4359fb95,875996709b3a28a84b37da91a163a73c5f85fe72a11305151abe70f4e3956cf0,1472,rendered_code/875996709b3a28a84b37da91.html,rendered widget fragment; NOT original editor source
en,https://en.beautyblossom.kr/114,w20250228c170e00bab135,e383fa4971a4cd09ac20fc5bc78617916e560e6353314743391106d3d61d304f,1308,rendered_code/e383fa4971a4cd09ac20fc5b.html,rendered widget fragment; NOT original editor source
en,https://en.beautyblossom.kr/114,w202503021282b29108046,4d51d3cd788412785e81ed022a7ff4a57be8bf1aa0f6d7f58969f98fa5c1a399,1367,rendered_code/4d51d3cd788412785e81ed02.html,rendered widget fragment; NOT original editor source
en,https://en.beautyblossom.kr/114,w2026040879d028f54a9e6,1a37f91e49887f4858a74b25e2a4358c6fd68d3871b1640c16410e0926e88a5f,8239,rendered_code/1a37f91e49887f4858a74b25.html,rendered widget fragment; NOT original editor source
en,https://en.beautyblossom.kr/115,w202502280920e3f968e16,0e014b494898c48d5463de1aff16c6c4e4b99c81c32e6508aaa2349987e68549,1421,rendered_code/0e014b494898c48d5463de1a.html,rendered widget fragment; NOT original editor source
en,https://en.beautyblossom.kr/115,w20250228eb5ef3c36b808,1591c6bf0f3ba933b3e41f851553a00a7ac05dd77c13a98dffbf868072f2a8fc,1717,rendered_code/1591c6bf0f3ba933b3e41f85.html,rendered widget fragment; NOT original editor source
en,https://en.beautyblossom.kr/115,w20250228c9e38b49e6d4d,06108122a30a7c2de30ce73c336b1fee0a450d0f731dd80fe7f8442040002354,1343,rendered_code/06108122a30a7c2de30ce73c.html,rendered widget fragment; NOT original editor source
en,https://en.beautyblossom.kr/115,w202503029bccf1e901c42,4d51d3cd788412785e81ed022a7ff4a57be8bf1aa0f6d7f58969f98fa5c1a399,1367,rendered_code/4d51d3cd788412785e81ed02.html,rendered widget fragment; NOT original editor source
en,https://en.beautyblossom.kr/115,w20260408363910cd382f7,4c672802a3a3b0a805af27eaf5327c291fd1a56a86a88e8c9ebef75aa4119c6a,8046,rendered_code/4c672802a3a3b0a805af27ea.html,rendered widget fragment; NOT original editor source
en,https://en.beautyblossom.kr/116,w2025022812770cbc0c267,9dad07bd73ec4e3c3d4fcec7b32020debd7e68cf96bd19b285b1917f18881f30,1417,rendered_code/9dad07bd73ec4e3c3d4fcec7.html,rendered widget fragment; NOT original editor source
en,https://en.beautyblossom.kr/116,w2025022869d66f007e191,b2dc8ddd182735f9c60808d35991d7a8293c637c152496ca4b610d6908b90fae,1262,rendered_code/b2dc8ddd182735f9c60808d3.html,rendered widget fragment; NOT original editor source
en,https://en.beautyblossom.kr/116,w2025022808e48b20b326d,1c70c3ea46f9802fab90c38ece3f4c0266004dde12def2dda5501190219fff84,1337,rendered_code/1c70c3ea46f9802fab90c38e.html,rendered widget fragment; NOT original editor source
en,https://en.beautyblossom.kr/116,w202503026d73ef1341862,4d51d3cd788412785e81ed022a7ff4a57be8bf1aa0f6d7f58969f98fa5c1a399,1367,rendered_code/4d51d3cd788412785e81ed02.html,rendered widget fragment; NOT original editor source
en,https://en.beautyblossom.kr/116,w20260408fc9f0aab2db0b,c9f1e1022bbad0c8b848c1c7906a192912b13635d44352ece4bdca9a12b2d669,8458,rendered_code/c9f1e1022bbad0c8b848c1c7.html,rendered widget fragment; NOT original editor source
en,https://en.beautyblossom.kr/117,w202502281605daccaa503,97d542f1cd572183cba5c5223d7ef545e5f6203fde38e62e9f992cf1698383f8,1419,rendered_code/97d542f1cd572183cba5c522.html,rendered widget fragment; NOT original editor source
en,https://en.beautyblossom.kr/117,w20250228bc10a42397be2,e7edec9d9e6599f4dc4fc94e4101bd76fde0732d12b6b251689a5244fecad3ec,1310,rendered_code/e7edec9d9e6599f4dc4fc94e.html,rendered widget fragment; NOT original editor source
en,https://en.beautyblossom.kr/117,w202502283038c0dc15825,50d57e6d3727a364472af8f50be5ca2192c909bb184672abe1d5dd2ac9305762,1226,rendered_code/50d57e6d3727a364472af8f5.html,rendered widget fragment; NOT original editor source
en,https://en.beautyblossom.kr/117,w202502282e8d0b1e413cb,f92de683acdd32f1bfbd20b2972b0504b0389520f78938408c4996489e3e191e,1038,rendered_code/f92de683acdd32f1bfbd20b2.html,rendered widget fragment; NOT original editor source
en,https://en.beautyblossom.kr/117,w202503023c3a8d978f5d4,4d51d3cd788412785e81ed022a7ff4a57be8bf1aa0f6d7f58969f98fa5c1a399,1367,rendered_code/4d51d3cd788412785e81ed02.html,rendered widget fragment; NOT original editor source
en,https://en.beautyblossom.kr/117,w202604084cf13ce72da99,98803b5e99e5ab05ffc22240be27851f7f05056e616f762ae24005da329f5228,8013,rendered_code/98803b5e99e5ab05ffc22240.html,rendered widget fragment; NOT original editor source
en,https://en.beautyblossom.kr/118,w20250228865475ad0d847,2d3a7d95aa1b5eb5e229b675371dfff0eeb29ffa14edee6e9997ed0930c95c60,1421,rendered_code/2d3a7d95aa1b5eb5e229b675.html,rendered widget fragment; NOT original editor source
en,https://en.beautyblossom.kr/118,w20250228c5fe2e50f63c0,52ceb1e18412b475ed69bd561fee0e2419fc91dadb27676bee2cef4765c70b72,1370,rendered_code/52ceb1e18412b475ed69bd56.html,rendered widget fragment; NOT original editor source
en,https://en.beautyblossom.kr/118,w20250228443c586a62d82,cb116b2e8bafc0bd43bda8cfbf56f0e6dd2f1dfa9d949de5ac7d50ddb4a51ba8,1406,rendered_code/cb116b2e8bafc0bd43bda8cf.html,rendered widget fragment; NOT original editor source
en,https://en.beautyblossom.kr/118,w20250228283bbeda76bda,23c6d37df6eb3ae9dd61c37505a91dfc31d5ad2929f6d15b07fbbd27e512e299,1341,rendered_code/23c6d37df6eb3ae9dd61c375.html,rendered widget fragment; NOT original editor source
en,https://en.beautyblossom.kr/118,w20250302a262eba023fa8,4d51d3cd788412785e81ed022a7ff4a57be8bf1aa0f6d7f58969f98fa5c1a399,1367,rendered_code/4d51d3cd788412785e81ed02.html,rendered widget fragment; NOT original editor source
en,https://en.beautyblossom.kr/118,w202604085a0fdfa060c07,37c278d164c7a87022131bd4894e8c106b8fdce3cd8400360c3ede164cafe574,8070,rendered_code/37c278d164c7a87022131bd4.html,rendered widget fragment; NOT original editor source
en,https://en.beautyblossom.kr/119,w2025022810045a3281ab4,5e9ba9c7ddc357fe499cc970a1d373a62e387b922b5981c6afe95a5475d46a1c,1414,rendered_code/5e9ba9c7ddc357fe499cc970.html,rendered widget fragment; NOT original editor source
en,https://en.beautyblossom.kr/119,w202502283161408cae887,81b1e6846c4fbc2bb71394d7b9f6fcbd3cafba65030c46da22f80d7bfe9d3a18,1372,rendered_code/81b1e6846c4fbc2bb71394d7.html,rendered widget fragment; NOT original editor source
en,https://en.beautyblossom.kr/119,w202502289201ccf4f3ee5,68f2ce7a38c580bf7f126da24637e2c9363b5eb6361972442b294d982099be2e,1345,rendered_code/68f2ce7a38c580bf7f126da2.html,rendered widget fragment; NOT original editor source
en,https://en.beautyblossom.kr/119,w20250302032dde304c53c,4d51d3cd788412785e81ed022a7ff4a57be8bf1aa0f6d7f58969f98fa5c1a399,1367,rendered_code/4d51d3cd788412785e81ed02.html,rendered widget fragment; NOT original editor source
en,https://en.beautyblossom.kr/119,w202604087e9942786db05,8585961b45b3a051827862f4bc95d5921bc531dc7ea462f44d274627e5c90262,8288,rendered_code/8585961b45b3a051827862f4.html,rendered widget fragment; NOT original editor source
en,https://en.beautyblossom.kr/120,w202502281495d32d51315,a9f726bedfba982a47b7c43ce55a3bf7f8b39bfe66dd362f5ab6722ac8b9194e,1422,rendered_code/a9f726bedfba982a47b7c43c.html,rendered widget fragment; NOT original editor source
en,https://en.beautyblossom.kr/120,w20250228f172dae2a21fa,6236923e19b7a60dc0b118aadbb8b454144f000dcd36385b0a215a830719b0c2,1286,rendered_code/6236923e19b7a60dc0b118aa.html,rendered widget fragment; NOT original editor source
en,https://en.beautyblossom.kr/120,w202502288888934f721fa,0f9180cdabad532e6679a8f7cb1c8a785b0225c1f77cfed2e4c3bf620d475194,1363,rendered_code/0f9180cdabad532e6679a8f7.html,rendered widget fragment; NOT original editor source
en,https://en.beautyblossom.kr/120,w20250228ae3847b73ca36,a6b639570bc22a846605372cd4e746102723819577b49f8f6e0c7c58668eb798,1408,rendered_code/a6b639570bc22a846605372c.html,rendered widget fragment; NOT original editor source
en,https://en.beautyblossom.kr/120,w20250302520b560b6de15,4d51d3cd788412785e81ed022a7ff4a57be8bf1aa0f6d7f58969f98fa5c1a399,1367,rendered_code/4d51d3cd788412785e81ed02.html,rendered widget fragment; NOT original editor source
en,https://en.beautyblossom.kr/120,w20260408497cb6313b422,7332017149cb54c0eb703169993f5651524087312429f9e9fbf8003c08087c7b,7978,rendered_code/7332017149cb54c0eb703169.html,rendered widget fragment; NOT original editor source
en,https://en.beautyblossom.kr/121,w20250228576446a68074a,2adaf09ce97dea049fcc60a2c23411373be4b2c0712d4c6bf5bd3eee70b185c9,1415,rendered_code/2adaf09ce97dea049fcc60a2.html,rendered widget fragment; NOT original editor source
en,https://en.beautyblossom.kr/121,w20250228de54d1d666ef7,ee2e9ea8e59748948e997764e7c99a762c1556c3ecc9c45cf29f892b81574034,1010,rendered_code/ee2e9ea8e59748948e997764.html,rendered widget fragment; NOT original editor source
en,https://en.beautyblossom.kr/121,w20250228b18ffcf678c7f,8fe9a9da3b1ce93a2015f0ae89f6bc4f98c63fb363610f97ba2be955108790ab,1242,rendered_code/8fe9a9da3b1ce93a2015f0ae.html,rendered widget fragment; NOT original editor source
en,https://en.beautyblossom.kr/121,w202502287ad80d24571a6,3fcdb9fcf1910eeed992bb49d44b84c4e740222594d3c126659b2862efaa63b6,1343,rendered_code/3fcdb9fcf1910eeed992bb49.html,rendered widget fragment; NOT original editor source
en,https://en.beautyblossom.kr/121,w2025030224728e5399749,4d51d3cd788412785e81ed022a7ff4a57be8bf1aa0f6d7f58969f98fa5c1a399,1367,rendered_code/4d51d3cd788412785e81ed02.html,rendered widget fragment; NOT original editor source
en,https://en.beautyblossom.kr/121,w20260408b9a3014d196cd,2e36ffd3bade3ab489461dfdff67a98fe5343db16e976ea2b1d84066337ef53c,8417,rendered_code/2e36ffd3bade3ab489461dfd.html,rendered widget fragment; NOT original editor source
en,https://en.beautyblossom.kr/122,w20250228178e78e9cea17,57f0dee7038f50a82dfad09cd08836906971eb79f3a969123f2053d17e5cc308,1436,rendered_code/57f0dee7038f50a82dfad09c.html,rendered widget fragment; NOT original editor source
en,https://en.beautyblossom.kr/122,w2025022801f710871e107,5fe706edc2bc84ee6d09ad24bea56aa352a4a1dee63ab20f891d15495b31e888,1090,rendered_code/5fe706edc2bc84ee6d09ad24.html,rendered widget fragment; NOT original editor source
en,https://en.beautyblossom.kr/122,w20250228106f04087d063,3af7adc374ad94b612a01c2bf0625bdbaceec35a1e7ab1bacfe8f882294265fd,1215,rendered_code/3af7adc374ad94b612a01c2b.html,rendered widget fragment; NOT original editor source
en,https://en.beautyblossom.kr/122,w20250228c5a40bf0b1f1b,0be196b4c4d6d90e196f49582d657cec52bcd7129dca6b4cb24693fbbf63fd64,1372,rendered_code/0be196b4c4d6d90e196f4958.html,rendered widget fragment; NOT original editor source
en,https://en.beautyblossom.kr/122,w2025030235f3be0f5ac8a,4d51d3cd788412785e81ed022a7ff4a57be8bf1aa0f6d7f58969f98fa5c1a399,1367,rendered_code/4d51d3cd788412785e81ed02.html,rendered widget fragment; NOT original editor source
en,https://en.beautyblossom.kr/122,w20260408364c31f60c697,478a31693663b21bbaae6589f6bb449ebfc0869ad37ae0f523bdff36e894eee9,8238,rendered_code/478a31693663b21bbaae6589.html,rendered widget fragment; NOT original editor source
en,https://en.beautyblossom.kr/123,w20250228d70ada6db5fb1,5e9ba9c7ddc357fe499cc970a1d373a62e387b922b5981c6afe95a5475d46a1c,1414,rendered_code/5e9ba9c7ddc357fe499cc970.html,rendered widget fragment; NOT original editor source
en,https://en.beautyblossom.kr/123,w20250228e80401d57ccd2,c0052198cdbe4c0a42513ba48d24273a7f568d3954940b3966f8c2efd67feafc,1258,rendered_code/c0052198cdbe4c0a42513ba4.html,rendered widget fragment; NOT original editor source
en,https://en.beautyblossom.kr/123,w20250228367ad80abecee,99db88b21f1ff50891542da1925937763e2addaa2a05c403a2ece24526e55c71,1445,rendered_code/99db88b21f1ff50891542da1.html,rendered widget fragment; NOT original editor source
en,https://en.beautyblossom.kr/123,w20250228a9077f4a26bfd,b23e16b39108039060eb98689deb6af32a960afbfc438380d842cb0d2b55208b,1226,rendered_code/b23e16b39108039060eb9868.html,rendered widget fragment; NOT original editor source
en,https://en.beautyblossom.kr/123,w20250228490a67f25f51d,8d4480accdc0032b9cda54ceda287ca85e68ae51592335bd90c5a318025dd863,1381,rendered_code/8d4480accdc0032b9cda54ce.html,rendered widget fragment; NOT original editor source
en,https://en.beautyblossom.kr/123,w2025030212f74dc8161ee,4d51d3cd788412785e81ed022a7ff4a57be8bf1aa0f6d7f58969f98fa5c1a399,1367,rendered_code/4d51d3cd788412785e81ed02.html,rendered widget fragment; NOT original editor source
en,https://en.beautyblossom.kr/123,w202604081c8898f106764,f7f7b49198a3093b243bc652aa33f2052b018ea1cc94b66c07b04b1d5ec8f057,7953,rendered_code/f7f7b49198a3093b243bc652.html,rendered widget fragment; NOT original editor source
en,https://en.beautyblossom.kr/124,w2025022838371341ce7df,8ffa728f53104abae6732a218c5f075dd8a39a28f649c0fc12edb6266463380d,1427,rendered_code/8ffa728f53104abae6732a21.html,rendered widget fragment; NOT original editor source
en,https://en.beautyblossom.kr/124,w20250228161021184cd06,56464929b7cf3d94cae42c9bbc3d7c02ce5a0dc497aaf451789d38bdb075f029,974,rendered_code/56464929b7cf3d94cae42c9b.html,rendered widget fragment; NOT original editor source
en,https://en.beautyblossom.kr/124,w20250228d52f3306cec0c,138308d9c75e21c6f3388ce7a7708ada945003f2b61ef56a0b05a801c88f41b4,991,rendered_code/138308d9c75e21c6f3388ce7.html,rendered widget fragment; NOT original editor source
en,https://en.beautyblossom.kr/124,w2025022893b2d80c82c95,eac36c41b86f0e153b832a9060bb84eb544b8bbaa95805e5cc10bd3ea2fc4529,1424,rendered_code/eac36c41b86f0e153b832a90.html,rendered widget fragment; NOT original editor source
en,https://en.beautyblossom.kr/124,w20250302f83260cc1c1a6,4d51d3cd788412785e81ed022a7ff4a57be8bf1aa0f6d7f58969f98fa5c1a399,1367,rendered_code/4d51d3cd788412785e81ed02.html,rendered widget fragment; NOT original editor source
en,https://en.beautyblossom.kr/124,w20260408841d9660cee78,a017f86c3af98b9ba0a180812acc1b48ec09127c4812cac1648e85527b486d4e,8039,rendered_code/a017f86c3af98b9ba0a18081.html,rendered widget fragment; NOT original editor source
en,https://en.beautyblossom.kr/125,w20250228369c055e8ea4d,61882703f463f7635127d5be7095f91b0d45866231a66b065dc102e48c383cba,1282,rendered_code/61882703f463f7635127d5be.html,rendered widget fragment; NOT original editor source
en,https://en.beautyblossom.kr/125,w202502280ea9038de6308,a45fb3771b22b07886adacb57978f3bb3fc46a2735e67be05714beed6ccf5927,1347,rendered_code/a45fb3771b22b07886adacb5.html,rendered widget fragment; NOT original editor source
en,https://en.beautyblossom.kr/125,w20250228b6806c04e7d64,fb2b81cb2eb394e6d197d057583f48121a0efedb2d099385c96dfe8fb3475c6d,946,rendered_code/fb2b81cb2eb394e6d197d057.html,rendered widget fragment; NOT original editor source
en,https://en.beautyblossom.kr/125,w20250228b41465e7827d6,b5c76309099bca495012a43147519ced749e3fa66d57debd4b228cb0a6b15cda,1258,rendered_code/b5c76309099bca495012a431.html,rendered widget fragment; NOT original editor source
en,https://en.beautyblossom.kr/125,w20250302d69a8df40c65a,4d51d3cd788412785e81ed022a7ff4a57be8bf1aa0f6d7f58969f98fa5c1a399,1367,rendered_code/4d51d3cd788412785e81ed02.html,rendered widget fragment; NOT original editor source
en,https://en.beautyblossom.kr/125,w20260408ac26be24618f2,f2b19545409c092a919354c7955388247404a5475639e2c7efa780c66676bfd3,8692,rendered_code/f2b19545409c092a919354c7.html,rendered widget fragment; NOT original editor source
en,https://en.beautyblossom.kr/126,w20250228b9769fef10b3e,4d23512d4805ee141266891c8a0fdf42f7a257bcfc4e076b7429e003047165f1,1429,rendered_code/4d23512d4805ee141266891c.html,rendered widget fragment; NOT original editor source
en,https://en.beautyblossom.kr/126,w20250228533d40b10fe5f,f8680ea773585563ef263886497e6241890de997f92ce83b45dd046245dcbadb,196,rendered_code/f8680ea773585563ef263886.html,rendered widget fragment; NOT original editor source
en,https://en.beautyblossom.kr/126,w20250228fde73721baebf,12b0c6f7c281523444415f0eba93644f660acd1fa7345e13c5c38cfc7dc25ce1,3442,rendered_code/12b0c6f7c281523444415f0e.html,rendered widget fragment; NOT original editor source
en,https://en.beautyblossom.kr/126,w202502288cd2f44fcc8a9,237a8889553e72bf6fabc4db0c651836922a61a9eb736bc464c73959ab321aad,1413,rendered_code/237a8889553e72bf6fabc4db.html,rendered widget fragment; NOT original editor source
en,https://en.beautyblossom.kr/126,w20250302f4b5d389882a1,4d51d3cd788412785e81ed022a7ff4a57be8bf1aa0f6d7f58969f98fa5c1a399,1367,rendered_code/4d51d3cd788412785e81ed02.html,rendered widget fragment; NOT original editor source
en,https://en.beautyblossom.kr/126,w20260408a502e1bbc3349,882785d46083dc5948854e821df5c514fd68b852fba4d34dcc577c9d8963ac39,7875,rendered_code/882785d46083dc5948854e82.html,rendered widget fragment; NOT original editor source
en,https://en.beautyblossom.kr/127,w202502287fc52fd194491,1b890d6f812fb5fe446f083e6cfc8ef0e6d22cdbdac1b212ac10bcede3f40c8a,1452,rendered_code/1b890d6f812fb5fe446f083e.html,rendered widget fragment; NOT original editor source
en,https://en.beautyblossom.kr/127,w2025022861bf53f7cbb47,42c26349a876cd27fb7cbb7ce11c391c6756c28c5d0a3b2d159928b877d2d627,1156,rendered_code/42c26349a876cd27fb7cbb7c.html,rendered widget fragment; NOT original editor source
en,https://en.beautyblossom.kr/127,w20250228de3a4db26547e,43eac74cc698f77b506b50ab99871f9ac916694fef12281cb4664e3402a54e0c,1435,rendered_code/43eac74cc698f77b506b50ab.html,rendered widget fragment; NOT original editor source
en,https://en.beautyblossom.kr/127,w20250302f891d5824f85b,4d51d3cd788412785e81ed022a7ff4a57be8bf1aa0f6d7f58969f98fa5c1a399,1367,rendered_code/4d51d3cd788412785e81ed02.html,rendered widget fragment; NOT original editor source
en,https://en.beautyblossom.kr/127,w20260408473dba15a4544,acd42e35ae8b73674660f258febf8e1356b499db5810e7d17adc29af16180dd0,7942,rendered_code/acd42e35ae8b73674660f258.html,rendered widget fragment; NOT original editor source
en,https://en.beautyblossom.kr/129,w2025022881e6d407c83fe,d39b48e817c13fa51f85ede57ce89170100f79a8e6e30ee9c7cd9e9a4e10543d,1416,rendered_code/d39b48e817c13fa51f85ede5.html,rendered widget fragment; NOT original editor source
en,https://en.beautyblossom.kr/129,w202502284ba883423bb34,62dedf2373622ce570f850e679a8cfcbcad89e66812303e36807fef285d72f50,2220,rendered_code/62dedf2373622ce570f850e6.html,rendered widget fragment; NOT original editor source
en,https://en.beautyblossom.kr/129,w2025022880edaf59b70f1,ec31509468069640167d03529d500d56b42489473eb4cc7bdffb3ae336dceb11,3213,rendered_code/ec31509468069640167d0352.html,rendered widget fragment; NOT original editor source
en,https://en.beautyblossom.kr/129,w202502280eb9bbefc1305,5abd859924b52d1cd0173846ac0288732e478ec4dcc2cc67b73a44fafc206607,1265,rendered_code/5abd859924b52d1cd0173846.html,rendered widget fragment; NOT original editor source
en,https://en.beautyblossom.kr/129,w20250302f8542cf4a4425,4d51d3cd788412785e81ed022a7ff4a57be8bf1aa0f6d7f58969f98fa5c1a399,1367,rendered_code/4d51d3cd788412785e81ed02.html,rendered widget fragment; NOT original editor source
en,https://en.beautyblossom.kr/129,w2026040894d3c7cfff154,ea21dd4fa1bee56ae3a2ba9eb88cd20896ceb39335086dedc13150d6950002c8,8082,rendered_code/ea21dd4fa1bee56ae3a2ba9e.html,rendered widget fragment; NOT original editor source
en,https://en.beautyblossom.kr/130,w202502284d74da7026158,72c91a269f9c912cfb7abb2e998d6f4fd7f2a630b63c447f89b957af98417ded,1486,rendered_code/72c91a269f9c912cfb7abb2e.html,rendered widget fragment; NOT original editor source
en,https://en.beautyblossom.kr/130,w20250228a526d91bcf854,2d450b9959b19aca9461a8b7a02b60c309c6f337a4982b8f4b8900df5e3cce9f,1065,rendered_code/2d450b9959b19aca9461a8b7.html,rendered widget fragment; NOT original editor source
en,https://en.beautyblossom.kr/130,w202502287791737fee006,1e96450fa31a2384d34f20bda53f8df928595d994b25115c28ee6e672a19cc04,1617,rendered_code/1e96450fa31a2384d34f20bd.html,rendered widget fragment; NOT original editor source
en,https://en.beautyblossom.kr/130,w2025022805c7badf213ef,485a56b71866e9ab1dca306d125e040838a846b9a7a45378b35caafa32d0f8d2,1369,rendered_code/485a56b71866e9ab1dca306d.html,rendered widget fragment; NOT original editor source
en,https://en.beautyblossom.kr/130,w20250302d53c8ed115194,4d51d3cd788412785e81ed022a7ff4a57be8bf1aa0f6d7f58969f98fa5c1a399,1367,rendered_code/4d51d3cd788412785e81ed02.html,rendered widget fragment; NOT original editor source
en,https://en.beautyblossom.kr/130,w2026040853aff99539306,4af6161e5b6e2d0881d989eb660a11eb6873c00dd55207d56d5a7c8cb14d6c4d,7832,rendered_code/4af6161e5b6e2d0881d989eb.html,rendered widget fragment; NOT original editor source
en,https://en.beautyblossom.kr/1494626716,w202603304c409014314fd,5f3b16dd4d5112dc34a8d60d85ebcff43c7f1f934ff0e89f03a8ae902b17535a,17045,rendered_code/5f3b16dd4d5112dc34a8d60d.html,rendered widget fragment; NOT original editor source
en,https://en.beautyblossom.kr/1494626716,w20260408f72cb66be1f05,0aede4cb2c238aa7923b483e98f2f745015eae502b148ae815760804438c7d71,8737,rendered_code/0aede4cb2c238aa7923b483e.html,rendered widget fragment; NOT original editor source
en,https://en.beautyblossom.kr/1527592985,w20260330831a974a2d2ae,c4ae863074eefc36079de105839685bf5b6d4ac3dbf6938b631902aa98a77041,23524,rendered_code/c4ae863074eefc36079de105.html,rendered widget fragment; NOT original editor source
en,https://en.beautyblossom.kr/1527592985,w2026040802ee83dcf6233,110a7d74d59c5c35b39a5fe062c042fdbd82d8a786322b3c91e17c93b5dc8db1,8318,rendered_code/110a7d74d59c5c35b39a5fe0.html,rendered widget fragment; NOT original editor source
en,https://en.beautyblossom.kr/17,w20250228ff7cdea144db4,7b241739a11d7bf79b0f62ed6a7e9d76407171935fca733ba9072534db07b441,199,rendered_code/7b241739a11d7bf79b0f62ed.html,rendered widget fragment; NOT original editor source
en,https://en.beautyblossom.kr/18,w202503024b521ea3a8a8b,7b241739a11d7bf79b0f62ed6a7e9d76407171935fca733ba9072534db07b441,199,rendered_code/7b241739a11d7bf79b0f62ed.html,rendered widget fragment; NOT original editor source
en,https://en.beautyblossom.kr/19,w20250302067be0cdf940c,7b241739a11d7bf79b0f62ed6a7e9d76407171935fca733ba9072534db07b441,199,rendered_code/7b241739a11d7bf79b0f62ed.html,rendered widget fragment; NOT original editor source
en,https://en.beautyblossom.kr/22,w20250228e64ba0fdf35d0,f3de95d84ae142b77d780f4699cbafdc21da5fa1e2bb09437b9e8c44f16b1636,195,rendered_code/f3de95d84ae142b77d780f46.html,rendered widget fragment; NOT original editor source
en,https://en.beautyblossom.kr/25,w20250408d12f245b04bfe,f3de95d84ae142b77d780f4699cbafdc21da5fa1e2bb09437b9e8c44f16b1636,195,rendered_code/f3de95d84ae142b77d780f46.html,rendered widget fragment; NOT original editor source
en,https://en.beautyblossom.kr/28,w20250228aa462bebf5d00,93185e4fa5b4ef091d5a2b4feada7d33b00db59c298cd155f0f0424255bebd03,1674,rendered_code/93185e4fa5b4ef091d5a2b4f.html,rendered widget fragment; NOT original editor source
en,https://en.beautyblossom.kr/28,w202502289a766e7ff554b,3acdab1d0edb8e21e4f0be6e2ab4baab73b1dc91b01aef24baeaddc1d87f5194,3868,rendered_code/3acdab1d0edb8e21e4f0be6e.html,rendered widget fragment; NOT original editor source
en,https://en.beautyblossom.kr/28,w202502285677f15b5e0ce,71dbe6baedebc76e3fd7ad095488c8570ada8b28d099b92179bdb33806593720,3847,rendered_code/71dbe6baedebc76e3fd7ad09.html,rendered widget fragment; NOT original editor source
en,https://en.beautyblossom.kr/28,w2025022803224c87d4f0f,00cd3c9d41549d1af976d8ef73dfa00fbea12dd1d4dfa25afb40fc862ed9cbf5,2591,rendered_code/00cd3c9d41549d1af976d8ef.html,rendered widget fragment; NOT original editor source
en,https://en.beautyblossom.kr/28,w20250228417ae94e70a32,0ad590dd3d9c743aea86046b514852c1f1ad88c71d4aadbdc5946b3d00409ce2,2667,rendered_code/0ad590dd3d9c743aea86046b.html,rendered widget fragment; NOT original editor source
en,https://en.beautyblossom.kr/28,w2026040842fc3914d1256,d59307793b4f712b958a999d37838f3ec248dc89cb0b088a5b58dbe985bb3c0d,8574,rendered_code/d59307793b4f712b958a999d.html,rendered widget fragment; NOT original editor source
en,https://en.beautyblossom.kr/29,w202502286b9c1a3a94322,f3cb8b74806d15ddad4ee8533d11e21a54ebcc4210592704e729dd164b5e908e,1410,rendered_code/f3cb8b74806d15ddad4ee853.html,rendered widget fragment; NOT original editor source
en,https://en.beautyblossom.kr/29,w20250228e7a76128c0066,0ec83f4cf23316c182a4634347ddba769cdf38fc62e163579dd459f1adcd1c56,4742,rendered_code/0ec83f4cf23316c182a46343.html,rendered widget fragment; NOT original editor source
en,https://en.beautyblossom.kr/29,w20250228761645eada15e,d1332c0cc1bc8b5f83fdbe3e132785dd392fc1a6fc40944c987a7542cf8c7cdc,1347,rendered_code/d1332c0cc1bc8b5f83fdbe3e.html,rendered widget fragment; NOT original editor source
en,https://en.beautyblossom.kr/29,w2025030282916961c238d,4d51d3cd788412785e81ed022a7ff4a57be8bf1aa0f6d7f58969f98fa5c1a399,1367,rendered_code/4d51d3cd788412785e81ed02.html,rendered widget fragment; NOT original editor source
en,https://en.beautyblossom.kr/29,w20260408d5ad19058c92f,1742e6fb565993d858c81a32d29ee77aae16ccdb9ba6e202c70c4bbe41d342e2,8553,rendered_code/1742e6fb565993d858c81a32.html,rendered widget fragment; NOT original editor source
en,https://en.beautyblossom.kr/30,w2025022816afa4d678a77,63ccf0047a3f05facd142405ad9989a5a58fb10b0e7b5d669d5891106659cafe,922,rendered_code/63ccf0047a3f05facd142405.html,rendered widget fragment; NOT original editor source
en,https://en.beautyblossom.kr/30,w20250228b756014e6aa5c,b41a97c4fabdcaed10759e53d54a643f6f3c9fb235c811afbb9b1f6850c7b813,2849,rendered_code/b41a97c4fabdcaed10759e53.html,rendered widget fragment; NOT original editor source
en,https://en.beautyblossom.kr/30,w202503021d9834856fe9e,4d51d3cd788412785e81ed022a7ff4a57be8bf1aa0f6d7f58969f98fa5c1a399,1367,rendered_code/4d51d3cd788412785e81ed02.html,rendered widget fragment; NOT original editor source
en,https://en.beautyblossom.kr/30,w20260408d530747357e89,200cd21740bd60aed22a644934017f02e3031a769705d84c6c138922d8fb94ae,8206,rendered_code/200cd21740bd60aed22a6449.html,rendered widget fragment; NOT original editor source
en,https://en.beautyblossom.kr/31,w20250228553ca12b37c1e,6ec1b402f5329bca605d849824aa03a0a0e3d7e7654592c38291fdf3b719a9aa,1433,rendered_code/6ec1b402f5329bca605d8498.html,rendered widget fragment; NOT original editor source
en,https://en.beautyblossom.kr/31,w2025022818ca2d25c5c8b,f91d22b6ec869b5008c757edcff5b37d245adf5e951d48c5213ee99418e7a8b3,936,rendered_code/f91d22b6ec869b5008c757ed.html,rendered widget fragment; NOT original editor source
en,https://en.beautyblossom.kr/31,w2025022889922178e64cf,f1678260936a8e5eeacc6eadb299e9dbd98d6392c41de639c327178ceeef55f2,2941,rendered_code/f1678260936a8e5eeacc6ead.html,rendered widget fragment; NOT original editor source
en,https://en.beautyblossom.kr/31,w202503023eb132a7d0646,4d51d3cd788412785e81ed022a7ff4a57be8bf1aa0f6d7f58969f98fa5c1a399,1367,rendered_code/4d51d3cd788412785e81ed02.html,rendered widget fragment; NOT original editor source
en,https://en.beautyblossom.kr/31,w20260408c08a274a078e0,92cbfd3f58d2a8190b3a3af1d59dfc9f12a95182803f9f1282d3ec10d32adbfd,8369,rendered_code/92cbfd3f58d2a8190b3a3af1.html,rendered widget fragment; NOT original editor source
en,https://en.beautyblossom.kr/32,w20250228aa0e65580d30b,c024a5daa9ef9bfdfc6e993a5dc8587f95287e8165d00be9e35a86881206f2b6,1420,rendered_code/c024a5daa9ef9bfdfc6e993a.html,rendered widget fragment; NOT original editor source
en,https://en.beautyblossom.kr/32,w202502288f7e36d964db7,5be6d1b407d9914ef529431d27bfbbb25be8b843a7258d5f6d17e78018060ddd,2858,rendered_code/5be6d1b407d9914ef529431d.html,rendered widget fragment; NOT original editor source
en,https://en.beautyblossom.kr/32,w202503028795e062a3506,4d51d3cd788412785e81ed022a7ff4a57be8bf1aa0f6d7f58969f98fa5c1a399,1367,rendered_code/4d51d3cd788412785e81ed02.html,rendered widget fragment; NOT original editor source
en,https://en.beautyblossom.kr/32,w202604082b318888d3582,51e0b9113000ed4803402c168df4e48d288cec71125f3e244f0ce8b6107c7043,8007,rendered_code/51e0b9113000ed4803402c16.html,rendered widget fragment; NOT original editor source
en,https://en.beautyblossom.kr/325432217,w2026033032398a79ba10e,49e5e9f8605bec21e8b9de1fe55ce540f16154e09e9eb511c0ebcfb6eee677f8,2383,rendered_code/49e5e9f8605bec21e8b9de1f.html,rendered widget fragment; NOT original editor source
en,https://en.beautyblossom.kr/33,w20250228a231858b96674,a24d4211ab6999905e4f8ddc30f3baa8bde0b7763915d825f2491ef62a94019b,1263,rendered_code/a24d4211ab6999905e4f8ddc.html,rendered widget fragment; NOT original editor source
en,https://en.beautyblossom.kr/33,w202502287f8d6224cb40e,a87020f709759e6a47b376b25ea170e6c72aa1c6a2a9a8c19d875fd017ecd0dd,1027,rendered_code/a87020f709759e6a47b376b2.html,rendered widget fragment; NOT original editor source
en,https://en.beautyblossom.kr/33,w20250228fd27e895f7f1e,3452737318b4774a10e6460b77e0362ccbd208584c443aee4529a3e1ee94eee3,1299,rendered_code/3452737318b4774a10e6460b.html,rendered widget fragment; NOT original editor source
en,https://en.beautyblossom.kr/33,w20250228acaf68ac1e286,3b75baeb9b27e3916861bd98d9e24113ebdba47bb2c4d5ead4f0dc6d6fdf807c,1053,rendered_code/3b75baeb9b27e3916861bd98.html,rendered widget fragment; NOT original editor source
en,https://en.beautyblossom.kr/33,w202502284fbf58dc2213d,7d641cb6eb38cbc6017ea777ade3a9a6c118d6c7ec6ce0adeffce6d2d53ae4fb,2799,rendered_code/7d641cb6eb38cbc6017ea777.html,rendered widget fragment; NOT original editor source
en,https://en.beautyblossom.kr/33,w2025030221d9dd67fa9cb,4d51d3cd788412785e81ed022a7ff4a57be8bf1aa0f6d7f58969f98fa5c1a399,1367,rendered_code/4d51d3cd788412785e81ed02.html,rendered widget fragment; NOT original editor source
en,https://en.beautyblossom.kr/33,w202604080c5df6a20d3d2,bf5fe046f208016db635bda7f4d101e69f3ce5d8fa9f51033e20736abbd9d470,8529,rendered_code/bf5fe046f208016db635bda7.html,rendered widget fragment; NOT original editor source
en,https://en.beautyblossom.kr/35,w20250228f781788a563e8,580120568bc5958fba7f78993289fe5c5e332add44f4ce21baee664610e9b632,1374,rendered_code/580120568bc5958fba7f7899.html,rendered widget fragment; NOT original editor source
en,https://en.beautyblossom.kr/35,w20250228e2208fd3d96e4,7cb5ef21e3a93967cd3b6b0d3202f2cbff69b5b166a7a80b5edf0df1d13b026b,2807,rendered_code/7cb5ef21e3a93967cd3b6b0d.html,rendered widget fragment; NOT original editor source
en,https://en.beautyblossom.kr/35,w20250302d19cbd7bbb29d,4d51d3cd788412785e81ed022a7ff4a57be8bf1aa0f6d7f58969f98fa5c1a399,1367,rendered_code/4d51d3cd788412785e81ed02.html,rendered widget fragment; NOT original editor source
en,https://en.beautyblossom.kr/35,w20260408de4d36f271cc8,1615ac7e547cc477a9cea9a1795038ff259a2dcb4b5740ef11dcc51eec3558c7,8599,rendered_code/1615ac7e547cc477a9cea9a1.html,rendered widget fragment; NOT original editor source
en,https://en.beautyblossom.kr/36,w202502283fb9e2518d8c5,476220b125b89e8d0e0d0f230d64e299c38fe9afdc6a32cdb20c55da1c9b24c3,1417,rendered_code/476220b125b89e8d0e0d0f23.html,rendered widget fragment; NOT original editor source
en,https://en.beautyblossom.kr/36,w20250228d55d797203c51,0c81f43daf67adacdcd545bac69c9278f3c1254efbccabf07df763d7d3f4f73a,2912,rendered_code/0c81f43daf67adacdcd545ba.html,rendered widget fragment; NOT original editor source
en,https://en.beautyblossom.kr/36,w20250302d7f47907ec016,4d51d3cd788412785e81ed022a7ff4a57be8bf1aa0f6d7f58969f98fa5c1a399,1367,rendered_code/4d51d3cd788412785e81ed02.html,rendered widget fragment; NOT original editor source
en,https://en.beautyblossom.kr/36,w202604087a0ef94e5df59,d5397241da5cd60cd6416a5773fa58164a4a352fef2c5da3cbcb66edd444f938,8286,rendered_code/d5397241da5cd60cd6416a57.html,rendered widget fragment; NOT original editor source
en,https://en.beautyblossom.kr/37,w2025022865713fa1f8121,3e32ac1b333f28b04273f508f4af7696ab1d69e478d269d6763e348f137d039f,1433,rendered_code/3e32ac1b333f28b04273f508.html,rendered widget fragment; NOT original editor source
en,https://en.beautyblossom.kr/37,w20250228bebb12c50ed07,bf5f5428d7159efb9b3d6c276397a9df5607219fefc070be2779ddd3016b0536,3806,rendered_code/bf5f5428d7159efb9b3d6c27.html,rendered widget fragment; NOT original editor source
en,https://en.beautyblossom.kr/37,w202502282b751a00a8bfd,cfc98ed5ff555690df707f84b9cae054ccc717d71653b2ece32518748ef15b84,2859,rendered_code/cfc98ed5ff555690df707f84.html,rendered widget fragment; NOT original editor source
en,https://en.beautyblossom.kr/37,w2025030282574204c25e1,4d51d3cd788412785e81ed022a7ff4a57be8bf1aa0f6d7f58969f98fa5c1a399,1367,rendered_code/4d51d3cd788412785e81ed02.html,rendered widget fragment; NOT original editor source
en,https://en.beautyblossom.kr/37,w20260408306495b24426f,b11f9b84fde2aef5664ab9fe0f4586d9feec02db7e606e701205e0fbf875b2e9,8244,rendered_code/b11f9b84fde2aef5664ab9fe.html,rendered widget fragment; NOT original editor source
en,https://en.beautyblossom.kr/39,w2025091618732bc1dde1f,d88298bbff15415bed3d02f92ea8d88c2d31b79a03fd307564444a32d5ce6527,2007,rendered_code/d88298bbff15415bed3d02f9.html,rendered widget fragment; NOT original editor source
en,https://en.beautyblossom.kr/39,w202509165b02f1968a7fd,37a500ceeb52dad2cf41a0821b1b99cc642490992fc4ff9ee97cc98ce6f62857,1616,rendered_code/37a500ceeb52dad2cf41a082.html,rendered widget fragment; NOT original editor source
en,https://en.beautyblossom.kr/39,w20250916a579c4d17399e,e50efaa81b4a5b000792460d8da62d8a4643720d6ef8c0611575f772f7371686,3234,rendered_code/e50efaa81b4a5b000792460d.html,rendered widget fragment; NOT original editor source
en,https://en.beautyblossom.kr/39,w20250916bc29544ac15a1,a6c1915710978983f2caf81425f78004fe19e3184ef2a27dd36ff5ff1d242f0a,4445,rendered_code/a6c1915710978983f2caf814.html,rendered widget fragment; NOT original editor source
en,https://en.beautyblossom.kr/39,w20260408aac83178a6558,ec4c290bd5832ea1265a54b89981dbaf30c6389f9ffdeba60cfbe6557c53f345,8726,rendered_code/ec4c290bd5832ea1265a54b8.html,rendered widget fragment; NOT original editor source
en,https://en.beautyblossom.kr/3D,w20250814c3239fdf6a1fd,f3de95d84ae142b77d780f4699cbafdc21da5fa1e2bb09437b9e8c44f16b1636,195,rendered_code/f3de95d84ae142b77d780f46.html,rendered widget fragment; NOT original editor source
en,https://en.beautyblossom.kr/3D,w202508143183b52a2ffd0,a1d85766673f33f906eeee389d4d8543205722302ad34873c41cc90b2f649ae0,2678,rendered_code/a1d85766673f33f906eeee38.html,rendered widget fragment; NOT original editor source
en,https://en.beautyblossom.kr/3D,w202508142439c2fd70cf5,a3864833873df25c6eeb9f49afac36c8e2cad25d0e21a5c990a1bc3f392e678b,1866,rendered_code/a3864833873df25c6eeb9f49.html,rendered widget fragment; NOT original editor source
en,https://en.beautyblossom.kr/3D,w20250814b952716eaf6e1,8f4640a21cf4bffe60378518db001259cc1b73501856c98a61357bd5c4c4267a,1801,rendered_code/8f4640a21cf4bffe60378518.html,rendered widget fragment; NOT original editor source
en,https://en.beautyblossom.kr/3D,w20250814c4eed877d0350,2b079f6cadfa6246207a09da7737bf7e0c466a6848de323cc120175ae321cd7b,2361,rendered_code/2b079f6cadfa6246207a09da.html,rendered widget fragment; NOT original editor source
en,https://en.beautyblossom.kr/3D,w20250814ee19f561c846d,e37b3ad1f8722a23743f8c8bc91a4d99e922ae31b3ad1fcb43a5052f87efc75c,1609,rendered_code/e37b3ad1f8722a23743f8c8b.html,rendered widget fragment; NOT original editor source
en,https://en.beautyblossom.kr/3D,w20250814a9ccfa6bdede2,4d51d3cd788412785e81ed022a7ff4a57be8bf1aa0f6d7f58969f98fa5c1a399,1367,rendered_code/4d51d3cd788412785e81ed02.html,rendered widget fragment; NOT original editor source
en,https://en.beautyblossom.kr/3D,w2026040821a1a50bcd6af,b60b79ee3aec3464ce08447ebace8640a4b229cebc1d6855b52fbbc4b02a940c,8085,rendered_code/b60b79ee3aec3464ce08447e.html,rendered widget fragment; NOT original editor source
en,https://en.beautyblossom.kr/40,w20251112b379a6b811cb4,36b7a99c779467bcad94f9989c108abfee3cb215e85f18a1f2abc9a93901b10b,1451,rendered_code/36b7a99c779467bcad94f998.html,rendered widget fragment; NOT original editor source
en,https://en.beautyblossom.kr/40,w20251112aa278136e7638,1b4267e0e1d7ddd96119b67e3c2634012774f4ef64644c29434947875b1048c0,3403,rendered_code/1b4267e0e1d7ddd96119b67e.html,rendered widget fragment; NOT original editor source
en,https://en.beautyblossom.kr/40,w2025111262e5728fca74c,b2c37fdde84bb0b446330dfca2b605ba56cbb1195cc40d6fa724149ad77f7204,1850,rendered_code/b2c37fdde84bb0b446330dfc.html,rendered widget fragment; NOT original editor source
en,https://en.beautyblossom.kr/40,w20251112d15e083e36e09,f3de95d84ae142b77d780f4699cbafdc21da5fa1e2bb09437b9e8c44f16b1636,195,rendered_code/f3de95d84ae142b77d780f46.html,rendered widget fragment; NOT original editor source
en,https://en.beautyblossom.kr/40,w20251112e8adc9dcc15bb,8f5000bf7742f3e931d7239aa15fb0ea46e826332f184412a25bd65640fcbfd7,1771,rendered_code/8f5000bf7742f3e931d7239a.html,rendered widget fragment; NOT original editor source
en,https://en.beautyblossom.kr/40,w2025111295dbdd5d88a18,a224d493b89847e1ebe128e822f82f43dcb8bbeb810951adfe34ec4fe484de6e,1885,rendered_code/a224d493b89847e1ebe128e8.html,rendered widget fragment; NOT original editor source
en,https://en.beautyblossom.kr/40,w20251112f33959359b149,2bd972bee82c0f73514ca0c718f24d1c8d69da30f4433fee4fcacfbadd91f037,2962,rendered_code/2bd972bee82c0f73514ca0c7.html,rendered widget fragment; NOT original editor source
en,https://en.beautyblossom.kr/40,w2025111231549983440cc,4d51d3cd788412785e81ed022a7ff4a57be8bf1aa0f6d7f58969f98fa5c1a399,1367,rendered_code/4d51d3cd788412785e81ed02.html,rendered widget fragment; NOT original editor source
en,https://en.beautyblossom.kr/40,w2026040854255ed1f82ba,88643a0d478008bbebfde09549a3085b519dbea707da32c86fe896099bdd656a,9543,rendered_code/88643a0d478008bbebfde095.html,rendered widget fragment; NOT original editor source
en,https://en.beautyblossom.kr/40b,w20250228193234d8c0d39,98da9ecd33de9732c73ad1acec04d93e78af7b0da63bf1a0d11d844c2e03ba93,1431,rendered_code/98da9ecd33de9732c73ad1ac.html,rendered widget fragment; NOT original editor source
en,https://en.beautyblossom.kr/40b,w202502281d1df71b76d55,2bd972bee82c0f73514ca0c718f24d1c8d69da30f4433fee4fcacfbadd91f037,2962,rendered_code/2bd972bee82c0f73514ca0c7.html,rendered widget fragment; NOT original editor source
en,https://en.beautyblossom.kr/40b,w202503025dc95e8238544,4d51d3cd788412785e81ed022a7ff4a57be8bf1aa0f6d7f58969f98fa5c1a399,1367,rendered_code/4d51d3cd788412785e81ed02.html,rendered widget fragment; NOT original editor source
en,https://en.beautyblossom.kr/40b,w202604084fbac8491e133,2b564afa3dbcc274fb6f64a1521d6c8d7d789059cea9c3855964604351bf5d08,8377,rendered_code/2b564afa3dbcc274fb6f64a1.html,rendered widget fragment; NOT original editor source
en,https://en.beautyblossom.kr/41,w20250228e3153fd74c8e2,9890b2ce140d7f903a3ce4ba085092a49f44ae769ce353ddeeae337bcb81ffc5,1414,rendered_code/9890b2ce140d7f903a3ce4ba.html,rendered widget fragment; NOT original editor source
en,https://en.beautyblossom.kr/41,w202507136ba88327b3351,2ad2929af0cdbf5a167b5098fda53b252bcce8299eca796362e5c6d844dc8b26,1654,rendered_code/2ad2929af0cdbf5a167b5098.html,rendered widget fragment; NOT original editor source
en,https://en.beautyblossom.kr/41,w20250713a44596a90d690,38ffdbf3a2f98baa1dc6241690eadd35522892bb86c9e590dd673669e294ab8c,1767,rendered_code/38ffdbf3a2f98baa1dc62416.html,rendered widget fragment; NOT original editor source
en,https://en.beautyblossom.kr/41,w202507132a8614e708c7e,282b3dc560f0bf2c9b96458fcca3e89d5fcfb10b699c211b5993c4aa510d7ef2,1794,rendered_code/282b3dc560f0bf2c9b96458f.html,rendered widget fragment; NOT original editor source
en,https://en.beautyblossom.kr/41,w202507134a9ca127b4e62,d6fb476c2f2e3c798b4000caeebc41987f43c4015b1255c0f182ba498a1413a3,198,rendered_code/d6fb476c2f2e3c798b4000ca.html,rendered widget fragment; NOT original editor source
en,https://en.beautyblossom.kr/41,w202507134e9fa84559326,9767362a6351d29881d0aeddcabe741a3ef278ef994e985702fc96565862618d,2202,rendered_code/9767362a6351d29881d0aedd.html,rendered widget fragment; NOT original editor source
en,https://en.beautyblossom.kr/41,w20250713963a3ee3432e8,b2f3c8dc1014a6273cb6fd82bf0a33b88829a01de9e41084290ac1e4c58b4985,1301,rendered_code/b2f3c8dc1014a6273cb6fd82.html,rendered widget fragment; NOT original editor source
en,https://en.beautyblossom.kr/41,w20250713f918104899e70,80d1ae530253162a28547bc5facc61d2ce3828f5bdb757b2155af744b9012f6a,1686,rendered_code/80d1ae530253162a28547bc5.html,rendered widget fragment; NOT original editor source
en,https://en.beautyblossom.kr/41,w202502280c94839703f9d,a50ba1f6bfa16225eaf93639ed2b0207b454274f29115569db447363835f43a7,2967,rendered_code/a50ba1f6bfa16225eaf93639.html,rendered widget fragment; NOT original editor source
en,https://en.beautyblossom.kr/41,w202503023b5a83836f94b,4d51d3cd788412785e81ed022a7ff4a57be8bf1aa0f6d7f58969f98fa5c1a399,1367,rendered_code/4d51d3cd788412785e81ed02.html,rendered widget fragment; NOT original editor source
en,https://en.beautyblossom.kr/41,w202604088c746bba86aaf,4382aa594d3852f71c74cebd02501cb577a64e6abe5ca224f2cb068223f60898,8591,rendered_code/4382aa594d3852f71c74cebd.html,rendered widget fragment; NOT original editor source
en,https://en.beautyblossom.kr/42,w20250228f5e5fbd80eb70,b9c046e6471dcace37b03b65e3e4efda9909478bf54a4d8d7306758eafa4f9be,1419,rendered_code/b9c046e6471dcace37b03b65.html,rendered widget fragment; NOT original editor source
en,https://en.beautyblossom.kr/42,w20250228b7fdd0bc18988,436ee3f95ae568463438f3b5cf1399b50ad1fa6099c5946a3c12e474e04d3ce9,872,rendered_code/436ee3f95ae568463438f3b5.html,rendered widget fragment; NOT original editor source
en,https://en.beautyblossom.kr/42,w20250228f62207977dbfe,ad6f6afeef75e2a9f395ad866abde6509a45f0b10b1de32ba91cad510ac2648e,2915,rendered_code/ad6f6afeef75e2a9f395ad86.html,rendered widget fragment; NOT original editor source
en,https://en.beautyblossom.kr/42,w20250302d5dad017ca5d1,4d51d3cd788412785e81ed022a7ff4a57be8bf1aa0f6d7f58969f98fa5c1a399,1367,rendered_code/4d51d3cd788412785e81ed02.html,rendered widget fragment; NOT original editor source
en,https://en.beautyblossom.kr/42,w20260408a7ebd3f420c13,6a8378aa1a589400d9cb18bde9c55ecd69a250d2732014c04b4966b901f61c72,8138,rendered_code/6a8378aa1a589400d9cb18bd.html,rendered widget fragment; NOT original editor source
en,https://en.beautyblossom.kr/43,w20250228ebed2bbed750b,43ad7857e6b7b38667dc550e37ccf4c648276dc52d3a322baf97ccd0e93c2018,1428,rendered_code/43ad7857e6b7b38667dc550e.html,rendered widget fragment; NOT original editor source
en,https://en.beautyblossom.kr/43,w20250228c18b461e9bf67,ed4baf1ebae5db96ead4779b06ca246890ce8687427ebaf821220d998b2d9423,913,rendered_code/ed4baf1ebae5db96ead4779b.html,rendered widget fragment; NOT original editor source
en,https://en.beautyblossom.kr/43,w202502282b3e7b7364444,efb49a1acbd2e3f6beff22f6d617ebf3d124ac6a6b5ae54a20316ca0e39e86c0,3006,rendered_code/efb49a1acbd2e3f6beff22f6.html,rendered widget fragment; NOT original editor source
en,https://en.beautyblossom.kr/43,w20250302d81f18592f878,4d51d3cd788412785e81ed022a7ff4a57be8bf1aa0f6d7f58969f98fa5c1a399,1367,rendered_code/4d51d3cd788412785e81ed02.html,rendered widget fragment; NOT original editor source
en,https://en.beautyblossom.kr/43,w202604084a13788132514,57abfdef09e2c469b59aa78908244e11c36975ec06f7338b447bb1600029d2da,8284,rendered_code/57abfdef09e2c469b59aa789.html,rendered widget fragment; NOT original editor source
en,https://en.beautyblossom.kr/44,w2025022844f221c70e325,adc18a617b82d7d33d351e6273901fc8f2ddf02f1a03e416f004a586f25badd7,1445,rendered_code/adc18a617b82d7d33d351e62.html,rendered widget fragment; NOT original editor source
en,https://en.beautyblossom.kr/44,w202502286b62d0db4e307,6a1e57d7df91fcac8dbc8445f4a0e7befdd31f32e0afe3ac03546df2ba67a825,1380,rendered_code/6a1e57d7df91fcac8dbc8445.html,rendered widget fragment; NOT original editor source
en,https://en.beautyblossom.kr/44,w202503024196a5c2f2f48,4d51d3cd788412785e81ed022a7ff4a57be8bf1aa0f6d7f58969f98fa5c1a399,1367,rendered_code/4d51d3cd788412785e81ed02.html,rendered widget fragment; NOT original editor source
en,https://en.beautyblossom.kr/44,w202604085fb49a4fc126a,faea04ab99753fd64eb86c7427d46ddb976d38fa5004d429a5b755a8b8839249,8112,rendered_code/faea04ab99753fd64eb86c74.html,rendered widget fragment; NOT original editor source
en,https://en.beautyblossom.kr/45,w20250228b9db419218c4f,1427ced5b3c9df14fcb97d64dc3164ba1ddec5ed1ee8ce29a3146a7abccf528b,1422,rendered_code/1427ced5b3c9df14fcb97d64.html,rendered widget fragment; NOT original editor source
en,https://en.beautyblossom.kr/45,w2025022843ffbe38ccb25,a2cfc81c03355f1939182b479bd0451d5ca6ca84dd60f24c140f4e0a25dba224,805,rendered_code/a2cfc81c03355f1939182b47.html,rendered widget fragment; NOT original editor source
en,https://en.beautyblossom.kr/45,w202502285ec5a43da945c,b32c5bf1589b63cbeba0e8bbd86f1f131bfb8a0da7af68975e7b4034dbdb0be4,924,rendered_code/b32c5bf1589b63cbeba0e8bb.html,rendered widget fragment; NOT original editor source
en,https://en.beautyblossom.kr/45,w202502280ab927fb3a93b,9f8357f3e8e76c0eb1fbe7a7ac41ab1d8e9faa1c1f91a191d32627f2381a52b0,1426,rendered_code/9f8357f3e8e76c0eb1fbe7a7.html,rendered widget fragment; NOT original editor source
en,https://en.beautyblossom.kr/45,w20250302b61c99bf00d79,4d51d3cd788412785e81ed022a7ff4a57be8bf1aa0f6d7f58969f98fa5c1a399,1367,rendered_code/4d51d3cd788412785e81ed02.html,rendered widget fragment; NOT original editor source
en,https://en.beautyblossom.kr/45,w2026040894de41b799c15,ecf1a79d30e333147f4edb7bdb6c3bf3cc69e22eb3d98c5f64efcb5c737f5f32,8044,rendered_code/ecf1a79d30e333147f4edb7b.html,rendered widget fragment; NOT original editor source
en,https://en.beautyblossom.kr/47,w20250228aa4e0468f5964,9a045c14b066dbd064f0235fb2b8587536c7fee4926f421a02bd2ef73cb6ec78,1412,rendered_code/9a045c14b066dbd064f0235f.html,rendered widget fragment; NOT original editor source
en,https://en.beautyblossom.kr/47,w202502282483af6a7e284,bb03d333f412b14faa94fc931ad795be2756e2f26a811eecccded7277ab5792c,1089,rendered_code/bb03d333f412b14faa94fc93.html,rendered widget fragment; NOT original editor source
en,https://en.beautyblossom.kr/47,w20250228a1c90155ba3f4,4d7ef6d5cf546d52ab63341b3ba0a980a9c4d0ea3d775b715ae7ccb9f1b29bda,865,rendered_code/4d7ef6d5cf546d52ab63341b.html,rendered widget fragment; NOT original editor source
en,https://en.beautyblossom.kr/47,w2025030245b7ce4d05c9c,4d51d3cd788412785e81ed022a7ff4a57be8bf1aa0f6d7f58969f98fa5c1a399,1367,rendered_code/4d51d3cd788412785e81ed02.html,rendered widget fragment; NOT original editor source
en,https://en.beautyblossom.kr/47,w20260408b6f4632adcd6d,cabaeed13e113fbad54ef14bfee9dbf66261eafbb77d6a63cfae98d7849a50c2,8184,rendered_code/cabaeed13e113fbad54ef14b.html,rendered widget fragment; NOT original editor source
en,https://en.beautyblossom.kr/48,w2025030399dea1bdc53a2,9a045c14b066dbd064f0235fb2b8587536c7fee4926f421a02bd2ef73cb6ec78,1412,rendered_code/9a045c14b066dbd064f0235f.html,rendered widget fragment; NOT original editor source
en,https://en.beautyblossom.kr/48,w20250303f561e025dea66,bb03d333f412b14faa94fc931ad795be2756e2f26a811eecccded7277ab5792c,1089,rendered_code/bb03d333f412b14faa94fc93.html,rendered widget fragment; NOT original editor source
en,https://en.beautyblossom.kr/48,w20250228f16b62766288b,4f5f565dc0e3fd3e1adce6daf4fca9f3869541c0f6b9aefed1cc7d404ac6fe3d,854,rendered_code/4f5f565dc0e3fd3e1adce6da.html,rendered widget fragment; NOT original editor source
en,https://en.beautyblossom.kr/48,w20250302907d89d8a077d,4d51d3cd788412785e81ed022a7ff4a57be8bf1aa0f6d7f58969f98fa5c1a399,1367,rendered_code/4d51d3cd788412785e81ed02.html,rendered widget fragment; NOT original editor source
en,https://en.beautyblossom.kr/48,w20260408f56236da073e1,38b42de4872c8f94467575b11695ea0f067b4743b540564d79dafab839c5ff12,7914,rendered_code/38b42de4872c8f94467575b1.html,rendered widget fragment; NOT original editor source
en,https://en.beautyblossom.kr/50,w202502287881b0f4505d0,02e3f475e9945032459e632a6d1fcf6368f4f9895927c0ed1cf8284d9592a493,1214,rendered_code/02e3f475e9945032459e632a.html,rendered widget fragment; NOT original editor source
en,https://en.beautyblossom.kr/50,w202502286554397442bc6,aeebe63f371203c9c6755a9735d03b2dace2aa09fd9c1e16e56191a84e252dd8,910,rendered_code/aeebe63f371203c9c6755a97.html,rendered widget fragment; NOT original editor source
en,https://en.beautyblossom.kr/50,w20260408c1c53605ecc4a,9bf70b007ad959005e41ada0c3ef15bdda4968d769ea733a862d6ea5671caef1,8386,rendered_code/9bf70b007ad959005e41ada0.html,rendered widget fragment; NOT original editor source
en,https://en.beautyblossom.kr/51,w20250228d67a8a4de99fe,fe18ed3fb880ff01f43aec661155455c9d4afe63ba75bb360e480d25aca534c9,1435,rendered_code/fe18ed3fb880ff01f43aec66.html,rendered widget fragment; NOT original editor source
en,https://en.beautyblossom.kr/51,w202502284c496f8cd8291,242e2cb2751d878a8d294e85c21b204e52bf42474cf34784b2e2d1b924e702c1,948,rendered_code/242e2cb2751d878a8d294e85.html,rendered widget fragment; NOT original editor source
en,https://en.beautyblossom.kr/51,w20250228af4356aa3cd17,3100acc94ff7c4b1cc24cff1ae3973553d56b70f2a7932d53885a19f587fe569,1939,rendered_code/3100acc94ff7c4b1cc24cff1.html,rendered widget fragment; NOT original editor source
en,https://en.beautyblossom.kr/51,w20250228b1ef464cf5cdb,e445e81de3d6da5fa84eb9246f72c12ed2d1bfc89d259f8c4fe8dfac3d5d70ef,1453,rendered_code/e445e81de3d6da5fa84eb924.html,rendered widget fragment; NOT original editor source
en,https://en.beautyblossom.kr/51,w20250302f560468050786,4d51d3cd788412785e81ed022a7ff4a57be8bf1aa0f6d7f58969f98fa5c1a399,1367,rendered_code/4d51d3cd788412785e81ed02.html,rendered widget fragment; NOT original editor source
en,https://en.beautyblossom.kr/51,w20260408c04febd0711e0,d81609324daf1e6d959262e39b042fae951366f5c0550db6c1483136d9e087ef,8338,rendered_code/d81609324daf1e6d959262e3.html,rendered widget fragment; NOT original editor source
en,https://en.beautyblossom.kr/52,w20250228567d31f76c09b,93c96ee0da07acae2b08eadbad73b4660976cc7a7774bd6e0ef218ab32024f52,1418,rendered_code/93c96ee0da07acae2b08eadb.html,rendered widget fragment; NOT original editor source
en,https://en.beautyblossom.kr/52,w20250228fcd99946d0027,f1873027d492b5f80b326f731404c403a0de1eb0c4f7936eca9681378223b571,788,rendered_code/f1873027d492b5f80b326f73.html,rendered widget fragment; NOT original editor source
en,https://en.beautyblossom.kr/52,w202502287bbf51924fe03,6eec501a0b9bd48d2be50b8166e1f1b80fc994b240a8d419dc2826a296e7d24c,1382,rendered_code/6eec501a0b9bd48d2be50b81.html,rendered widget fragment; NOT original editor source
en,https://en.beautyblossom.kr/52,w202503026400dbe4dc09b,4d51d3cd788412785e81ed022a7ff4a57be8bf1aa0f6d7f58969f98fa5c1a399,1367,rendered_code/4d51d3cd788412785e81ed02.html,rendered widget fragment; NOT original editor source
en,https://en.beautyblossom.kr/52,w2026040812def6a7ebd7c,1cd714b62e45cb5a77953e7c8fd4f5be369290935441c728bde1a08901b7845f,8312,rendered_code/1cd714b62e45cb5a77953e7c.html,rendered widget fragment; NOT original editor source
en,https://en.beautyblossom.kr/53,w20250228cc369390febbf,636824e07e58f8d450827ef72467a356d28bd35fdf2968bd1760ad0d4e8e5054,1355,rendered_code/636824e07e58f8d450827ef7.html,rendered widget fragment; NOT original editor source
en,https://en.beautyblossom.kr/53,w2025022817ad0c0d35eda,4cbbe548a28d69a022258c4207a276cad56c23dfefdba486447b3367c6023aac,977,rendered_code/4cbbe548a28d69a022258c42.html,rendered widget fragment; NOT original editor source
en,https://en.beautyblossom.kr/53,w2025022885707a1534ccf,f701c708817b90f21f239aae8226d4f8df0ab1cdf2fc8766cf958001b88aeedd,1266,rendered_code/f701c708817b90f21f239aae.html,rendered widget fragment; NOT original editor source
en,https://en.beautyblossom.kr/53,w20250228e5c877fa9d0fb,6c3dc2c244570a84dcc0ddbc83073f49ce54497a87cefff10047493d9f94c97f,1111,rendered_code/6c3dc2c244570a84dcc0ddbc.html,rendered widget fragment; NOT original editor source
en,https://en.beautyblossom.kr/54,w20250228a1f04b548439f,644f9fea566e765552b276b93f117a7704967d786b8a696adcf72735188d4a75,1412,rendered_code/644f9fea566e765552b276b9.html,rendered widget fragment; NOT original editor source
en,https://en.beautyblossom.kr/54,w20250228731bbfa1c2296,cc6640f13b5d12bc3cb3fb5750903998d57f43b3bb9f4d25c7f345587b4e5a34,1339,rendered_code/cc6640f13b5d12bc3cb3fb57.html,rendered widget fragment; NOT original editor source
en,https://en.beautyblossom.kr/54,w202503024d83eb277f908,4d51d3cd788412785e81ed022a7ff4a57be8bf1aa0f6d7f58969f98fa5c1a399,1367,rendered_code/4d51d3cd788412785e81ed02.html,rendered widget fragment; NOT original editor source
en,https://en.beautyblossom.kr/54,w20260408e4e9f0726ccf2,7b18d8a56c955514a9d3d65d320d4a878b1bc434d56d74d0947e787bdc69a2ba,8520,rendered_code/7b18d8a56c955514a9d3d65d.html,rendered widget fragment; NOT original editor source
en,https://en.beautyblossom.kr/55,w20250228092121499dee5,279b978d81464874a7184995262d70747b291f9c99b581d4c726486c0d35acf6,1439,rendered_code/279b978d81464874a7184995.html,rendered widget fragment; NOT original editor source
en,https://en.beautyblossom.kr/55,w202502288b671bb74f563,c7a14373dd2eb5f8a926171eba272d53aea2163c3834b11f2efd7f9a2d8e66ef,986,rendered_code/c7a14373dd2eb5f8a926171e.html,rendered widget fragment; NOT original editor source
en,https://en.beautyblossom.kr/55,w20250228b16ca6348b8fa,07eb157a1d6b0794ad286d642f29ca36b07dd8400b6d936f2f301319fd6b28ff,4962,rendered_code/07eb157a1d6b0794ad286d64.html,rendered widget fragment; NOT original editor source
en,https://en.beautyblossom.kr/55,w202502283c41de613a336,74ae93f71bc09b2c5fde399371a8d81f5101e636d0577c3cbfc2c7e8e3728f2c,1401,rendered_code/74ae93f71bc09b2c5fde3993.html,rendered widget fragment; NOT original editor source
en,https://en.beautyblossom.kr/55,w20250302753d041c8a7e6,4d51d3cd788412785e81ed022a7ff4a57be8bf1aa0f6d7f58969f98fa5c1a399,1367,rendered_code/4d51d3cd788412785e81ed02.html,rendered widget fragment; NOT original editor source
en,https://en.beautyblossom.kr/55,w202604080a2db09a290a4,cf5a747f3062dd637de1388cad2817b01b22d27f07ef3719db073fc13db895b4,8683,rendered_code/cf5a747f3062dd637de1388c.html,rendered widget fragment; NOT original editor source
en,https://en.beautyblossom.kr/56,w20250228341766096e491,acbf137b92ab329c4f2f443a45ae410ae3e1a88c50d146e26d88ac9bafad6644,1434,rendered_code/acbf137b92ab329c4f2f443a.html,rendered widget fragment; NOT original editor source
en,https://en.beautyblossom.kr/56,w20250228565c41e1bc3ba,1123b4ca5c5246ca4afa24650643217e2fe22efdd5c84bb1ea5a29d2d969f42f,756,rendered_code/1123b4ca5c5246ca4afa2465.html,rendered widget fragment; NOT original editor source
en,https://en.beautyblossom.kr/56,w20250228ad91b121d77ab,d21f2cc711875367f12c476be0d34bfc3c80050fad1843130055e716fed50eeb,1132,rendered_code/d21f2cc711875367f12c476b.html,rendered widget fragment; NOT original editor source
en,https://en.beautyblossom.kr/56,w20250228abfda6d8cd47c,d20eeb396a789aecd3b8e17f45e23cc9437d90edac90891176ab116e240a4294,1356,rendered_code/d20eeb396a789aecd3b8e17f.html,rendered widget fragment; NOT original editor source
en,https://en.beautyblossom.kr/56,w20250302edeb83d197c37,4d51d3cd788412785e81ed022a7ff4a57be8bf1aa0f6d7f58969f98fa5c1a399,1367,rendered_code/4d51d3cd788412785e81ed02.html,rendered widget fragment; NOT original editor source
en,https://en.beautyblossom.kr/56,w2026040807b0ec4d72133,9512d1356706204e7d998ab39ba6337f723a5b4c89446b7abbdfaf1d883e77ed,8232,rendered_code/9512d1356706204e7d998ab3.html,rendered widget fragment; NOT original editor source
en,https://en.beautyblossom.kr/57,w20250228fab85b696a4b0,a13ed07fe9f6598c779ee92c54ce8b37394206159f862ef6c36f9903f0317f70,1433,rendered_code/a13ed07fe9f6598c779ee92c.html,rendered widget fragment; NOT original editor source
en,https://en.beautyblossom.kr/57,w20250228496131781276c,1b6c0533ed230187eb6470b7d897c97a3236f6ef7b83e19d3dfc763f519fd74f,918,rendered_code/1b6c0533ed230187eb6470b7.html,rendered widget fragment; NOT original editor source
en,https://en.beautyblossom.kr/57,w2025022849025b1a907b9,2108aae89d72d880a1e21655dc80dd9a523804e97f9d66165740cf27e92006e8,1449,rendered_code/2108aae89d72d880a1e21655.html,rendered widget fragment; NOT original editor source
en,https://en.beautyblossom.kr/57,w2025030208e1671ac40c9,4d51d3cd788412785e81ed022a7ff4a57be8bf1aa0f6d7f58969f98fa5c1a399,1367,rendered_code/4d51d3cd788412785e81ed02.html,rendered widget fragment; NOT original editor source
en,https://en.beautyblossom.kr/57,w202604089d7fb08a38541,3e8e0ddc728bac114b8e532da7b6bdee045ed65908fb30cbfd31399e6b2d3a4a,8205,rendered_code/3e8e0ddc728bac114b8e532d.html,rendered widget fragment; NOT original editor source
en,https://en.beautyblossom.kr/58,w2025022877ff041c4df34,855a0c9860093ebc723ce6176709d7cc6272ca0858e427fca3d7ade20c11cebd,1432,rendered_code/855a0c9860093ebc723ce617.html,rendered widget fragment; NOT original editor source
en,https://en.beautyblossom.kr/58,w202502280315246413383,cdb48a08ee83c10afabdc4a3f27916aa39c1b909d6c8d707442384c563105078,901,rendered_code/cdb48a08ee83c10afabdc4a3.html,rendered widget fragment; NOT original editor source
en,https://en.beautyblossom.kr/58,w2025022817ff48ab03df1,27528efa9990d99f02d38219dc5988ca109be020d2bc5478616c092d926ab5e4,1353,rendered_code/27528efa9990d99f02d38219.html,rendered widget fragment; NOT original editor source
en,https://en.beautyblossom.kr/58,w20250302befccec18287b,4d51d3cd788412785e81ed022a7ff4a57be8bf1aa0f6d7f58969f98fa5c1a399,1367,rendered_code/4d51d3cd788412785e81ed02.html,rendered widget fragment; NOT original editor source
en,https://en.beautyblossom.kr/58,w20260408bac8c1b04d1c5,7856620a22571eb09fd792d960da0d45220b128f5318240e1338e8f1b845e625,8052,rendered_code/7856620a22571eb09fd792d9.html,rendered widget fragment; NOT original editor source
en,https://en.beautyblossom.kr/60,w202502285e90ee5d1baa2,b28e3fc5cdb55983325264dae86c1df2b3a4a40da285a74aadf3ad91d92dd337,1480,rendered_code/b28e3fc5cdb55983325264da.html,rendered widget fragment; NOT original editor source
en,https://en.beautyblossom.kr/60,w20250228d20a06a984a6c,fc0188f38849c003382dceb3ff395d7394ad8693e78bcd225053697be0279b44,1343,rendered_code/fc0188f38849c003382dceb3.html,rendered widget fragment; NOT original editor source
en,https://en.beautyblossom.kr/60,w202503025d145c44ed12b,4d51d3cd788412785e81ed022a7ff4a57be8bf1aa0f6d7f58969f98fa5c1a399,1367,rendered_code/4d51d3cd788412785e81ed02.html,rendered widget fragment; NOT original editor source
en,https://en.beautyblossom.kr/60,w2026040856b4ebb0b246a,27e5085dc61717e8cf8f86789809698114657551e924cb6f53178fb93b7d83c5,7822,rendered_code/27e5085dc61717e8cf8f8678.html,rendered widget fragment; NOT original editor source
en,https://en.beautyblossom.kr/61,w2025022849ee749032603,bec21134845cbda51d5040530c2c7100b988b82e1d75de3cff426dbbf4b0aeec,1509,rendered_code/bec21134845cbda51d504053.html,rendered widget fragment; NOT original editor source
en,https://en.beautyblossom.kr/61,w2025022843d48cfd5b00c,98d300104941bf1e9a11d39f4f577462cb54c2eb8ed04d6fcf8b399e5563bf67,946,rendered_code/98d300104941bf1e9a11d39f.html,rendered widget fragment; NOT original editor source
en,https://en.beautyblossom.kr/61,w20250228ba05c8d215b43,0a82922b859720c77e8b6bbb5fabb5ebff4915d259b4257e3414d0f06191ef2f,1715,rendered_code/0a82922b859720c77e8b6bbb.html,rendered widget fragment; NOT original editor source
en,https://en.beautyblossom.kr/61,w202502283593e7ab0a37a,c6a5205f6624e5929a90d00c6d0666dab4e2dbcbb8d3ea492a9ef1c78e594564,1318,rendered_code/c6a5205f6624e5929a90d00c.html,rendered widget fragment; NOT original editor source
en,https://en.beautyblossom.kr/61,w20250302467b08893a5e9,4d51d3cd788412785e81ed022a7ff4a57be8bf1aa0f6d7f58969f98fa5c1a399,1367,rendered_code/4d51d3cd788412785e81ed02.html,rendered widget fragment; NOT original editor source
en,https://en.beautyblossom.kr/61,w2026040834c0a1cc4497a,1193166718ee7cdc2603e892e60b6ae18824d4732c2dabdae82c2453c8d06d60,7813,rendered_code/1193166718ee7cdc2603e892.html,rendered widget fragment; NOT original editor source
en,https://en.beautyblossom.kr/62,w20250228447263cac9dc7,8b9f470a135148ded1ac170d6092fa8a79741da87ed276310aa8ba8f0b8d2629,1460,rendered_code/8b9f470a135148ded1ac170d.html,rendered widget fragment; NOT original editor source
en,https://en.beautyblossom.kr/62,w2025022829a3c95ebf00f,30c9e96845f6bf97acf15f2aa1a4888e6a88ba9c99af4c3b691cd7901478db16,962,rendered_code/30c9e96845f6bf97acf15f2a.html,rendered widget fragment; NOT original editor source
en,https://en.beautyblossom.kr/62,w202502289310b755fee8f,62a796d125c1866b092b4e2f787257598748f19018267fb46b9cea77e8d2afc1,1398,rendered_code/62a796d125c1866b092b4e2f.html,rendered widget fragment; NOT original editor source
en,https://en.beautyblossom.kr/62,w202503022e1300e803b9d,4d51d3cd788412785e81ed022a7ff4a57be8bf1aa0f6d7f58969f98fa5c1a399,1367,rendered_code/4d51d3cd788412785e81ed02.html,rendered widget fragment; NOT original editor source
en,https://en.beautyblossom.kr/62,w2026040891196dd7dc7b1,dcc4557d57cf1630c9594782f4f34b3662bf553da55220c6cb800e1de63bfa8b,7946,rendered_code/dcc4557d57cf1630c9594782.html,rendered widget fragment; NOT original editor source
en,https://en.beautyblossom.kr/63,w202503025c84770dc3d69,4d51d3cd788412785e81ed022a7ff4a57be8bf1aa0f6d7f58969f98fa5c1a399,1367,rendered_code/4d51d3cd788412785e81ed02.html,rendered widget fragment; NOT original editor source
en,https://en.beautyblossom.kr/64,w2025022833b95b1875fb4,dc83b070bfeca6c7088e8b7eafba94c30b082d1713e3dff86dc1fca60894eb20,1430,rendered_code/dc83b070bfeca6c7088e8b7e.html,rendered widget fragment; NOT original editor source
en,https://en.beautyblossom.kr/64,w202502286d9b77188c59f,9dca1fe0d301e1c4c890bd131c4dfdca615a0726eea445e5d51c82b130f058ab,991,rendered_code/9dca1fe0d301e1c4c890bd13.html,rendered widget fragment; NOT original editor source
en,https://en.beautyblossom.kr/64,w20250228ccb2bf55d5575,2e86e231988efc7f311a52f593d6be9bf5c64db2f23d41be495e5525c393c61d,1010,rendered_code/2e86e231988efc7f311a52f5.html,rendered widget fragment; NOT original editor source
en,https://en.beautyblossom.kr/64,w20250228dab8d302f75ac,1b3a39d7bdaccfce02e9424b137ef63e3eeaef1d73eca08feb747ab400838a70,1382,rendered_code/1b3a39d7bdaccfce02e9424b.html,rendered widget fragment; NOT original editor source
en,https://en.beautyblossom.kr/64,w202503029e498bd8df0d5,4d51d3cd788412785e81ed022a7ff4a57be8bf1aa0f6d7f58969f98fa5c1a399,1367,rendered_code/4d51d3cd788412785e81ed02.html,rendered widget fragment; NOT original editor source
en,https://en.beautyblossom.kr/64,w2026040854c4444ef9820,1d95980bd1988aba8f9f0a96674b2ea145ebf7dbb2a5c97ee6251a9549b91076,7695,rendered_code/1d95980bd1988aba8f9f0a96.html,rendered widget fragment; NOT original editor source
en,https://en.beautyblossom.kr/65,w202502288c84133ab97a1,9f805d1b9d4296d042eab24a2703e8d4fe60c72fa2e484bbc317c60a869f4064,1312,rendered_code/9f805d1b9d4296d042eab24a.html,rendered widget fragment; NOT original editor source
en,https://en.beautyblossom.kr/65,w202502280a9715fa2e21f,d6f48d66763ecfcf78ce5c146024d51cfe3488ea8a81701f4a7c5c91b42f27c7,983,rendered_code/d6f48d66763ecfcf78ce5c14.html,rendered widget fragment; NOT original editor source
en,https://en.beautyblossom.kr/65,w20250228eea2b33447d6d,3254a55ce15c4acb6351147fc04e451ba3cd37884a538ba694b4a10fcc767848,1246,rendered_code/3254a55ce15c4acb6351147f.html,rendered widget fragment; NOT original editor source
en,https://en.beautyblossom.kr/65,w2025022803686c2f35ee9,6e454ebb9e85b923a8d90683d2df07667e08aa45aea0717bb1ceafb0a02ac20c,1463,rendered_code/6e454ebb9e85b923a8d90683.html,rendered widget fragment; NOT original editor source
en,https://en.beautyblossom.kr/65,w2025030218e8180ce06ad,4d51d3cd788412785e81ed022a7ff4a57be8bf1aa0f6d7f58969f98fa5c1a399,1367,rendered_code/4d51d3cd788412785e81ed02.html,rendered widget fragment; NOT original editor source
en,https://en.beautyblossom.kr/65,w20260408da02226baff75,454547a0fb0d55b04cfa4278a3250ba43620bc45a2ca840ac773088fbac32768,8469,rendered_code/454547a0fb0d55b04cfa4278.html,rendered widget fragment; NOT original editor source
en,https://en.beautyblossom.kr/66,w2025022849a0aedc36051,9d9c5f4f052b3d4e4f54afefde95540229a88efbb660fe767a4b5297a48f4ddb,1409,rendered_code/9d9c5f4f052b3d4e4f54afef.html,rendered widget fragment; NOT original editor source
en,https://en.beautyblossom.kr/66,w20250228331e989a37b95,fde5d3b8365873eb9bdbc9c6550c574de6402c60b9ec48cc1a86e8fe79b72e07,987,rendered_code/fde5d3b8365873eb9bdbc9c6.html,rendered widget fragment; NOT original editor source
en,https://en.beautyblossom.kr/66,w20250228fbf3d2767bec8,bafd726add186dccb5e94ca5f6e6d5307df0aa1cdf8a0152f87593f7dd13218f,1343,rendered_code/bafd726add186dccb5e94ca5.html,rendered widget fragment; NOT original editor source
en,https://en.beautyblossom.kr/66,w20250302912e8cc6bf7cb,4d51d3cd788412785e81ed022a7ff4a57be8bf1aa0f6d7f58969f98fa5c1a399,1367,rendered_code/4d51d3cd788412785e81ed02.html,rendered widget fragment; NOT original editor source
en,https://en.beautyblossom.kr/66,w20260408a6478dbcee771,2dcee6261a8af563b94526c4ec0c1343a31caf1d89e4bc8e6b11d97ca76b838c,8258,rendered_code/2dcee6261a8af563b94526c4.html,rendered widget fragment; NOT original editor source
en,https://en.beautyblossom.kr/67,w20250228b1868facac7d8,b8b6291cf5ea46472e465914a9caa9dbb9d4061ae74b667299d2ec71c53b2712,1354,rendered_code/b8b6291cf5ea46472e465914.html,rendered widget fragment; NOT original editor source
en,https://en.beautyblossom.kr/67,w2025022897b3060822acf,b89800b3252625cfcae52188c149aab17811810c2528d974ad24a49a5bc8a040,838,rendered_code/b89800b3252625cfcae52188.html,rendered widget fragment; NOT original editor source
en,https://en.beautyblossom.kr/67,w2025022810e0424ef1811,2179691656ce82a619f71de805838a9161f38077109e5106d44455cbe02fb00f,963,rendered_code/2179691656ce82a619f71de8.html,rendered widget fragment; NOT original editor source
en,https://en.beautyblossom.kr/67,w202502282e06d5b6973f3,0d5a74359c01c90b078a8bbf72207997e47adc0d85216f5dcc708c65399e06d6,1243,rendered_code/0d5a74359c01c90b078a8bbf.html,rendered widget fragment; NOT original editor source
en,https://en.beautyblossom.kr/67,w20250228622ea8d58e83a,6c3dc2c244570a84dcc0ddbc83073f49ce54497a87cefff10047493d9f94c97f,1111,rendered_code/6c3dc2c244570a84dcc0ddbc.html,rendered widget fragment; NOT original editor source
en,https://en.beautyblossom.kr/68,w20250228474a643ac6138,48093f565eac79452eb75e0998cddb538498398ba5505c6122465c797e066616,1460,rendered_code/48093f565eac79452eb75e09.html,rendered widget fragment; NOT original editor source
en,https://en.beautyblossom.kr/68,w2025022840631df29ab3f,4871841eaa634abc922a3b4714880b684d0bfed2acea9a5115e95d52c80cbad3,936,rendered_code/4871841eaa634abc922a3b47.html,rendered widget fragment; NOT original editor source
en,https://en.beautyblossom.kr/68,w202502281e96b0c279392,93dc9e65b713a536e6f6d7678e25915ab2599f0df8ee2e6afbd52fbae534b206,1345,rendered_code/93dc9e65b713a536e6f6d767.html,rendered widget fragment; NOT original editor source
en,https://en.beautyblossom.kr/68,w2025030270bcd73eab844,4d51d3cd788412785e81ed022a7ff4a57be8bf1aa0f6d7f58969f98fa5c1a399,1367,rendered_code/4d51d3cd788412785e81ed02.html,rendered widget fragment; NOT original editor source
en,https://en.beautyblossom.kr/68,w202604082783d59c51795,b5c75a12b00a970527c264462c1cffee7cee1841578a63279fb67e1190731272,8041,rendered_code/b5c75a12b00a970527c26446.html,rendered widget fragment; NOT original editor source
en,https://en.beautyblossom.kr/69,w2025022815a78e32c2ec9,3c77ad5867245b7ff23bc1687815dd2b8cc928d2ce20bd8f1b04c18828f68b8c,1466,rendered_code/3c77ad5867245b7ff23bc168.html,rendered widget fragment; NOT original editor source
en,https://en.beautyblossom.kr/69,w20250228f98707bf11490,ea2c65704c349e6dc7741f3d61fbf91458984902ec2f647877816b66375de236,943,rendered_code/ea2c65704c349e6dc7741f3d.html,rendered widget fragment; NOT original editor source
en,https://en.beautyblossom.kr/69,w20250228f47e2230682cb,5bfde968f12b484ea85664695e6ed9473348f1eed46033d45176764b984a95f0,2142,rendered_code/5bfde968f12b484ea8566469.html,rendered widget fragment; NOT original editor source
en,https://en.beautyblossom.kr/69,w202502288eb9b49bb4666,f33409b2c2e574c21b06be922099ab4e6eb9b6164d94c62afeb17663abb2b4cb,1392,rendered_code/f33409b2c2e574c21b06be92.html,rendered widget fragment; NOT original editor source
en,https://en.beautyblossom.kr/69,w202503022d79f3d3da82b,4d51d3cd788412785e81ed022a7ff4a57be8bf1aa0f6d7f58969f98fa5c1a399,1367,rendered_code/4d51d3cd788412785e81ed02.html,rendered widget fragment; NOT original editor source
en,https://en.beautyblossom.kr/69,w20260408aaa902bb34c48,14d37b07254068e259caa8d7cd0a9084d771b211efc3cc9804cd663f7156e148,7783,rendered_code/14d37b07254068e259caa8d7.html,rendered widget fragment; NOT original editor source
en,https://en.beautyblossom.kr/71,w2025022821af133b85a98,d2653f7f5923a96494c13a7e4fc4c1943135d05ce5ba79bf62d3be80c56c1de8,1287,rendered_code/d2653f7f5923a96494c13a7e.html,rendered widget fragment; NOT original editor source
en,https://en.beautyblossom.kr/71,w20250228a896684fc4f5f,f43643865dd0752909a09d6b09fb3785c709328cdfb43bd57326608409b7cfe7,921,rendered_code/f43643865dd0752909a09d6b.html,rendered widget fragment; NOT original editor source
en,https://en.beautyblossom.kr/71,w2026040865f0863c70633,253e6e922b970c278ed3f1b6aecf4cb990a98dd5a6fe902ac3d024316b2e2963,8695,rendered_code/253e6e922b970c278ed3f1b6.html,rendered widget fragment; NOT original editor source
en,https://en.beautyblossom.kr/72,w2025022805219f131fb2b,5d3d44804d206f15b4107f2717a39a75564808477ebb64533c422d7b95f6bda9,1433,rendered_code/5d3d44804d206f15b4107f27.html,rendered widget fragment; NOT original editor source
en,https://en.beautyblossom.kr/72,w20250228754effd9c9174,6f83b5e812f70566a408aa7f56a8ac948a43168f7f9744594b642d773a473eab,1361,rendered_code/6f83b5e812f70566a408aa7f.html,rendered widget fragment; NOT original editor source
en,https://en.beautyblossom.kr/72,w20250302523c9ef160cce,4d51d3cd788412785e81ed022a7ff4a57be8bf1aa0f6d7f58969f98fa5c1a399,1367,rendered_code/4d51d3cd788412785e81ed02.html,rendered widget fragment; NOT original editor source
en,https://en.beautyblossom.kr/72,w20260408160811a2cb03b,6030487f41be4b4ea65b3c8cfc2b938315872b22d062116aa214e64507083d3f,8296,rendered_code/6030487f41be4b4ea65b3c8c.html,rendered widget fragment; NOT original editor source
en,https://en.beautyblossom.kr/73,w20250228e74a65d6b82e7,743dc17c19d5cea11b8a149c410368fadac813e9a895da3a2440eb2a63bdaa7c,1062,rendered_code/743dc17c19d5cea11b8a149c.html,rendered widget fragment; NOT original editor source
en,https://en.beautyblossom.kr/73,w20250228221430427ffeb,68c5628ea1127a99b8933c3c7659eb1f042974996080e7d091b61f842935ddc8,814,rendered_code/68c5628ea1127a99b8933c3c.html,rendered widget fragment; NOT original editor source
en,https://en.beautyblossom.kr/73,w2025022861ad4c0e61b3f,957c07efcd0393ec58ffb0dffd5235b93433146b29352707c2ef2186f0262e5b,1579,rendered_code/957c07efcd0393ec58ffb0df.html,rendered widget fragment; NOT original editor source
en,https://en.beautyblossom.kr/73,w2025022844c2a100e0b35,c26b04a373c04b94a53aae953e2e6374c116c35d27a2820653eaebdd1eee84f0,1389,rendered_code/c26b04a373c04b94a53aae95.html,rendered widget fragment; NOT original editor source
en,https://en.beautyblossom.kr/73,w2025022823c61822ca74f,482e47d81274119fcc0b36108a13b28e8b209ab92b85fba36ab765ade64be6bf,3842,rendered_code/482e47d81274119fcc0b3610.html,rendered widget fragment; NOT original editor source
en,https://en.beautyblossom.kr/73,w202604081742319a59744,cb4c0e91015f2e375ea5e26be24ed63214bec27b315bf4674ddcf8cd9d09905b,8294,rendered_code/cb4c0e91015f2e375ea5e26b.html,rendered widget fragment; NOT original editor source
en,https://en.beautyblossom.kr/73,w20250228651a200b944b0,c128b1b28760f7bb9c44dded766eea9ae2b4afcaf45df9fde4952e9c0ad75b9f,1372,rendered_code/c128b1b28760f7bb9c44dded.html,rendered widget fragment; NOT original editor source
en,https://en.beautyblossom.kr/73,w20250302514d726ebcb23,4d51d3cd788412785e81ed022a7ff4a57be8bf1aa0f6d7f58969f98fa5c1a399,1367,rendered_code/4d51d3cd788412785e81ed02.html,rendered widget fragment; NOT original editor source
en,https://en.beautyblossom.kr/74,w20250228408ef86360220,9cb83409e03e19449f751dc6dbbe49bb061b15a07482f73efbbac238723f2299,1422,rendered_code/9cb83409e03e19449f751dc6.html,rendered widget fragment; NOT original editor source
en,https://en.beautyblossom.kr/74,w20250228e7cdc1a32335f,92536dc7db247edfd817d4e737b0bbfec2904de2b51d9a07d0449057249e6a8a,666,rendered_code/92536dc7db247edfd817d4e7.html,rendered widget fragment; NOT original editor source
en,https://en.beautyblossom.kr/74,w2025022808641f0dfcbd0,9e6f04b78e28f07add5562f15d892ad0641de18dff2f49c0fd6bfe31ff24d073,1384,rendered_code/9e6f04b78e28f07add5562f1.html,rendered widget fragment; NOT original editor source
en,https://en.beautyblossom.kr/74,w20250302d2533dd489b2f,4d51d3cd788412785e81ed022a7ff4a57be8bf1aa0f6d7f58969f98fa5c1a399,1367,rendered_code/4d51d3cd788412785e81ed02.html,rendered widget fragment; NOT original editor source
en,https://en.beautyblossom.kr/74,w20260408b12ea442a614a,5f0676aefe0eb532374a55af09c623d4701c2e630da39c7d676b97d1721f89ca,8339,rendered_code/5f0676aefe0eb532374a55af.html,rendered widget fragment; NOT original editor source
en,https://en.beautyblossom.kr/75,w2025022891a0001fc119b,8e915aa13b43b21ca71c1f099f8dfa743095c690431a55db3ae2b8443bc076a3,1447,rendered_code/8e915aa13b43b21ca71c1f09.html,rendered widget fragment; NOT original editor source
en,https://en.beautyblossom.kr/75,w202502283d1894eaaca4c,da7693082824c9c86e529794599775215f5c24d6737ee139be1591e89349aa6c,1030,rendered_code/da7693082824c9c86e529794.html,rendered widget fragment; NOT original editor source
en,https://en.beautyblossom.kr/75,w20250228116a37c5e74c1,393f5ff5585dcd50544a2511fee792f8a1ac0d5187e9d988cb19f8e1cc873e61,2675,rendered_code/393f5ff5585dcd50544a2511.html,rendered widget fragment; NOT original editor source
en,https://en.beautyblossom.kr/75,w202502283c9fddc6b6dc5,b1a5b3dd6cd73bb1e7a9926d7c34f987be161cc4a0da7c2fc100a80db97a07b4,1406,rendered_code/b1a5b3dd6cd73bb1e7a9926d.html,rendered widget fragment; NOT original editor source
en,https://en.beautyblossom.kr/75,w20250302e655627198ba4,4d51d3cd788412785e81ed022a7ff4a57be8bf1aa0f6d7f58969f98fa5c1a399,1367,rendered_code/4d51d3cd788412785e81ed02.html,rendered widget fragment; NOT original editor source
en,https://en.beautyblossom.kr/75,w20260408abf5d223ab2be,61734e3dacc749f91aec13e727f2ba2fdde98e63d70de19624fdba19ad809a70,8559,rendered_code/61734e3dacc749f91aec13e7.html,rendered widget fragment; NOT original editor source
en,https://en.beautyblossom.kr/76,w20250228ad22a127bf732,e1c0a85f34c0969ba72cf11cfa44c094fbc7b033aa68b33c2fbe61a780c896fa,1459,rendered_code/e1c0a85f34c0969ba72cf11c.html,rendered widget fragment; NOT original editor source
en,https://en.beautyblossom.kr/76,w20250228008d50ab6da77,25a2ab3935c87ab82353eee783782a0737ee9fcf75d0040cb352c107024532ec,992,rendered_code/25a2ab3935c87ab82353eee7.html,rendered widget fragment; NOT original editor source
en,https://en.beautyblossom.kr/76,w20250228ac97cbe1fb235,c163052f2e4f9c13da4df46d2273002e731e3bda8a933f77640d3fcee5207797,1288,rendered_code/c163052f2e4f9c13da4df46d.html,rendered widget fragment; NOT original editor source
en,https://en.beautyblossom.kr/76,w20250302aeb06bdf6f315,4d51d3cd788412785e81ed022a7ff4a57be8bf1aa0f6d7f58969f98fa5c1a399,1367,rendered_code/4d51d3cd788412785e81ed02.html,rendered widget fragment; NOT original editor source
en,https://en.beautyblossom.kr/76,w202604084ffaa185c1a97,e7c3e3c74ac0df71873dc04cf885c80ca7bfc5a2cc6c9dcac79523b8d424095d,8420,rendered_code/e7c3e3c74ac0df71873dc04c.html,rendered widget fragment; NOT original editor source
en,https://en.beautyblossom.kr/99,w2025031977d746e59712f,94185dbbbb5797fa6f7d3d03569826348d0f371288d852a6f201798feb55f060,1738,rendered_code/94185dbbbb5797fa6f7d3d03.html,rendered widget fragment; NOT original editor source
en,https://en.beautyblossom.kr/99,w2025031991daaf836fb2f,04b33bf7406314d669ce2e1428bb19ac1b5312c358750b6c4475c425f5f64b9b,796,rendered_code/04b33bf7406314d669ce2e14.html,rendered widget fragment; NOT original editor source
en,https://en.beautyblossom.kr/99,w2025031973d9be96a95e9,e0d54fa57d00fca5ef4e4d888996c96be7f3eae21f3b6aa89d08d16b1c4f444e,1534,rendered_code/e0d54fa57d00fca5ef4e4d88.html,rendered widget fragment; NOT original editor source
en,https://en.beautyblossom.kr/99,w202503194a704ff583091,29738a639e2f73d32ab6223157bc6854ba2182b367b6c2487d6adf3841e450d9,1761,rendered_code/29738a639e2f73d32ab62231.html,rendered widget fragment; NOT original editor source
en,https://en.beautyblossom.kr/99,w20250319d17882c8b641d,91dc4ebc07f0e4fe2021508e9a5019a5e780a0c4c59ffea0af24f1e1cd69f7f4,2325,rendered_code/91dc4ebc07f0e4fe2021508e.html,rendered widget fragment; NOT original editor source
en,https://en.beautyblossom.kr/99,w202503192a8b894bffae7,8b32d4b781634f6500ced526fa85b1c61881d5e6940ddca1b8b0459ffdb17073,1386,rendered_code/8b32d4b781634f6500ced526.html,rendered widget fragment; NOT original editor source
en,https://en.beautyblossom.kr/99,w20250319c3192be00ab18,4d51d3cd788412785e81ed022a7ff4a57be8bf1aa0f6d7f58969f98fa5c1a399,1367,rendered_code/4d51d3cd788412785e81ed02.html,rendered widget fragment; NOT original editor source
en,https://en.beautyblossom.kr/99,w2026040851a1c70f5b266,dd2aae2724ce5643ba74a7933d7326f609e5f36187ff6bae7bbf2edde42efa15,8039,rendered_code/dd2aae2724ce5643ba74a793.html,rendered widget fragment; NOT original editor source
en,https://en.beautyblossom.kr/LDM,w20250814376273c630d6e,aa4a3e508cf29a12847cba238705af791afb027aacad251818711fd3473ba12d,1468,rendered_code/aa4a3e508cf29a12847cba23.html,rendered widget fragment; NOT original editor source
en,https://en.beautyblossom.kr/LDM,w202508143b8a4b3f3e068,f3de95d84ae142b77d780f4699cbafdc21da5fa1e2bb09437b9e8c44f16b1636,195,rendered_code/f3de95d84ae142b77d780f46.html,rendered widget fragment; NOT original editor source
en,https://en.beautyblossom.kr/LDM,w2025081430f03872016f8,56957540018751ff1c59a6ed72750c97a70add593dc0bcdb9b801738082d5011,613,rendered_code/56957540018751ff1c59a6ed.html,rendered widget fragment; NOT original editor source
en,https://en.beautyblossom.kr/LDM,w20250814759441d241512,297b6ced86e40cc0855f1ea5e7ec52e2fea685d3497a722d1ee0a07a7ca63cb7,1832,rendered_code/297b6ced86e40cc0855f1ea5.html,rendered widget fragment; NOT original editor source
en,https://en.beautyblossom.kr/LDM,w20250814d83372dd1d481,aab32dffd736348952b60d22df67920d82b091745199c1cb8e9d0da2082903b1,5107,rendered_code/aab32dffd736348952b60d22.html,rendered widget fragment; NOT original editor source
en,https://en.beautyblossom.kr/LDM,w2025081491bac218b03b8,de9ddacc2c697de2f544ae2af3605353b5d297953d747fb176600a229fffb636,667,rendered_code/de9ddacc2c697de2f544ae2a.html,rendered widget fragment; NOT original editor source
en,https://en.beautyblossom.kr/LDM,w202508146cc0b20270b1c,307173c81c742580cd1fc5b33bc9fd20483864a63944b3baae515c5e2d379196,1081,rendered_code/307173c81c742580cd1fc5b3.html,rendered widget fragment; NOT original editor source
en,https://en.beautyblossom.kr/LDM,w20250814c39c8757bece3,3d417bbc4964419e94eb1b65b982eeb5ef3baf5853460d9e105d0f8c92e84bd0,1665,rendered_code/3d417bbc4964419e94eb1b65.html,rendered widget fragment; NOT original editor source
en,https://en.beautyblossom.kr/LDM,w2025081402f54ceb0288b,0e03d0e39ba940e0ac29024ed511bbe85cadb688a21df78136fb015fca39c69d,1554,rendered_code/0e03d0e39ba940e0ac29024e.html,rendered widget fragment; NOT original editor source
en,https://en.beautyblossom.kr/LDM,w20250814290123106794b,4d51d3cd788412785e81ed022a7ff4a57be8bf1aa0f6d7f58969f98fa5c1a399,1367,rendered_code/4d51d3cd788412785e81ed02.html,rendered widget fragment; NOT original editor source
en,https://en.beautyblossom.kr/LDM,w20260408dce4f3306e89d,f227d29fdae13101ee87006d14cea5753905901ca84530fed727e0b59695b1bd,7657,rendered_code/f227d29fdae13101ee87006d.html,rendered widget fragment; NOT original editor source
en,https://en.beautyblossom.kr/Sculptra,w20250814985341b38add4,9c1d69a65498f66a8f26223ac963ff167ad110613a1aea03d0375b4c43da9793,1463,rendered_code/9c1d69a65498f66a8f26223a.html,rendered widget fragment; NOT original editor source
en,https://en.beautyblossom.kr/Sculptra,w20250814f7cc2cdff3dde,da2d13f4f998ae082cd062b13e43c67908b7054f604875cd3d520702d9173c50,2736,rendered_code/da2d13f4f998ae082cd062b1.html,rendered widget fragment; NOT original editor source
en,https://en.beautyblossom.kr/Sculptra,w202508148011785b92451,43ae011ad77ce862feeb5ce7f32669ee61209cffa01d2d05d76deeb13da40d9e,812,rendered_code/43ae011ad77ce862feeb5ce7.html,rendered widget fragment; NOT original editor source
en,https://en.beautyblossom.kr/Sculptra,w20250814d5fdf49d40543,b961df5078c225cfb84391e3ba429e311e6f8db6f5c5a0bff457f9f0cef72693,621,rendered_code/b961df5078c225cfb84391e3.html,rendered widget fragment; NOT original editor source
en,https://en.beautyblossom.kr/Sculptra,w20250814b43d82ef38f1e,61ba1b717acec8abd5d7527fbc278f60c2e1783974d7e073273d8ca7e46d9252,716,rendered_code/61ba1b717acec8abd5d7527f.html,rendered widget fragment; NOT original editor source
en,https://en.beautyblossom.kr/Sculptra,w2025081423251c81b9a07,2ae485768af7392f4add59becd6b043c86aa7beba3d237147b4531dab9ecb6b8,1457,rendered_code/2ae485768af7392f4add59be.html,rendered widget fragment; NOT original editor source
en,https://en.beautyblossom.kr/Sculptra,w202508143789dbfaabd4b,642f56725889673fd014e4c940a47e47f3bedccd577934a7b66b162546844f43,4826,rendered_code/642f56725889673fd014e4c9.html,rendered widget fragment; NOT original editor source
en,https://en.beautyblossom.kr/Sculptra,w20250814c42316237e343,ef7bacd5154adc5861a147298001920ffd8e789a7bea0681fab2d3e3bea08af1,1644,rendered_code/ef7bacd5154adc5861a14729.html,rendered widget fragment; NOT original editor source
en,https://en.beautyblossom.kr/Sculptra,w20250814fd4a5cc848453,a616d5ea38f520370d954c64d06968c75040223db2141bb55999a8d0c41f06fe,4120,rendered_code/a616d5ea38f520370d954c64.html,rendered widget fragment; NOT original editor source
en,https://en.beautyblossom.kr/Sculptra,w202508143323686460883,32e8e4f8582640adc889e74c123fefb2b5604b421117837d20297d2cc704ed76,3381,rendered_code/32e8e4f8582640adc889e74c.html,rendered widget fragment; NOT original editor source
en,https://en.beautyblossom.kr/Sculptra,w202508149ac3090555025,085a93aa23c9893eb6e03b61cf76ee7f494eea76f0e5149d7058584838c69086,1522,rendered_code/085a93aa23c9893eb6e03b61.html,rendered widget fragment; NOT original editor source
en,https://en.beautyblossom.kr/Sculptra,w20250814e3de804c07604,4d51d3cd788412785e81ed022a7ff4a57be8bf1aa0f6d7f58969f98fa5c1a399,1367,rendered_code/4d51d3cd788412785e81ed02.html,rendered widget fragment; NOT original editor source
en,https://en.beautyblossom.kr/Sculptra,w2026040806c51b1de1679,540bd6309a6a0ccbc34473d636be97493121d8fd0dea18f65eb88938515325d6,8408,rendered_code/540bd6309a6a0ccbc34473d6.html,rendered widget fragment; NOT original editor source
en,https://en.beautyblossom.kr/XERF,w202604225738b5a9bb573,36109dbc43619b879366ee540db832f164647f4e72e4df6901c0d1ab99f38701,18834,rendered_code/36109dbc43619b879366ee54.html,rendered widget fragment; NOT original editor source
en,https://en.beautyblossom.kr/XERF,w202604226a3d9523f26bf,c227cfa94a96341e5e5a507f9d2475bb33e0becb09243f76ea91ac81721554da,8441,rendered_code/c227cfa94a96341e5e5a507f.html,rendered widget fragment; NOT original editor source
en,https://en.beautyblossom.kr/alltite,w20260711cadd1cffa62bb,f38eb304ada9a191073cd48ae55482d61dfe6878a437d239cf26b9f7d116e49e,29056,rendered_code/f38eb304ada9a191073cd48a.html,rendered widget fragment; NOT original editor source
en,https://en.beautyblossom.kr/dca-injection,w202607115b52480bef78c,c59dc208a15a9053a5e68e5d2a1e36eeda8e694faf7915a8eb5196cd4e4caae4,23357,rendered_code/c59dc208a15a9053a5e68e5d.html,rendered widget fragment; NOT original editor source
en,https://en.beautyblossom.kr/diet-injection,w2026072272bbc5bd6a514,0cbbacfccd02ded2ac1b97618fe08024e2b3a252a32e25eb32f16c02b31ed1e8,24101,rendered_code/0cbbacfccd02ded2ac1b9761.html,rendered widget fragment; NOT original editor source
en,https://en.beautyblossom.kr/fortra-quattro,w2026071149acc26fcfb66,ef619ebe647b9a47136e752722cd653e807b6c9f3753779af63389387e500c6d,25356,rendered_code/ef619ebe647b9a47136e7527.html,rendered widget fragment; NOT original editor source
en,https://en.beautyblossom.kr/hilo-wave,w20260627ea19101cfef51,3c49371a5dfc2bfa67bcb4307d63a44b480ef6765babf2e2a8e97563304dbf9f,15578,rendered_code/3c49371a5dfc2bfa67bcb430.html,rendered widget fragment; NOT original editor source
en,https://en.beautyblossom.kr/home,w202502281acc088340915,e5d06469aac12f799b7041dd538354260cfdf1e9e2db108861f7aac98878b04d,197,rendered_code/e5d06469aac12f799b7041dd.html,rendered widget fragment; NOT original editor source
en,https://en.beautyblossom.kr/home,w202502285fde71f326ed8,0d7d6b4b5268e3ef7b9d9901ba4302e25c0e03934d54bdaab3dc732189550e7f,2940,rendered_code/0d7d6b4b5268e3ef7b9d9901.html,rendered widget fragment; NOT original editor source
en,https://en.beautyblossom.kr/home,w2025022874a222eb6afb0,e5d06469aac12f799b7041dd538354260cfdf1e9e2db108861f7aac98878b04d,197,rendered_code/e5d06469aac12f799b7041dd.html,rendered widget fragment; NOT original editor source
en,https://en.beautyblossom.kr/home,w20250228759c96507c7de,f8680ea773585563ef263886497e6241890de997f92ce83b45dd046245dcbadb,196,rendered_code/f8680ea773585563ef263886.html,rendered widget fragment; NOT original editor source
en,https://en.beautyblossom.kr/re2o,w20260423a7faac7737137,b675e037597e6ef15bd0dc8fc696cc5bad4e9f1712178fcac7ca81ea1bab24a2,18828,rendered_code/b675e037597e6ef15bd0dc8f.html,rendered widget fragment; NOT original editor source
en,https://en.beautyblossom.kr/re2o,w2026042315f983e1b9216,d41aa2bd730e308f0d9fe1d8a2fac299e8a289c59fcdc836d39fc0bb422eb3b3,8887,rendered_code/d41aa2bd730e308f0d9fe1d8.html,rendered widget fragment; NOT original editor source
en,https://en.beautyblossom.kr/retaining-ligament-lift,w202606059bc0f2caa87f1,102be9f9ac770693e960fcd85e62bc5d60ada321b43ae5e7a846d7824f5e9d51,14373,rendered_code/102be9f9ac770693e960fcd8.html,rendered widget fragment; NOT original editor source
en,https://en.beautyblossom.kr/skinvive,w202607015b8e403d9fdfa,b5e49f54dbb5024fa94e5b8a0a41f7cac8168c42f62927a6df619b2badb1acd2,15272,rendered_code/b5e49f54dbb5024fa94e5b8a.html,rendered widget fragment; NOT original editor source
en,https://en.beautyblossom.kr/special-offers,w2026073055a71d70bc9f2,e74dd66b158faeb64f34ab7f54ef276371fe1009f679ea066bc01c5c3484e290,3338,rendered_code/e74dd66b158faeb64f34ab7f.html,rendered widget fragment; NOT original editor source
en,https://en.beautyblossom.kr/special-offers,w2026073098e866cf09eeb,f3de95d84ae142b77d780f4699cbafdc21da5fa1e2bb09437b9e8c44f16b1636,195,rendered_code/f3de95d84ae142b77d780f46.html,rendered widget fragment; NOT original editor source
en,https://en.beautyblossom.kr/thread-lifting,w20260606600bb8a29ee20,556013c38ac89d4de48f60bbdc59f05f2f0dc45f8cf8c6c05ada8336c10df808,25804,rendered_code/556013c38ac89d4de48f60bb.html,rendered widget fragment; NOT original editor source
jp,https://jp.beautyblossom.kr/,w2025030478634e23cba5d,e5d06469aac12f799b7041dd538354260cfdf1e9e2db108861f7aac98878b04d,197,rendered_code/e5d06469aac12f799b7041dd.html,rendered widget fragment; NOT original editor source
jp,https://jp.beautyblossom.kr/,w202503047bbff49e4d584,08d15b70e3f2c3ce10e4fcd07b2e73a22095eeab956263ab9965c5481c1a51f7,2708,rendered_code/08d15b70e3f2c3ce10e4fcd0.html,rendered widget fragment; NOT original editor source
jp,https://jp.beautyblossom.kr/,w202503048afd958f1aa29,e5d06469aac12f799b7041dd538354260cfdf1e9e2db108861f7aac98878b04d,197,rendered_code/e5d06469aac12f799b7041dd.html,rendered widget fragment; NOT original editor source
jp,https://jp.beautyblossom.kr/,w2025030492045f2a90d7d,f8680ea773585563ef263886497e6241890de997f92ce83b45dd046245dcbadb,196,rendered_code/f8680ea773585563ef263886.html,rendered widget fragment; NOT original editor source
jp,https://jp.beautyblossom.kr/100,w20250319b1d7915f52cca,93e94a542a196249997bf8352015ea4e91f531f79d94ec3c6a9b44d10446cc67,1751,rendered_code/93e94a542a196249997bf835.html,rendered widget fragment; NOT original editor source
jp,https://jp.beautyblossom.kr/100,w2025031937cffebe713bc,5a80606a04f96a4018899fa8508aacb0c7bed2a64c42cef70c9e1aadf53b6b08,1569,rendered_code/5a80606a04f96a4018899fa8.html,rendered widget fragment; NOT original editor source
jp,https://jp.beautyblossom.kr/100,w202503196e6e290408fc5,24a55b3dec6bcd27bbf2a665230e3c79d66ec947efa1fcaacd9d9cccd4c5f128,1249,rendered_code/24a55b3dec6bcd27bbf2a665.html,rendered widget fragment; NOT original editor source
jp,https://jp.beautyblossom.kr/100,w20250319c59fd33ca07d0,2d536d831dd34cc292368e47e4ae485334b20a1fa0cb8e52d7076a402e61b9d4,1085,rendered_code/2d536d831dd34cc292368e47.html,rendered widget fragment; NOT original editor source
jp,https://jp.beautyblossom.kr/107,w20250713634e67a664ff1,cbb3884a7d20ee5c5ff449102afa9715386c5135765b38eb33164f7415401efb,1358,rendered_code/cbb3884a7d20ee5c5ff44910.html,rendered widget fragment; NOT original editor source
jp,https://jp.beautyblossom.kr/107,w2025071344bb228403fb8,c7877822de7f6963772396b98179ab836b2c322d02c7c689f323f1ca19d894e8,1360,rendered_code/c7877822de7f6963772396b9.html,rendered widget fragment; NOT original editor source
jp,https://jp.beautyblossom.kr/107,w20250713c2483978b1d88,87d188c2475169171ad258ba508ea7cfeb94f12c7bd3c30770f512e2101d9e1c,196,rendered_code/87d188c2475169171ad258ba.html,rendered widget fragment; NOT original editor source
jp,https://jp.beautyblossom.kr/107,w2025071397c54df719163,44b636e866ad9748395d7f787dcafb333c519450c516da0a708af6642bff0100,2669,rendered_code/44b636e866ad9748395d7f78.html,rendered widget fragment; NOT original editor source
jp,https://jp.beautyblossom.kr/107,w20250713e18df11ce897c,e4b3ca065021cbfd50b57466aaddd06f9f57be0bd0db30a380c0a3ac034392e0,1321,rendered_code/e4b3ca065021cbfd50b57466.html,rendered widget fragment; NOT original editor source
jp,https://jp.beautyblossom.kr/107,w20250713ef13e8b736242,1b9bbaaf2d5a24cad571c27e0b042c128f013e27d4dbc7f415fbcc1a03dfe08a,1789,rendered_code/1b9bbaaf2d5a24cad571c27e.html,rendered widget fragment; NOT original editor source
jp,https://jp.beautyblossom.kr/107,w20250713508e5ed9d48fd,4843353b0ad11aa5ce5966fa0d88ea5ccc60a833b3ed328040a58726ccab9df4,1542,rendered_code/4843353b0ad11aa5ce5966fa.html,rendered widget fragment; NOT original editor source
jp,https://jp.beautyblossom.kr/107,w20250713a79d414770c3a,4fbe235603405791dc5405565f5c199b3763de9c377d2fdf0fce264dc4d57406,1500,rendered_code/4fbe235603405791dc540556.html,rendered widget fragment; NOT original editor source
jp,https://jp.beautyblossom.kr/107,w202507131996895cbe877,50973417ddbdeb06d547ca5f120757030f31d513ee169ade14f2eec8dec7ce2c,1487,rendered_code/50973417ddbdeb06d547ca5f.html,rendered widget fragment; NOT original editor source
jp,https://jp.beautyblossom.kr/107,w20250713ccad1b64d5104,20dee33c8faa4789860c7f3baa07ddf96ae8d5bd7506301f3966f0e91aa60594,1570,rendered_code/20dee33c8faa4789860c7f3b.html,rendered widget fragment; NOT original editor source
jp,https://jp.beautyblossom.kr/107,w20250713f33d29b7b2e30,f728740f5c61efb325a436c5b11c049f161d05a087fb93f2b164ac1403bddf88,1675,rendered_code/f728740f5c61efb325a436c5.html,rendered widget fragment; NOT original editor source
jp,https://jp.beautyblossom.kr/107,w20250713fbc4c851e2eb9,c39dd696de7cd76da3331a429311b70e0656556e490676bd2dcfa6298ca2b8e0,1668,rendered_code/c39dd696de7cd76da3331a42.html,rendered widget fragment; NOT original editor source
jp,https://jp.beautyblossom.kr/107,w2025071360e2cff87132c,08f9b4776308df2b91f017a2efed3f01ec603e33f5deaf7a9ab8ae60d2c4b31d,1663,rendered_code/08f9b4776308df2b91f017a2.html,rendered widget fragment; NOT original editor source
jp,https://jp.beautyblossom.kr/107,w20250713378c9d6b15176,13fb7b564f7b0acb523aef8b30cf033f643eeabc80a95358eb3ff7dab045c96a,1243,rendered_code/13fb7b564f7b0acb523aef8b.html,rendered widget fragment; NOT original editor source
jp,https://jp.beautyblossom.kr/107,w20250713719179fda4604,1f0013538e2fd6d98be4f27ca7194842b85466b6ae6fd4b25c26106f7288bd87,1079,rendered_code/1f0013538e2fd6d98be4f27c.html,rendered widget fragment; NOT original editor source
jp,https://jp.beautyblossom.kr/108,w20250814baa943dda86b4,68a90c7e0c7d358cf79422946271c3ea58560b34f7f7d606faf6cd48f09d26d3,1356,rendered_code/68a90c7e0c7d358cf7942294.html,rendered widget fragment; NOT original editor source
jp,https://jp.beautyblossom.kr/108,w20250814867d6b14c704a,f3de95d84ae142b77d780f4699cbafdc21da5fa1e2bb09437b9e8c44f16b1636,195,rendered_code/f3de95d84ae142b77d780f46.html,rendered widget fragment; NOT original editor source
jp,https://jp.beautyblossom.kr/108,w2025081411fbeb12074f1,c17cc11b59397ff33017c60237058cf1deacdd7394fe78149d7b8150c9343070,1060,rendered_code/c17cc11b59397ff33017c602.html,rendered widget fragment; NOT original editor source
jp,https://jp.beautyblossom.kr/108,w20250814a1988e4b72273,3c2ac21e2b0c585d079c419d6eddc2c182a5a984af22c3b63e827c6e93252d5d,1370,rendered_code/3c2ac21e2b0c585d079c419d.html,rendered widget fragment; NOT original editor source
jp,https://jp.beautyblossom.kr/108,w20250814bd93f2e6ec408,56de982f1c34f47c976dfefb02d2407888f30bc12cff79c1a8a5125a66077e09,1240,rendered_code/56de982f1c34f47c976dfefb.html,rendered widget fragment; NOT original editor source
jp,https://jp.beautyblossom.kr/108,w202508140bd123160d69a,6d895325f2d9733e1ec93223628319796d05dfce7534b87de9a82f2da9fba293,1700,rendered_code/6d895325f2d9733e1ec93223.html,rendered widget fragment; NOT original editor source
jp,https://jp.beautyblossom.kr/108,w202508144731c4383eca1,d10c41c772d30bb5672bbba3e6403b3f728c7f83a910592d707fc847ac70b7e2,1919,rendered_code/d10c41c772d30bb5672bbba3.html,rendered widget fragment; NOT original editor source
jp,https://jp.beautyblossom.kr/108,w202508142889f60e441a7,88879e8d85c45229090aad88814b6edef1490db87080f90ae8ba068b2af92092,2883,rendered_code/88879e8d85c45229090aad88.html,rendered widget fragment; NOT original editor source
jp,https://jp.beautyblossom.kr/108,w2025081445df670ee68f7,f15714165708976e83bd2b000ddb8c9088ef399e68918e4981807f78f5c63dbd,1292,rendered_code/f15714165708976e83bd2b00.html,rendered widget fragment; NOT original editor source
jp,https://jp.beautyblossom.kr/108,w202508149878e7e684dc6,1f0013538e2fd6d98be4f27ca7194842b85466b6ae6fd4b25c26106f7288bd87,1079,rendered_code/1f0013538e2fd6d98be4f27c.html,rendered widget fragment; NOT original editor source
jp,https://jp.beautyblossom.kr/110,w2025030407298e3c7c7f4,7a724cd74b0a08f69df52088523bdc87b7cee2c62fe9d8425992987836a5d03b,1345,rendered_code/7a724cd74b0a08f69df52088.html,rendered widget fragment; NOT original editor source
jp,https://jp.beautyblossom.kr/110,w2025030405c5eb2b66e27,fb8d27227e2c4950916125e75c0842cfb300afa2895d98c2d3849da2aa720c92,852,rendered_code/fb8d27227e2c4950916125e7.html,rendered widget fragment; NOT original editor source
jp,https://jp.beautyblossom.kr/110,w20250304a6a45bd3db8d0,37f51ab211f3aec5266de07cc9fffc79d15deef72518ebbbd5832b90c58eeaab,1049,rendered_code/37f51ab211f3aec5266de07c.html,rendered widget fragment; NOT original editor source
jp,https://jp.beautyblossom.kr/110,w2025030408256490e354b,8c321d51f3fb6728d1a7604b4e54f1256956982b8db795074ad3f9740965194e,1246,rendered_code/8c321d51f3fb6728d1a7604b.html,rendered widget fragment; NOT original editor source
jp,https://jp.beautyblossom.kr/110,w202503163cf232ee45ede,1f0013538e2fd6d98be4f27ca7194842b85466b6ae6fd4b25c26106f7288bd87,1079,rendered_code/1f0013538e2fd6d98be4f27c.html,rendered widget fragment; NOT original editor source
jp,https://jp.beautyblossom.kr/111,w20250304ef9696cfd2222,a43b15356a5d40058245a50ad06660198557beac0b2e98e72c386041e5ad99bc,1348,rendered_code/a43b15356a5d40058245a50a.html,rendered widget fragment; NOT original editor source
jp,https://jp.beautyblossom.kr/111,w202503049839af717db58,fdc42d8e134a0948dee041316ac60a1a2f5e2371dc13c57e31ba97d0d1bfb5ae,826,rendered_code/fdc42d8e134a0948dee04131.html,rendered widget fragment; NOT original editor source
jp,https://jp.beautyblossom.kr/111,w20250304b6e65ed5df4f5,b6a567d2c93181df08dd25ce499db5dff1aaeb9e4594b7a0e750e6b96dae5f28,1260,rendered_code/b6a567d2c93181df08dd25ce.html,rendered widget fragment; NOT original editor source
jp,https://jp.beautyblossom.kr/111,w20250316f9ae3a3a395fb,1f0013538e2fd6d98be4f27ca7194842b85466b6ae6fd4b25c26106f7288bd87,1079,rendered_code/1f0013538e2fd6d98be4f27c.html,rendered widget fragment; NOT original editor source
jp,https://jp.beautyblossom.kr/112,w20250304436e8bbfaeb69,e5d06469aac12f799b7041dd538354260cfdf1e9e2db108861f7aac98878b04d,197,rendered_code/e5d06469aac12f799b7041dd.html,rendered widget fragment; NOT original editor source
jp,https://jp.beautyblossom.kr/114,w2025030414dc513f6617e,fcfef08dfa69f5a577f0beab526a4c0e92ce6b76f8e4c8a5dc4c0d8db70d151d,1360,rendered_code/fcfef08dfa69f5a577f0beab.html,rendered widget fragment; NOT original editor source
jp,https://jp.beautyblossom.kr/114,w20250304651556937cd51,83a37106cc89e559016abcf0ff70a8534badb57ce037750a291d0d5ef19c16e7,2057,rendered_code/83a37106cc89e559016abcf0.html,rendered widget fragment; NOT original editor source
jp,https://jp.beautyblossom.kr/114,w20250304ec5ea1343ca6e,0335210e392bd31e5dd5e700190fdac99cfc6c157a78160850aef8b29c8c1ebc,1092,rendered_code/0335210e392bd31e5dd5e700.html,rendered widget fragment; NOT original editor source
jp,https://jp.beautyblossom.kr/114,w20250304699862e4e8da4,838e7cd84a5f39d20aaeb08db5ed634b74e60cc20e4b8d52eac80b266ed8aafb,1221,rendered_code/838e7cd84a5f39d20aaeb08d.html,rendered widget fragment; NOT original editor source
jp,https://jp.beautyblossom.kr/114,w20250316f90ba390fb543,1f0013538e2fd6d98be4f27ca7194842b85466b6ae6fd4b25c26106f7288bd87,1079,rendered_code/1f0013538e2fd6d98be4f27c.html,rendered widget fragment; NOT original editor source
jp,https://jp.beautyblossom.kr/115,w202503049603020a70eed,c72b1640e2bf794ca7fd3b1ccdae07291e233f18c5438efe49f377faae9ba985,1352,rendered_code/c72b1640e2bf794ca7fd3b1c.html,rendered widget fragment; NOT original editor source
jp,https://jp.beautyblossom.kr/115,w20250304c6b5dfdc4c78b,b69079936911421f7e915871cab72d1c0b65acf09c34cabdb09dc8a5261c264c,1302,rendered_code/b69079936911421f7e915871.html,rendered widget fragment; NOT original editor source
jp,https://jp.beautyblossom.kr/115,w2025030449cb5fcc56a11,6731a3e965ed0d3b7a5f68bb80db762a37f06e0679e7f1fdd5a62d1e339fd1f0,1219,rendered_code/6731a3e965ed0d3b7a5f68bb.html,rendered widget fragment; NOT original editor source
jp,https://jp.beautyblossom.kr/115,w202503160be8a674433b7,1f0013538e2fd6d98be4f27ca7194842b85466b6ae6fd4b25c26106f7288bd87,1079,rendered_code/1f0013538e2fd6d98be4f27c.html,rendered widget fragment; NOT original editor source
jp,https://jp.beautyblossom.kr/116,w20250304bbba1fe48ab9c,234fbae7c53a92e9fa916ceaa17ee5d8cbbc19da47639ab5e1c1f8d459bf829f,1346,rendered_code/234fbae7c53a92e9fa916cea.html,rendered widget fragment; NOT original editor source
jp,https://jp.beautyblossom.kr/116,w20250304a6d2cc79eb3ba,6467b094c933044b7aee8f66742dec1126fe8faffcaf108b0ec46928e309567b,1182,rendered_code/6467b094c933044b7aee8f66.html,rendered widget fragment; NOT original editor source
jp,https://jp.beautyblossom.kr/116,w202503041c1463764d4ff,a527baebbabd84fd15685f285adc1ae8c0e8af0300419a8c23b3346fddc90072,1226,rendered_code/a527baebbabd84fd15685f28.html,rendered widget fragment; NOT original editor source
jp,https://jp.beautyblossom.kr/116,w20250316c4225a08b4055,1f0013538e2fd6d98be4f27ca7194842b85466b6ae6fd4b25c26106f7288bd87,1079,rendered_code/1f0013538e2fd6d98be4f27c.html,rendered widget fragment; NOT original editor source
jp,https://jp.beautyblossom.kr/117,w20250304fe162786b8db1,5f71ce1ef1fa1b7c601ff208c954fbf77ec1cc508294083c67eec36a3ad6d50a,1345,rendered_code/5f71ce1ef1fa1b7c601ff208.html,rendered widget fragment; NOT original editor source
jp,https://jp.beautyblossom.kr/117,w2025030476a45909159b8,9ead62064584cbb118b07b8ba025c2d82e1ffe17224d4337e48e226931b3f1a4,1242,rendered_code/9ead62064584cbb118b07b8b.html,rendered widget fragment; NOT original editor source
jp,https://jp.beautyblossom.kr/117,w202503046a25e1b20e020,decbf05a51ebad2ba11518074d3073871676084818e8863bf3264a44846619e2,1177,rendered_code/decbf05a51ebad2ba1151807.html,rendered widget fragment; NOT original editor source
jp,https://jp.beautyblossom.kr/117,w202503042455cf003515b,cdfbfe0d489e0748b4a9cf88b59238f0b617c4a292327fedd8d2c53cfdc93fd5,958,rendered_code/cdfbfe0d489e0748b4a9cf88.html,rendered widget fragment; NOT original editor source
jp,https://jp.beautyblossom.kr/117,w20250316c2ae9f0eb9868,1f0013538e2fd6d98be4f27ca7194842b85466b6ae6fd4b25c26106f7288bd87,1079,rendered_code/1f0013538e2fd6d98be4f27c.html,rendered widget fragment; NOT original editor source
jp,https://jp.beautyblossom.kr/118,w2025030467dfe899830d4,d19c47c3e1bd01457cc48befe5250f58d1e5b4ad3d2e78e10d9d1281cd18a576,1339,rendered_code/d19c47c3e1bd01457cc48bef.html,rendered widget fragment; NOT original editor source
jp,https://jp.beautyblossom.kr/118,w2025030449a287972bc35,b9adf9d3dcb925e66154abb9766dd59b748bd5e0ff9747f7dc56978b083df56c,1263,rendered_code/b9adf9d3dcb925e66154abb9.html,rendered widget fragment; NOT original editor source
jp,https://jp.beautyblossom.kr/118,w20250304ea3678ba03460,d8258ed4c8af6123dc79a1e3b8cbfdfd023edc91bf36826aad3993302822b9a0,1195,rendered_code/d8258ed4c8af6123dc79a1e3.html,rendered widget fragment; NOT original editor source
jp,https://jp.beautyblossom.kr/118,w20250304f276353dd045f,87ef41a39f55da8a4f4c11992f0cf044e04a0b7c6fa92867950b579fbd616deb,1225,rendered_code/87ef41a39f55da8a4f4c1199.html,rendered widget fragment; NOT original editor source
jp,https://jp.beautyblossom.kr/118,w202503166316622fb4b67,1f0013538e2fd6d98be4f27ca7194842b85466b6ae6fd4b25c26106f7288bd87,1079,rendered_code/1f0013538e2fd6d98be4f27c.html,rendered widget fragment; NOT original editor source
jp,https://jp.beautyblossom.kr/119,w2025030426258fb1b3e5c,e2e99dda588efb8db68f3515acd8981ad031a7cdf0df4d6058931d219fae034f,1342,rendered_code/e2e99dda588efb8db68f3515.html,rendered widget fragment; NOT original editor source
jp,https://jp.beautyblossom.kr/119,w20250304a9c4e8cd523e5,48e9c2746d5206afbdded1f81b4ab18716b3de7f07d3aed47e8618cd903ad73f,1226,rendered_code/48e9c2746d5206afbdded1f8.html,rendered widget fragment; NOT original editor source
jp,https://jp.beautyblossom.kr/119,w20250304ae44137368757,3296dcd0ae49a3ccdf19349cac40635fcc5ebc71e7f449a9f589555bffb7dac6,1231,rendered_code/3296dcd0ae49a3ccdf19349c.html,rendered widget fragment; NOT original editor source
jp,https://jp.beautyblossom.kr/119,w202503161dbfb7446ffd8,1f0013538e2fd6d98be4f27ca7194842b85466b6ae6fd4b25c26106f7288bd87,1079,rendered_code/1f0013538e2fd6d98be4f27c.html,rendered widget fragment; NOT original editor source
jp,https://jp.beautyblossom.kr/120,w202503046cb7a70e8d0f3,ee8e3251e7c36b996a7dce0e25c1d760d8d26d7dce4f88c0e6dfdcdc65eb37d8,1341,rendered_code/ee8e3251e7c36b996a7dce0e.html,rendered widget fragment; NOT original editor source
jp,https://jp.beautyblossom.kr/120,w202503048f69fa0fd3df9,69c96b1ff5046c3456b3baaed9fac14259d9f4c8ab6d836a2cf91c5d830537f0,1215,rendered_code/69c96b1ff5046c3456b3baae.html,rendered widget fragment; NOT original editor source
jp,https://jp.beautyblossom.kr/120,w202503049bc7a95fa518f,b2f8077578ebb0aaa399ee4802745b0396536cb274c369f1df60544f39077dc9,1187,rendered_code/b2f8077578ebb0aaa399ee48.html,rendered widget fragment; NOT original editor source
jp,https://jp.beautyblossom.kr/120,w20250304ad94dd8b54d48,c8907ff85e80ca6c6531639d9adfd9e15318257cf2e808a1ca5b9ee5e2f571fc,1253,rendered_code/c8907ff85e80ca6c6531639d.html,rendered widget fragment; NOT original editor source
jp,https://jp.beautyblossom.kr/120,w20250316337be89c49c09,1f0013538e2fd6d98be4f27ca7194842b85466b6ae6fd4b25c26106f7288bd87,1079,rendered_code/1f0013538e2fd6d98be4f27c.html,rendered widget fragment; NOT original editor source
jp,https://jp.beautyblossom.kr/121,w20250304b7ea5b0e407e0,bda6685a870e63d7d14d012f25b7396775a81b783c1be37c3e1a755cb34af9bd,1345,rendered_code/bda6685a870e63d7d14d012f.html,rendered widget fragment; NOT original editor source
jp,https://jp.beautyblossom.kr/121,w20250304d74596c5744a6,535aea8d11f2415e009a5a6cec70c51346bba0c68f8c5efdab74eb5f55edf3df,993,rendered_code/535aea8d11f2415e009a5a6c.html,rendered widget fragment; NOT original editor source
jp,https://jp.beautyblossom.kr/121,w2025030413903a4654e76,a53dd4962069695a4c593504985b87a9bd0f20a8ceecb277fecc9c5e6c345952,1168,rendered_code/a53dd4962069695a4c593504.html,rendered widget fragment; NOT original editor source
jp,https://jp.beautyblossom.kr/121,w20250304c952ec13efdfd,510f9e9c4dcd3ede815bc824f39d1584b21508fa8443839d35f0ea043eddde4b,1225,rendered_code/510f9e9c4dcd3ede815bc824.html,rendered widget fragment; NOT original editor source
jp,https://jp.beautyblossom.kr/121,w202503160986fd069e914,1f0013538e2fd6d98be4f27ca7194842b85466b6ae6fd4b25c26106f7288bd87,1079,rendered_code/1f0013538e2fd6d98be4f27c.html,rendered widget fragment; NOT original editor source
jp,https://jp.beautyblossom.kr/122,w202503049a50bc2b10c75,e7c72f1bd4269bd7172d16ba9470d4cf8b9ea525c443e1e6acebaae93abed2e8,1345,rendered_code/e7c72f1bd4269bd7172d16ba.html,rendered widget fragment; NOT original editor source
jp,https://jp.beautyblossom.kr/122,w202503049ebc27582fe2d,96298540e824d1aaac549d99c09d54cb49a2e4f95abddec1d988fc1a4498750e,981,rendered_code/96298540e824d1aaac549d99.html,rendered widget fragment; NOT original editor source
jp,https://jp.beautyblossom.kr/122,w20250304dd166cac88bf0,35232ccba4ade169be1863a5168791ec12e3cdbf7d5a72ca0c7852d0b92338a1,1175,rendered_code/35232ccba4ade169be1863a5.html,rendered widget fragment; NOT original editor source
jp,https://jp.beautyblossom.kr/122,w2025030436ef3f07630b0,a431950a8d258d79e10e55bff097970035b0a1c65e55293eb41437e6195675b2,1251,rendered_code/a431950a8d258d79e10e55bf.html,rendered widget fragment; NOT original editor source
jp,https://jp.beautyblossom.kr/122,w202503167b016f8ddaff4,1f0013538e2fd6d98be4f27ca7194842b85466b6ae6fd4b25c26106f7288bd87,1079,rendered_code/1f0013538e2fd6d98be4f27c.html,rendered widget fragment; NOT original editor source
jp,https://jp.beautyblossom.kr/123,w20250304e6ca5ea0839f0,a1e95c00ada32fbc943b47f26c050402052e0e35cfacaf0c87b89ce5b1a45b22,1346,rendered_code/a1e95c00ada32fbc943b47f2.html,rendered widget fragment; NOT original editor source
jp,https://jp.beautyblossom.kr/123,w20250304c119a44d276c0,1281f1690da3687b4255fdf099e61f895821a3d3af11cf3bf9064b891e528a68,1195,rendered_code/1281f1690da3687b4255fdf0.html,rendered widget fragment; NOT original editor source
jp,https://jp.beautyblossom.kr/123,w202503049bcd65139eea4,dd283c7daff4f19c61e74d4240a2b474caf922d326e10af90a711fd203c62b91,1261,rendered_code/dd283c7daff4f19c61e74d42.html,rendered widget fragment; NOT original editor source
jp,https://jp.beautyblossom.kr/123,w20250304a1be5953c2e9a,2946a079e61ff60dc9b35211ad81629f7c82a2433d11dd4f2bb887ec4b60540d,1167,rendered_code/2946a079e61ff60dc9b35211.html,rendered widget fragment; NOT original editor source
jp,https://jp.beautyblossom.kr/123,w2025030473b3a0f3b85aa,85c6fea3daa20c49ce0a27402d640a2df84a211007c61415f211b4f6a2c90308,1243,rendered_code/85c6fea3daa20c49ce0a2740.html,rendered widget fragment; NOT original editor source
jp,https://jp.beautyblossom.kr/123,w20250316449e0b13e9768,1f0013538e2fd6d98be4f27ca7194842b85466b6ae6fd4b25c26106f7288bd87,1079,rendered_code/1f0013538e2fd6d98be4f27c.html,rendered widget fragment; NOT original editor source
jp,https://jp.beautyblossom.kr/124,w2025030483118e4f4e4c9,2e8d78c44b8aa5c3a7dee3cf751947acd1d7f0da70f319215ca151ac71a1e54c,1355,rendered_code/2e8d78c44b8aa5c3a7dee3cf.html,rendered widget fragment; NOT original editor source
jp,https://jp.beautyblossom.kr/124,w20250304b79e18cad4f3c,b7d27d33f07d117f543d52c55b2136c9b4a9a58481c28f92794dfa20e9dde8c3,844,rendered_code/b7d27d33f07d117f543d52c5.html,rendered widget fragment; NOT original editor source
jp,https://jp.beautyblossom.kr/124,w2025030424c2b44e908b9,20f42ce894a5755d2d153cee1049a828ca3cf70693a495d3d61adf0f0e4a00a3,1132,rendered_code/20f42ce894a5755d2d153cee.html,rendered widget fragment; NOT original editor source
jp,https://jp.beautyblossom.kr/124,w20250304c29b5ef3746f2,bbbcd298ed58672765acdfcac937788bae4e7dee3868b294b95b55451ec6b609,6266,rendered_code/bbbcd298ed58672765acdfca.html,rendered widget fragment; NOT original editor source
jp,https://jp.beautyblossom.kr/124,w202503161594969480531,1f0013538e2fd6d98be4f27ca7194842b85466b6ae6fd4b25c26106f7288bd87,1079,rendered_code/1f0013538e2fd6d98be4f27c.html,rendered widget fragment; NOT original editor source
jp,https://jp.beautyblossom.kr/125,w20250304be27d5a02e127,7ddd4daa1bfccdc285aca93b724936796025d97274532cdc09d0af222383eab1,1347,rendered_code/7ddd4daa1bfccdc285aca93b.html,rendered widget fragment; NOT original editor source
jp,https://jp.beautyblossom.kr/125,w20250304da809ae54426f,bde641276cb2752796ff909a3bad76524734dfd73f22740bf4d0a916044837c0,1130,rendered_code/bde641276cb2752796ff909a.html,rendered widget fragment; NOT original editor source
jp,https://jp.beautyblossom.kr/125,w2025030456aec4d24bffa,5eb76c1b9baa0cda09cdd648c8885b76e4693c4ce49fa1d57b5f903070677df5,832,rendered_code/5eb76c1b9baa0cda09cdd648.html,rendered widget fragment; NOT original editor source
jp,https://jp.beautyblossom.kr/125,w202503040d4e120175090,269fffce4029917783429dfd30d4ceed3b8d636b5502bcc61fe6529afdaab0e5,1243,rendered_code/269fffce4029917783429dfd.html,rendered widget fragment; NOT original editor source
jp,https://jp.beautyblossom.kr/125,w2025031644e3737c6da2b,1f0013538e2fd6d98be4f27ca7194842b85466b6ae6fd4b25c26106f7288bd87,1079,rendered_code/1f0013538e2fd6d98be4f27c.html,rendered widget fragment; NOT original editor source
jp,https://jp.beautyblossom.kr/1256213630,w20260330c53e4e3f4449b,1b941ff23015e152f7ac319a8305ba3ab7fd8f4f0661ee35e50119f232be4a56,10470,rendered_code/1b941ff23015e152f7ac319a.html,rendered widget fragment; NOT original editor source
jp,https://jp.beautyblossom.kr/1256213630,w2026042378e7aa4127b01,b264c122891d76671e9d2cca8be748a279cd029f23d7edaf5bf99b7148d062e8,6874,rendered_code/b264c122891d76671e9d2cca.html,rendered widget fragment; NOT original editor source
jp,https://jp.beautyblossom.kr/126,w20250304f5a3fb7e0d493,7440280c133613e19779525ab7bcf6a5d2f37234bb67426d64cbe4961bbbe7db,1346,rendered_code/7440280c133613e19779525a.html,rendered widget fragment; NOT original editor source
jp,https://jp.beautyblossom.kr/126,w20250304cdd6b0797b128,f8680ea773585563ef263886497e6241890de997f92ce83b45dd046245dcbadb,196,rendered_code/f8680ea773585563ef263886.html,rendered widget fragment; NOT original editor source
jp,https://jp.beautyblossom.kr/126,w2025030454bdb4ac8da6d,8c75322c2d4b89728fab91de051f74f480fc0738f578d8ccb1576ecc02a3e061,2932,rendered_code/8c75322c2d4b89728fab91de.html,rendered widget fragment; NOT original editor source
jp,https://jp.beautyblossom.kr/126,w20250304b096a1740408b,0a044db421756fdffb21bd9684e31f2f3c683e8a149c5fbb0eb25b510c2119bc,1245,rendered_code/0a044db421756fdffb21bd96.html,rendered widget fragment; NOT original editor source
jp,https://jp.beautyblossom.kr/126,w20250316cf33cda1bbe16,1f0013538e2fd6d98be4f27ca7194842b85466b6ae6fd4b25c26106f7288bd87,1079,rendered_code/1f0013538e2fd6d98be4f27c.html,rendered widget fragment; NOT original editor source
jp,https://jp.beautyblossom.kr/127,w20250304842957d366bca,08edd6bdd5ae2074d912cbf13d7616102d9fe31e229ecc423e3a8761c6641163,1356,rendered_code/08edd6bdd5ae2074d912cbf1.html,rendered widget fragment; NOT original editor source
jp,https://jp.beautyblossom.kr/127,w20250304a53dd70c52991,0e8a4d6bf90c8c6a51c48b4c2cf67b4ad960aa08ee49e18a1e0c64c2e8293951,899,rendered_code/0e8a4d6bf90c8c6a51c48b4c.html,rendered widget fragment; NOT original editor source
jp,https://jp.beautyblossom.kr/127,w202503048efd00335b6ad,2949cee9708daeff11a176eca1f5929527019b6d919138748bc2bc35b2a83e3e,1249,rendered_code/2949cee9708daeff11a176ec.html,rendered widget fragment; NOT original editor source
jp,https://jp.beautyblossom.kr/127,w20250316fa810cc8ae129,1f0013538e2fd6d98be4f27ca7194842b85466b6ae6fd4b25c26106f7288bd87,1079,rendered_code/1f0013538e2fd6d98be4f27c.html,rendered widget fragment; NOT original editor source
jp,https://jp.beautyblossom.kr/129,w2025030460c4e1a3e548c,9d56a365a56037488483cd2ad2e4384df99b80d3cf5b16472ea3f073ebdf22bf,1361,rendered_code/9d56a365a56037488483cd2a.html,rendered widget fragment; NOT original editor source
jp,https://jp.beautyblossom.kr/129,w202503042e5aa840e6cef,22da17f76ccbef5b1829fe7746b26dcaa761bc3868f33dbf3c07d6c5d17bc559,1906,rendered_code/22da17f76ccbef5b1829fe77.html,rendered widget fragment; NOT original editor source
jp,https://jp.beautyblossom.kr/129,w202503049f794211059ce,c8e9f1535997ffa6d3ef52f745f88c72b1649bbf28b2c991eae56ac9bc61dc02,2986,rendered_code/c8e9f1535997ffa6d3ef52f7.html,rendered widget fragment; NOT original editor source
jp,https://jp.beautyblossom.kr/129,w20250304e913e2ff5dbf6,00e221c19e9686d3cfbbd6d3b48653e9662c9e704c2fb30f14fba20118ae718f,1109,rendered_code/00e221c19e9686d3cfbbd6d3.html,rendered widget fragment; NOT original editor source
jp,https://jp.beautyblossom.kr/129,w202503161c5cc10b408c9,1f0013538e2fd6d98be4f27ca7194842b85466b6ae6fd4b25c26106f7288bd87,1079,rendered_code/1f0013538e2fd6d98be4f27c.html,rendered widget fragment; NOT original editor source
jp,https://jp.beautyblossom.kr/130,w202503045959bfb00bab4,4f80a5592d9164e3afc39ddf5660afc0d1d4da298300fa106d4f039516fdc5fc,1361,rendered_code/4f80a5592d9164e3afc39ddf.html,rendered widget fragment; NOT original editor source
jp,https://jp.beautyblossom.kr/130,w202503040781150a79bd9,1af51bf5afd84b8322e34480f887442d12606b1dea902ddd422432320ba227f0,855,rendered_code/1af51bf5afd84b8322e34480.html,rendered widget fragment; NOT original editor source
jp,https://jp.beautyblossom.kr/130,w20250304ede63b034852d,42a0c573aebcce8d5ba8a8050193929eeae4f07f5deaaedb6be88a036944bb5a,1489,rendered_code/42a0c573aebcce8d5ba8a805.html,rendered widget fragment; NOT original editor source
jp,https://jp.beautyblossom.kr/130,w20250304c1058a4032e53,b96cfc0bab77da9a945f0fb4096b5ae7e1fbd0b8f29906fd7211dd3ef6752d49,1240,rendered_code/b96cfc0bab77da9a945f0fb4.html,rendered widget fragment; NOT original editor source
jp,https://jp.beautyblossom.kr/130,w202503164d36a1f345495,1f0013538e2fd6d98be4f27ca7194842b85466b6ae6fd4b25c26106f7288bd87,1079,rendered_code/1f0013538e2fd6d98be4f27c.html,rendered widget fragment; NOT original editor source
jp,https://jp.beautyblossom.kr/1446720749,w202603306a3505133ff82,509ac126eec0039a137f2adca34b37a1214c4f71e5e324de5aae301c88b5308f,16866,rendered_code/509ac126eec0039a137f2adc.html,rendered widget fragment; NOT original editor source
jp,https://jp.beautyblossom.kr/1446720749,w20260423a11f268340ec7,4cd7280bf0f6251b338b7ae827325f76e66b3f7a6ce367f2a589e313bacf02dd,6597,rendered_code/4cd7280bf0f6251b338b7ae8.html,rendered widget fragment; NOT original editor source
jp,https://jp.beautyblossom.kr/1475371553,w20260330eb1ae61a79a1a,861447d8fdbf3465c03fed846c6ac81091c8d0ae5483a93ee1a156da15857253,2202,rendered_code/861447d8fdbf3465c03fed84.html,rendered widget fragment; NOT original editor source
jp,https://jp.beautyblossom.kr/17,w20250304424a0528da90a,7b241739a11d7bf79b0f62ed6a7e9d76407171935fca733ba9072534db07b441,199,rendered_code/7b241739a11d7bf79b0f62ed.html,rendered widget fragment; NOT original editor source
jp,https://jp.beautyblossom.kr/18,w202503157e083a91b989d,7b241739a11d7bf79b0f62ed6a7e9d76407171935fca733ba9072534db07b441,199,rendered_code/7b241739a11d7bf79b0f62ed.html,rendered widget fragment; NOT original editor source
jp,https://jp.beautyblossom.kr/19,w20250315909e954199c02,7b241739a11d7bf79b0f62ed6a7e9d76407171935fca733ba9072534db07b441,199,rendered_code/7b241739a11d7bf79b0f62ed.html,rendered widget fragment; NOT original editor source
jp,https://jp.beautyblossom.kr/22,w2025030482e0673eccb30,f3de95d84ae142b77d780f4699cbafdc21da5fa1e2bb09437b9e8c44f16b1636,195,rendered_code/f3de95d84ae142b77d780f46.html,rendered widget fragment; NOT original editor source
jp,https://jp.beautyblossom.kr/25,w20250408e0009f1de9031,f3de95d84ae142b77d780f4699cbafdc21da5fa1e2bb09437b9e8c44f16b1636,195,rendered_code/f3de95d84ae142b77d780f46.html,rendered widget fragment; NOT original editor source
jp,https://jp.beautyblossom.kr/28,w202503048d948b0e65f8e,5526ee63570998e79f5b954cf01cdc2db085cbb6eb52bd459cc7f3f174d7ce05,1292,rendered_code/5526ee63570998e79f5b954c.html,rendered widget fragment; NOT original editor source
jp,https://jp.beautyblossom.kr/28,w202503049d14c26df4fd3,9f06884d7694bf3983fbdc3b546ebd5f02375366d10e347c9699c6abb68fee91,3466,rendered_code/9f06884d7694bf3983fbdc3b.html,rendered widget fragment; NOT original editor source
jp,https://jp.beautyblossom.kr/28,w20250304ff2cc953ffccf,8f907c8c19a51eadced7647da55b54e9cd7e717e7d5ba76c0927e4c58269c3e1,3683,rendered_code/8f907c8c19a51eadced7647d.html,rendered widget fragment; NOT original editor source
jp,https://jp.beautyblossom.kr/28,w202503048f292679b320f,16b12a58c8c8ed3a252a242eb0b0bcb31edeb35b98693a13b842a1453c3f209d,1247,rendered_code/16b12a58c8c8ed3a252a242e.html,rendered widget fragment; NOT original editor source
jp,https://jp.beautyblossom.kr/28,w2025031601770da640cba,1f0013538e2fd6d98be4f27ca7194842b85466b6ae6fd4b25c26106f7288bd87,1079,rendered_code/1f0013538e2fd6d98be4f27c.html,rendered widget fragment; NOT original editor source
jp,https://jp.beautyblossom.kr/29,w202503045906b6bd969c5,8985a65da5e2cc167b02b015852271096258ddcc5442122b9bb360f590819d18,1342,rendered_code/8985a65da5e2cc167b02b015.html,rendered widget fragment; NOT original editor source
jp,https://jp.beautyblossom.kr/29,w202503046692c261d998c,65f17c1a14d8db9b01d8c2673b71147b62a996c751132659fe531ae45463d173,3992,rendered_code/65f17c1a14d8db9b01d8c267.html,rendered widget fragment; NOT original editor source
jp,https://jp.beautyblossom.kr/29,w20250304c10f9b9366b25,ffc92d8ea29dd3d02389c01259112a97f85a7773d1851785f7625235a515c73d,1238,rendered_code/ffc92d8ea29dd3d02389c012.html,rendered widget fragment; NOT original editor source
jp,https://jp.beautyblossom.kr/29,w20250316a161e8cf985f9,1f0013538e2fd6d98be4f27ca7194842b85466b6ae6fd4b25c26106f7288bd87,1079,rendered_code/1f0013538e2fd6d98be4f27c.html,rendered widget fragment; NOT original editor source
jp,https://jp.beautyblossom.kr/30,w20250304bfe112c15b844,07355f8eb39cb8bfb268053781785c5ff401f32c07288586f4c891b7776fddea,864,rendered_code/07355f8eb39cb8bfb2680537.html,rendered widget fragment; NOT original editor source
jp,https://jp.beautyblossom.kr/30,w20250304642b9963ab6b0,40a6fe7bd3f6a58772f6f6191fd325e04f497af2f614f388e90bf05bea48d721,1255,rendered_code/40a6fe7bd3f6a58772f6f619.html,rendered widget fragment; NOT original editor source
jp,https://jp.beautyblossom.kr/30,w202503163dd8d58ca7c52,1f0013538e2fd6d98be4f27ca7194842b85466b6ae6fd4b25c26106f7288bd87,1079,rendered_code/1f0013538e2fd6d98be4f27c.html,rendered widget fragment; NOT original editor source
jp,https://jp.beautyblossom.kr/31,w20250304baccbcb8c3612,c306a801415d6a968116f737893f5ea634d8fe1d4d7494d614cfd4f690d482f0,1345,rendered_code/c306a801415d6a968116f737.html,rendered widget fragment; NOT original editor source
jp,https://jp.beautyblossom.kr/31,w2025030436dfaa9d88854,a0b20c18e6ed1960ab2be044bda2f4d317b0c36e806b141bee81789c76c17960,851,rendered_code/a0b20c18e6ed1960ab2be044.html,rendered widget fragment; NOT original editor source
jp,https://jp.beautyblossom.kr/31,w2025030448663f5210701,8dd68c831479cc634e2b5cfc1f3b2477318e065ff2a8f8bd39ed4644fe193d47,1231,rendered_code/8dd68c831479cc634e2b5cfc.html,rendered widget fragment; NOT original editor source
jp,https://jp.beautyblossom.kr/31,w20250316d98d076d6b042,b1a9cd8164c2b5b169b3f3d1e18a6ca7c48e683ff2987c3ff3145f9bf21867fa,1969,rendered_code/b1a9cd8164c2b5b169b3f3d1.html,rendered widget fragment; NOT original editor source
jp,https://jp.beautyblossom.kr/32,w20250304170b15172f782,4b7a89b2eea9444ca68367cc21aaa681d900686542c5cc477e7ad9e54eb5872d,1366,rendered_code/4b7a89b2eea9444ca68367cc.html,rendered widget fragment; NOT original editor source
jp,https://jp.beautyblossom.kr/32,w2025030412033aa448b2a,c7f9bd0f1090b8ddf0aafe8a407dff398251f7a1b8c5a7dd1cff2d01db591dc3,1236,rendered_code/c7f9bd0f1090b8ddf0aafe8a.html,rendered widget fragment; NOT original editor source
jp,https://jp.beautyblossom.kr/32,w20250316ede797423736f,1f0013538e2fd6d98be4f27ca7194842b85466b6ae6fd4b25c26106f7288bd87,1079,rendered_code/1f0013538e2fd6d98be4f27c.html,rendered widget fragment; NOT original editor source
jp,https://jp.beautyblossom.kr/33,w20250304c883a709c837a,847bc911feaeef05a404e53aae204ec341a7dd0761bd87430254321c904501ff,1212,rendered_code/847bc911feaeef05a404e53a.html,rendered widget fragment; NOT original editor source
jp,https://jp.beautyblossom.kr/33,w20250304278489441aad7,3b58ec5045c3ff71b431144e621ded8d8515b80d141468899213833f33fd2500,861,rendered_code/3b58ec5045c3ff71b431144e.html,rendered widget fragment; NOT original editor source
jp,https://jp.beautyblossom.kr/33,w202503048c3df1f04140c,da69f1fa7f41860738e34d1b2404f3e4b0f529ffb5f66a01b08db2b7721f80e9,1046,rendered_code/da69f1fa7f41860738e34d1b.html,rendered widget fragment; NOT original editor source
jp,https://jp.beautyblossom.kr/33,w202503040c49fd4d51343,76949a715442eddf992b276adeee27097a42ddd635cb815cd401992944b8de6a,887,rendered_code/76949a715442eddf992b276a.html,rendered widget fragment; NOT original editor source
jp,https://jp.beautyblossom.kr/33,w202503044febcd538db35,30eba6a3897d153138169d4ce9321f76665fd1ebbe0a012f59289561faab10b8,1236,rendered_code/30eba6a3897d153138169d4c.html,rendered widget fragment; NOT original editor source
jp,https://jp.beautyblossom.kr/33,w20250316270f6c5582409,1f0013538e2fd6d98be4f27ca7194842b85466b6ae6fd4b25c26106f7288bd87,1079,rendered_code/1f0013538e2fd6d98be4f27c.html,rendered widget fragment; NOT original editor source
jp,https://jp.beautyblossom.kr/34,w202503046bf4d3f3d008a,473f7b8aab95a20684ca4578ec89dd9edb7cf0f344f1e98944fc7b8c5836b5c9,1262,rendered_code/473f7b8aab95a20684ca4578.html,rendered widget fragment; NOT original editor source
jp,https://jp.beautyblossom.kr/34,w20250304343f54dcd1c68,6c3dc2c244570a84dcc0ddbc83073f49ce54497a87cefff10047493d9f94c97f,1111,rendered_code/6c3dc2c244570a84dcc0ddbc.html,rendered widget fragment; NOT original editor source
jp,https://jp.beautyblossom.kr/35,w20250304e737d8438ae22,13f1b51c777df434647c4165c12c353ddfa5c6b2f9760ef06d3b0f1601d413a7,1320,rendered_code/13f1b51c777df434647c4165.html,rendered widget fragment; NOT original editor source
jp,https://jp.beautyblossom.kr/35,w20250304da5ecc52f2029,98cfd6927f6cd008cce0227db85a622c86d9dbf864783adb50e89eeed680e897,1235,rendered_code/98cfd6927f6cd008cce0227d.html,rendered widget fragment; NOT original editor source
jp,https://jp.beautyblossom.kr/35,w20250316eac7405d8861b,1f0013538e2fd6d98be4f27ca7194842b85466b6ae6fd4b25c26106f7288bd87,1079,rendered_code/1f0013538e2fd6d98be4f27c.html,rendered widget fragment; NOT original editor source
jp,https://jp.beautyblossom.kr/36,w202503040dbd7e3d14758,bfaa7dad9c014269cc9a84d69884a07d2ce55e261687dcf07876178091c02511,1337,rendered_code/bfaa7dad9c014269cc9a84d6.html,rendered widget fragment; NOT original editor source
jp,https://jp.beautyblossom.kr/36,w2025030469c9ab5914a69,377951cce1b62630e44847a4c6d6a506647912348e65874edaac7c4df9fe41fd,1250,rendered_code/377951cce1b62630e44847a4.html,rendered widget fragment; NOT original editor source
jp,https://jp.beautyblossom.kr/36,w20250316ce1b62f2f6e82,1f0013538e2fd6d98be4f27ca7194842b85466b6ae6fd4b25c26106f7288bd87,1079,rendered_code/1f0013538e2fd6d98be4f27c.html,rendered widget fragment; NOT original editor source
jp,https://jp.beautyblossom.kr/37,w202503040d8a91b815c65,3ccf57c7541c091be3db07bb7c6d1943ffb6b90bf84e15626c4de6378cf257fd,1346,rendered_code/3ccf57c7541c091be3db07bb.html,rendered widget fragment; NOT original editor source
jp,https://jp.beautyblossom.kr/37,w202503043bb38089b0baa,8e3d0b01406635a807288b6e6a19c601ccf432b21b5df59825b18859c049d2af,3073,rendered_code/8e3d0b01406635a807288b6e.html,rendered widget fragment; NOT original editor source
jp,https://jp.beautyblossom.kr/37,w20250304834e56f9c28b7,8d4e95290e59d76f6c25e3240f828be969ea2f1886f1651bcd57343788c2a37e,1248,rendered_code/8d4e95290e59d76f6c25e324.html,rendered widget fragment; NOT original editor source
jp,https://jp.beautyblossom.kr/37,w202503165c0baba2ec087,1f0013538e2fd6d98be4f27ca7194842b85466b6ae6fd4b25c26106f7288bd87,1079,rendered_code/1f0013538e2fd6d98be4f27c.html,rendered widget fragment; NOT original editor source
jp,https://jp.beautyblossom.kr/39,w20250916a0c47abae9efd,0aaa4b6292a87cc507cd51e342bbe14a60701f94493f8627785314b57cc97da0,1633,rendered_code/0aaa4b6292a87cc507cd51e3.html,rendered widget fragment; NOT original editor source
jp,https://jp.beautyblossom.kr/39,w20250916e45ea35b780e0,37a500ceeb52dad2cf41a0821b1b99cc642490992fc4ff9ee97cc98ce6f62857,1616,rendered_code/37a500ceeb52dad2cf41a082.html,rendered widget fragment; NOT original editor source
jp,https://jp.beautyblossom.kr/39,w20250916df36ca140c9fa,f0fab8f9418b6ce80b4011c4d5b836c7a9e5323823d6baf85c11b9ea539da2f5,3064,rendered_code/f0fab8f9418b6ce80b4011c4.html,rendered widget fragment; NOT original editor source
jp,https://jp.beautyblossom.kr/39,w20250916d4f7f5f6c6716,dc80e9dba039e919b1a6d155c98dae4b584cae792055c4a59aa23605bb2c51bb,2378,rendered_code/dc80e9dba039e919b1a6d155.html,rendered widget fragment; NOT original editor source
jp,https://jp.beautyblossom.kr/3D,w20250814e7b2306f0c40d,f3de95d84ae142b77d780f4699cbafdc21da5fa1e2bb09437b9e8c44f16b1636,195,rendered_code/f3de95d84ae142b77d780f46.html,rendered widget fragment; NOT original editor source
jp,https://jp.beautyblossom.kr/3D,w2025081493b0e62f65c67,a83436f993f847f0c49cef97590d79e00c14eed18342495aed1a2595722f68f5,2291,rendered_code/a83436f993f847f0c49cef97.html,rendered widget fragment; NOT original editor source
jp,https://jp.beautyblossom.kr/3D,w202508149fe021171d219,82571fc3a8c3c76171b7f2d1a7b7dc98b5512238bf4d099c2e81a5f10cbab2d4,1661,rendered_code/82571fc3a8c3c76171b7f2d1.html,rendered widget fragment; NOT original editor source
jp,https://jp.beautyblossom.kr/3D,w2025081455465fb4bfc57,5d74973cdee5c055e172a05fac33e3d36178d69d5dc9eb52b513056e0c4f79a6,1692,rendered_code/5d74973cdee5c055e172a05f.html,rendered widget fragment; NOT original editor source
jp,https://jp.beautyblossom.kr/3D,w202508147a55f0ec9d8ec,8942693d4ce98ebc3973d87845628649448335908f55b9ea633e5b49f23f038e,2115,rendered_code/8942693d4ce98ebc3973d878.html,rendered widget fragment; NOT original editor source
jp,https://jp.beautyblossom.kr/3D,w2025081435982d443ceef,949d4ebc672691376a71cf511d009f82d344ea16a7f3fa6b80cdbb9bdbca14c7,1285,rendered_code/949d4ebc672691376a71cf51.html,rendered widget fragment; NOT original editor source
jp,https://jp.beautyblossom.kr/3D,w2025081480f18bd191eaa,1f0013538e2fd6d98be4f27ca7194842b85466b6ae6fd4b25c26106f7288bd87,1079,rendered_code/1f0013538e2fd6d98be4f27c.html,rendered widget fragment; NOT original editor source
jp,https://jp.beautyblossom.kr/40,w2025111274fa8ad423171,7389d75f64556d487d4ce5b973f5d1a634532915c56000663c0f62f49672de9a,1360,rendered_code/7389d75f64556d487d4ce5b9.html,rendered widget fragment; NOT original editor source
jp,https://jp.beautyblossom.kr/40,w202511125770704d5c44c,1aacd85f734758e7276cfb6b9614c96040aa571b6768cc273cffd16705e0de10,3087,rendered_code/1aacd85f734758e7276cfb6b.html,rendered widget fragment; NOT original editor source
jp,https://jp.beautyblossom.kr/40,w202511127d74f360769a7,5a3d61cfae18c6ba53f9b763704b1c9de2fff8fac93e3c76ce9dadeb4127b1ee,1547,rendered_code/5a3d61cfae18c6ba53f9b763.html,rendered widget fragment; NOT original editor source
jp,https://jp.beautyblossom.kr/40,w20251112529dd9eb39833,f3de95d84ae142b77d780f4699cbafdc21da5fa1e2bb09437b9e8c44f16b1636,195,rendered_code/f3de95d84ae142b77d780f46.html,rendered widget fragment; NOT original editor source
jp,https://jp.beautyblossom.kr/40,w2025111213f5d23002066,165fc6786808bb5dfacc908d1edf96edefd9b2942932642b6d49dfd26a2ca927,1617,rendered_code/165fc6786808bb5dfacc908d.html,rendered widget fragment; NOT original editor source
jp,https://jp.beautyblossom.kr/40,w20251112baaf98e3df629,f04d60adc450756a7989cc6b047f2d97de18d129d53cc0db4035fccaa4a09679,1755,rendered_code/f04d60adc450756a7989cc6b.html,rendered widget fragment; NOT original editor source
jp,https://jp.beautyblossom.kr/40,w20251112fbdb5f1352cfa,179f9fa4adede48eb66b9219dd95bd51605678c02e2303cc63d1f0623459af8f,1266,rendered_code/179f9fa4adede48eb66b9219.html,rendered widget fragment; NOT original editor source
jp,https://jp.beautyblossom.kr/40,w202511122514f7221adfa,1f0013538e2fd6d98be4f27ca7194842b85466b6ae6fd4b25c26106f7288bd87,1079,rendered_code/1f0013538e2fd6d98be4f27c.html,rendered widget fragment; NOT original editor source
jp,https://jp.beautyblossom.kr/40b,w20250304d6cba6c30f3ec,c1a4ca36a3c0f1d6301f8db1e6c7a10a26411b0bad4b028035cd0554ec1e7a7e,1370,rendered_code/c1a4ca36a3c0f1d6301f8db1.html,rendered widget fragment; NOT original editor source
jp,https://jp.beautyblossom.kr/40b,w202503042fb7a07d555e4,3174925419882067b52e4a7b553109eb930b09c5e400d7a54a35f33e52a85829,1230,rendered_code/3174925419882067b52e4a7b.html,rendered widget fragment; NOT original editor source
jp,https://jp.beautyblossom.kr/40b,w202503162e80d16ab15b0,1f0013538e2fd6d98be4f27ca7194842b85466b6ae6fd4b25c26106f7288bd87,1079,rendered_code/1f0013538e2fd6d98be4f27c.html,rendered widget fragment; NOT original editor source
jp,https://jp.beautyblossom.kr/41,w202503045aee731aff22a,c6cba7cc6bf383939c655567da1ca6c31dfe409c16695b927316ab02e0197d11,1352,rendered_code/c6cba7cc6bf383939c655567.html,rendered widget fragment; NOT original editor source
jp,https://jp.beautyblossom.kr/41,w20250713d0c393a894dcc,e21aecceaef8344c32cccccf105b6c3ccb87a8b99d6b879df0a75c0daac5ac31,1550,rendered_code/e21aecceaef8344c32cccccf.html,rendered widget fragment; NOT original editor source
jp,https://jp.beautyblossom.kr/41,w202507136ced483902600,8b52d2139f3843acfbd760775989da7b37a4bdf35418677c2223969846648f3c,1509,rendered_code/8b52d2139f3843acfbd76077.html,rendered widget fragment; NOT original editor source
jp,https://jp.beautyblossom.kr/41,w2025071366092e8891ea2,8de4e81c583edbe604c3f7a2622c711a5fa9b58f1191e55dc2fa6da66feb64ce,1575,rendered_code/8de4e81c583edbe604c3f7a2.html,rendered widget fragment; NOT original editor source
jp,https://jp.beautyblossom.kr/41,w20250713b996ff4f7d636,d6fb476c2f2e3c798b4000caeebc41987f43c4015b1255c0f182ba498a1413a3,198,rendered_code/d6fb476c2f2e3c798b4000ca.html,rendered widget fragment; NOT original editor source
jp,https://jp.beautyblossom.kr/41,w202507136b3eef826564b,1e98338b02af44149ec2b93c7abd096a6f64d7d182736e97dcbd78074b0c0e88,1874,rendered_code/1e98338b02af44149ec2b93c.html,rendered widget fragment; NOT original editor source
jp,https://jp.beautyblossom.kr/41,w202507135a22937dc9b4e,7ef1a66555813f3d42be483103ffe921efd5b250c7a3a42696f84b4d0b4d9891,1132,rendered_code/7ef1a66555813f3d42be4831.html,rendered widget fragment; NOT original editor source
jp,https://jp.beautyblossom.kr/41,w20250713b9048fa15fc1c,bc6ba95fc19ea7b2395d2c56ab481a9caf134e0a6534bf78d7804548ffee738e,1482,rendered_code/bc6ba95fc19ea7b2395d2c56.html,rendered widget fragment; NOT original editor source
jp,https://jp.beautyblossom.kr/41,w20250304fd2dcf01c1b68,13fb7b564f7b0acb523aef8b30cf033f643eeabc80a95358eb3ff7dab045c96a,1243,rendered_code/13fb7b564f7b0acb523aef8b.html,rendered widget fragment; NOT original editor source
jp,https://jp.beautyblossom.kr/41,w202503169b3a8f613e4e3,1f0013538e2fd6d98be4f27ca7194842b85466b6ae6fd4b25c26106f7288bd87,1079,rendered_code/1f0013538e2fd6d98be4f27c.html,rendered widget fragment; NOT original editor source
jp,https://jp.beautyblossom.kr/42,w20250304fe2485403cd8a,8a0fa4b6ca2de86de8da5cb576db425cbbb8c6748521b1ca6e04e0ba957f8722,1364,rendered_code/8a0fa4b6ca2de86de8da5cb5.html,rendered widget fragment; NOT original editor source
jp,https://jp.beautyblossom.kr/42,w20250304155aa8fec8c0c,a639b05c3fdfb01b60ad342e6f2e6179cd4ab0930d1842f3ba64703e7742c0a9,805,rendered_code/a639b05c3fdfb01b60ad342e.html,rendered widget fragment; NOT original editor source
jp,https://jp.beautyblossom.kr/42,w2025030401975879e90fb,268e738d4b9793579328ec9bba0cdb3bbbd183da4187cd9916c96cbb626ea235,1236,rendered_code/268e738d4b9793579328ec9b.html,rendered widget fragment; NOT original editor source
jp,https://jp.beautyblossom.kr/42,w202503163f91051764c05,1f0013538e2fd6d98be4f27ca7194842b85466b6ae6fd4b25c26106f7288bd87,1079,rendered_code/1f0013538e2fd6d98be4f27c.html,rendered widget fragment; NOT original editor source
jp,https://jp.beautyblossom.kr/43,w202503042b056760e989f,5d99816cfae9eb924161481524256bc977f8e00c3465f5f6930d5574d4890dc4,1346,rendered_code/5d99816cfae9eb9241614815.html,rendered widget fragment; NOT original editor source
jp,https://jp.beautyblossom.kr/43,w20250304c9123e19109d1,2f618e2e7775e25ef44204f1f437fbbbd214c38b2ae3b551088555a1f31fe313,817,rendered_code/2f618e2e7775e25ef44204f1.html,rendered widget fragment; NOT original editor source
jp,https://jp.beautyblossom.kr/43,w202503040c111e7a9918a,b5727bfee9c2b2e8b20fe88d70727c206928b0cb3822ce7bec376696cfd274d9,1254,rendered_code/b5727bfee9c2b2e8b20fe88d.html,rendered widget fragment; NOT original editor source
jp,https://jp.beautyblossom.kr/43,w20250316358e99ba0b637,1f0013538e2fd6d98be4f27ca7194842b85466b6ae6fd4b25c26106f7288bd87,1079,rendered_code/1f0013538e2fd6d98be4f27c.html,rendered widget fragment; NOT original editor source
jp,https://jp.beautyblossom.kr/44,w202503045c408d1420b12,b9beb789de4729358f2329dc161aa7035916b304bc5ca62a21151798a1fd78f9,1357,rendered_code/b9beb789de4729358f2329dc.html,rendered widget fragment; NOT original editor source
jp,https://jp.beautyblossom.kr/44,w20250304eff2251cab2ef,b5417b681c9b0c986d0db2b7ec4023b93803eb7265f2f3d80ecdaf6f0e1e6438,1261,rendered_code/b5417b681c9b0c986d0db2b7.html,rendered widget fragment; NOT original editor source
jp,https://jp.beautyblossom.kr/44,w20250316215902117edc2,1f0013538e2fd6d98be4f27ca7194842b85466b6ae6fd4b25c26106f7288bd87,1079,rendered_code/1f0013538e2fd6d98be4f27c.html,rendered widget fragment; NOT original editor source
jp,https://jp.beautyblossom.kr/45,w20250304d095bcf8707e1,da8a5130188d6bfb8a0cd102a848fb00d85fe2a67b6950a34df176d3616abc1f,1349,rendered_code/da8a5130188d6bfb8a0cd102.html,rendered widget fragment; NOT original editor source
jp,https://jp.beautyblossom.kr/45,w202503043f23bba8c295a,2f38ad1cabe9c5cfcdadc2e6520e793f863d4687c87ead8341e534c777d3113f,678,rendered_code/2f38ad1cabe9c5cfcdadc2e6.html,rendered widget fragment; NOT original editor source
jp,https://jp.beautyblossom.kr/45,w2025030498957560ebff7,f8b5e898d9645f31ec77008744c10f53e095e6c5bc6839434885d48e6059e79b,786,rendered_code/f8b5e898d9645f31ec770087.html,rendered widget fragment; NOT original editor source
jp,https://jp.beautyblossom.kr/45,w2025030401e3e941fbe8c,b234a62e6d5cd659259ac47c987fbff20a242484e662326c33977f5590506530,1259,rendered_code/b234a62e6d5cd659259ac47c.html,rendered widget fragment; NOT original editor source
jp,https://jp.beautyblossom.kr/45,w202503165123bd8d19a5e,1f0013538e2fd6d98be4f27ca7194842b85466b6ae6fd4b25c26106f7288bd87,1079,rendered_code/1f0013538e2fd6d98be4f27c.html,rendered widget fragment; NOT original editor source
jp,https://jp.beautyblossom.kr/47,w2025030416206af634844,a7ed89b3b42f264ab89ac649132983e1864455ffd161154ff1f379e88c63fe05,1195,rendered_code/a7ed89b3b42f264ab89ac649.html,rendered widget fragment; NOT original editor source
jp,https://jp.beautyblossom.kr/47,w20250304ce1ac16fbf786,dbb93650ed7b3fe994a553e47cd101d55281c013e2d41a74a4e25285f57d7efd,909,rendered_code/dbb93650ed7b3fe994a553e4.html,rendered widget fragment; NOT original editor source
jp,https://jp.beautyblossom.kr/47,w202503043d9448aed4e0b,1db554015e048283bc8011701ff0bf3fdd8ea3cde4225c7d6a448efcd08a0dd6,776,rendered_code/1db554015e048283bc801170.html,rendered widget fragment; NOT original editor source
jp,https://jp.beautyblossom.kr/47,w202503161c26a6f30985a,1f0013538e2fd6d98be4f27ca7194842b85466b6ae6fd4b25c26106f7288bd87,1079,rendered_code/1f0013538e2fd6d98be4f27c.html,rendered widget fragment; NOT original editor source
jp,https://jp.beautyblossom.kr/48,w20250304a12094cbbca45,0166b40fd241b623febc7e19e38240ebc8758a0cdc7060e415f241f2162cc4ab,1196,rendered_code/0166b40fd241b623febc7e19.html,rendered widget fragment; NOT original editor source
jp,https://jp.beautyblossom.kr/48,w20250305aa0d9ddc28f43,dbb93650ed7b3fe994a553e47cd101d55281c013e2d41a74a4e25285f57d7efd,909,rendered_code/dbb93650ed7b3fe994a553e4.html,rendered widget fragment; NOT original editor source
jp,https://jp.beautyblossom.kr/48,w202503046fef7d76fc368,3809a8f2382bc9a3db57d3a7d868781bdf1e05d2317ccfe38b3db77bbc2ca188,777,rendered_code/3809a8f2382bc9a3db57d3a7.html,rendered widget fragment; NOT original editor source
jp,https://jp.beautyblossom.kr/48,w2025031608d17a441d6e6,1f0013538e2fd6d98be4f27ca7194842b85466b6ae6fd4b25c26106f7288bd87,1079,rendered_code/1f0013538e2fd6d98be4f27c.html,rendered widget fragment; NOT original editor source
jp,https://jp.beautyblossom.kr/50,w202503042d08398264f97,d7b4bc0ee229a40f62693e18e7133a90198fe79092c987e16f6909dfb1b71f3d,894,rendered_code/d7b4bc0ee229a40f62693e18.html,rendered widget fragment; NOT original editor source
jp,https://jp.beautyblossom.kr/50,w202503047438d62f5aea9,de6aa460cb3aaec444397fcd93c113da47e58fd6b13c4606e85114afa7f6fded,915,rendered_code/de6aa460cb3aaec444397fcd.html,rendered widget fragment; NOT original editor source
jp,https://jp.beautyblossom.kr/51,w202503045626c28192eb8,c7ac8206006e39a1081c0c6dd620709acd977447b4f30d0c084d36b47af0368b,1359,rendered_code/c7ac8206006e39a1081c0c6d.html,rendered widget fragment; NOT original editor source
jp,https://jp.beautyblossom.kr/51,w20250304bc9f42171c993,9d51de8c979f81eaf4fc6606f6b7f36dc6ba325ba24ae4182b2ed90df84c594d,866,rendered_code/9d51de8c979f81eaf4fc6606.html,rendered widget fragment; NOT original editor source
jp,https://jp.beautyblossom.kr/51,w2025030445d6dc4e6fdbb,fa4d7abbf2fd968c46e83a6cede1e09de65b0f42b884f8b59c886bcbd63ad27e,1546,rendered_code/fa4d7abbf2fd968c46e83a6c.html,rendered widget fragment; NOT original editor source
jp,https://jp.beautyblossom.kr/51,w202503046ae16f89d472d,3e25274b64cf1556f35261ba4a92643da6537e7955cbf8876fb884e3d2567055,1252,rendered_code/3e25274b64cf1556f35261ba.html,rendered widget fragment; NOT original editor source
jp,https://jp.beautyblossom.kr/51,w202503165f4965207d57e,1f0013538e2fd6d98be4f27ca7194842b85466b6ae6fd4b25c26106f7288bd87,1079,rendered_code/1f0013538e2fd6d98be4f27c.html,rendered widget fragment; NOT original editor source
jp,https://jp.beautyblossom.kr/52,w20250304c90d86454bc7b,e128e9532fd9a1f4354fb119931d5e7d604134c0b1f4e6f01d2e39e76903753c,1364,rendered_code/e128e9532fd9a1f4354fb119.html,rendered widget fragment; NOT original editor source
jp,https://jp.beautyblossom.kr/52,w20250304e73e45608e11b,a28813eadfa490a1db35c11e06e02211e603e24d09bd0f20c58ef68d61a6ee0e,701,rendered_code/a28813eadfa490a1db35c11e.html,rendered widget fragment; NOT original editor source
jp,https://jp.beautyblossom.kr/52,w20250304bb7153fcbaa0c,9d92b89db588d90997aef77d85a7831f9ac41ed59d7578eed8a1287d38a2ecff,1246,rendered_code/9d92b89db588d90997aef77d.html,rendered widget fragment; NOT original editor source
jp,https://jp.beautyblossom.kr/52,w20250316d67d56a352fa5,1f0013538e2fd6d98be4f27ca7194842b85466b6ae6fd4b25c26106f7288bd87,1079,rendered_code/1f0013538e2fd6d98be4f27c.html,rendered widget fragment; NOT original editor source
jp,https://jp.beautyblossom.kr/53,w2025030457e94abb1a90d,636824e07e58f8d450827ef72467a356d28bd35fdf2968bd1760ad0d4e8e5054,1355,rendered_code/636824e07e58f8d450827ef7.html,rendered widget fragment; NOT original editor source
jp,https://jp.beautyblossom.kr/53,w20250304f7ea684cc457f,4cbbe548a28d69a022258c4207a276cad56c23dfefdba486447b3367c6023aac,977,rendered_code/4cbbe548a28d69a022258c42.html,rendered widget fragment; NOT original editor source
jp,https://jp.beautyblossom.kr/53,w20250304b25ea576bcdbf,f701c708817b90f21f239aae8226d4f8df0ab1cdf2fc8766cf958001b88aeedd,1266,rendered_code/f701c708817b90f21f239aae.html,rendered widget fragment; NOT original editor source
jp,https://jp.beautyblossom.kr/53,w202503043abb2eb668b22,6c3dc2c244570a84dcc0ddbc83073f49ce54497a87cefff10047493d9f94c97f,1111,rendered_code/6c3dc2c244570a84dcc0ddbc.html,rendered widget fragment; NOT original editor source
jp,https://jp.beautyblossom.kr/54,w202503049db2dac8d212b,8a2d2e3f1fdb7e57196d483e1aca476e04af4772c0200c7d082989b516d4d20c,1349,rendered_code/8a2d2e3f1fdb7e57196d483e.html,rendered widget fragment; NOT original editor source
jp,https://jp.beautyblossom.kr/54,w20250304f948153105d71,339847303c99210b88a0a4911a1b996672c9ae6fea65bafef2a1f544771a0fd1,1251,rendered_code/339847303c99210b88a0a491.html,rendered widget fragment; NOT original editor source
jp,https://jp.beautyblossom.kr/54,w20250316cca77dcac5666,1f0013538e2fd6d98be4f27ca7194842b85466b6ae6fd4b25c26106f7288bd87,1079,rendered_code/1f0013538e2fd6d98be4f27c.html,rendered widget fragment; NOT original editor source
jp,https://jp.beautyblossom.kr/55,w202503045660a92bd8b2e,734aa48b796960780a0dd1030f8587b5ae0a6dcf0bcb0ee72cf4d4a4dd343107,1360,rendered_code/734aa48b796960780a0dd103.html,rendered widget fragment; NOT original editor source
jp,https://jp.beautyblossom.kr/55,w20250304af822ae47c84e,c7839268b613c9bde2e448480801e182d9f72d6150097644da548970cc48bc38,827,rendered_code/c7839268b613c9bde2e44848.html,rendered widget fragment; NOT original editor source
jp,https://jp.beautyblossom.kr/55,w20250304029ae527d8374,2c216707ba1cd7e91af9cbc53a6f0106e5512390c6fd0ed5ba1176ccd0391fa6,4988,rendered_code/2c216707ba1cd7e91af9cbc5.html,rendered widget fragment; NOT original editor source
jp,https://jp.beautyblossom.kr/55,w20250304993062bff68e9,4d98c866f7ef4dd9b25972abff7daaf26950aca431e4816d91a6fec7918787e2,1256,rendered_code/4d98c866f7ef4dd9b25972ab.html,rendered widget fragment; NOT original editor source
jp,https://jp.beautyblossom.kr/55,w202503167edc3a41fed3e,1f0013538e2fd6d98be4f27ca7194842b85466b6ae6fd4b25c26106f7288bd87,1079,rendered_code/1f0013538e2fd6d98be4f27c.html,rendered widget fragment; NOT original editor source
jp,https://jp.beautyblossom.kr/56,w202503042aa1669c297ad,08b4b5c84e7f08b237448d54eb6ea6a0214126ccfbf7249433dfbe458d2bc0ef,1354,rendered_code/08b4b5c84e7f08b237448d54.html,rendered widget fragment; NOT original editor source
jp,https://jp.beautyblossom.kr/56,w20250304b9af944a12b0c,4c8f87ded17e7df5f29352bf3e89c79b7c371e3699e04bc9e0e83b8817c1265e,688,rendered_code/4c8f87ded17e7df5f29352bf.html,rendered widget fragment; NOT original editor source
jp,https://jp.beautyblossom.kr/56,w20250304ceafa14d77616,a3e44598bb1559b53e02efad69beb8bb88e0c37e78ab9bd1827883b883d0f1a4,981,rendered_code/a3e44598bb1559b53e02efad.html,rendered widget fragment; NOT original editor source
jp,https://jp.beautyblossom.kr/56,w20250304c90fb7f25f9c6,5feb9545f000b3f625fc9bf892a34499648bf21500ce008270f219698965f037,1241,rendered_code/5feb9545f000b3f625fc9bf8.html,rendered widget fragment; NOT original editor source
jp,https://jp.beautyblossom.kr/56,w2025031672e8fb9b32b47,1f0013538e2fd6d98be4f27ca7194842b85466b6ae6fd4b25c26106f7288bd87,1079,rendered_code/1f0013538e2fd6d98be4f27c.html,rendered widget fragment; NOT original editor source
jp,https://jp.beautyblossom.kr/57,w20250304ddfaefac4a4e1,7917c496d67f25f964e54048770d0d2e5c7f3bbe6a70b931adcd8d94aa50ddf2,1349,rendered_code/7917c496d67f25f964e54048.html,rendered widget fragment; NOT original editor source
jp,https://jp.beautyblossom.kr/57,w202503043e1f642bc8a6b,29169b12eb5dcc23eaa96dbf4d4d3b02d164e37ca4d4845a6106809f8deafd9c,822,rendered_code/29169b12eb5dcc23eaa96dbf.html,rendered widget fragment; NOT original editor source
jp,https://jp.beautyblossom.kr/57,w2025030479da7134d7aa0,e31a20933ae7111bc38ca752c8e95b0461f2c99790c6b5de77c4fd2fb10b0066,1254,rendered_code/e31a20933ae7111bc38ca752.html,rendered widget fragment; NOT original editor source
jp,https://jp.beautyblossom.kr/57,w20250316b9cbfd75eac26,1f0013538e2fd6d98be4f27ca7194842b85466b6ae6fd4b25c26106f7288bd87,1079,rendered_code/1f0013538e2fd6d98be4f27c.html,rendered widget fragment; NOT original editor source
jp,https://jp.beautyblossom.kr/58,w20250304b414417452a75,9f44afd64bef025defd9bc6ea2473652107a5a17a7b4631920eaed226724566b,1346,rendered_code/9f44afd64bef025defd9bc6e.html,rendered widget fragment; NOT original editor source
jp,https://jp.beautyblossom.kr/58,w20250304e0794a792b18b,0114f6ffef0a4e07f83d78ed1b6f7435aee3d4bfbc2a564554891f88b7f80d85,799,rendered_code/0114f6ffef0a4e07f83d78ed.html,rendered widget fragment; NOT original editor source
jp,https://jp.beautyblossom.kr/58,w20250304a830db48b4cba,59131ceb681f466bef372bdca7720dc5de031b6375f4db24dd435d1f84daf519,1117,rendered_code/59131ceb681f466bef372bdc.html,rendered widget fragment; NOT original editor source
jp,https://jp.beautyblossom.kr/58,w20250316a6e22c9bd2743,1f0013538e2fd6d98be4f27ca7194842b85466b6ae6fd4b25c26106f7288bd87,1079,rendered_code/1f0013538e2fd6d98be4f27c.html,rendered widget fragment; NOT original editor source
jp,https://jp.beautyblossom.kr/60,w202503042fd1d623ca379,de097dfb6de80147bf708cfdd1a087faf2a1375537e265de44161228d2ef7ebf,1343,rendered_code/de097dfb6de80147bf708cfd.html,rendered widget fragment; NOT original editor source
jp,https://jp.beautyblossom.kr/60,w20250304a29d80e9e868d,d09ffb43c6125d8930d48693d59989aa455fa73c7550a6b0f5b2d357f7d6a0a9,1232,rendered_code/d09ffb43c6125d8930d48693.html,rendered widget fragment; NOT original editor source
jp,https://jp.beautyblossom.kr/60,w20250316eb3bd66c58bee,1f0013538e2fd6d98be4f27ca7194842b85466b6ae6fd4b25c26106f7288bd87,1079,rendered_code/1f0013538e2fd6d98be4f27c.html,rendered widget fragment; NOT original editor source
jp,https://jp.beautyblossom.kr/61,w202503041ec9f7717037c,95f181a75e627087355c25a9310e8cda64d592ced89de98a1eb2db340643001d,1356,rendered_code/95f181a75e627087355c25a9.html,rendered widget fragment; NOT original editor source
jp,https://jp.beautyblossom.kr/61,w202503040378e6b484c6a,0ced07a0a0141241dcdbb988c267500972c90653007b56e8733d369f95eda976,834,rendered_code/0ced07a0a0141241dcdbb988.html,rendered widget fragment; NOT original editor source
jp,https://jp.beautyblossom.kr/61,w20250304b80c60b1fa72d,a539c90b9cd03bf6948ebb26902ca5ba2076d4a6875804fda82addf2b7f1d467,1612,rendered_code/a539c90b9cd03bf6948ebb26.html,rendered widget fragment; NOT original editor source
jp,https://jp.beautyblossom.kr/61,w20250304ee40e5b51d708,ce0da0077c676abe9d72ccf8c70e95f22ee8da590747c800c8ca6064771c1aac,1218,rendered_code/ce0da0077c676abe9d72ccf8.html,rendered widget fragment; NOT original editor source
jp,https://jp.beautyblossom.kr/61,w20250316820070d2988a7,1f0013538e2fd6d98be4f27ca7194842b85466b6ae6fd4b25c26106f7288bd87,1079,rendered_code/1f0013538e2fd6d98be4f27c.html,rendered widget fragment; NOT original editor source
jp,https://jp.beautyblossom.kr/62,w20250304afe9cee142143,62fc68b6133f737134325e94a0e505746db1c9f038e39d6ab25ea018dd0eb920,1351,rendered_code/62fc68b6133f737134325e94.html,rendered widget fragment; NOT original editor source
jp,https://jp.beautyblossom.kr/62,w202503043e9cf6e0c2625,ec4d2051ff37d45114a3345d814f157dc46cf0250ca6d89f49b1db7f9e1455be,830,rendered_code/ec4d2051ff37d45114a3345d.html,rendered widget fragment; NOT original editor source
jp,https://jp.beautyblossom.kr/62,w20250304d00d3ed02005d,26caed80933cbdecb3205265a57c0a9f5d340bc0a1f885eadf600e84d42d4c9f,1248,rendered_code/26caed80933cbdecb3205265.html,rendered widget fragment; NOT original editor source
jp,https://jp.beautyblossom.kr/62,w20250316834f1491014dd,1f0013538e2fd6d98be4f27ca7194842b85466b6ae6fd4b25c26106f7288bd87,1079,rendered_code/1f0013538e2fd6d98be4f27c.html,rendered widget fragment; NOT original editor source
jp,https://jp.beautyblossom.kr/63,w20250316ba244d59c19bf,1f0013538e2fd6d98be4f27ca7194842b85466b6ae6fd4b25c26106f7288bd87,1079,rendered_code/1f0013538e2fd6d98be4f27c.html,rendered widget fragment; NOT original editor source
jp,https://jp.beautyblossom.kr/64,w2025030416b9422bdcdea,f5a7057f8597a99e3b8c19f9b7e693b5da606f8440342afcc81d0a4102f28c0f,1352,rendered_code/f5a7057f8597a99e3b8c19f9.html,rendered widget fragment; NOT original editor source
jp,https://jp.beautyblossom.kr/64,w202503049101490aa4aed,fb06498aaecb53d668c9cd5d3bcfafc2230bcd2ab3bfdf3de249d1ab36bae1bc,842,rendered_code/fb06498aaecb53d668c9cd5d.html,rendered widget fragment; NOT original editor source
jp,https://jp.beautyblossom.kr/64,w2025030470218c4e4a7ad,ab0c783dfa76132deb1d4b250876489f17e0bf935885def7f5d17220bc84ab76,895,rendered_code/ab0c783dfa76132deb1d4b25.html,rendered widget fragment; NOT original editor source
jp,https://jp.beautyblossom.kr/64,w20250304d9df39e7ddbba,3b07178640eeb1c1b123a347fdfa1eb4603f9b4be93e35dc83e48339623bc326,1238,rendered_code/3b07178640eeb1c1b123a347.html,rendered widget fragment; NOT original editor source
jp,https://jp.beautyblossom.kr/64,w2025031625df0c2ce50cc,1f0013538e2fd6d98be4f27ca7194842b85466b6ae6fd4b25c26106f7288bd87,1079,rendered_code/1f0013538e2fd6d98be4f27c.html,rendered widget fragment; NOT original editor source
jp,https://jp.beautyblossom.kr/65,w20250304da6db0374cac6,34485f4529a4851bf3b10e5781201b62fb5fce87435b4995622fac889d3ae35d,1357,rendered_code/34485f4529a4851bf3b10e57.html,rendered widget fragment; NOT original editor source
jp,https://jp.beautyblossom.kr/65,w20250304f53d83fe02619,84f7578ef4eaa93129c7bb1fd4c67ffe782334eecc473c32d3a2ce88b9a48368,865,rendered_code/84f7578ef4eaa93129c7bb1f.html,rendered widget fragment; NOT original editor source
jp,https://jp.beautyblossom.kr/65,w20250304189e2ba75dd58,c2a25c1d472b52ebbeba24b5c1292ee5aff415fdcd4b810aede4192d8750175d,1045,rendered_code/c2a25c1d472b52ebbeba24b5.html,rendered widget fragment; NOT original editor source
jp,https://jp.beautyblossom.kr/65,w20250304fe49b967ac766,b0afc2a34c2a7b82f402773db2cef648c3fdb82bb331480ba56ad68a9d2384f0,1264,rendered_code/b0afc2a34c2a7b82f402773d.html,rendered widget fragment; NOT original editor source
jp,https://jp.beautyblossom.kr/65,w20250316d6998ab659993,1f0013538e2fd6d98be4f27ca7194842b85466b6ae6fd4b25c26106f7288bd87,1079,rendered_code/1f0013538e2fd6d98be4f27c.html,rendered widget fragment; NOT original editor source
jp,https://jp.beautyblossom.kr/66,w20250304b10f8cd226511,40495292705a73852e40032c9190917b41204d765b3bdcb9dabe3b39493f4c36,1340,rendered_code/40495292705a73852e40032c.html,rendered widget fragment; NOT original editor source
jp,https://jp.beautyblossom.kr/66,w202503040c8718d9a01b5,436ab0584d96963b3864e3d51c697b7ef2e9e92c103d27a1870bb038509865c2,854,rendered_code/436ab0584d96963b3864e3d5.html,rendered widget fragment; NOT original editor source
jp,https://jp.beautyblossom.kr/66,w202503047c0543d598dad,21e6449ff7f3683a37d60f86db3b24b9fbcef1a8c75eee8da90dd348c521dcca,1227,rendered_code/21e6449ff7f3683a37d60f86.html,rendered widget fragment; NOT original editor source
jp,https://jp.beautyblossom.kr/66,w202503161310f07c9f511,1f0013538e2fd6d98be4f27ca7194842b85466b6ae6fd4b25c26106f7288bd87,1079,rendered_code/1f0013538e2fd6d98be4f27c.html,rendered widget fragment; NOT original editor source
jp,https://jp.beautyblossom.kr/67,w20250304e727aeabdc91e,b8b6291cf5ea46472e465914a9caa9dbb9d4061ae74b667299d2ec71c53b2712,1354,rendered_code/b8b6291cf5ea46472e465914.html,rendered widget fragment; NOT original editor source
jp,https://jp.beautyblossom.kr/67,w202503046aed33150119d,b89800b3252625cfcae52188c149aab17811810c2528d974ad24a49a5bc8a040,838,rendered_code/b89800b3252625cfcae52188.html,rendered widget fragment; NOT original editor source
jp,https://jp.beautyblossom.kr/67,w20250304016185771a4f6,2179691656ce82a619f71de805838a9161f38077109e5106d44455cbe02fb00f,963,rendered_code/2179691656ce82a619f71de8.html,rendered widget fragment; NOT original editor source
jp,https://jp.beautyblossom.kr/67,w2025030468bab488e991a,0d5a74359c01c90b078a8bbf72207997e47adc0d85216f5dcc708c65399e06d6,1243,rendered_code/0d5a74359c01c90b078a8bbf.html,rendered widget fragment; NOT original editor source
jp,https://jp.beautyblossom.kr/67,w202503049d3215dbd66c0,6c3dc2c244570a84dcc0ddbc83073f49ce54497a87cefff10047493d9f94c97f,1111,rendered_code/6c3dc2c244570a84dcc0ddbc.html,rendered widget fragment; NOT original editor source
jp,https://jp.beautyblossom.kr/68,w202503047302dbcf287a5,bafc3389a21701da1cf7bc0e0c22c77479a96bfec7fb0d8ec37a9fb9822b36ab,1344,rendered_code/bafc3389a21701da1cf7bc0e.html,rendered widget fragment; NOT original editor source
jp,https://jp.beautyblossom.kr/68,w2025030461d6826e3c6e0,cfd27de7b840f4038e1cc471d7fea4d23ac9834f562b648a56884622cc0088d3,827,rendered_code/cfd27de7b840f4038e1cc471.html,rendered widget fragment; NOT original editor source
jp,https://jp.beautyblossom.kr/68,w20250304216f55af0f548,bac12d23aee52f1fa369136bb57cc2dffaba64f3e7ebe9273b9bb19ce404ee7e,1237,rendered_code/bac12d23aee52f1fa369136b.html,rendered widget fragment; NOT original editor source
jp,https://jp.beautyblossom.kr/68,w202503166a18297df745f,1f0013538e2fd6d98be4f27ca7194842b85466b6ae6fd4b25c26106f7288bd87,1079,rendered_code/1f0013538e2fd6d98be4f27c.html,rendered widget fragment; NOT original editor source
jp,https://jp.beautyblossom.kr/69,w202503043357e7b6313ba,00230c092fc80103591a34f0474d4aad99e3040bd9d50b5471ac5e4bbd31dcb8,1352,rendered_code/00230c092fc80103591a34f0.html,rendered widget fragment; NOT original editor source
jp,https://jp.beautyblossom.kr/69,w202503044b682fbe4df80,bb783c559be5da32ef66d44b7c3c290a1175db227d65d1b27a633efb34e5cf8c,824,rendered_code/bb783c559be5da32ef66d44b.html,rendered widget fragment; NOT original editor source
jp,https://jp.beautyblossom.kr/69,w20250304e6aa487692935,9cf3010748aa60bdb920947d21999c2af0496d4d409b7414405e8d931f70fe88,1873,rendered_code/9cf3010748aa60bdb920947d.html,rendered widget fragment; NOT original editor source
jp,https://jp.beautyblossom.kr/69,w202503046e970f85abaf4,7ff5c62a6e2d4532962a9af8ef2eaac68d568016a7d74c853ed0e662326599ee,1257,rendered_code/7ff5c62a6e2d4532962a9af8.html,rendered widget fragment; NOT original editor source
jp,https://jp.beautyblossom.kr/69,w2025030482771e0db6f1a,1f0013538e2fd6d98be4f27ca7194842b85466b6ae6fd4b25c26106f7288bd87,1079,rendered_code/1f0013538e2fd6d98be4f27c.html,rendered widget fragment; NOT original editor source
jp,https://jp.beautyblossom.kr/71,w20250304c841aec65ecae,33e0c5867d3a3bde43ba249b1519cbcf6a95b61ab48f87362496a9e63506e755,1066,rendered_code/33e0c5867d3a3bde43ba249b.html,rendered widget fragment; NOT original editor source
jp,https://jp.beautyblossom.kr/71,w202503043e000c6237ddd,a49bdbcef8ee450cb9f97947b613a4e598fe3bd604b06b2afeb0e306411c70a1,914,rendered_code/a49bdbcef8ee450cb9f97947.html,rendered widget fragment; NOT original editor source
jp,https://jp.beautyblossom.kr/72,w20250304fcea7a032e86c,b30f7caa309a43c1ce3181c621265c2bbaa8c585a96c34642d14ea06678ca4ab,1360,rendered_code/b30f7caa309a43c1ce3181c6.html,rendered widget fragment; NOT original editor source
jp,https://jp.beautyblossom.kr/72,w20250304b78acca80d25c,f17aa405e5e4a5ada50155f178d7e87b67e2682e76b7347c226f568bfcfabc94,1234,rendered_code/f17aa405e5e4a5ada50155f1.html,rendered widget fragment; NOT original editor source
jp,https://jp.beautyblossom.kr/72,w20250316b0913b46d50d9,1f0013538e2fd6d98be4f27ca7194842b85466b6ae6fd4b25c26106f7288bd87,1079,rendered_code/1f0013538e2fd6d98be4f27c.html,rendered widget fragment; NOT original editor source
jp,https://jp.beautyblossom.kr/73,w20250304f415d7988b0d7,930fd5ba159b05514e4e54a0be45dbf893cab0869d7748f8613a4cef50ba7769,1347,rendered_code/930fd5ba159b05514e4e54a0.html,rendered widget fragment; NOT original editor source
jp,https://jp.beautyblossom.kr/73,w202503045512ff11ac513,b3af142db56c3a296e74c519b83c852ab87fedd7c2f7dbc91ffe52b1bd6d1df3,713,rendered_code/b3af142db56c3a296e74c519.html,rendered widget fragment; NOT original editor source
jp,https://jp.beautyblossom.kr/73,w202503041a56289b63e01,080fc3d0444e14005db979c21c266165ac9387763ab0f780188fbd1682756fcd,1682,rendered_code/080fc3d0444e14005db979c2.html,rendered widget fragment; NOT original editor source
jp,https://jp.beautyblossom.kr/73,w20250304583eba30df8a7,4fca2a48573d697eb20628e536615058bd0f94858edf74b72716aafbfb52394b,1192,rendered_code/4fca2a48573d697eb20628e5.html,rendered widget fragment; NOT original editor source
jp,https://jp.beautyblossom.kr/73,w20250304acc9968901c3d,c5e5138cfc9cedb71cc1772dac6e63d8427f848d7a6cf2cc5792de6612a7e5de,4485,rendered_code/c5e5138cfc9cedb71cc1772d.html,rendered widget fragment; NOT original editor source
jp,https://jp.beautyblossom.kr/73,w2025030483af2a2152a21,d712ecacb90e087ff9faa815c3403a332627dceaac5ed31ac75f324ea0055a97,1238,rendered_code/d712ecacb90e087ff9faa815.html,rendered widget fragment; NOT original editor source
jp,https://jp.beautyblossom.kr/73,w202503168793fad23e77c,1f0013538e2fd6d98be4f27ca7194842b85466b6ae6fd4b25c26106f7288bd87,1079,rendered_code/1f0013538e2fd6d98be4f27c.html,rendered widget fragment; NOT original editor source
jp,https://jp.beautyblossom.kr/74,w20250304874ce3ad00973,74c3d09b408d4c6188f2d312b0304aa739931be5190f0ae3417d58ba9bd28700,1353,rendered_code/74c3d09b408d4c6188f2d312.html,rendered widget fragment; NOT original editor source
jp,https://jp.beautyblossom.kr/74,w20250304a161cc2efa48b,c05ba0dd8075dd0e55aa52a671b318011af864956ffabd2d96d5abab9a698d12,631,rendered_code/c05ba0dd8075dd0e55aa52a6.html,rendered widget fragment; NOT original editor source
jp,https://jp.beautyblossom.kr/74,w202503048c1b4c8d54c77,762893ddc42a9336090a96cce7ef6e69aa9acbde05d2c32cbc0b5cdde33123fb,1240,rendered_code/762893ddc42a9336090a96cc.html,rendered widget fragment; NOT original editor source
jp,https://jp.beautyblossom.kr/74,w20250316dd3519ed70bde,1f0013538e2fd6d98be4f27ca7194842b85466b6ae6fd4b25c26106f7288bd87,1079,rendered_code/1f0013538e2fd6d98be4f27c.html,rendered widget fragment; NOT original editor source
jp,https://jp.beautyblossom.kr/75,w202503044b4285e255c3a,3c3f1368ce7e6bdf09176d1be8e1e61deb7ee247cf45b29455dbfea359adecae,1361,rendered_code/3c3f1368ce7e6bdf09176d1b.html,rendered widget fragment; NOT original editor source
jp,https://jp.beautyblossom.kr/75,w20250304e6f1166a02c86,57f4afc53d27127bd27eae1bfdcf5adc9b12a0df1731cda01ef2e5a12015ba79,860,rendered_code/57f4afc53d27127bd27eae1b.html,rendered widget fragment; NOT original editor source
jp,https://jp.beautyblossom.kr/75,w202503040eaf2e67cd2fa,9d9479c1a2242fb735f53055c63506c74ea31b0e7778a931df11b91910aa29ba,2136,rendered_code/9d9479c1a2242fb735f53055.html,rendered widget fragment; NOT original editor source
jp,https://jp.beautyblossom.kr/75,w202503044f741f83b2ee3,4c48598df1f6fc1ce0196087c700a2060e45144f1b09555f48dc7f0663a06884,1234,rendered_code/4c48598df1f6fc1ce0196087.html,rendered widget fragment; NOT original editor source
jp,https://jp.beautyblossom.kr/75,w20250316e162fdb98d9f8,1f0013538e2fd6d98be4f27ca7194842b85466b6ae6fd4b25c26106f7288bd87,1079,rendered_code/1f0013538e2fd6d98be4f27c.html,rendered widget fragment; NOT original editor source
jp,https://jp.beautyblossom.kr/76,w20250304f02f7e1694599,05890e6480637d57b1c0df4f7078b1aaa1f9285b06e87d6714f223c8898de454,1372,rendered_code/05890e6480637d57b1c0df4f.html,rendered widget fragment; NOT original editor source
jp,https://jp.beautyblossom.kr/76,w202503049480ad0ca6350,f72266f864fcac599faf4412e1c4eb6bb19ec36af4d3659091211e068dcc023d,864,rendered_code/f72266f864fcac599faf4412.html,rendered widget fragment; NOT original editor source
jp,https://jp.beautyblossom.kr/76,w20250304ff5d3dbe48d22,5f54010da1aea99ec91bf10924486a44e3e57d0e65fd1beef866faf4b6db72f8,1110,rendered_code/5f54010da1aea99ec91bf109.html,rendered widget fragment; NOT original editor source
jp,https://jp.beautyblossom.kr/76,w20250316b9da1d7f23817,1f0013538e2fd6d98be4f27ca7194842b85466b6ae6fd4b25c26106f7288bd87,1079,rendered_code/1f0013538e2fd6d98be4f27c.html,rendered widget fragment; NOT original editor source
jp,https://jp.beautyblossom.kr/99,w20250319b61362e4b3055,8a5fd31f977e3502b690a6d14c5367f985265d8e1e82588e7fb8726a553ec81c,1555,rendered_code/8a5fd31f977e3502b690a6d1.html,rendered widget fragment; NOT original editor source
jp,https://jp.beautyblossom.kr/99,w20250319da4facce884a9,b9f3fda737c4892cd02f703a311c227c7e5c4222c75b6f5110cd8d08daf92e1a,741,rendered_code/b9f3fda737c4892cd02f703a.html,rendered widget fragment; NOT original editor source
jp,https://jp.beautyblossom.kr/99,w2025031949b2f4914b157,600249259048d347fbcfbff98445da4809bbdf4e5c2977307351cec5e7cb2832,1408,rendered_code/600249259048d347fbcfbff9.html,rendered widget fragment; NOT original editor source
jp,https://jp.beautyblossom.kr/99,w202503195600e14ea098c,4ebc8fd3055620816a88473b0f07b4fe90591cd61b02ea432cbeaab10961afec,1487,rendered_code/4ebc8fd3055620816a88473b.html,rendered widget fragment; NOT original editor source
jp,https://jp.beautyblossom.kr/99,w202503191c2ece3b0e90e,01834bd3979635682d0cce9ab932bb9abb1add1536eba41029bf1ce2979c145f,1858,rendered_code/01834bd3979635682d0cce9a.html,rendered widget fragment; NOT original editor source
jp,https://jp.beautyblossom.kr/99,w20250319491f1bde0f69e,d20825dbb1cfb53e39df6d2eaa6d30516f5238ce2a8f90f62453678bd00b4e86,1236,rendered_code/d20825dbb1cfb53e39df6d2e.html,rendered widget fragment; NOT original editor source
jp,https://jp.beautyblossom.kr/99,w20250319d48e98a707fd2,1f0013538e2fd6d98be4f27ca7194842b85466b6ae6fd4b25c26106f7288bd87,1079,rendered_code/1f0013538e2fd6d98be4f27c.html,rendered widget fragment; NOT original editor source
jp,https://jp.beautyblossom.kr/LDM,w2025081496465968b93bd,17db74f04981cbf19205e1f756f75647e3233c784808b60adf5fcb141461b26b,1360,rendered_code/17db74f04981cbf19205e1f7.html,rendered widget fragment; NOT original editor source
jp,https://jp.beautyblossom.kr/LDM,w20250814594260f0b8a5f,f3de95d84ae142b77d780f4699cbafdc21da5fa1e2bb09437b9e8c44f16b1636,195,rendered_code/f3de95d84ae142b77d780f46.html,rendered widget fragment; NOT original editor source
jp,https://jp.beautyblossom.kr/LDM,w2025081428fba776387ce,6c399227076884fb16ded387de7a06c0d516da898dbd4b59cb9e087276252a88,528,rendered_code/6c399227076884fb16ded387.html,rendered widget fragment; NOT original editor source
jp,https://jp.beautyblossom.kr/LDM,w20250814dc18c132e15b5,bd0f6c83ba5e72bfea5e3c0be32c908efee0529cd304601b45fe764475293c5a,1659,rendered_code/bd0f6c83ba5e72bfea5e3c0b.html,rendered widget fragment; NOT original editor source
jp,https://jp.beautyblossom.kr/LDM,w20250814c207d271bf21d,a1897c782348425c71ee3cfdb6242f9661c6da2040b526a39f69752f258939d5,3902,rendered_code/a1897c782348425c71ee3cfd.html,rendered widget fragment; NOT original editor source
jp,https://jp.beautyblossom.kr/LDM,w202508147a09789443188,de9ddacc2c697de2f544ae2af3605353b5d297953d747fb176600a229fffb636,667,rendered_code/de9ddacc2c697de2f544ae2a.html,rendered widget fragment; NOT original editor source
jp,https://jp.beautyblossom.kr/LDM,w20250814cb51c708fc5ff,ce6a43dc852ac89bee8213456a38653724ffb227ff8225a1c1ec91b23bcc1585,1003,rendered_code/ce6a43dc852ac89bee821345.html,rendered widget fragment; NOT original editor source
jp,https://jp.beautyblossom.kr/LDM,w202508145c6cfdb3c01f1,b676bbc477b276db233b05532e681fd6143c67ee857338b5850789756c0713ea,1408,rendered_code/b676bbc477b276db233b0553.html,rendered widget fragment; NOT original editor source
jp,https://jp.beautyblossom.kr/LDM,w20250814f7f5f996dc400,f5f0eda053b685298ff93b9332d5fe4c351f20f1e5f1fc4be2ae3983b504d4fa,1269,rendered_code/f5f0eda053b685298ff93b93.html,rendered widget fragment; NOT original editor source
jp,https://jp.beautyblossom.kr/LDM,w20250814037591f8f79bd,1f0013538e2fd6d98be4f27ca7194842b85466b6ae6fd4b25c26106f7288bd87,1079,rendered_code/1f0013538e2fd6d98be4f27c.html,rendered widget fragment; NOT original editor source
jp,https://jp.beautyblossom.kr/Sculptra,w202508141aebdb3a94eaf,34c421aabdc712a482782e309bfd790dda146af468357977f86457e61b24403d,1355,rendered_code/34c421aabdc712a482782e30.html,rendered widget fragment; NOT original editor source
jp,https://jp.beautyblossom.kr/Sculptra,w20250814262a4139d098f,cb23524d5c74271dbef33784dfa68e8a853c7017ae38ff1c5ccd559b440410b6,2567,rendered_code/cb23524d5c74271dbef33784.html,rendered widget fragment; NOT original editor source
jp,https://jp.beautyblossom.kr/Sculptra,w20250814bd41fbe2e9928,43ae011ad77ce862feeb5ce7f32669ee61209cffa01d2d05d76deeb13da40d9e,812,rendered_code/43ae011ad77ce862feeb5ce7.html,rendered widget fragment; NOT original editor source
jp,https://jp.beautyblossom.kr/Sculptra,w202508147a11dc8f0f404,3939ba9c41eae9d891c6440f87632560a0e51639900b53c708e32a72254b946a,532,rendered_code/3939ba9c41eae9d891c6440f.html,rendered widget fragment; NOT original editor source
jp,https://jp.beautyblossom.kr/Sculptra,w20250814cdf55b1ec11c2,61ba1b717acec8abd5d7527fbc278f60c2e1783974d7e073273d8ca7e46d9252,716,rendered_code/61ba1b717acec8abd5d7527f.html,rendered widget fragment; NOT original editor source
jp,https://jp.beautyblossom.kr/Sculptra,w20250814916aa685ab35d,3e71ff7e356f0a7d3546b0a260d9caabb5b538e48f3b105c5726e208267f9d6a,1114,rendered_code/3e71ff7e356f0a7d3546b0a2.html,rendered widget fragment; NOT original editor source
jp,https://jp.beautyblossom.kr/Sculptra,w202508147eb2439eeab89,99261e6105db9e8c0ce562569373bfc7437c591bf53eb6318eef492d85d527f2,4148,rendered_code/99261e6105db9e8c0ce56256.html,rendered widget fragment; NOT original editor source
jp,https://jp.beautyblossom.kr/Sculptra,w202508143e236773ac051,7793ebd8ee40631528354f536dd512014fe3a9c2cb63083385b6df3458716db0,1563,rendered_code/7793ebd8ee40631528354f53.html,rendered widget fragment; NOT original editor source
jp,https://jp.beautyblossom.kr/Sculptra,w2025081469f8670a6fea7,73beb85534027b30abd2b8b77afc8ea532a4d6917392427273f770d4a0c09d2e,3497,rendered_code/73beb85534027b30abd2b8b7.html,rendered widget fragment; NOT original editor source
jp,https://jp.beautyblossom.kr/Sculptra,w202508142a45b4cbaeb8e,fbefff9994bdf191014f8a6c04e8fe114e9a244fb81f838bc8ddd4cb7ec01c05,3023,rendered_code/fbefff9994bdf191014f8a6c.html,rendered widget fragment; NOT original editor source
jp,https://jp.beautyblossom.kr/Sculptra,w202508147eacc1ba8ffb5,bb5628fd4c2df3caf9c0bdedb6922e2c459951c575923586d93a962dfd5f6776,1276,rendered_code/bb5628fd4c2df3caf9c0bded.html,rendered widget fragment; NOT original editor source
jp,https://jp.beautyblossom.kr/Sculptra,w20250814de445f2be0f92,1f0013538e2fd6d98be4f27ca7194842b85466b6ae6fd4b25c26106f7288bd87,1079,rendered_code/1f0013538e2fd6d98be4f27c.html,rendered widget fragment; NOT original editor source
jp,https://jp.beautyblossom.kr/XERF,w2026042238164196e662a,cae199f47921881b0de4a2028c2a9910c5304ce027bf30508baae9db1ff854a3,16285,rendered_code/cae199f47921881b0de4a202.html,rendered widget fragment; NOT original editor source
jp,https://jp.beautyblossom.kr/XERF,w20260422d49ba6a89da11,d14c1bd92f728bdb51d95f900a1ace6be936cec2e0aac91c94a7a168df8b44c4,6537,rendered_code/d14c1bd92f728bdb51d95f90.html,rendered widget fragment; NOT original editor source
jp,https://jp.beautyblossom.kr/alltite,w202607113c7436fe1239b,e7b3d327c017f6db9bef108143cfa2b2c74523ed08d367b58543e98e2e5fc338,23259,rendered_code/e7b3d327c017f6db9bef1081.html,rendered widget fragment; NOT original editor source
jp,https://jp.beautyblossom.kr/dca-injection,w202607113af18beaf119c,35b82a10e3fea866c800f11f7ec90c66a18c277e135affc95bd8491b756b377c,18354,rendered_code/35b82a10e3fea866c800f11f.html,rendered widget fragment; NOT original editor source
jp,https://jp.beautyblossom.kr/diet-injection,w202607221764d977669ea,a7535d4a7344fb20540c145f1f29bb6492aa6cd61b3ae5866b0716647362f660,18629,rendered_code/a7535d4a7344fb20540c145f.html,rendered widget fragment; NOT original editor source
jp,https://jp.beautyblossom.kr/fortra-quattro,w20260711fc3eaba22cd6c,8382903a5109c5da48178fe7aa7265d09e0ee81dcbaeee98da3775ec3df0fbf8,21543,rendered_code/8382903a5109c5da48178fe7.html,rendered widget fragment; NOT original editor source
jp,https://jp.beautyblossom.kr/hilo-wave,w20260627a8427a7824ba3,5449fd8e6df1d3d83e4e9e2321f466eebedf4a9703677ba710a62e9c5f27072c,11910,rendered_code/5449fd8e6df1d3d83e4e9e23.html,rendered widget fragment; NOT original editor source
jp,https://jp.beautyblossom.kr/home,w2025030478634e23cba5d,e5d06469aac12f799b7041dd538354260cfdf1e9e2db108861f7aac98878b04d,197,rendered_code/e5d06469aac12f799b7041dd.html,rendered widget fragment; NOT original editor source
jp,https://jp.beautyblossom.kr/home,w202503047bbff49e4d584,08d15b70e3f2c3ce10e4fcd07b2e73a22095eeab956263ab9965c5481c1a51f7,2708,rendered_code/08d15b70e3f2c3ce10e4fcd0.html,rendered widget fragment; NOT original editor source
jp,https://jp.beautyblossom.kr/home,w202503048afd958f1aa29,e5d06469aac12f799b7041dd538354260cfdf1e9e2db108861f7aac98878b04d,197,rendered_code/e5d06469aac12f799b7041dd.html,rendered widget fragment; NOT original editor source
jp,https://jp.beautyblossom.kr/home,w2025030492045f2a90d7d,f8680ea773585563ef263886497e6241890de997f92ce83b45dd046245dcbadb,196,rendered_code/f8680ea773585563ef263886.html,rendered widget fragment; NOT original editor source
jp,https://jp.beautyblossom.kr/ligament-lift,w20260605227c9477f5eeb,657708498cf612e431b5b8bb949e5daa2cc876050f5452fd4d9bb1100d0f06c5,11989,rendered_code/657708498cf612e431b5b8bb.html,rendered widget fragment; NOT original editor source
jp,https://jp.beautyblossom.kr/re2o,w20260423e0502fb837f86,20f25550f1a1219e0264b17848e94adf7b734224cf1c6ededac4bf408544472c,15906,rendered_code/20f25550f1a1219e0264b178.html,rendered widget fragment; NOT original editor source
jp,https://jp.beautyblossom.kr/re2o,w2026042329d0d40b72c45,f64d93777037e79a32a6f68523e882b8586e745b72adf2c8edb5281a3910e21a,6551,rendered_code/f64d93777037e79a32a6f685.html,rendered widget fragment; NOT original editor source
jp,https://jp.beautyblossom.kr/skinvive,w202607018a944f673f72d,fcfafa72794b904b6cdfa19dba590a58946b649bb0c42f5c8d03d320ee6f8d50,12512,rendered_code/fcfafa72794b904b6cdfa19d.html,rendered widget fragment; NOT original editor source
jp,https://jp.beautyblossom.kr/special-offers,w202607300eafd314c2e31,e74dd66b158faeb64f34ab7f54ef276371fe1009f679ea066bc01c5c3484e290,3338,rendered_code/e74dd66b158faeb64f34ab7f.html,rendered widget fragment; NOT original editor source
jp,https://jp.beautyblossom.kr/special-offers,w20260730f010512219c57,f3de95d84ae142b77d780f4699cbafdc21da5fa1e2bb09437b9e8c44f16b1636,195,rendered_code/f3de95d84ae142b77d780f46.html,rendered widget fragment; NOT original editor source
jp,https://jp.beautyblossom.kr/thread-lifting,w20260606f36e95c44d9ca,624ad41b5b2030e2a24e2a32c300d6a1a1c36dbc926b5cb0eef9c69a805e8921,19624,rendered_code/624ad41b5b2030e2a24e2a32.html,rendered widget fragment; NOT original editor source
cn,https://cn.beautyblossom.kr/,w202503069ab327bcabaf6,e5d06469aac12f799b7041dd538354260cfdf1e9e2db108861f7aac98878b04d,197,rendered_code/e5d06469aac12f799b7041dd.html,rendered widget fragment; NOT original editor source
cn,https://cn.beautyblossom.kr/,w202503069961cde04c6b0,54071622a5ad0d1c646b5acda3f29b417c1196905f842b024ee307e61b5f8869,2628,rendered_code/54071622a5ad0d1c646b5acd.html,rendered widget fragment; NOT original editor source
cn,https://cn.beautyblossom.kr/,w2025030630e3cd187cc41,e5d06469aac12f799b7041dd538354260cfdf1e9e2db108861f7aac98878b04d,197,rendered_code/e5d06469aac12f799b7041dd.html,rendered widget fragment; NOT original editor source
cn,https://cn.beautyblossom.kr/,w2025030682fa30e830fb6,f8680ea773585563ef263886497e6241890de997f92ce83b45dd046245dcbadb,196,rendered_code/f8680ea773585563ef263886.html,rendered widget fragment; NOT original editor source
cn,https://cn.beautyblossom.kr/100,w20250319f5ba235293a27,bba2a27458e904e597e945c01cf5da1b78253091c25efa35b41a2187126d39f6,1554,rendered_code/bba2a27458e904e597e945c0.html,rendered widget fragment; NOT original editor source
cn,https://cn.beautyblossom.kr/100,w202503197036a52c177cf,37640f092a39315f8b0954570ff5eb5e7a7122add427537f0f143c71ac45ef61,739,rendered_code/37640f092a39315f8b095457.html,rendered widget fragment; NOT original editor source
cn,https://cn.beautyblossom.kr/100,w20250319a007dd9203bcb,07440b8758bf70bed438115c46c3c425e8fabae0aa937f2421aea03d353da728,1406,rendered_code/07440b8758bf70bed438115c.html,rendered widget fragment; NOT original editor source
cn,https://cn.beautyblossom.kr/100,w202503199a716586d6332,f237dee52cd6a41f7a920346142ab67cf85dca48975e3d5bb2226c914c5ca9a7,1522,rendered_code/f237dee52cd6a41f7a920346.html,rendered widget fragment; NOT original editor source
cn,https://cn.beautyblossom.kr/100,w202503191949d94dfab7f,e11095aeac6378430e30dd49b78f7cb108b982d8d6998302b8f980e8c8aa587b,1828,rendered_code/e11095aeac6378430e30dd49.html,rendered widget fragment; NOT original editor source
cn,https://cn.beautyblossom.kr/100,w20250319a01fcb2e00186,d0c7374055c720aff724e16d5e51d733dfa7254bfd6161d6de5402591c129655,1236,rendered_code/d0c7374055c720aff724e16d.html,rendered widget fragment; NOT original editor source
cn,https://cn.beautyblossom.kr/100,w20250319d873c2b2e1a35,b76befb913d7048879e6f09b8fa22737bd47eb5a64fbb9871c1357abb4261e68,1031,rendered_code/b76befb913d7048879e6f09b.html,rendered widget fragment; NOT original editor source
cn,https://cn.beautyblossom.kr/101,w20250319e108070507c8b,5ab2a69ac79e4227c406d51f678782703bd01f75e12777855ad236f000cc7dcf,1730,rendered_code/5ab2a69ac79e4227c406d51f.html,rendered widget fragment; NOT original editor source
cn,https://cn.beautyblossom.kr/101,w20250319c363d587040cf,532cdff0606376364f3b5d027950fcba1d56ca209cee32d095af19af3d36841d,1559,rendered_code/532cdff0606376364f3b5d02.html,rendered widget fragment; NOT original editor source
cn,https://cn.beautyblossom.kr/101,w202503198a568ea6c4ece,e9336cf6598474be420a4898b8822e1cc4117095eeda34bebc7dc4899e7863b0,1235,rendered_code/e9336cf6598474be420a4898.html,rendered widget fragment; NOT original editor source
cn,https://cn.beautyblossom.kr/101,w20250319f3e56aa138ef0,b76befb913d7048879e6f09b8fa22737bd47eb5a64fbb9871c1357abb4261e68,1031,rendered_code/b76befb913d7048879e6f09b.html,rendered widget fragment; NOT original editor source
cn,https://cn.beautyblossom.kr/108,w20250713df26ddf7380f1,55ec1c703a94cc503be7d6d1d70330077f0d1aea3d8bbd63b6e1a62326a879eb,1358,rendered_code/55ec1c703a94cc503be7d6d1.html,rendered widget fragment; NOT original editor source
cn,https://cn.beautyblossom.kr/108,w20250713901f87118b497,8e250f62689683e657288426d82b16bf792bee608dee8e2507e2778d325d1757,1333,rendered_code/8e250f62689683e657288426.html,rendered widget fragment; NOT original editor source
cn,https://cn.beautyblossom.kr/108,w2025071329cba0b635718,87d188c2475169171ad258ba508ea7cfeb94f12c7bd3c30770f512e2101d9e1c,196,rendered_code/87d188c2475169171ad258ba.html,rendered widget fragment; NOT original editor source
cn,https://cn.beautyblossom.kr/108,w20250713559067ae69193,8cab1d8df2db9fd0d785e57ea0c7a7b6fbf76b0bcf10993e554b11ddf05369d3,2640,rendered_code/8cab1d8df2db9fd0d785e57e.html,rendered widget fragment; NOT original editor source
cn,https://cn.beautyblossom.kr/108,w2025071389499674166db,cb63f88695c120f80fc76dbe61257029b09b9dc9f7a2dfa4a6abe89e05a861de,1312,rendered_code/cb63f88695c120f80fc76dbe.html,rendered widget fragment; NOT original editor source
cn,https://cn.beautyblossom.kr/108,w2025071371327dd1ea42f,59b8187a5170137c71eeb863d8841a4b354e9629a21df6cff370d6d2cfb38518,1745,rendered_code/59b8187a5170137c71eeb863.html,rendered widget fragment; NOT original editor source
cn,https://cn.beautyblossom.kr/108,w202507136202f3509509a,f6452dc2d117663d0a1a35e5ea30170a031ed63778ef12e5fa5267a48138fdd2,1511,rendered_code/f6452dc2d117663d0a1a35e5.html,rendered widget fragment; NOT original editor source
cn,https://cn.beautyblossom.kr/108,w2025071337581a3a4f3f5,fcebed781dfa7c6794ee0a4585a3cea90f5187a929182758e6985b3cf13ca58a,1466,rendered_code/fcebed781dfa7c6794ee0a45.html,rendered widget fragment; NOT original editor source
cn,https://cn.beautyblossom.kr/108,w202507135675b08d4bc7b,2e29f5f761c86f8ce22ec752ceac56b81c2606580a340f162bdae3605031be5e,1466,rendered_code/2e29f5f761c86f8ce22ec752.html,rendered widget fragment; NOT original editor source
cn,https://cn.beautyblossom.kr/108,w20250713b4a9fb5bc593b,f6fbff71291c65d7786eb37d715c04ac2202dca0245cb455198758eeee3b6b58,1538,rendered_code/f6fbff71291c65d7786eb37d.html,rendered widget fragment; NOT original editor source
cn,https://cn.beautyblossom.kr/108,w202507134d4b0b38bc8ca,708558557b2d69c2113c260fbe677ccd1030a7371475e24522cff6041d2583e5,1650,rendered_code/708558557b2d69c2113c260f.html,rendered widget fragment; NOT original editor source
cn,https://cn.beautyblossom.kr/108,w2025071300eb3f4b58306,0992cac1f60c8412e03a04c2d37a83fa3d7107064a8c14e8a0f1da2def67894f,1646,rendered_code/0992cac1f60c8412e03a04c2.html,rendered widget fragment; NOT original editor source
cn,https://cn.beautyblossom.kr/108,w202507132ceaf39094c5c,2bc344751c574634843a81e73a7f390b0be45f13ca93c6c2371d668e4ce27705,1643,rendered_code/2bc344751c574634843a81e7.html,rendered widget fragment; NOT original editor source
cn,https://cn.beautyblossom.kr/108,w202507134d8c1e0dac85f,84e0acd34bf40ac701372196b82875f1c013d27393e37cb8ab3f73f66b00990e,1227,rendered_code/84e0acd34bf40ac701372196.html,rendered widget fragment; NOT original editor source
cn,https://cn.beautyblossom.kr/108,w20250713b9516c9eb5fb1,b76befb913d7048879e6f09b8fa22737bd47eb5a64fbb9871c1357abb4261e68,1031,rendered_code/b76befb913d7048879e6f09b.html,rendered widget fragment; NOT original editor source
cn,https://cn.beautyblossom.kr/110,w20250306fe7fde8960986,40341f74441de606272e087ac4d32660cffa2f972733b20b7ddb2acac8f1b193,1346,rendered_code/40341f74441de606272e087a.html,rendered widget fragment; NOT original editor source
cn,https://cn.beautyblossom.kr/110,w20250306e1f295e297c1a,d796525107b35f2b1d0ab5cd595a986315b26dbbd9854dce93a304d9949fbbd4,845,rendered_code/d796525107b35f2b1d0ab5cd.html,rendered widget fragment; NOT original editor source
cn,https://cn.beautyblossom.kr/110,w202503064277222d841e1,8896e074705758980ad074d2b7ec1637ed9376ad4a9cbf80c934460cfdc33d8e,907,rendered_code/8896e074705758980ad074d2.html,rendered widget fragment; NOT original editor source
cn,https://cn.beautyblossom.kr/110,w202503066c759c7a83b34,7ef1a840ce1baab73c9abf752106201a94ad2c236069158256aaa5508962cbb5,1237,rendered_code/7ef1a840ce1baab73c9abf75.html,rendered widget fragment; NOT original editor source
cn,https://cn.beautyblossom.kr/110,w20250313447e6f2a5fcdd,b76befb913d7048879e6f09b8fa22737bd47eb5a64fbb9871c1357abb4261e68,1031,rendered_code/b76befb913d7048879e6f09b.html,rendered widget fragment; NOT original editor source
cn,https://cn.beautyblossom.kr/111,w20250306bb7ed4aebf511,85d7ed49f478e0e2bbf072ba2c6fe0c336401b1e00b8b15bbb226e4ad6073756,1345,rendered_code/85d7ed49f478e0e2bbf072ba.html,rendered widget fragment; NOT original editor source
cn,https://cn.beautyblossom.kr/111,w20250306f7cc5dd218a74,18be2ea85e064d2ad04d1858f1792679a1f0b4004dca0392154157e976969ddd,827,rendered_code/18be2ea85e064d2ad04d1858.html,rendered widget fragment; NOT original editor source
cn,https://cn.beautyblossom.kr/111,w202503061b4157acc4598,a4cd9cd6eb8b6340aca105f76b6dceef9ca597d4038af18b3f827dc4e79189eb,1247,rendered_code/a4cd9cd6eb8b6340aca105f7.html,rendered widget fragment; NOT original editor source
cn,https://cn.beautyblossom.kr/111,w20250313d2983af47f9b8,b76befb913d7048879e6f09b8fa22737bd47eb5a64fbb9871c1357abb4261e68,1031,rendered_code/b76befb913d7048879e6f09b.html,rendered widget fragment; NOT original editor source
cn,https://cn.beautyblossom.kr/112,w202503063d5a484002a68,e5d06469aac12f799b7041dd538354260cfdf1e9e2db108861f7aac98878b04d,197,rendered_code/e5d06469aac12f799b7041dd.html,rendered widget fragment; NOT original editor source
cn,https://cn.beautyblossom.kr/114,w202503065728f3266a354,d654b1feb6e2e754ff4df16ac890e9f64dc751f34bfbbb5443737d191b51f67e,1358,rendered_code/d654b1feb6e2e754ff4df16a.html,rendered widget fragment; NOT original editor source
cn,https://cn.beautyblossom.kr/114,w202503067d6e2706a181a,e4afb7c1ec943cafe0e2d5760ee90e16be5f23ae38ffaceac60fbec62038ad88,1808,rendered_code/e4afb7c1ec943cafe0e2d576.html,rendered widget fragment; NOT original editor source
cn,https://cn.beautyblossom.kr/114,w2025030684e3c0dcff6d1,d590ea76eef12fff64a30cad5aeaf466558e49f5fd92cfeead9a76293096bef2,1049,rendered_code/d590ea76eef12fff64a30cad.html,rendered widget fragment; NOT original editor source
cn,https://cn.beautyblossom.kr/114,w202503060896f65abfacb,8abc50f24744f5334ebc1142e249c7b7f2a9a744e4d05a805f293ba95b2318c3,1261,rendered_code/8abc50f24744f5334ebc1142.html,rendered widget fragment; NOT original editor source
cn,https://cn.beautyblossom.kr/114,w20250313abe30fbe231bc,b76befb913d7048879e6f09b8fa22737bd47eb5a64fbb9871c1357abb4261e68,1031,rendered_code/b76befb913d7048879e6f09b.html,rendered widget fragment; NOT original editor source
cn,https://cn.beautyblossom.kr/115,w20250306c8b3470c964a7,de1d03b9e48aa653af7b45801c35542a022a339d6fafa4d7b35ce40c43af2d92,1352,rendered_code/de1d03b9e48aa653af7b4580.html,rendered widget fragment; NOT original editor source
cn,https://cn.beautyblossom.kr/115,w20250306efb0bc86c131c,01eafd38da9e82544419daf4bc8d13d155256b0afd60a815edb38e322ea6acb1,1148,rendered_code/01eafd38da9e82544419daf4.html,rendered widget fragment; NOT original editor source
cn,https://cn.beautyblossom.kr/115,w2025030614e1605b82c7a,8526d0d8e37494f120adb800ed4a8a39c98e5019c76df64769daf8a21a45d72a,1209,rendered_code/8526d0d8e37494f120adb800.html,rendered widget fragment; NOT original editor source
cn,https://cn.beautyblossom.kr/115,w20250313689454e96c9e0,b76befb913d7048879e6f09b8fa22737bd47eb5a64fbb9871c1357abb4261e68,1031,rendered_code/b76befb913d7048879e6f09b.html,rendered widget fragment; NOT original editor source
cn,https://cn.beautyblossom.kr/116,w20250306addee5cbc526a,6a45ad7586f216453740e8ca552a5ccbb4be0064f620e2672a1beb626a12023e,1345,rendered_code/6a45ad7586f216453740e8ca.html,rendered widget fragment; NOT original editor source
cn,https://cn.beautyblossom.kr/116,w20250306268374782c681,154660bee0847a5d76837ab4e94872750bd0a3b2d0ae9bb753e167364d29a160,1167,rendered_code/154660bee0847a5d76837ab4.html,rendered widget fragment; NOT original editor source
cn,https://cn.beautyblossom.kr/116,w20250306b7a91706f5225,29f676a8fbafb82020896305e1e8f73686e4b90b55a0e37fc2855ddd217b7936,1212,rendered_code/29f676a8fbafb82020896305.html,rendered widget fragment; NOT original editor source
cn,https://cn.beautyblossom.kr/116,w2025031325f1fdea45b3d,b76befb913d7048879e6f09b8fa22737bd47eb5a64fbb9871c1357abb4261e68,1031,rendered_code/b76befb913d7048879e6f09b.html,rendered widget fragment; NOT original editor source
cn,https://cn.beautyblossom.kr/117,w202503062a427d782e729,7f8d06a89c91b276e496e2dde195f0ede299c4a29ebe453045e48165c04c6e6e,1359,rendered_code/7f8d06a89c91b276e496e2dd.html,rendered widget fragment; NOT original editor source
cn,https://cn.beautyblossom.kr/117,w202503068d1c662d33fdc,8ea38ab5768d123f3dc17b4d4595c266a95faf640df5c88f9d72e8ed27b09b82,1228,rendered_code/8ea38ab5768d123f3dc17b4d.html,rendered widget fragment; NOT original editor source
cn,https://cn.beautyblossom.kr/117,w202503069c2e788b1ba3c,d7890f7725f3586138d9bb1712a2c736feee873eec209e53b91619c3b4d0bb68,1158,rendered_code/d7890f7725f3586138d9bb17.html,rendered widget fragment; NOT original editor source
cn,https://cn.beautyblossom.kr/117,w202503063d429679bcd03,eef44ac5f96dd261385b2d0178cd481ef2e36aeb27be308989f7237109f05547,951,rendered_code/eef44ac5f96dd261385b2d01.html,rendered widget fragment; NOT original editor source
cn,https://cn.beautyblossom.kr/117,w20250313a6340e161f803,b76befb913d7048879e6f09b8fa22737bd47eb5a64fbb9871c1357abb4261e68,1031,rendered_code/b76befb913d7048879e6f09b.html,rendered widget fragment; NOT original editor source
cn,https://cn.beautyblossom.kr/118,w2025030629b62de1e01d8,a52b230fbbc30e078f0c6eff0532abcbe7f64da7127e61481c8acac747530961,1337,rendered_code/a52b230fbbc30e078f0c6eff.html,rendered widget fragment; NOT original editor source
cn,https://cn.beautyblossom.kr/118,w202503062363e98e37d2c,c18d5e57fed6abc66c2deb7f597602e3bcb77a795a7fc46bba77670fa847d393,1222,rendered_code/c18d5e57fed6abc66c2deb7f.html,rendered widget fragment; NOT original editor source
cn,https://cn.beautyblossom.kr/118,w202503062b8ea9cb1d720,78f7bd86816eb025b41dab83a8286ed0fb57164bc99028193b8bb32812159865,1181,rendered_code/78f7bd86816eb025b41dab83.html,rendered widget fragment; NOT original editor source
cn,https://cn.beautyblossom.kr/118,w2025030642abb0184b0de,e61e6bc8276eef3068710222e5dfde72ba0ea908b6bd183a079efd77fd513c7e,1215,rendered_code/e61e6bc8276eef3068710222.html,rendered widget fragment; NOT original editor source
cn,https://cn.beautyblossom.kr/118,w20250313c8745a3f38d20,b76befb913d7048879e6f09b8fa22737bd47eb5a64fbb9871c1357abb4261e68,1031,rendered_code/b76befb913d7048879e6f09b.html,rendered widget fragment; NOT original editor source
cn,https://cn.beautyblossom.kr/119,w20250306e684d1faa784d,d5bdddb5bfaf74e2c1908925865b99035576c44ff3987862ca905fcbe3de9f80,1342,rendered_code/d5bdddb5bfaf74e2c1908925.html,rendered widget fragment; NOT original editor source
cn,https://cn.beautyblossom.kr/119,w20250306a04add7ac9b6d,89ef782895943f260d22d636989ff4d0849a4213e134cdfe1d83f072623c0a8d,1222,rendered_code/89ef782895943f260d22d636.html,rendered widget fragment; NOT original editor source
cn,https://cn.beautyblossom.kr/119,w20250306beb6fda17a605,a80f5215a6fc4190175ef76d2189079bc17540dc0fa0482a9fe316d84252d1a8,1216,rendered_code/a80f5215a6fc4190175ef76d.html,rendered widget fragment; NOT original editor source
cn,https://cn.beautyblossom.kr/119,w2025031361efc7a980ce0,b76befb913d7048879e6f09b8fa22737bd47eb5a64fbb9871c1357abb4261e68,1031,rendered_code/b76befb913d7048879e6f09b.html,rendered widget fragment; NOT original editor source
cn,https://cn.beautyblossom.kr/120,w20250306f6dcbdc3fdbaa,05a22133466577f5c7912916555d7d6e81b08b854c5f6c32559167e64216893a,1340,rendered_code/05a22133466577f5c7912916.html,rendered widget fragment; NOT original editor source
cn,https://cn.beautyblossom.kr/120,w20250306558795aa5f743,aff6ce3eb75e3b4e40cd49931b01ef6515eac613e4781dbec2043b5665d777ea,1107,rendered_code/aff6ce3eb75e3b4e40cd4993.html,rendered widget fragment; NOT original editor source
cn,https://cn.beautyblossom.kr/120,w2025030650493a4bf94cf,edf3856927f2d0cb772224a10912fc4af482828e464efb5734430ec52a13038a,1171,rendered_code/edf3856927f2d0cb772224a1.html,rendered widget fragment; NOT original editor source
cn,https://cn.beautyblossom.kr/120,w20250306acfb7812221ea,1bc4d586fe17efe13f231ccf6e7c12a0c9c9bd3a13cb36493e1be9abf5b5e4a4,1225,rendered_code/1bc4d586fe17efe13f231ccf.html,rendered widget fragment; NOT original editor source
cn,https://cn.beautyblossom.kr/120,w20250313ef9d4486121f2,b76befb913d7048879e6f09b8fa22737bd47eb5a64fbb9871c1357abb4261e68,1031,rendered_code/b76befb913d7048879e6f09b.html,rendered widget fragment; NOT original editor source
cn,https://cn.beautyblossom.kr/121,w20250306c5a40070e2fc0,46d2f93f31184964abcb0bc740034ede9f8669fdd95a5fd926ff0705c3d8d750,1340,rendered_code/46d2f93f31184964abcb0bc7.html,rendered widget fragment; NOT original editor source
cn,https://cn.beautyblossom.kr/121,w20250306e0d614d37aa14,0592be51e826e6a3a00433fd204419b03013fd7fe9ba5651bcb2bb9106c1a91f,979,rendered_code/0592be51e826e6a3a00433fd.html,rendered widget fragment; NOT original editor source
cn,https://cn.beautyblossom.kr/121,w202503060b935f0e3d524,215eda0d0423be6cf69f13a1ee23968fb4d01b1cac5b3f62a5a4648bf0914b35,1055,rendered_code/215eda0d0423be6cf69f13a1.html,rendered widget fragment; NOT original editor source
cn,https://cn.beautyblossom.kr/121,w2025030662c2ecc1a168a,f9c0430cc442040e33aeb8c525d3062b38e2f339a92830d91e0be98db5171501,1213,rendered_code/f9c0430cc442040e33aeb8c5.html,rendered widget fragment; NOT original editor source
cn,https://cn.beautyblossom.kr/121,w2025031386edc165659f8,b76befb913d7048879e6f09b8fa22737bd47eb5a64fbb9871c1357abb4261e68,1031,rendered_code/b76befb913d7048879e6f09b.html,rendered widget fragment; NOT original editor source
cn,https://cn.beautyblossom.kr/122,w20250306523f232c258bf,c10fb63047f7a5d8ba768f7ca74c6ace14b1193e633562ba4694ffbc861ab7e5,1344,rendered_code/c10fb63047f7a5d8ba768f7c.html,rendered widget fragment; NOT original editor source
cn,https://cn.beautyblossom.kr/122,w202503062971caa4a7499,7269d2d67dea263087038d698997143395384678a6b4f659e6eb08cf378a4285,969,rendered_code/7269d2d67dea263087038d69.html,rendered widget fragment; NOT original editor source
cn,https://cn.beautyblossom.kr/122,w20250306febc91da6edd0,e3dba5dfadab8176d6c5d4dd00e6e5c8de192a38993d6cfcb5c9469d746a788b,1149,rendered_code/e3dba5dfadab8176d6c5d4dd.html,rendered widget fragment; NOT original editor source
cn,https://cn.beautyblossom.kr/122,w2025030697cc4adf312d7,67f3085366ceae15be78cf84d7f6ee32e267e740e853f6a5247d3593235336a5,1228,rendered_code/67f3085366ceae15be78cf84.html,rendered widget fragment; NOT original editor source
cn,https://cn.beautyblossom.kr/122,w20250313a1824b2cad0ad,b76befb913d7048879e6f09b8fa22737bd47eb5a64fbb9871c1357abb4261e68,1031,rendered_code/b76befb913d7048879e6f09b.html,rendered widget fragment; NOT original editor source
cn,https://cn.beautyblossom.kr/123,w20250306b6cbbf3764072,c745bf71810360b541003d4262ad3ef8a05cd737834f61dffa87e7480a5755b6,1341,rendered_code/c745bf71810360b541003d42.html,rendered widget fragment; NOT original editor source
cn,https://cn.beautyblossom.kr/123,w20250306f69e3b68398da,10b8059b21208d5a50edfd3533048b3971f1c4546f077229f06b704547552237,1192,rendered_code/10b8059b21208d5a50edfd35.html,rendered widget fragment; NOT original editor source
cn,https://cn.beautyblossom.kr/123,w202503063d7a1dafd65b3,ab061b18f3ece979ccf96394ba43c70ace0530130ebfb644a2e6aee94d1d5e04,1355,rendered_code/ab061b18f3ece979ccf96394.html,rendered widget fragment; NOT original editor source
cn,https://cn.beautyblossom.kr/123,w202503069cc88ceadcd96,3d56424913091ad58e70acf9e88484e143ed71876b06e19c5261e17ef0504baf,1149,rendered_code/3d56424913091ad58e70acf9.html,rendered widget fragment; NOT original editor source
cn,https://cn.beautyblossom.kr/123,w20250306c1b4677b278e8,ecceb1c6639c4d788d80b109325308488ad13de9c9ec20547b37a08fe39f2ec0,1222,rendered_code/ecceb1c6639c4d788d80b109.html,rendered widget fragment; NOT original editor source
cn,https://cn.beautyblossom.kr/123,w2025031381528ef96ebf2,b76befb913d7048879e6f09b8fa22737bd47eb5a64fbb9871c1357abb4261e68,1031,rendered_code/b76befb913d7048879e6f09b.html,rendered widget fragment; NOT original editor source
cn,https://cn.beautyblossom.kr/124,w202503068b27df1132be0,d1a3af7a5a9c2dd31bf21350180db790b2e12d32c6f88f591e58b5b3a393acc1,1356,rendered_code/d1a3af7a5a9c2dd31bf21350.html,rendered widget fragment; NOT original editor source
cn,https://cn.beautyblossom.kr/124,w20250306e8993c7c5eb26,9a8038ae0d08bd007388b3649ceb08384949967413945bc7b5c560226de3065f,836,rendered_code/9a8038ae0d08bd007388b364.html,rendered widget fragment; NOT original editor source
cn,https://cn.beautyblossom.kr/124,w2025030662631a8b28086,cf763f26e44e8b4ef04a1709178f7a292f06698c929e2ada663f0551800b96e7,1128,rendered_code/cf763f26e44e8b4ef04a1709.html,rendered widget fragment; NOT original editor source
cn,https://cn.beautyblossom.kr/124,w202503063886fa8dc6c48,f4bec7e6986f9fe932e608e29740d0682a9bedd7ac861526a52cd71a4adeaf61,5880,rendered_code/f4bec7e6986f9fe932e608e2.html,rendered widget fragment; NOT original editor source
cn,https://cn.beautyblossom.kr/124,w202503132d8e6a0e45d08,b76befb913d7048879e6f09b8fa22737bd47eb5a64fbb9871c1357abb4261e68,1031,rendered_code/b76befb913d7048879e6f09b.html,rendered widget fragment; NOT original editor source
cn,https://cn.beautyblossom.kr/125,w2025030616212ff34be51,c3f782598611128bdd399f0f865c1f01e2e2243d4d1efeef24c7efd21e2fc1a3,1378,rendered_code/c3f782598611128bdd399f0f.html,rendered widget fragment; NOT original editor source
cn,https://cn.beautyblossom.kr/125,w20250306ad7b6259ae063,6b3710bc5780cce670ef32f7a3eeddeb3e67f2e1de8102d64b0c7547108a7506,1069,rendered_code/6b3710bc5780cce670ef32f7.html,rendered widget fragment; NOT original editor source
cn,https://cn.beautyblossom.kr/125,w20250306d376cbc00815a,04b62858181e76e15392ecc19b517123588138991a0b3e07b0f000a1b88334c8,821,rendered_code/04b62858181e76e15392ecc1.html,rendered widget fragment; NOT original editor source
cn,https://cn.beautyblossom.kr/125,w20250306b3811111b39a6,db0388824d0715cfc7b0ba7663bedc2214a37b32995f51530c70976ba14439db,1241,rendered_code/db0388824d0715cfc7b0ba76.html,rendered widget fragment; NOT original editor source
cn,https://cn.beautyblossom.kr/125,w202503132474b53c1ddd2,b76befb913d7048879e6f09b8fa22737bd47eb5a64fbb9871c1357abb4261e68,1031,rendered_code/b76befb913d7048879e6f09b.html,rendered widget fragment; NOT original editor source
cn,https://cn.beautyblossom.kr/126,w20250306b155b1d137853,8d57b13442b337b17c95ecb923092d872464c9d1bd171acdfa303c21bb4c3856,1351,rendered_code/8d57b13442b337b17c95ecb9.html,rendered widget fragment; NOT original editor source
cn,https://cn.beautyblossom.kr/126,w20250306e3a2d1f026fce,f8680ea773585563ef263886497e6241890de997f92ce83b45dd046245dcbadb,196,rendered_code/f8680ea773585563ef263886.html,rendered widget fragment; NOT original editor source
cn,https://cn.beautyblossom.kr/126,w20250306a810e02a010ea,cef301f1eb8a78ea908b9d2d4f32d5ca505bcf0cb732924f47e95fc0f7989c97,2872,rendered_code/cef301f1eb8a78ea908b9d2d.html,rendered widget fragment; NOT original editor source
cn,https://cn.beautyblossom.kr/126,w2025030682c431eec75e6,5ff249bac2db481c94e5189c0bec0206150fc25f45519cdc910636f679ad5973,1228,rendered_code/5ff249bac2db481c94e5189c.html,rendered widget fragment; NOT original editor source
cn,https://cn.beautyblossom.kr/126,w202503133e4e7fd1bb6f2,b76befb913d7048879e6f09b8fa22737bd47eb5a64fbb9871c1357abb4261e68,1031,rendered_code/b76befb913d7048879e6f09b.html,rendered widget fragment; NOT original editor source
cn,https://cn.beautyblossom.kr/127,w20250306213b8a3385407,aee1e23572304f9ce214f68de358c81a7438e10f4036ae8c6250c8bb8ea84228,1365,rendered_code/aee1e23572304f9ce214f68d.html,rendered widget fragment; NOT original editor source
cn,https://cn.beautyblossom.kr/127,w202503062acccf30c132d,ff30ebe37f2c8880dfd9292fd9470f81dcbac8ffa25bdcf2b7b820023145c0cf,862,rendered_code/ff30ebe37f2c8880dfd9292f.html,rendered widget fragment; NOT original editor source
cn,https://cn.beautyblossom.kr/127,w202503061f634a45c4323,459e0bee7f215b1b861085a065d8aeef495c56305d91b5d0d6d3bbf3cc6a2a0c,1240,rendered_code/459e0bee7f215b1b861085a0.html,rendered widget fragment; NOT original editor source
cn,https://cn.beautyblossom.kr/127,w202503136b68cc25781d4,b76befb913d7048879e6f09b8fa22737bd47eb5a64fbb9871c1357abb4261e68,1031,rendered_code/b76befb913d7048879e6f09b.html,rendered widget fragment; NOT original editor source
cn,https://cn.beautyblossom.kr/129,w202503064635b94dc00f1,465be117e423b25a1ad2d6f3f13a0b664d223251afdaf64c3155bf73772bf1a2,1360,rendered_code/465be117e423b25a1ad2d6f3.html,rendered widget fragment; NOT original editor source
cn,https://cn.beautyblossom.kr/129,w20250306881d4b5d7f555,2067e516e2d6883cfd1b80d9194bdc40bb7cc967c0236f6d318fb561255d9f9a,2058,rendered_code/2067e516e2d6883cfd1b80d9.html,rendered widget fragment; NOT original editor source
cn,https://cn.beautyblossom.kr/129,w202503061df13743cd895,e98b7c71e07593c3420f35022cfd29d3ae1dbe00bb7dd8360fd48eaa2434143d,3331,rendered_code/e98b7c71e07593c3420f3502.html,rendered widget fragment; NOT original editor source
cn,https://cn.beautyblossom.kr/129,w20250306a4c314ed3c98d,7df54ccea6cf16ba9745587f79bc0b3bebc7454ac8d5a0abe6ba57f701705fe2,1105,rendered_code/7df54ccea6cf16ba9745587f.html,rendered widget fragment; NOT original editor source
cn,https://cn.beautyblossom.kr/129,w2025031374a3b309fdf3c,b76befb913d7048879e6f09b8fa22737bd47eb5a64fbb9871c1357abb4261e68,1031,rendered_code/b76befb913d7048879e6f09b.html,rendered widget fragment; NOT original editor source
cn,https://cn.beautyblossom.kr/130,w2025030657a8badeaefe7,e866fa97cf5e30ccd087bb51bceb59748803d0781c29f56015315326941ae5df,1364,rendered_code/e866fa97cf5e30ccd087bb51.html,rendered widget fragment; NOT original editor source
cn,https://cn.beautyblossom.kr/130,w2025030690da4bdc43eaf,6b318d78e044ea415527d0e529bef18ee597a508d0f29f04866d4e026e36faf8,852,rendered_code/6b318d78e044ea415527d0e5.html,rendered widget fragment; NOT original editor source
cn,https://cn.beautyblossom.kr/130,w20250306bd1c2e7294436,5bc5249814901b6c8020def5e624209688ba786eb13806eea9463cbcfe1a7a1f,1438,rendered_code/5bc5249814901b6c8020def5.html,rendered widget fragment; NOT original editor source
cn,https://cn.beautyblossom.kr/130,w2025030693142713f99ca,54c1a20f8d3253983a4dda951ca3d8728488b0301e863c761942464a1337eedf,1224,rendered_code/54c1a20f8d3253983a4dda95.html,rendered widget fragment; NOT original editor source
cn,https://cn.beautyblossom.kr/130,w2025031391e4cd53cef8f,b76befb913d7048879e6f09b8fa22737bd47eb5a64fbb9871c1357abb4261e68,1031,rendered_code/b76befb913d7048879e6f09b.html,rendered widget fragment; NOT original editor source
cn,https://cn.beautyblossom.kr/17,w2025030650f6d9c4b02e1,7b241739a11d7bf79b0f62ed6a7e9d76407171935fca733ba9072534db07b441,199,rendered_code/7b241739a11d7bf79b0f62ed.html,rendered widget fragment; NOT original editor source
cn,https://cn.beautyblossom.kr/1733202604,w202508145019dea294d38,b47540c7840e36613ec199b11b06f76845fd664742bfe51d40ecfbf9b96aeb8a,1354,rendered_code/b47540c7840e36613ec199b1.html,rendered widget fragment; NOT original editor source
cn,https://cn.beautyblossom.kr/1733202604,w202508144f75933bcb34d,f3de95d84ae142b77d780f4699cbafdc21da5fa1e2bb09437b9e8c44f16b1636,195,rendered_code/f3de95d84ae142b77d780f46.html,rendered widget fragment; NOT original editor source
cn,https://cn.beautyblossom.kr/1733202604,w202508149d06a951ffe72,57ed7e7baa9af5565016bb30a72b64ab9dc04590ce9d18c8577dfa948cb0acbd,1031,rendered_code/57ed7e7baa9af5565016bb30.html,rendered widget fragment; NOT original editor source
cn,https://cn.beautyblossom.kr/1733202604,w20250814c08a708cb8bc9,1bac58af0ab07206986c2e8ae2e36f2342b541adff61ffee9ea88f0dc70cb6f6,1362,rendered_code/1bac58af0ab07206986c2e8a.html,rendered widget fragment; NOT original editor source
cn,https://cn.beautyblossom.kr/1733202604,w2025081430a7872e91e52,20e76259d4897569ba818126f985b99756044db944b71f04ecf426ca2dc2b78b,1225,rendered_code/20e76259d4897569ba818126.html,rendered widget fragment; NOT original editor source
cn,https://cn.beautyblossom.kr/1733202604,w2025081440cc8e45088d8,743a91c7f4eb01ccc931d6c38f9acf5366f693ad5a21d887e7cab49f78c3e702,1678,rendered_code/743a91c7f4eb01ccc931d6c3.html,rendered widget fragment; NOT original editor source
cn,https://cn.beautyblossom.kr/1733202604,w2025081461f8548a56429,67e87deff75982382b348011e68ec849fa11958a76a78bf891a4c0d73ca10a38,1877,rendered_code/67e87deff75982382b348011.html,rendered widget fragment; NOT original editor source
cn,https://cn.beautyblossom.kr/1733202604,w2025081408734b9f4e468,52c32e06f7c200c084804370a9aa36b5f83b953f9b62837d92240a035d73fac2,126890,rendered_code/52c32e06f7c200c084804370.html,rendered widget fragment; NOT original editor source
cn,https://cn.beautyblossom.kr/1733202604,w20250814e4fc55bcc7593,2a3a29e657c19e9dc472db645d4849b5a2185ac9e3d0bc9bdfd489f8170e130e,1253,rendered_code/2a3a29e657c19e9dc472db64.html,rendered widget fragment; NOT original editor source
cn,https://cn.beautyblossom.kr/1733202604,w20250814f46d592e90ea9,b76befb913d7048879e6f09b8fa22737bd47eb5a64fbb9871c1357abb4261e68,1031,rendered_code/b76befb913d7048879e6f09b.html,rendered widget fragment; NOT original editor source
cn,https://cn.beautyblossom.kr/18,w20250306743622f296c9e,7b241739a11d7bf79b0f62ed6a7e9d76407171935fca733ba9072534db07b441,199,rendered_code/7b241739a11d7bf79b0f62ed.html,rendered widget fragment; NOT original editor source
cn,https://cn.beautyblossom.kr/1877097296,w202603304ce89cdaa1029,99df71510c1b67d54dfaf71591cb609a1a5155e9293aa5594e22e74c8aa41f7a,10085,rendered_code/99df71510c1b67d54dfaf715.html,rendered widget fragment; NOT original editor source
cn,https://cn.beautyblossom.kr/1877097296,w20260423d1f40d2e0152a,981d610f9f0d1ce98559cc564f28b2c258be7c3c07b211df18663c93f715a067,6370,rendered_code/981d610f9f0d1ce98559cc56.html,rendered widget fragment; NOT original editor source
cn,https://cn.beautyblossom.kr/19,w202503064cd059ed2de1a,7b241739a11d7bf79b0f62ed6a7e9d76407171935fca733ba9072534db07b441,199,rendered_code/7b241739a11d7bf79b0f62ed.html,rendered widget fragment; NOT original editor source
cn,https://cn.beautyblossom.kr/219975382,w20260330803e079c6066b,9838f770afa2efd40d105d7cb3baae36102b0595d98917c76a08271eca578340,2167,rendered_code/9838f770afa2efd40d105d7c.html,rendered widget fragment; NOT original editor source
cn,https://cn.beautyblossom.kr/22,w20250306ffcbb26a6666e,f3de95d84ae142b77d780f4699cbafdc21da5fa1e2bb09437b9e8c44f16b1636,195,rendered_code/f3de95d84ae142b77d780f46.html,rendered widget fragment; NOT original editor source
cn,https://cn.beautyblossom.kr/23,w20250306819607f4a7ee4,f3de95d84ae142b77d780f4699cbafdc21da5fa1e2bb09437b9e8c44f16b1636,195,rendered_code/f3de95d84ae142b77d780f46.html,rendered widget fragment; NOT original editor source
cn,https://cn.beautyblossom.kr/25,w20250408f6d97ab2e570c,f3de95d84ae142b77d780f4699cbafdc21da5fa1e2bb09437b9e8c44f16b1636,195,rendered_code/f3de95d84ae142b77d780f46.html,rendered widget fragment; NOT original editor source
cn,https://cn.beautyblossom.kr/264387169,w20260330316cd85387650,57479349b105657d571cc2570ce2dec9516d7865b77a660ec2700553bfb5202e,16259,rendered_code/57479349b105657d571cc257.html,rendered widget fragment; NOT original editor source
cn,https://cn.beautyblossom.kr/264387169,w20260423cfa4df2219266,c0bb4ee28ee72141756b5fbe9dfb55d64b956e6fd1ee1a5bcf11b93826ff03d5,6319,rendered_code/c0bb4ee28ee72141756b5fbe.html,rendered widget fragment; NOT original editor source
cn,https://cn.beautyblossom.kr/28,w202503068fc2895492535,8627780957de21f54e15a8e59f68ec5242b663aa3f01bfce876ccd973d5f0169,1597,rendered_code/8627780957de21f54e15a8e5.html,rendered widget fragment; NOT original editor source
cn,https://cn.beautyblossom.kr/28,w20250306a40e92759296a,d3f793c7acba6a6fc5e5fd148fc14c8e9f7092c9315caee6ba25ac6e0dc5768d,3092,rendered_code/d3f793c7acba6a6fc5e5fd14.html,rendered widget fragment; NOT original editor source
cn,https://cn.beautyblossom.kr/28,w202503067b7a1da2910a4,32c214427373be5d9d21b7d88122819e7646a20db5e297df4a71ec26e5dfc872,3665,rendered_code/32c214427373be5d9d21b7d8.html,rendered widget fragment; NOT original editor source
cn,https://cn.beautyblossom.kr/28,w20250306af3e42a0733b3,cb41441e0c31b9d99dfdc08d64a902f7b10184e15a3d362e374c446ac22cd1f4,1238,rendered_code/cb41441e0c31b9d99dfdc08d.html,rendered widget fragment; NOT original editor source
cn,https://cn.beautyblossom.kr/28,w20250306dbb3ae8d81a28,b76befb913d7048879e6f09b8fa22737bd47eb5a64fbb9871c1357abb4261e68,1031,rendered_code/b76befb913d7048879e6f09b.html,rendered widget fragment; NOT original editor source
cn,https://cn.beautyblossom.kr/29,w20250306983109d6d92ba,ca16eb7849de554819ccb91f9f98618e5ec0973800326f954342d87fdffbf4fa,1342,rendered_code/ca16eb7849de554819ccb91f.html,rendered widget fragment; NOT original editor source
cn,https://cn.beautyblossom.kr/29,w2025030666693fbf5cfe5,1b349c15f554cfbd64998280788a3d276cc743b1615e84b621a5a448887231f1,3596,rendered_code/1b349c15f554cfbd64998280.html,rendered widget fragment; NOT original editor source
cn,https://cn.beautyblossom.kr/29,w202503069e5f8c48df138,e3aa26b2f439a6dcd821bf6eb0556ad4a0244e038d30711785dcb7ff77c73b1f,1231,rendered_code/e3aa26b2f439a6dcd821bf6e.html,rendered widget fragment; NOT original editor source
cn,https://cn.beautyblossom.kr/29,w2025031342476153c4ccd,b76befb913d7048879e6f09b8fa22737bd47eb5a64fbb9871c1357abb4261e68,1031,rendered_code/b76befb913d7048879e6f09b.html,rendered widget fragment; NOT original editor source
cn,https://cn.beautyblossom.kr/30,w202503065a58562a2ce81,8b1b5d802a98e68e100dd16210bd7a5760609356003c13a1940468d1a4233152,1099,rendered_code/8b1b5d802a98e68e100dd162.html,rendered widget fragment; NOT original editor source
cn,https://cn.beautyblossom.kr/30,w202503063ae824b9c29c0,12fd9cf6dc30726299b7745911a47fe3f11bf9eb9f815c56c4328f74d04f415c,1257,rendered_code/12fd9cf6dc30726299b77459.html,rendered widget fragment; NOT original editor source
cn,https://cn.beautyblossom.kr/30,w20250313ef34584b5a7d8,b76befb913d7048879e6f09b8fa22737bd47eb5a64fbb9871c1357abb4261e68,1031,rendered_code/b76befb913d7048879e6f09b.html,rendered widget fragment; NOT original editor source
cn,https://cn.beautyblossom.kr/31,w20250306216ed931572f6,8a9a81a792328a2aa36661524c156b094bd203c7cc3a2c7fd3b4f39b8d7a5f6b,1337,rendered_code/8a9a81a792328a2aa3666152.html,rendered widget fragment; NOT original editor source
cn,https://cn.beautyblossom.kr/31,w2025030659127c5bbefcd,3d53649140bd56e87228cf8ed9a84048672fe85338833c5a01fbd98d4be4b4b9,825,rendered_code/3d53649140bd56e87228cf8e.html,rendered widget fragment; NOT original editor source
cn,https://cn.beautyblossom.kr/31,w20250306c9eed4acc6130,c2b82ac0e6c2a1e6eb91cbeaab904ddd1cb35ae3f216ddc64d606d7724781734,1229,rendered_code/c2b82ac0e6c2a1e6eb91cbea.html,rendered widget fragment; NOT original editor source
cn,https://cn.beautyblossom.kr/31,w20250313e0d817134e542,b76befb913d7048879e6f09b8fa22737bd47eb5a64fbb9871c1357abb4261e68,1031,rendered_code/b76befb913d7048879e6f09b.html,rendered widget fragment; NOT original editor source
cn,https://cn.beautyblossom.kr/32,w20250306f9707c98865fd,f21cd30b22888afe94a78830c498c0410f66f8fc4fddb6741150e3769dd52745,1368,rendered_code/f21cd30b22888afe94a78830.html,rendered widget fragment; NOT original editor source
cn,https://cn.beautyblossom.kr/32,w20250306a8ad4b6f85730,8f5c3d05ef7318e6c129c019e84139d0eec4b2ca70c3497c5505e1de42165f92,1258,rendered_code/8f5c3d05ef7318e6c129c019.html,rendered widget fragment; NOT original editor source
cn,https://cn.beautyblossom.kr/32,w20250313984b589752aaa,b76befb913d7048879e6f09b8fa22737bd47eb5a64fbb9871c1357abb4261e68,1031,rendered_code/b76befb913d7048879e6f09b.html,rendered widget fragment; NOT original editor source
cn,https://cn.beautyblossom.kr/33,w20250306e9793d3c934fe,b1a1e6fb33e087378f27f56cb45f4dc16b94f682c715ab457f0170dc19746805,1250,rendered_code/b1a1e6fb33e087378f27f56c.html,rendered widget fragment; NOT original editor source
cn,https://cn.beautyblossom.kr/33,w20250306b63b7ec66f0d9,3836a711970e513f17feb99cb9597fb2707bef245525da522edbca00ea9ff13d,843,rendered_code/3836a711970e513f17feb99c.html,rendered widget fragment; NOT original editor source
cn,https://cn.beautyblossom.kr/33,w20250306df018b37cb099,cd10e4ad0ba9ec41a70a0b7d7137af9e4ce69455438e68e3405fbb82b6d33e7e,1003,rendered_code/cd10e4ad0ba9ec41a70a0b7d.html,rendered widget fragment; NOT original editor source
cn,https://cn.beautyblossom.kr/33,w20250306a89a599ab8d76,07b54facd578b58e3de5530f7a1f7dcbcedba65715799e0cd7f3b22d03212d9b,906,rendered_code/07b54facd578b58e3de5530f.html,rendered widget fragment; NOT original editor source
cn,https://cn.beautyblossom.kr/33,w202503065c28e0007be77,37e58d0b811060e6a5c5e9f52d476d5b943e5d7d3e542426bf641a877591da56,1233,rendered_code/37e58d0b811060e6a5c5e9f5.html,rendered widget fragment; NOT original editor source
cn,https://cn.beautyblossom.kr/33,w2025031313c61ae2e8a93,b76befb913d7048879e6f09b8fa22737bd47eb5a64fbb9871c1357abb4261e68,1031,rendered_code/b76befb913d7048879e6f09b.html,rendered widget fragment; NOT original editor source
cn,https://cn.beautyblossom.kr/34,w20250306924d1f94488cf,473f7b8aab95a20684ca4578ec89dd9edb7cf0f344f1e98944fc7b8c5836b5c9,1262,rendered_code/473f7b8aab95a20684ca4578.html,rendered widget fragment; NOT original editor source
cn,https://cn.beautyblossom.kr/34,w202503062e4ac4d0b9161,6c3dc2c244570a84dcc0ddbc83073f49ce54497a87cefff10047493d9f94c97f,1111,rendered_code/6c3dc2c244570a84dcc0ddbc.html,rendered widget fragment; NOT original editor source
cn,https://cn.beautyblossom.kr/35,w202503067b63d1b453dcf,bfcbc4b6d4bc51fc0ba053fc8e8645efd68434eca81554212205ea87538de2c2,1319,rendered_code/bfcbc4b6d4bc51fc0ba053fc.html,rendered widget fragment; NOT original editor source
cn,https://cn.beautyblossom.kr/35,w202503065c5337dc294f1,830f00934219705317e08cc950259f082a427b21297ac8abab9507b0cdddb1cb,1244,rendered_code/830f00934219705317e08cc9.html,rendered widget fragment; NOT original editor source
cn,https://cn.beautyblossom.kr/35,w20250313c42964a8ad5a6,b76befb913d7048879e6f09b8fa22737bd47eb5a64fbb9871c1357abb4261e68,1031,rendered_code/b76befb913d7048879e6f09b.html,rendered widget fragment; NOT original editor source
cn,https://cn.beautyblossom.kr/36,w202503069377b98125431,9bd4b4eb39726f809daeaa77eb249235f15aab7d7371ef8e16ffbd2a677c3c59,1335,rendered_code/9bd4b4eb39726f809daeaa77.html,rendered widget fragment; NOT original editor source
cn,https://cn.beautyblossom.kr/36,w202503066e1767e2e2203,4139f385fb458be329b5ea31d2280e3ae8943662babcfa50734136102441afb7,1238,rendered_code/4139f385fb458be329b5ea31.html,rendered widget fragment; NOT original editor source
cn,https://cn.beautyblossom.kr/36,w202503139692c67805eab,b76befb913d7048879e6f09b8fa22737bd47eb5a64fbb9871c1357abb4261e68,1031,rendered_code/b76befb913d7048879e6f09b.html,rendered widget fragment; NOT original editor source
cn,https://cn.beautyblossom.kr/37,w20250306a1eb0e30d6919,ead48f33eaa3f01d89ed7316fae57e35be9136aaa007426c994028cc9e954b73,1351,rendered_code/ead48f33eaa3f01d89ed7316.html,rendered widget fragment; NOT original editor source
cn,https://cn.beautyblossom.kr/37,w20250306f74406b02acc4,df328476a6c214e4f63bfaf6e4466bb20abecbe1344cbf1ffd26eb0f2caf6965,3587,rendered_code/df328476a6c214e4f63bfaf6.html,rendered widget fragment; NOT original editor source
cn,https://cn.beautyblossom.kr/37,w20250306826775f0c20ec,debc0da9b003ff9290707f140b6b8009cc6f4fc7b35e3f4c8057251b43b05deb,1238,rendered_code/debc0da9b003ff9290707f14.html,rendered widget fragment; NOT original editor source
cn,https://cn.beautyblossom.kr/37,w20250313b1e0ca350f2e2,b76befb913d7048879e6f09b8fa22737bd47eb5a64fbb9871c1357abb4261e68,1031,rendered_code/b76befb913d7048879e6f09b.html,rendered widget fragment; NOT original editor source
cn,https://cn.beautyblossom.kr/39,w20250916ad16905c85a1c,0e371be3c14a7f2cbebceb6f9beb221aa6ab543bc98547c56ca77b866f89de6b,1545,rendered_code/0e371be3c14a7f2cbebceb6f.html,rendered widget fragment; NOT original editor source
cn,https://cn.beautyblossom.kr/39,w20250916db784093cad1e,37a500ceeb52dad2cf41a0821b1b99cc642490992fc4ff9ee97cc98ce6f62857,1616,rendered_code/37a500ceeb52dad2cf41a082.html,rendered widget fragment; NOT original editor source
cn,https://cn.beautyblossom.kr/39,w202509169138cfc40555a,b9880dcb8ab88a8ab9100b4fd3bd4da3339fec7ce772ba00f3679e1415b9f8ca,3078,rendered_code/b9880dcb8ab88a8ab9100b4f.html,rendered widget fragment; NOT original editor source
cn,https://cn.beautyblossom.kr/39,w2025091685f997509625d,036a86da753d6d2dc175c8f7155f72d56bcee65af13a4f04381620686d59a078,2277,rendered_code/036a86da753d6d2dc175c8f7.html,rendered widget fragment; NOT original editor source
cn,https://cn.beautyblossom.kr/3D,w20250814031540fc2500b,f3de95d84ae142b77d780f4699cbafdc21da5fa1e2bb09437b9e8c44f16b1636,195,rendered_code/f3de95d84ae142b77d780f46.html,rendered widget fragment; NOT original editor source
cn,https://cn.beautyblossom.kr/3D,w20250814a5b4df62293e3,833b571e592a1ace3e170c29321fc5e7f837855759afe36880ca29938a91f6d3,2264,rendered_code/833b571e592a1ace3e170c29.html,rendered widget fragment; NOT original editor source
cn,https://cn.beautyblossom.kr/3D,w202508147c3c54e334aed,fc5d4f2008d44636507096ec2ec9ca2feef2a95b629050110597fd0de8afa7bf,1633,rendered_code/fc5d4f2008d44636507096ec.html,rendered widget fragment; NOT original editor source
cn,https://cn.beautyblossom.kr/3D,w20250814a51d96c95323e,671143fbc6a20bc8aa3b6c2ea797075e0406b5933ac9ee334a67746f045125ce,1671,rendered_code/671143fbc6a20bc8aa3b6c2e.html,rendered widget fragment; NOT original editor source
cn,https://cn.beautyblossom.kr/3D,w2025081450cfa99cf140b,36951da17268478765eee01fb09ed563a37649126817e94bb6214d4dae236afc,2091,rendered_code/36951da17268478765eee01f.html,rendered widget fragment; NOT original editor source
cn,https://cn.beautyblossom.kr/3D,w20250814641bb78f08758,ec467b86c003a527ae08bbd3ccdf64278cb5ec892b02e1c3682551d2456b60df,1263,rendered_code/ec467b86c003a527ae08bbd3.html,rendered widget fragment; NOT original editor source
cn,https://cn.beautyblossom.kr/3D,w2025081461acc1f513fd3,b76befb913d7048879e6f09b8fa22737bd47eb5a64fbb9871c1357abb4261e68,1031,rendered_code/b76befb913d7048879e6f09b.html,rendered widget fragment; NOT original editor source
cn,https://cn.beautyblossom.kr/40,w2025111260b15c69b866f,bb91af52176cc3a95a7a7ae0144dcb68518e4e2f5feb86f9b66b63c39ef2b24b,1361,rendered_code/bb91af52176cc3a95a7a7ae0.html,rendered widget fragment; NOT original editor source
cn,https://cn.beautyblossom.kr/40,w2025111264e2f088d2e05,f03747da8c76c1d4bcc703f481b9b22cdabd67fa87c7bacdc98274c216cf2a07,3032,rendered_code/f03747da8c76c1d4bcc703f4.html,rendered widget fragment; NOT original editor source
cn,https://cn.beautyblossom.kr/40,w20251112b10a65fb81565,d11626737a4e89f017f799561a4dc45a5a05183b274d6f8b59edcaf41d9568f5,1498,rendered_code/d11626737a4e89f017f79956.html,rendered widget fragment; NOT original editor source
cn,https://cn.beautyblossom.kr/40,w202511125eee0b367d942,f3de95d84ae142b77d780f4699cbafdc21da5fa1e2bb09437b9e8c44f16b1636,195,rendered_code/f3de95d84ae142b77d780f46.html,rendered widget fragment; NOT original editor source
cn,https://cn.beautyblossom.kr/40,w2025111294bd80b811770,301293f30d470ead967de4fb8ceb54ce1a9a362a8d2093f62935c1748bd3e962,1613,rendered_code/301293f30d470ead967de4fb.html,rendered widget fragment; NOT original editor source
cn,https://cn.beautyblossom.kr/40,w20251112bba84cd8c4ff7,e02bef8f5764f802857b48e7e57c6bdf0b17d717478958242363b6ddc38108e7,1736,rendered_code/e02bef8f5764f802857b48e7.html,rendered widget fragment; NOT original editor source
cn,https://cn.beautyblossom.kr/40,w20251112dbb0bcb444c36,7e126d6802e4325cc80448bb627af81b12ef45e9aca2b3f0be7741522a100d1c,1241,rendered_code/7e126d6802e4325cc80448bb.html,rendered widget fragment; NOT original editor source
cn,https://cn.beautyblossom.kr/40,w202511129bb3584d6e5a4,b76befb913d7048879e6f09b8fa22737bd47eb5a64fbb9871c1357abb4261e68,1031,rendered_code/b76befb913d7048879e6f09b.html,rendered widget fragment; NOT original editor source
cn,https://cn.beautyblossom.kr/40b,w2025030613c119f46860b,9b47a76a9e8b460463c84a0d5dd899d0b0e2bcec022ca41460cda909256b3f2c,1374,rendered_code/9b47a76a9e8b460463c84a0d.html,rendered widget fragment; NOT original editor source
cn,https://cn.beautyblossom.kr/40b,w202503060c5b58854ff3a,02608f214c4d2ecf9d453fe693b1881d24ff234d769f1537f87ebc4334fd7758,1210,rendered_code/02608f214c4d2ecf9d453fe6.html,rendered widget fragment; NOT original editor source
cn,https://cn.beautyblossom.kr/40b,w202503139701539107fc4,b76befb913d7048879e6f09b8fa22737bd47eb5a64fbb9871c1357abb4261e68,1031,rendered_code/b76befb913d7048879e6f09b.html,rendered widget fragment; NOT original editor source
cn,https://cn.beautyblossom.kr/41,w20250306bfd2d8214bf4d,7eed85442b86efd888d63e49e91fc00aa2fa42664d3fc2405c0a67677c45377f,1353,rendered_code/7eed85442b86efd888d63e49.html,rendered widget fragment; NOT original editor source
cn,https://cn.beautyblossom.kr/41,w2025071393d540161d684,230e8a8153f0b8446c510b78c120133d5a05ab7815f7efa5a89a472e456ee085,1537,rendered_code/230e8a8153f0b8446c510b78.html,rendered widget fragment; NOT original editor source
cn,https://cn.beautyblossom.kr/41,w20250713f4c4352ff9682,6f112de07856daac48ce08551c7dc1d3453f136eaa1f60c6d6bca7601f781a17,1474,rendered_code/6f112de07856daac48ce0855.html,rendered widget fragment; NOT original editor source
cn,https://cn.beautyblossom.kr/41,w2025071311c4bc2882a38,4a9f0fda8b0f5b1ca69ba56ee3cd9a5257db9106f6d5bdc73b1d6e7010259bb6,1543,rendered_code/4a9f0fda8b0f5b1ca69ba56e.html,rendered widget fragment; NOT original editor source
cn,https://cn.beautyblossom.kr/41,w2025071359b69aba22199,d6fb476c2f2e3c798b4000caeebc41987f43c4015b1255c0f182ba498a1413a3,198,rendered_code/d6fb476c2f2e3c798b4000ca.html,rendered widget fragment; NOT original editor source
cn,https://cn.beautyblossom.kr/41,w2025071374fc16c46270a,954e2f69bff49f0088c41325c4df2ee45f17de064cea22928c256b3eaaa0550a,1873,rendered_code/954e2f69bff49f0088c41325.html,rendered widget fragment; NOT original editor source
cn,https://cn.beautyblossom.kr/41,w202507136bcf41f93bd2c,5b6b6ee5832f40fddb24110342fdac54c9e06c9e95c98b463cadaad2214dd1ec,1099,rendered_code/5b6b6ee5832f40fddb241103.html,rendered widget fragment; NOT original editor source
cn,https://cn.beautyblossom.kr/41,w202507138db8c41cb82a3,e91cc295dffb259af15fca77cdcdebc628902f6b76826c38a82769ada986f347,1450,rendered_code/e91cc295dffb259af15fca77.html,rendered widget fragment; NOT original editor source
cn,https://cn.beautyblossom.kr/41,w20250306476167c940031,84e0acd34bf40ac701372196b82875f1c013d27393e37cb8ab3f73f66b00990e,1227,rendered_code/84e0acd34bf40ac701372196.html,rendered widget fragment; NOT original editor source
cn,https://cn.beautyblossom.kr/41,w202503132ab1a9c6e7260,b76befb913d7048879e6f09b8fa22737bd47eb5a64fbb9871c1357abb4261e68,1031,rendered_code/b76befb913d7048879e6f09b.html,rendered widget fragment; NOT original editor source
cn,https://cn.beautyblossom.kr/42,w202503065bcccf01ec79f,fe929b283721f59480aa75c356209a8c56c2d40c78c386a43aa6756366677b9e,1365,rendered_code/fe929b283721f59480aa75c3.html,rendered widget fragment; NOT original editor source
cn,https://cn.beautyblossom.kr/42,w20250306f4e4fae23354f,96a6ab3d34370312aec57cdfdb00f56249ca1cb1db78c50a1492bb172ea3151c,791,rendered_code/96a6ab3d34370312aec57cdf.html,rendered widget fragment; NOT original editor source
cn,https://cn.beautyblossom.kr/42,w20250306fba4b7519b46d,565cdc7366d368c42e0582379651b2c180ea22de9213f931be2b8d8ddc3927f2,1219,rendered_code/565cdc7366d368c42e058237.html,rendered widget fragment; NOT original editor source
cn,https://cn.beautyblossom.kr/42,w202503131fbfd4a485b84,b76befb913d7048879e6f09b8fa22737bd47eb5a64fbb9871c1357abb4261e68,1031,rendered_code/b76befb913d7048879e6f09b.html,rendered widget fragment; NOT original editor source
cn,https://cn.beautyblossom.kr/43,w2025030698314b549fcfc,c1923699e5842dad64ecca1a7ea3d7eddcd43be1363f44e943276fff683435df,1352,rendered_code/c1923699e5842dad64ecca1a.html,rendered widget fragment; NOT original editor source
cn,https://cn.beautyblossom.kr/43,w202503066bf1243037b38,af0828257ac7835ae8cabc7732969f706794898f331aca17fcdf758c753fe019,808,rendered_code/af0828257ac7835ae8cabc77.html,rendered widget fragment; NOT original editor source
cn,https://cn.beautyblossom.kr/43,w202503064f57dcd90875d,cd4103ec7c738552db26dfc0b729f68d0fa0030a12096c27be237e83feede587,1252,rendered_code/cd4103ec7c738552db26dfc0.html,rendered widget fragment; NOT original editor source
cn,https://cn.beautyblossom.kr/43,w20250313b767ed1ef8faf,b76befb913d7048879e6f09b8fa22737bd47eb5a64fbb9871c1357abb4261e68,1031,rendered_code/b76befb913d7048879e6f09b.html,rendered widget fragment; NOT original editor source
cn,https://cn.beautyblossom.kr/44,w202503062b824dba1b62e,a4bac5d519e8bf8cd6e9ef3c296de5fb6fa23d5dd3b3b3bebcfc76b62b157c2c,1357,rendered_code/a4bac5d519e8bf8cd6e9ef3c.html,rendered widget fragment; NOT original editor source
cn,https://cn.beautyblossom.kr/44,w2025030608394500b063d,9388ef961d49637ca68f56566d3389358a8a9301fafd8482231c52df49e4cc44,1233,rendered_code/9388ef961d49637ca68f5656.html,rendered widget fragment; NOT original editor source
cn,https://cn.beautyblossom.kr/44,w2025031333baba6fe98c8,b76befb913d7048879e6f09b8fa22737bd47eb5a64fbb9871c1357abb4261e68,1031,rendered_code/b76befb913d7048879e6f09b.html,rendered widget fragment; NOT original editor source
cn,https://cn.beautyblossom.kr/45,w202503061250ac09baad4,6fa196fc3272c9df0c885756ce4ac3948247274828f0a389636038423cce3950,1353,rendered_code/6fa196fc3272c9df0c885756.html,rendered widget fragment; NOT original editor source
cn,https://cn.beautyblossom.kr/45,w20250306af2748d72ada7,96678627b8f44992ff01cec2b3f02a701d2f65da4f2357b0a1d9fd8684110a65,656,rendered_code/96678627b8f44992ff01cec2.html,rendered widget fragment; NOT original editor source
cn,https://cn.beautyblossom.kr/45,w20250306d982afcd8540f,e8fee287316bc72cdc09beebef833f50aa1b09020bfd19f1a9605968dc22acc8,807,rendered_code/e8fee287316bc72cdc09beeb.html,rendered widget fragment; NOT original editor source
cn,https://cn.beautyblossom.kr/45,w20250306a0cf3cf2d169d,2db43f62223e612548ed343e5c6ba31d8e04292972a1c0efda682fdfd890bb7a,1230,rendered_code/2db43f62223e612548ed343e.html,rendered widget fragment; NOT original editor source
cn,https://cn.beautyblossom.kr/45,w202503133022f597bd87b,b76befb913d7048879e6f09b8fa22737bd47eb5a64fbb9871c1357abb4261e68,1031,rendered_code/b76befb913d7048879e6f09b.html,rendered widget fragment; NOT original editor source
cn,https://cn.beautyblossom.kr/47,w2025030688a6d839c9882,dd2141b33dc5b04bf91175c676012548324284cf5db8af3d389e5c811a1fe384,1250,rendered_code/dd2141b33dc5b04bf91175c6.html,rendered widget fragment; NOT original editor source
cn,https://cn.beautyblossom.kr/47,w20250306c72ed76d79dd3,5406812429ce77262c32b6d7fc3b68fbc972f7ba1824095de946c8749c3dd1e7,860,rendered_code/5406812429ce77262c32b6d7.html,rendered widget fragment; NOT original editor source
cn,https://cn.beautyblossom.kr/47,w20250306a848b61b20aaa,662890cc17ab3cef6b568a8db96aabfe51bcfe711e290f4bc2a8c134c34e8297,769,rendered_code/662890cc17ab3cef6b568a8d.html,rendered widget fragment; NOT original editor source
cn,https://cn.beautyblossom.kr/47,w202503130cd642fafbd15,b76befb913d7048879e6f09b8fa22737bd47eb5a64fbb9871c1357abb4261e68,1031,rendered_code/b76befb913d7048879e6f09b.html,rendered widget fragment; NOT original editor source
cn,https://cn.beautyblossom.kr/48,w2025030705a3ce0adc9d4,79c1538186951910bd2cf7c0d7977fb85aee5735072580f997efd224d259533e,1250,rendered_code/79c1538186951910bd2cf7c0.html,rendered widget fragment; NOT original editor source
cn,https://cn.beautyblossom.kr/48,w2025030790bc64d1dddf6,5406812429ce77262c32b6d7fc3b68fbc972f7ba1824095de946c8749c3dd1e7,860,rendered_code/5406812429ce77262c32b6d7.html,rendered widget fragment; NOT original editor source
cn,https://cn.beautyblossom.kr/48,w20250306b5630956ba2a5,662890cc17ab3cef6b568a8db96aabfe51bcfe711e290f4bc2a8c134c34e8297,769,rendered_code/662890cc17ab3cef6b568a8d.html,rendered widget fragment; NOT original editor source
cn,https://cn.beautyblossom.kr/48,w20250313990c24e6967f5,b76befb913d7048879e6f09b8fa22737bd47eb5a64fbb9871c1357abb4261e68,1031,rendered_code/b76befb913d7048879e6f09b.html,rendered widget fragment; NOT original editor source
cn,https://cn.beautyblossom.kr/50,w20250306763bfa08e9769,787e612718f63c9ab25d4d62269c138f24a6ba6ee591eb20191b149530570c59,996,rendered_code/787e612718f63c9ab25d4d62.html,rendered widget fragment; NOT original editor source
cn,https://cn.beautyblossom.kr/50,w20250306ad431651e9c86,013e3bd2a9be5a74db85c897f7c7ec48c2eb36cba9d3e129bc741f59fdabc581,895,rendered_code/013e3bd2a9be5a74db85c897.html,rendered widget fragment; NOT original editor source
cn,https://cn.beautyblossom.kr/51,w2025030664415ffaa7be0,c32639bf82ef410dc6c00f2c477d958e94b812fd8dd1b183592af2a665e6a9a4,1364,rendered_code/c32639bf82ef410dc6c00f2c.html,rendered widget fragment; NOT original editor source
cn,https://cn.beautyblossom.kr/51,w2025030654c9362304626,cf07c0cbd0047d8ad67eb47c38631590c8384584e2c3b2f7c6b2e569d81a74a7,835,rendered_code/cf07c0cbd0047d8ad67eb47c.html,rendered widget fragment; NOT original editor source
cn,https://cn.beautyblossom.kr/51,w2025030681375a30f15c1,5b892ec668b738bac8782574c2986719c71cee97594fd82a108bd12cee62a72a,1496,rendered_code/5b892ec668b738bac8782574.html,rendered widget fragment; NOT original editor source
cn,https://cn.beautyblossom.kr/51,w202503062f55bd657cb1c,48a3363e056595c8093906f3cd4f7b64619d4ff52a56e7fd192f17d082d6bb40,1250,rendered_code/48a3363e056595c8093906f3.html,rendered widget fragment; NOT original editor source
cn,https://cn.beautyblossom.kr/51,w2025031336295abe23270,b76befb913d7048879e6f09b8fa22737bd47eb5a64fbb9871c1357abb4261e68,1031,rendered_code/b76befb913d7048879e6f09b.html,rendered widget fragment; NOT original editor source
cn,https://cn.beautyblossom.kr/52,w20250306a32f7fdaa5c2e,9d9b85a6a0f7a011a9f4e3fef5542150648320336f4d3a6069e7c33770d40c07,1364,rendered_code/9d9b85a6a0f7a011a9f4e3fe.html,rendered widget fragment; NOT original editor source
cn,https://cn.beautyblossom.kr/52,w20250306f9528c7d78c0d,3dc78c93ea4f815ab96c5a9fae72973fddd4cc7af0d98a478d00f42c48ccedf7,695,rendered_code/3dc78c93ea4f815ab96c5a9f.html,rendered widget fragment; NOT original editor source
cn,https://cn.beautyblossom.kr/52,w2025030651dac77bd5f27,a459ad32b40114488197ac51ace7a9125142239aada8a9b74e756f8572dbae38,1228,rendered_code/a459ad32b40114488197ac51.html,rendered widget fragment; NOT original editor source
cn,https://cn.beautyblossom.kr/52,w2025031349a73426eeeda,b76befb913d7048879e6f09b8fa22737bd47eb5a64fbb9871c1357abb4261e68,1031,rendered_code/b76befb913d7048879e6f09b.html,rendered widget fragment; NOT original editor source
cn,https://cn.beautyblossom.kr/53,w2025030657f2fc38364ae,636824e07e58f8d450827ef72467a356d28bd35fdf2968bd1760ad0d4e8e5054,1355,rendered_code/636824e07e58f8d450827ef7.html,rendered widget fragment; NOT original editor source
cn,https://cn.beautyblossom.kr/53,w202503062ba8152b55fc9,4cbbe548a28d69a022258c4207a276cad56c23dfefdba486447b3367c6023aac,977,rendered_code/4cbbe548a28d69a022258c42.html,rendered widget fragment; NOT original editor source
cn,https://cn.beautyblossom.kr/53,w20250306e78c794d383cc,f701c708817b90f21f239aae8226d4f8df0ab1cdf2fc8766cf958001b88aeedd,1266,rendered_code/f701c708817b90f21f239aae.html,rendered widget fragment; NOT original editor source
cn,https://cn.beautyblossom.kr/53,w202503068b19cd6ce8119,6c3dc2c244570a84dcc0ddbc83073f49ce54497a87cefff10047493d9f94c97f,1111,rendered_code/6c3dc2c244570a84dcc0ddbc.html,rendered widget fragment; NOT original editor source
cn,https://cn.beautyblossom.kr/54,w2025030692a14b50117ab,fba9d1787ed449e58fb9fb2b868e9469d2266d72d664413921624e6a11a056ba,1350,rendered_code/fba9d1787ed449e58fb9fb2b.html,rendered widget fragment; NOT original editor source
cn,https://cn.beautyblossom.kr/54,w202503062272ef23e1e47,8cf2e7d46c23d2f85616a5d174fe90a88ed467615900dff1a45cf32aa5e0e37e,1232,rendered_code/8cf2e7d46c23d2f85616a5d1.html,rendered widget fragment; NOT original editor source
cn,https://cn.beautyblossom.kr/54,w20250313e7835d70863b2,b76befb913d7048879e6f09b8fa22737bd47eb5a64fbb9871c1357abb4261e68,1031,rendered_code/b76befb913d7048879e6f09b.html,rendered widget fragment; NOT original editor source
cn,https://cn.beautyblossom.kr/55,w2025030643dd6ac75bec1,17400b29aca68e87375cdc7cec267242b10e76bde6130c0e58e25845e55d8695,1366,rendered_code/17400b29aca68e87375cdc7c.html,rendered widget fragment; NOT original editor source
cn,https://cn.beautyblossom.kr/55,w20250306e3b5a4cedd871,e6ab38e16c8f47a078a8b0249014ca51f9e9ba653afadce7cef92765d4ad2cf2,799,rendered_code/e6ab38e16c8f47a078a8b024.html,rendered widget fragment; NOT original editor source
cn,https://cn.beautyblossom.kr/55,w202503061b0a23651521d,67c63d436f97df8333d84041c78740f5644ebbd93ef50b1f423998e617340488,4781,rendered_code/67c63d436f97df8333d84041.html,rendered widget fragment; NOT original editor source
cn,https://cn.beautyblossom.kr/55,w20250306fb2f7951c4def,3e6f224b1a9fa2208489c23a1beacb933958994952d4a4d3e5497ffc511029e2,1226,rendered_code/3e6f224b1a9fa2208489c23a.html,rendered widget fragment; NOT original editor source
cn,https://cn.beautyblossom.kr/55,w202503130fe9d9d43791f,b76befb913d7048879e6f09b8fa22737bd47eb5a64fbb9871c1357abb4261e68,1031,rendered_code/b76befb913d7048879e6f09b.html,rendered widget fragment; NOT original editor source
cn,https://cn.beautyblossom.kr/56,w2025030699a26cc5932a2,088bc317989bf333c67e834d63de98a7133e0ae990fdf9d11e822ce3dc3edecc,1248,rendered_code/088bc317989bf333c67e834d.html,rendered widget fragment; NOT original editor source
cn,https://cn.beautyblossom.kr/56,w202503061edd61fd2273a,1c6efac9e7038f1760bc8ae228dfb28711ef53106b49b4a7b05e55c07f43d55a,675,rendered_code/1c6efac9e7038f1760bc8ae2.html,rendered widget fragment; NOT original editor source
cn,https://cn.beautyblossom.kr/56,w2025030626aac68da086f,589cd02182a75215a2dab232d3b4e4e8bb446d4577e8af63e603f58b3578f896,942,rendered_code/589cd02182a75215a2dab232.html,rendered widget fragment; NOT original editor source
cn,https://cn.beautyblossom.kr/56,w20250306736461088392b,ce93b9fbb25bda02f25b19e0d4561c2a0d4663832da510575a529fe3ad8f92c4,1222,rendered_code/ce93b9fbb25bda02f25b19e0.html,rendered widget fragment; NOT original editor source
cn,https://cn.beautyblossom.kr/56,w20250313876150adb72ac,b76befb913d7048879e6f09b8fa22737bd47eb5a64fbb9871c1357abb4261e68,1031,rendered_code/b76befb913d7048879e6f09b.html,rendered widget fragment; NOT original editor source
cn,https://cn.beautyblossom.kr/57,w2025030648c0b028f913e,8fd9d7f8bc4a6eba2a7ae070795f8075886c0118a100b68361452bdb2b3341a3,1350,rendered_code/8fd9d7f8bc4a6eba2a7ae070.html,rendered widget fragment; NOT original editor source
cn,https://cn.beautyblossom.kr/57,w20250306a34bc3f721d8c,555310cd9e0f8993dadb6c074fdaf11e7f8e183f54ab030d206e11f969949150,799,rendered_code/555310cd9e0f8993dadb6c07.html,rendered widget fragment; NOT original editor source
cn,https://cn.beautyblossom.kr/57,w20250306c4e7d7caa9d22,733ba838dc0e444e5c1e351e2c12f9a7fcd0ec965e3ac4b00b6c95cfcddd8b2a,1240,rendered_code/733ba838dc0e444e5c1e351e.html,rendered widget fragment; NOT original editor source
cn,https://cn.beautyblossom.kr/57,w20250313deccf695b1324,b76befb913d7048879e6f09b8fa22737bd47eb5a64fbb9871c1357abb4261e68,1031,rendered_code/b76befb913d7048879e6f09b.html,rendered widget fragment; NOT original editor source
cn,https://cn.beautyblossom.kr/58,w2025030625bd59fa1ae57,545675cad87013d31feb0557a9800300898a06fa6a0e888c0bd3e4c930803a6d,1347,rendered_code/545675cad87013d31feb0557.html,rendered widget fragment; NOT original editor source
cn,https://cn.beautyblossom.kr/58,w202503066130c562e15dd,ab4933153bf338e79141c49c55399c0e88e344aa24627537da196c748dea26dc,796,rendered_code/ab4933153bf338e79141c49c.html,rendered widget fragment; NOT original editor source
cn,https://cn.beautyblossom.kr/58,w20250306a94f6af1992c5,ee7124e45a6c9d4ec32d141b4e87a9910a8558653ff20ef45d380135332906c9,1111,rendered_code/ee7124e45a6c9d4ec32d141b.html,rendered widget fragment; NOT original editor source
cn,https://cn.beautyblossom.kr/58,w2025031308cbef7e18242,b76befb913d7048879e6f09b8fa22737bd47eb5a64fbb9871c1357abb4261e68,1031,rendered_code/b76befb913d7048879e6f09b.html,rendered widget fragment; NOT original editor source
cn,https://cn.beautyblossom.kr/60,w20250306fed6644a6a5cc,42f917f67cd1b797b86d6707cffe4e96bba1dfbc7b79f0b1976065292bbf7400,1341,rendered_code/42f917f67cd1b797b86d6707.html,rendered widget fragment; NOT original editor source
cn,https://cn.beautyblossom.kr/60,w20250306dcc7043e1ff21,d900eff724c4398e7f14508f4a4b26fcc4594b84ba60ce3741cc358106fc64f7,1211,rendered_code/d900eff724c4398e7f14508f.html,rendered widget fragment; NOT original editor source
cn,https://cn.beautyblossom.kr/60,w2025031391b988dff7017,b76befb913d7048879e6f09b8fa22737bd47eb5a64fbb9871c1357abb4261e68,1031,rendered_code/b76befb913d7048879e6f09b.html,rendered widget fragment; NOT original editor source
cn,https://cn.beautyblossom.kr/61,w202503066691875790e30,4143df725e1588f7c4d0740548ee5ba4c67e60874217884d433e9b1d466b31a6,1366,rendered_code/4143df725e1588f7c4d07405.html,rendered widget fragment; NOT original editor source
cn,https://cn.beautyblossom.kr/61,w202503060cc5cc4004806,46486db1cf09aeb5f68944020163ffb42b04089f2a7662721f5856a2018363e7,821,rendered_code/46486db1cf09aeb5f6894402.html,rendered widget fragment; NOT original editor source
cn,https://cn.beautyblossom.kr/61,w202503064f5f23c46fee5,1e4b2271bc9d506581f35e9f83061ca009a569bff4ef003b08eb393df364926d,1599,rendered_code/1e4b2271bc9d506581f35e9f.html,rendered widget fragment; NOT original editor source
cn,https://cn.beautyblossom.kr/61,w20250306c8b0927cae072,76d92ca73b1191a2ead0a9305da56b02ec030354a91709ca0430ecf6b38f705f,1210,rendered_code/76d92ca73b1191a2ead0a930.html,rendered widget fragment; NOT original editor source
cn,https://cn.beautyblossom.kr/61,w202503134a182290ecf46,b76befb913d7048879e6f09b8fa22737bd47eb5a64fbb9871c1357abb4261e68,1031,rendered_code/b76befb913d7048879e6f09b.html,rendered widget fragment; NOT original editor source
cn,https://cn.beautyblossom.kr/62,w20250306cfaca5269b84c,d93529a7cafeef70be0b288008caeafeec0383ec61fc420b048e3f4f91c8b78c,1346,rendered_code/d93529a7cafeef70be0b2880.html,rendered widget fragment; NOT original editor source
cn,https://cn.beautyblossom.kr/62,w20250306092a8132e1693,e37398b81f00bd9d9abbf15b8b923d6899c1a662c7c15c7a97d19df235540a3f,810,rendered_code/e37398b81f00bd9d9abbf15b.html,rendered widget fragment; NOT original editor source
cn,https://cn.beautyblossom.kr/62,w20250306cc4e48ba3735b,d148fe17f5612ec52b70f187754215596bf54c6772ed3b271107a166b0e79eb7,1229,rendered_code/d148fe17f5612ec52b70f187.html,rendered widget fragment; NOT original editor source
cn,https://cn.beautyblossom.kr/62,w202503133d9b7eab7ff45,b76befb913d7048879e6f09b8fa22737bd47eb5a64fbb9871c1357abb4261e68,1031,rendered_code/b76befb913d7048879e6f09b.html,rendered widget fragment; NOT original editor source
cn,https://cn.beautyblossom.kr/63,w20250317c1ebea8bfd49b,b76befb913d7048879e6f09b8fa22737bd47eb5a64fbb9871c1357abb4261e68,1031,rendered_code/b76befb913d7048879e6f09b.html,rendered widget fragment; NOT original editor source
cn,https://cn.beautyblossom.kr/64,w20250306a9e10c513dcb1,76f64587ba2baad7426254eb4b474fc8eae165ec6bcfb40e29c250880d00049a,1353,rendered_code/76f64587ba2baad7426254eb.html,rendered widget fragment; NOT original editor source
cn,https://cn.beautyblossom.kr/64,w20250306738dbc8d18930,51d399cfc82a801e3f5087920d32112d93df4662ed020914fdda64bc4a4e8612,838,rendered_code/51d399cfc82a801e3f508792.html,rendered widget fragment; NOT original editor source
cn,https://cn.beautyblossom.kr/64,w20250306144f2c74f66ac,0d54b92494dcc3c5cf751b3f3a0bc792c7cafc6bfae7dd490786a2408391b5b8,798,rendered_code/0d54b92494dcc3c5cf751b3f.html,rendered widget fragment; NOT original editor source
cn,https://cn.beautyblossom.kr/64,w202503062533e5541e9cf,837ca7714ee7026d8ad986dfad6eee2389261a175edee1cb3f21ffa11208b3c9,1227,rendered_code/837ca7714ee7026d8ad986df.html,rendered widget fragment; NOT original editor source
cn,https://cn.beautyblossom.kr/64,w202503135501c0052ddec,b76befb913d7048879e6f09b8fa22737bd47eb5a64fbb9871c1357abb4261e68,1031,rendered_code/b76befb913d7048879e6f09b.html,rendered widget fragment; NOT original editor source
cn,https://cn.beautyblossom.kr/65,w20250306e32c3f090f89f,fff5b6ad07382d20fe01c0ac28da92caefed1234aeb314239797dcbdf0117390,1353,rendered_code/fff5b6ad07382d20fe01c0ac.html,rendered widget fragment; NOT original editor source
cn,https://cn.beautyblossom.kr/65,w20250306891072cdbd39d,205c015250d2f8121b381413711b31a5605dc7ffa41856a7c8a9dacb3d59dab7,833,rendered_code/205c015250d2f8121b381413.html,rendered widget fragment; NOT original editor source
cn,https://cn.beautyblossom.kr/65,w202503069af6719ca67c4,86f8ae3ca92517c71b6989b3c70dfe264c49345dcdad48a0c9874ee8f80902f7,979,rendered_code/86f8ae3ca92517c71b6989b3.html,rendered widget fragment; NOT original editor source
cn,https://cn.beautyblossom.kr/65,w20250306e985053d2eb5e,0bf896c5c5c2142597a2685dbc58b204bf85d7f18101ad0c8c258b38499cd2ef,1251,rendered_code/0bf896c5c5c2142597a2685d.html,rendered widget fragment; NOT original editor source
cn,https://cn.beautyblossom.kr/65,w2025031305b8b20f56810,b76befb913d7048879e6f09b8fa22737bd47eb5a64fbb9871c1357abb4261e68,1031,rendered_code/b76befb913d7048879e6f09b.html,rendered widget fragment; NOT original editor source
cn,https://cn.beautyblossom.kr/66,w20250306a3be243dad68d,5c7c42e467d1f71a6142701625bf8f6559adb767971d22eb2da24d773190788b,1342,rendered_code/5c7c42e467d1f71a61427016.html,rendered widget fragment; NOT original editor source
cn,https://cn.beautyblossom.kr/66,w202503063ad0e41e42d45,c8c1f278352f325bf7b3fca6618830311e8fc238d33610d1650c11f692f5faa9,848,rendered_code/c8c1f278352f325bf7b3fca6.html,rendered widget fragment; NOT original editor source
cn,https://cn.beautyblossom.kr/66,w20250306202358fcb54b0,9fa4040eb71e4f237b23c6f281ba4c703477bfec416fecb7c2d9abbd20cc899f,1213,rendered_code/9fa4040eb71e4f237b23c6f2.html,rendered widget fragment; NOT original editor source
cn,https://cn.beautyblossom.kr/66,w20250313740476c080b75,b76befb913d7048879e6f09b8fa22737bd47eb5a64fbb9871c1357abb4261e68,1031,rendered_code/b76befb913d7048879e6f09b.html,rendered widget fragment; NOT original editor source
cn,https://cn.beautyblossom.kr/67,w202503065c6a40f1c08b0,b8b6291cf5ea46472e465914a9caa9dbb9d4061ae74b667299d2ec71c53b2712,1354,rendered_code/b8b6291cf5ea46472e465914.html,rendered widget fragment; NOT original editor source
cn,https://cn.beautyblossom.kr/67,w20250306783cfd5884bd0,b89800b3252625cfcae52188c149aab17811810c2528d974ad24a49a5bc8a040,838,rendered_code/b89800b3252625cfcae52188.html,rendered widget fragment; NOT original editor source
cn,https://cn.beautyblossom.kr/67,w20250306ae1905663d444,2179691656ce82a619f71de805838a9161f38077109e5106d44455cbe02fb00f,963,rendered_code/2179691656ce82a619f71de8.html,rendered widget fragment; NOT original editor source
cn,https://cn.beautyblossom.kr/67,w2025030667202cf1805d9,0d5a74359c01c90b078a8bbf72207997e47adc0d85216f5dcc708c65399e06d6,1243,rendered_code/0d5a74359c01c90b078a8bbf.html,rendered widget fragment; NOT original editor source
cn,https://cn.beautyblossom.kr/67,w20250306f7b35063f82fa,6c3dc2c244570a84dcc0ddbc83073f49ce54497a87cefff10047493d9f94c97f,1111,rendered_code/6c3dc2c244570a84dcc0ddbc.html,rendered widget fragment; NOT original editor source
cn,https://cn.beautyblossom.kr/68,w2025030621fadabbb7870,0ea28346522e611fcc21644737840684138885ccd4c70c2ba3701ac217dd3879,1337,rendered_code/0ea28346522e611fcc216447.html,rendered widget fragment; NOT original editor source
cn,https://cn.beautyblossom.kr/68,w2025030630e101261c211,7e0b068dfee05bcf9dfb2ef907ddf7ef8e827fca7dfe859b63afb76414f154ee,810,rendered_code/7e0b068dfee05bcf9dfb2ef9.html,rendered widget fragment; NOT original editor source
cn,https://cn.beautyblossom.kr/68,w20250306a95bf0c218d72,9053ecd04003400a31a34e1cb92531ab60164667fe139b1c3c58304cf1d272c8,1213,rendered_code/9053ecd04003400a31a34e1c.html,rendered widget fragment; NOT original editor source
cn,https://cn.beautyblossom.kr/68,w20250313cc8c431f15937,b76befb913d7048879e6f09b8fa22737bd47eb5a64fbb9871c1357abb4261e68,1031,rendered_code/b76befb913d7048879e6f09b.html,rendered widget fragment; NOT original editor source
cn,https://cn.beautyblossom.kr/69,w20250306f04db6cd460d7,dfbce89d9048772ef9fea7a30dbd9c9b44c7de863e5e03105c52d3d634a619e0,1344,rendered_code/dfbce89d9048772ef9fea7a3.html,rendered widget fragment; NOT original editor source
cn,https://cn.beautyblossom.kr/69,w20250306da946a2d76228,d5729df46e1a8fdd40d309b3eaaab2126edc65c1bc39ac7b50fda90056c0bc17,816,rendered_code/d5729df46e1a8fdd40d309b3.html,rendered widget fragment; NOT original editor source
cn,https://cn.beautyblossom.kr/69,w20250306ca0763918845e,e734c683ddb47cf3eadf734396fe55d8976ae8a81c5f25b5047985055fe2bec8,1836,rendered_code/e734c683ddb47cf3eadf7343.html,rendered widget fragment; NOT original editor source
cn,https://cn.beautyblossom.kr/69,w202503067303562df6113,1adae3db2327663f1cf72fc8acd2f16703b92bd2be979580fcaf22d919946f1d,1241,rendered_code/1adae3db2327663f1cf72fc8.html,rendered widget fragment; NOT original editor source
cn,https://cn.beautyblossom.kr/69,w202503138c8f410363179,b76befb913d7048879e6f09b8fa22737bd47eb5a64fbb9871c1357abb4261e68,1031,rendered_code/b76befb913d7048879e6f09b.html,rendered widget fragment; NOT original editor source
cn,https://cn.beautyblossom.kr/71,w2025030673629490430e1,c0ff9c28405d3875ebc2451dc5c6373e8b33d73d3951e4a288d9c34120bbe837,1026,rendered_code/c0ff9c28405d3875ebc2451d.html,rendered widget fragment; NOT original editor source
cn,https://cn.beautyblossom.kr/71,w20250306ff43d26f6b6fd,18c8bd2063cf63d05bee05d4369d9a79d201ea44d6758e613dc448e28a1b2bf3,896,rendered_code/18c8bd2063cf63d05bee05d4.html,rendered widget fragment; NOT original editor source
cn,https://cn.beautyblossom.kr/72,w20250306c5060ff248191,f97758b918268d3ee247540233d15ed2143973b57056ab0926024921a3e6dfc3,1351,rendered_code/f97758b918268d3ee2475402.html,rendered widget fragment; NOT original editor source
cn,https://cn.beautyblossom.kr/72,w202503063c50f8b9c35c3,845fabfed394edf88f08a139a43eaa0bc6f4ba97847804e4177d3f155fa42b8c,1234,rendered_code/845fabfed394edf88f08a139.html,rendered widget fragment; NOT original editor source
cn,https://cn.beautyblossom.kr/72,w20250313c1675c0f8408b,b76befb913d7048879e6f09b8fa22737bd47eb5a64fbb9871c1357abb4261e68,1031,rendered_code/b76befb913d7048879e6f09b.html,rendered widget fragment; NOT original editor source
cn,https://cn.beautyblossom.kr/73,w202503063116730c0cf18,94c212652ce2c86f75553d649f100cfd351b4172cc7c5cde8c1caa7cd084e3cc,1342,rendered_code/94c212652ce2c86f75553d64.html,rendered widget fragment; NOT original editor source
cn,https://cn.beautyblossom.kr/73,w202503068fae287a93c33,c869a0fed1a87f0fc9bf70c69612287c5d53449faac153f4778609dd783cb51f,699,rendered_code/c869a0fed1a87f0fc9bf70c6.html,rendered widget fragment; NOT original editor source
cn,https://cn.beautyblossom.kr/73,w202503065697c7fb6454e,7b3055d8e2786e26289db05ac497d64f4d58a3dc5f5f34ee8b6edc17d7aaed0b,1644,rendered_code/7b3055d8e2786e26289db05a.html,rendered widget fragment; NOT original editor source
cn,https://cn.beautyblossom.kr/73,w202503064ba24942a52da,54e870c7077baa87bf5e46fb7c329af290844592241acf5ddc3552b84c0dedca,1171,rendered_code/54e870c7077baa87bf5e46fb.html,rendered widget fragment; NOT original editor source
cn,https://cn.beautyblossom.kr/73,w202503063f13894eef753,b453652a9487425ad02fa3c45e6fec8eaaea8d75c8f79e28102803147aa3037e,3547,rendered_code/b453652a9487425ad02fa3c4.html,rendered widget fragment; NOT original editor source
cn,https://cn.beautyblossom.kr/73,w20250306fc3fb1c14d4f0,ca8fe94a5a63bcb79aaab875dc46dd628066e1bfc78ef6bd57a9d5ca21144203,1221,rendered_code/ca8fe94a5a63bcb79aaab875.html,rendered widget fragment; NOT original editor source
cn,https://cn.beautyblossom.kr/73,w202503132e81c27c4b226,b76befb913d7048879e6f09b8fa22737bd47eb5a64fbb9871c1357abb4261e68,1031,rendered_code/b76befb913d7048879e6f09b.html,rendered widget fragment; NOT original editor source
cn,https://cn.beautyblossom.kr/74,w20250306281e6d674b576,736854ba83d7239ef5f95bbc0b5ed7fd32b84a04963bda7c2cc0ff03efbe5336,1340,rendered_code/736854ba83d7239ef5f95bbc.html,rendered widget fragment; NOT original editor source
cn,https://cn.beautyblossom.kr/74,w20250306915b1f465f142,29f58d9cb4addcc0a64e34b7f1e263bab0a999565208762c305c384032800e5e,626,rendered_code/29f58d9cb4addcc0a64e34b7.html,rendered widget fragment; NOT original editor source
cn,https://cn.beautyblossom.kr/74,w20250306230b2f2031617,65f2202c2fd0e1e86d4a8b886985af3f301a3e4411467cf3205ee35a2d7c9876,1222,rendered_code/65f2202c2fd0e1e86d4a8b88.html,rendered widget fragment; NOT original editor source
cn,https://cn.beautyblossom.kr/74,w20250313175b0ed586f1f,b76befb913d7048879e6f09b8fa22737bd47eb5a64fbb9871c1357abb4261e68,1031,rendered_code/b76befb913d7048879e6f09b.html,rendered widget fragment; NOT original editor source
cn,https://cn.beautyblossom.kr/75,w20250306e74747e1302a7,c65ce03c652d83f0c0c8dc4d5ae8e1caecaf767ebfb3bccf5be1684e6e162850,1366,rendered_code/c65ce03c652d83f0c0c8dc4d.html,rendered widget fragment; NOT original editor source
cn,https://cn.beautyblossom.kr/75,w20250306de07524a63cae,1e43a2fcf531afe5fc138a25b77680ab4078589dd37153f6d06a02eded0240ae,845,rendered_code/1e43a2fcf531afe5fc138a25.html,rendered widget fragment; NOT original editor source
cn,https://cn.beautyblossom.kr/75,w202503064460416812f51,9aca6962c8240f6f8f6d232b259b9492a9e81248c76384422a644d59220a9855,2053,rendered_code/9aca6962c8240f6f8f6d232b.html,rendered widget fragment; NOT original editor source
cn,https://cn.beautyblossom.kr/75,w20250306e7966f739475d,340c16f1791078fb18bb60a28d13e5849f760b2dac2c058a4308108fda30a476,1236,rendered_code/340c16f1791078fb18bb60a2.html,rendered widget fragment; NOT original editor source
cn,https://cn.beautyblossom.kr/75,w2025031378fed8d07ea81,b76befb913d7048879e6f09b8fa22737bd47eb5a64fbb9871c1357abb4261e68,1031,rendered_code/b76befb913d7048879e6f09b.html,rendered widget fragment; NOT original editor source
cn,https://cn.beautyblossom.kr/76,w202503067d98089616a92,a4dbed7a4abd1ba77b332feac326e0b18eec0593a641f3938bf8b50cc9351ff8,1373,rendered_code/a4dbed7a4abd1ba77b332fea.html,rendered widget fragment; NOT original editor source
cn,https://cn.beautyblossom.kr/76,w20250306206c39431b8d5,3de6f29da2e858c7d50317e9200203a8ffd223be14a3d61571b9a66858351a96,853,rendered_code/3de6f29da2e858c7d50317e9.html,rendered widget fragment; NOT original editor source
cn,https://cn.beautyblossom.kr/76,w20250306d3534ff432b46,2a212c230d3241cc0d606f9934b3772c00707571052f0c6cb2722a6bf7a3a56d,1105,rendered_code/2a212c230d3241cc0d606f99.html,rendered widget fragment; NOT original editor source
cn,https://cn.beautyblossom.kr/76,w2025031339c8d3b7cbc1a,b76befb913d7048879e6f09b8fa22737bd47eb5a64fbb9871c1357abb4261e68,1031,rendered_code/b76befb913d7048879e6f09b.html,rendered widget fragment; NOT original editor source
cn,https://cn.beautyblossom.kr/LDM,w20250814484830eb6b85a,63ff33da82c220a7f6ad8d12f23656b94b84397bed439b50a47d1622ed7c3a0d,1355,rendered_code/63ff33da82c220a7f6ad8d12.html,rendered widget fragment; NOT original editor source
cn,https://cn.beautyblossom.kr/LDM,w2025081402ffd8ebab8a9,f3de95d84ae142b77d780f4699cbafdc21da5fa1e2bb09437b9e8c44f16b1636,195,rendered_code/f3de95d84ae142b77d780f46.html,rendered widget fragment; NOT original editor source
cn,https://cn.beautyblossom.kr/LDM,w20250814a5c444dad8fdf,2f30192426e7a2c08ec2d0c88129104cca1285fe48b703b309307f525eb05e77,512,rendered_code/2f30192426e7a2c08ec2d0c8.html,rendered widget fragment; NOT original editor source
cn,https://cn.beautyblossom.kr/LDM,w202508149f9bc952676c0,e1764df68e3f29f760c7737e5bc11760c6d94e281bf93fbde1afcc4711aa4022,1636,rendered_code/e1764df68e3f29f760c7737e.html,rendered widget fragment; NOT original editor source
cn,https://cn.beautyblossom.kr/LDM,w20250814e0a62c833567a,c03bb552d22fecf22425e3af13b587babcd3c8cb6274d1967bfe57020a986abe,3793,rendered_code/c03bb552d22fecf22425e3af.html,rendered widget fragment; NOT original editor source
cn,https://cn.beautyblossom.kr/LDM,w20250814cf67727399a08,de9ddacc2c697de2f544ae2af3605353b5d297953d747fb176600a229fffb636,667,rendered_code/de9ddacc2c697de2f544ae2a.html,rendered widget fragment; NOT original editor source
cn,https://cn.beautyblossom.kr/LDM,w20250814fbb6ac0ca8d1e,a52a69f65894c091eb4432afa9cddd3cdd219f710fe7f7581ed64f68c8e2604f,998,rendered_code/a52a69f65894c091eb4432af.html,rendered widget fragment; NOT original editor source
cn,https://cn.beautyblossom.kr/LDM,w20250814ca6027b6185aa,cdf05d05648e6e641aec489c8979b47a89000d4fd85d53ade96640a12eda3c6b,1365,rendered_code/cdf05d05648e6e641aec489c.html,rendered widget fragment; NOT original editor source
cn,https://cn.beautyblossom.kr/LDM,w2025081443126f8af5d7e,adf0f60570ee04432a776b1b5b51a7766e8d70e7e07fe3666252e08cf1caef83,1249,rendered_code/adf0f60570ee04432a776b1b.html,rendered widget fragment; NOT original editor source
cn,https://cn.beautyblossom.kr/LDM,w20250814e4fe934505bf1,b76befb913d7048879e6f09b8fa22737bd47eb5a64fbb9871c1357abb4261e68,1031,rendered_code/b76befb913d7048879e6f09b.html,rendered widget fragment; NOT original editor source
cn,https://cn.beautyblossom.kr/Sculptra,w20250814668e382a5fc1a,635dbfef7bb689ee66497f56914b35744d4bf6797c9306909548565ad22f0b25,1357,rendered_code/635dbfef7bb689ee66497f56.html,rendered widget fragment; NOT original editor source
cn,https://cn.beautyblossom.kr/Sculptra,w20250814c38b8205df8f5,d4e285f521621a30cbf8c1d35e3735d0e97476b8bda36199a2831e12be3c6c4e,2556,rendered_code/d4e285f521621a30cbf8c1d3.html,rendered widget fragment; NOT original editor source
cn,https://cn.beautyblossom.kr/Sculptra,w2025081421e7d390242b5,43ae011ad77ce862feeb5ce7f32669ee61209cffa01d2d05d76deeb13da40d9e,812,rendered_code/43ae011ad77ce862feeb5ce7.html,rendered widget fragment; NOT original editor source
cn,https://cn.beautyblossom.kr/Sculptra,w2025081499a0166df77a4,d2c7f5a17efe74f6744e0878ddffc25ee4faad55495e1f848b5d5ebd0bd13683,520,rendered_code/d2c7f5a17efe74f6744e0878.html,rendered widget fragment; NOT original editor source
cn,https://cn.beautyblossom.kr/Sculptra,w2025081493f72d4dce705,61ba1b717acec8abd5d7527fbc278f60c2e1783974d7e073273d8ca7e46d9252,716,rendered_code/61ba1b717acec8abd5d7527f.html,rendered widget fragment; NOT original editor source
cn,https://cn.beautyblossom.kr/Sculptra,w20250814e94742b8f9c3d,ef368d21314289879db8ba0c6562a0566355df5c386383f4db914df42782bd1c,1079,rendered_code/ef368d21314289879db8ba0c.html,rendered widget fragment; NOT original editor source
cn,https://cn.beautyblossom.kr/Sculptra,w2025081431cfd821d39fe,4bff6646c5d2b46398a4147144f141e92cde359deaddf4c2388431e0dd57750b,4086,rendered_code/4bff6646c5d2b46398a41471.html,rendered widget fragment; NOT original editor source
cn,https://cn.beautyblossom.kr/Sculptra,w20250814ac7a848deb289,e8f96e1b624438a0b2e7d9893ba56f35eeef7bb49437541870849cc8dff52331,1554,rendered_code/e8f96e1b624438a0b2e7d989.html,rendered widget fragment; NOT original editor source
cn,https://cn.beautyblossom.kr/Sculptra,w202508142d99fd6385b60,a9ebace1e80dede514aeace1748157b7c03080325046484baf501ce954c705c4,3180,rendered_code/a9ebace1e80dede514aeace1.html,rendered widget fragment; NOT original editor source
cn,https://cn.beautyblossom.kr/Sculptra,w202508146421ecba66118,f93ea1b9ae3342d4ff0fb06f8ddc163d7bef8f2024fc8831057cd83ee6b40f5a,2994,rendered_code/f93ea1b9ae3342d4ff0fb06f.html,rendered widget fragment; NOT original editor source
cn,https://cn.beautyblossom.kr/Sculptra,w2025081438f10eb9056df,7727133cc792772587a0a013bfdcd1334e5de1766b720c761216d0549a88150e,1246,rendered_code/7727133cc792772587a0a013.html,rendered widget fragment; NOT original editor source
cn,https://cn.beautyblossom.kr/Sculptra,w2025081457704eb49bd1d,b76befb913d7048879e6f09b8fa22737bd47eb5a64fbb9871c1357abb4261e68,1031,rendered_code/b76befb913d7048879e6f09b.html,rendered widget fragment; NOT original editor source
cn,https://cn.beautyblossom.kr/XERF,w202604228a0bf5478b6c6,261fe3d81010578214484cfa7616e8f25e69d6bd5cfe44d04dcd8d1ce684ece1,16073,rendered_code/261fe3d81010578214484cfa.html,rendered widget fragment; NOT original editor source
cn,https://cn.beautyblossom.kr/XERF,w202604228f9083760b057,1348fbcd8ff32125d8f4f735d873761d373301d8bb0474cede80efec91cf9e3a,6070,rendered_code/1348fbcd8ff32125d8f4f735.html,rendered widget fragment; NOT original editor source
cn,https://cn.beautyblossom.kr/alltite,w20260711ca8cf9d12b494,cae300aec0b372ba17060f6dc2151a5e9c8d7136bad486779aa87c8144fa67ec,22278,rendered_code/cae300aec0b372ba17060f6d.html,rendered widget fragment; NOT original editor source
cn,https://cn.beautyblossom.kr/dca-injection,w20260711511c7e76cd0f4,97e5cee4dde8bd81f51747c7003e2a575fdb70439bb0cda5709c30dddcc0df3c,17705,rendered_code/97e5cee4dde8bd81f51747c7.html,rendered widget fragment; NOT original editor source
cn,https://cn.beautyblossom.kr/diet-injection,w20260722b11b113019ca0,a6054434b6a58426e714c902d36af47495c45fda0969870ce0ebea3c8c0ac441,17816,rendered_code/a6054434b6a58426e714c902.html,rendered widget fragment; NOT original editor source
cn,https://cn.beautyblossom.kr/fortra-quattro,w20260711a4cdfe2628b2c,0934bf8f06a9c10d2ac1ad35ce085127afd5fd51125d7bdd742dbf2f380aa6dc,20569,rendered_code/0934bf8f06a9c10d2ac1ad35.html,rendered widget fragment; NOT original editor source
cn,https://cn.beautyblossom.kr/hilo-wave,w20260627ae2635dedf779,ffcdc0f1b73950ec72120b744f896e8eedc765ab850a6846d9f97361f184ad52,11293,rendered_code/ffcdc0f1b73950ec72120b74.html,rendered widget fragment; NOT original editor source
cn,https://cn.beautyblossom.kr/home,w202503069ab327bcabaf6,e5d06469aac12f799b7041dd538354260cfdf1e9e2db108861f7aac98878b04d,197,rendered_code/e5d06469aac12f799b7041dd.html,rendered widget fragment; NOT original editor source
cn,https://cn.beautyblossom.kr/home,w202503069961cde04c6b0,54071622a5ad0d1c646b5acda3f29b417c1196905f842b024ee307e61b5f8869,2628,rendered_code/54071622a5ad0d1c646b5acd.html,rendered widget fragment; NOT original editor source
cn,https://cn.beautyblossom.kr/home,w2025030630e3cd187cc41,e5d06469aac12f799b7041dd538354260cfdf1e9e2db108861f7aac98878b04d,197,rendered_code/e5d06469aac12f799b7041dd.html,rendered widget fragment; NOT original editor source
cn,https://cn.beautyblossom.kr/home,w2025030682fa30e830fb6,f8680ea773585563ef263886497e6241890de997f92ce83b45dd046245dcbadb,196,rendered_code/f8680ea773585563ef263886.html,rendered widget fragment; NOT original editor source
cn,https://cn.beautyblossom.kr/ligament-lift,w2026060599253d41dec0e,79436a3bc17cbc2361b51b1845ec58b0148b4c0f4427c8df90aad443aa7aa036,11551,rendered_code/79436a3bc17cbc2361b51b18.html,rendered widget fragment; NOT original editor source
cn,https://cn.beautyblossom.kr/re2o,w20260423ce0641be0ab72,0a8e8be5c9b6d3c52a75da9888c1140a4d21716042f5ed10d6f9bc391bfee011,15704,rendered_code/0a8e8be5c9b6d3c52a75da98.html,rendered widget fragment; NOT original editor source
cn,https://cn.beautyblossom.kr/re2o,w20260423782af931f04eb,565f7a5542e034cd50e240ff268d9bab5cbdd2869842e11649820025953eb7b5,6346,rendered_code/565f7a5542e034cd50e240ff.html,rendered widget fragment; NOT original editor source
cn,https://cn.beautyblossom.kr/skinvive,w20260701ce23e7d507dbc,6e71dbcdc662729770d47cf5ab01a5f5a1664444ae35f79cccf6d2edce3cca28,12024,rendered_code/6e71dbcdc662729770d47cf5.html,rendered widget fragment; NOT original editor source
cn,https://cn.beautyblossom.kr/special-offers,w2026073161838c27b921f,e74dd66b158faeb64f34ab7f54ef276371fe1009f679ea066bc01c5c3484e290,3338,rendered_code/e74dd66b158faeb64f34ab7f.html,rendered widget fragment; NOT original editor source
cn,https://cn.beautyblossom.kr/special-offers,w2026073041677791750e0,f3de95d84ae142b77d780f4699cbafdc21da5fa1e2bb09437b9e8c44f16b1636,195,rendered_code/f3de95d84ae142b77d780f46.html,rendered widget fragment; NOT original editor source
cn,https://cn.beautyblossom.kr/thread-lifting,w20260606652e0467c509d,25e32c341a5507775af5fcdc403376c57145bd32fa93906a2fc8b4713fff4ea6,19185,rendered_code/25e32c341a5507775af5fcdc.html,rendered widget fragment; NOT original editor source
tw,https://tw.beautyblossom.kr/,w202512102df0b4ea5341c,e5d06469aac12f799b7041dd538354260cfdf1e9e2db108861f7aac98878b04d,197,rendered_code/e5d06469aac12f799b7041dd.html,rendered widget fragment; NOT original editor source
tw,https://tw.beautyblossom.kr/,w20251210ca57ac82d0f39,293b2702d5d37061f0ca3e9689de6ec1f7dc5f17b333cd52c3a5e00b3184ae2d,2631,rendered_code/293b2702d5d37061f0ca3e96.html,rendered widget fragment; NOT original editor source
tw,https://tw.beautyblossom.kr/,w20251210bc8252e249fd7,e5d06469aac12f799b7041dd538354260cfdf1e9e2db108861f7aac98878b04d,197,rendered_code/e5d06469aac12f799b7041dd.html,rendered widget fragment; NOT original editor source
tw,https://tw.beautyblossom.kr/,w20251210e560a5ecfd3e3,f8680ea773585563ef263886497e6241890de997f92ce83b45dd046245dcbadb,196,rendered_code/f8680ea773585563ef263886.html,rendered widget fragment; NOT original editor source
tw,https://tw.beautyblossom.kr/110,w202512107d49d19152ed9,347b34838ea5b504ed46f678c17ccd9b604b6993d5ede4d75243e57576670328,1344,rendered_code/347b34838ea5b504ed46f678.html,rendered widget fragment; NOT original editor source
tw,https://tw.beautyblossom.kr/110,w2025121023c89ca872df3,1f2263aaed050e9a26d6add9c1ece057dadb0ed49057c638821f0324a66ed557,845,rendered_code/1f2263aaed050e9a26d6add9.html,rendered widget fragment; NOT original editor source
tw,https://tw.beautyblossom.kr/110,w20251210308755f85b475,b9d53e2a131cbcee4bc93379d30d80db8f6437219f5d93041512e27bcb454030,910,rendered_code/b9d53e2a131cbcee4bc93379.html,rendered widget fragment; NOT original editor source
tw,https://tw.beautyblossom.kr/110,w202512107406b20dda002,f9e2997ee727f2c94d5e8461fd115eeac8348d1af7b47db260ddf34a0b214438,1238,rendered_code/f9e2997ee727f2c94d5e8461.html,rendered widget fragment; NOT original editor source
tw,https://tw.beautyblossom.kr/110,w202512100c5a2b823e7c3,3c98f6a1a05dc700021760b72456210880507f29d1d8403629073f528ba8bb2e,1032,rendered_code/3c98f6a1a05dc700021760b7.html,rendered widget fragment; NOT original editor source
tw,https://tw.beautyblossom.kr/111,w20251210473e335e9e130,05e25c29d285afb60c8624081f54b540aaf0b1965da98450de16090a39d3e4e5,1345,rendered_code/05e25c29d285afb60c862408.html,rendered widget fragment; NOT original editor source
tw,https://tw.beautyblossom.kr/111,w20251210166d456f87422,6fc0e358521f402bf9a7bd6dd9e900ae4e50973c3424fb3e79924288c095c2b9,830,rendered_code/6fc0e358521f402bf9a7bd6d.html,rendered widget fragment; NOT original editor source
tw,https://tw.beautyblossom.kr/111,w20251210773dbce6dcd59,8daa2c413ac3caadbdd7e8a93cf72c9492b6ac069951673c349b168b53672dcb,1254,rendered_code/8daa2c413ac3caadbdd7e8a9.html,rendered widget fragment; NOT original editor source
tw,https://tw.beautyblossom.kr/111,w202512102c7d382f2a2a3,3c98f6a1a05dc700021760b72456210880507f29d1d8403629073f528ba8bb2e,1032,rendered_code/3c98f6a1a05dc700021760b7.html,rendered widget fragment; NOT original editor source
tw,https://tw.beautyblossom.kr/112,w20251210d8f255a05c215,e5d06469aac12f799b7041dd538354260cfdf1e9e2db108861f7aac98878b04d,197,rendered_code/e5d06469aac12f799b7041dd.html,rendered widget fragment; NOT original editor source
tw,https://tw.beautyblossom.kr/114,w2025121047bb30d3e4ea2,ad42a744a232afb55d4167ac9df44647cc7a70fe0922139edf52329f7f80d077,1358,rendered_code/ad42a744a232afb55d4167ac.html,rendered widget fragment; NOT original editor source
tw,https://tw.beautyblossom.kr/114,w2025121054f70e08a48e3,a2ca03612027476fe1a95388f17ec1c2d9685bdcb77806b6a4330a951acd7fd4,2031,rendered_code/a2ca03612027476fe1a95388.html,rendered widget fragment; NOT original editor source
tw,https://tw.beautyblossom.kr/114,w20251210910adfc7e1ec6,a01cd91a4c076aa8abd346d51c280598f0cfb011664bd2df301c9b5778d247ac,1052,rendered_code/a01cd91a4c076aa8abd346d5.html,rendered widget fragment; NOT original editor source
tw,https://tw.beautyblossom.kr/114,w20251210a85ed4d59e74c,8773fe27dc36eaca1b42a9e87ed1880ece2f667218572f8ab7dc8a11744d380b,1201,rendered_code/8773fe27dc36eaca1b42a9e8.html,rendered widget fragment; NOT original editor source
tw,https://tw.beautyblossom.kr/114,w2025121037c26534970dc,3c98f6a1a05dc700021760b72456210880507f29d1d8403629073f528ba8bb2e,1032,rendered_code/3c98f6a1a05dc700021760b7.html,rendered widget fragment; NOT original editor source
tw,https://tw.beautyblossom.kr/115,w2025121047fb589c52b22,217c1feb8daa469da4ef5abd407379cc3d6736d1204c9d320861a111b8b97f9f,1354,rendered_code/217c1feb8daa469da4ef5abd.html,rendered widget fragment; NOT original editor source
tw,https://tw.beautyblossom.kr/115,w2025121038f47d3ede29a,d44079bec3183bf2b42e2f533e97af78a3b23a67b3b10d6ed05ce3062cff356d,1137,rendered_code/d44079bec3183bf2b42e2f53.html,rendered widget fragment; NOT original editor source
tw,https://tw.beautyblossom.kr/115,w202512104ccc9a12702ea,0ce066b9cf9d8f5ca5709aa65c76c4540a524b76b5c37f22d1109dabbe9b36a0,1200,rendered_code/0ce066b9cf9d8f5ca5709aa6.html,rendered widget fragment; NOT original editor source
tw,https://tw.beautyblossom.kr/115,w20251210453e60337fe03,3c98f6a1a05dc700021760b72456210880507f29d1d8403629073f528ba8bb2e,1032,rendered_code/3c98f6a1a05dc700021760b7.html,rendered widget fragment; NOT original editor source
tw,https://tw.beautyblossom.kr/116,w2025121012ee2d2d46c4c,a4e52c83bc09eb93fc43b115eec087f76512bd2f9246818628c3a9f7078d8606,1341,rendered_code/a4e52c83bc09eb93fc43b115.html,rendered widget fragment; NOT original editor source
tw,https://tw.beautyblossom.kr/116,w202512102ad147888e3e8,23a86aeed15a7eb1bf4af4cc7410c5cfcf09281ec1a17defd9a1911bce9de698,1165,rendered_code/23a86aeed15a7eb1bf4af4cc.html,rendered widget fragment; NOT original editor source
tw,https://tw.beautyblossom.kr/116,w20251210cc19e911b2ba0,74161046fa69313b27bb4fc37045cadbe629ea195ca1ad2881468d97e8449603,1204,rendered_code/74161046fa69313b27bb4fc3.html,rendered widget fragment; NOT original editor source
tw,https://tw.beautyblossom.kr/116,w202512101d3fccc9d3aa2,3c98f6a1a05dc700021760b72456210880507f29d1d8403629073f528ba8bb2e,1032,rendered_code/3c98f6a1a05dc700021760b7.html,rendered widget fragment; NOT original editor source
tw,https://tw.beautyblossom.kr/117,w20251210799c587899c84,e71b2497308d1075eff47e19dec8ad99f2a961184908f6a99d52b6aa28f25643,1343,rendered_code/e71b2497308d1075eff47e19.html,rendered widget fragment; NOT original editor source
tw,https://tw.beautyblossom.kr/117,w20251210e9e9d4d8a73ce,b3957001bf1672b7c37c45291b8a4b929affe3b06d23b03aa305949f8075b393,1224,rendered_code/b3957001bf1672b7c37c4529.html,rendered widget fragment; NOT original editor source
tw,https://tw.beautyblossom.kr/117,w20251210982163d057c26,dcce649c7c910803f5663cf59f6d2d31537c91fda44cae150e6d3c318cc4b912,1163,rendered_code/dcce649c7c910803f5663cf5.html,rendered widget fragment; NOT original editor source
tw,https://tw.beautyblossom.kr/117,w2025121065c46200afa2e,61e9605237749f5857e60bdb763ed387a81cec0f81875a4fe11e9b276f63efba,947,rendered_code/61e9605237749f5857e60bdb.html,rendered widget fragment; NOT original editor source
tw,https://tw.beautyblossom.kr/117,w20251210de7dfe0556d21,3c98f6a1a05dc700021760b72456210880507f29d1d8403629073f528ba8bb2e,1032,rendered_code/3c98f6a1a05dc700021760b7.html,rendered widget fragment; NOT original editor source
tw,https://tw.beautyblossom.kr/118,w20251210b34f88a46ed29,49382ae89cd365165f0e565f7663521d7022a48fbdba4034824a1890a18ef78b,1337,rendered_code/49382ae89cd365165f0e565f.html,rendered widget fragment; NOT original editor source
tw,https://tw.beautyblossom.kr/118,w20251210421e51997ce73,7bc7d750a7f7e4aa9a7fd3092af05313226dec8b26fd36b60131fbf17665b99c,1221,rendered_code/7bc7d750a7f7e4aa9a7fd309.html,rendered widget fragment; NOT original editor source
tw,https://tw.beautyblossom.kr/118,w20251210ca0fddc8456bc,db5ed112b29f7022999a4712c2a496bf676fb11ba2053569c2d0c1e77fb3cca6,1179,rendered_code/db5ed112b29f7022999a4712.html,rendered widget fragment; NOT original editor source
tw,https://tw.beautyblossom.kr/118,w20251210f2e1ccf396504,4f6448a3e8fb1306eedf400ce8041b67fef66e6db03d75d0380b4c00c5d48938,1212,rendered_code/4f6448a3e8fb1306eedf400c.html,rendered widget fragment; NOT original editor source
tw,https://tw.beautyblossom.kr/118,w20251210d643f68b71080,3c98f6a1a05dc700021760b72456210880507f29d1d8403629073f528ba8bb2e,1032,rendered_code/3c98f6a1a05dc700021760b7.html,rendered widget fragment; NOT original editor source
tw,https://tw.beautyblossom.kr/119,w202512106bec332e523a9,18f0f96080317bab3b4ef749556554a0f8b3ee949a71a59b9132ef6dba5d3641,1338,rendered_code/18f0f96080317bab3b4ef749.html,rendered widget fragment; NOT original editor source
tw,https://tw.beautyblossom.kr/119,w2025121040158abd5e43a,597dc1bc7b99e49b3214ed403be6b9fbffecdaa3beeca9b8c59bbe778db47c3a,1224,rendered_code/597dc1bc7b99e49b3214ed40.html,rendered widget fragment; NOT original editor source
tw,https://tw.beautyblossom.kr/119,w202512105c159aa4d41cf,35da9cbb401558f4a3bc0ab6cc4ee3235595557721bb57ca7962c9d03dfc2abc,1216,rendered_code/35da9cbb401558f4a3bc0ab6.html,rendered widget fragment; NOT original editor source
tw,https://tw.beautyblossom.kr/119,w20251210a5c8c0ce393ec,3c98f6a1a05dc700021760b72456210880507f29d1d8403629073f528ba8bb2e,1032,rendered_code/3c98f6a1a05dc700021760b7.html,rendered widget fragment; NOT original editor source
tw,https://tw.beautyblossom.kr/120,w20251210ac51f2cd1d337,8ed33b98c31b6689b112e2940f8600617bdd456fef9aa9bae9e6173e0b6f5604,1341,rendered_code/8ed33b98c31b6689b112e294.html,rendered widget fragment; NOT original editor source
tw,https://tw.beautyblossom.kr/120,w20251210d58dbb1ccc33f,e5c60fc6c550f879eead18e7ce1fa6644e1e73747ac60330b221f98d25ae70ad,1108,rendered_code/e5c60fc6c550f879eead18e7.html,rendered widget fragment; NOT original editor source
tw,https://tw.beautyblossom.kr/120,w2025121033f65581d2a32,a276823fb62dea24672f6f9662e585501448d798e7ff33b673b91dac97b728f2,1171,rendered_code/a276823fb62dea24672f6f96.html,rendered widget fragment; NOT original editor source
tw,https://tw.beautyblossom.kr/120,w202512108efebc8ad2240,64d566393cde2af34532fd74b420f4f63352e942bd90969b5a5068c3f84d9402,1228,rendered_code/64d566393cde2af34532fd74.html,rendered widget fragment; NOT original editor source
tw,https://tw.beautyblossom.kr/120,w2025121084c37ebbd58f3,3c98f6a1a05dc700021760b72456210880507f29d1d8403629073f528ba8bb2e,1032,rendered_code/3c98f6a1a05dc700021760b7.html,rendered widget fragment; NOT original editor source
tw,https://tw.beautyblossom.kr/121,w20251210b2c48d7720d3b,bed3badcce917e560f8e92786ed039bac8b480b8efbc6bac05bbccb5c2a5b9e4,1338,rendered_code/bed3badcce917e560f8e9278.html,rendered widget fragment; NOT original editor source
tw,https://tw.beautyblossom.kr/121,w2025121027276b433d1f1,78143e55df392ea7cee553c3196ff4b7c1c28d912ca41c0bc44b966f7e510c2b,985,rendered_code/78143e55df392ea7cee553c3.html,rendered widget fragment; NOT original editor source
tw,https://tw.beautyblossom.kr/121,w2025121035637c4b6d6b7,ed08f5e02222c7336c6a0b14e7227c88c746be1b868ab8da60bbea9dcebe50fa,1048,rendered_code/ed08f5e02222c7336c6a0b14.html,rendered widget fragment; NOT original editor source
tw,https://tw.beautyblossom.kr/121,w20251210e7ca88c3e7e9f,b73154a4cade70bcc1ecb60c3f34cea96c21f23075517cdfb8f75343ce82a0f8,1209,rendered_code/b73154a4cade70bcc1ecb60c.html,rendered widget fragment; NOT original editor source
tw,https://tw.beautyblossom.kr/121,w202512109efe0e259936f,3c98f6a1a05dc700021760b72456210880507f29d1d8403629073f528ba8bb2e,1032,rendered_code/3c98f6a1a05dc700021760b7.html,rendered widget fragment; NOT original editor source
tw,https://tw.beautyblossom.kr/122,w20251210b9b3bfbd3a4c8,b2d3cb51f6948114d20d647dab178543b320e49aa159edeced11888b9ec458c0,1344,rendered_code/b2d3cb51f6948114d20d647d.html,rendered widget fragment; NOT original editor source
tw,https://tw.beautyblossom.kr/122,w2025121090ea9a7f2caf7,7a8bc486539f5fd293cb8c707ed01ac1c5a196398dacf3ea0c2f14e9a1c1d353,960,rendered_code/7a8bc486539f5fd293cb8c70.html,rendered widget fragment; NOT original editor source
tw,https://tw.beautyblossom.kr/122,w20251210474e38e44d146,20f67108c68839188b8764184352e8eb949c3663c5538eb14f94d55b32d99f7e,1051,rendered_code/20f67108c68839188b876418.html,rendered widget fragment; NOT original editor source
tw,https://tw.beautyblossom.kr/122,w20251210616489bc673d2,592b86bfec15ca59d1fc3f0001cc3fe94e8381d18f0ebcbb261795e6ff76de64,1219,rendered_code/592b86bfec15ca59d1fc3f00.html,rendered widget fragment; NOT original editor source
tw,https://tw.beautyblossom.kr/122,w20251210bdbb58223819e,3c98f6a1a05dc700021760b72456210880507f29d1d8403629073f528ba8bb2e,1032,rendered_code/3c98f6a1a05dc700021760b7.html,rendered widget fragment; NOT original editor source
tw,https://tw.beautyblossom.kr/123,w2025121046c1e91255476,f00c76dbd5174871ea288e0ee67350f38992fd730d2916dc5b843c68f26a404d,1337,rendered_code/f00c76dbd5174871ea288e0e.html,rendered widget fragment; NOT original editor source
tw,https://tw.beautyblossom.kr/123,w20251210dc394b6bde147,16b13272942e9ba0f940b301b626e188a8ecaa84f60d94ba7b203311023faa8f,1184,rendered_code/16b13272942e9ba0f940b301.html,rendered widget fragment; NOT original editor source
tw,https://tw.beautyblossom.kr/123,w202512103967d14855b85,ea3127f395332508b7f7a6ce57edd01d869c3f8c3b0fa46b3f7018ac543cadd8,1350,rendered_code/ea3127f395332508b7f7a6ce.html,rendered widget fragment; NOT original editor source
tw,https://tw.beautyblossom.kr/123,w202512103f2582904606c,d3dc21460b58cb39d93f51c09a67b7f833c2f305008132b15a5f4b24b7bc2cb2,1146,rendered_code/d3dc21460b58cb39d93f51c0.html,rendered widget fragment; NOT original editor source
tw,https://tw.beautyblossom.kr/123,w20251210af734624451a7,539ffb8002fe1f7781008dcc179abc2bd51352c1fdc685e130a13664e8699fa8,1223,rendered_code/539ffb8002fe1f7781008dcc.html,rendered widget fragment; NOT original editor source
tw,https://tw.beautyblossom.kr/123,w202512109498051faf2d0,3c98f6a1a05dc700021760b72456210880507f29d1d8403629073f528ba8bb2e,1032,rendered_code/3c98f6a1a05dc700021760b7.html,rendered widget fragment; NOT original editor source
tw,https://tw.beautyblossom.kr/124,w20251210ad61205f4364f,f3e38b392f1faedcdaca0d335b58c7a59ef4c3547538558b2d121b8480d0eca9,1348,rendered_code/f3e38b392f1faedcdaca0d33.html,rendered widget fragment; NOT original editor source
tw,https://tw.beautyblossom.kr/124,w2025121031dee553ee056,1fe6310a8addfb3a0c76afdce8da03cc2324cd197280fffb81a023725df819d3,836,rendered_code/1fe6310a8addfb3a0c76afdc.html,rendered widget fragment; NOT original editor source
tw,https://tw.beautyblossom.kr/124,w202512105cff83e3f24eb,f47aee854788486cff13adacd139f2487781aa845961e1ccf3b60f97f232aa5d,1130,rendered_code/f47aee854788486cff13adac.html,rendered widget fragment; NOT original editor source
tw,https://tw.beautyblossom.kr/124,w20251210844ffa96317d5,8c7548806012c64f3f6e4238fd4eb5afbace8fa7adc1033e2b895f0c17bc9ee4,5874,rendered_code/8c7548806012c64f3f6e4238.html,rendered widget fragment; NOT original editor source
tw,https://tw.beautyblossom.kr/124,w20251210fafa0f0753781,3c98f6a1a05dc700021760b72456210880507f29d1d8403629073f528ba8bb2e,1032,rendered_code/3c98f6a1a05dc700021760b7.html,rendered widget fragment; NOT original editor source
tw,https://tw.beautyblossom.kr/125,w20251210451988cdddfb3,0484e4be348a15586706dc09353ec8508e0fa3b5ea359d0a922bb1e8953a6063,1003,rendered_code/0484e4be348a15586706dc09.html,rendered widget fragment; NOT original editor source
tw,https://tw.beautyblossom.kr/125,w202512104f703d37d8cd5,b3011594d27efa32703942f8c3bafe513513222ce365206012885267c09aa454,1048,rendered_code/b3011594d27efa32703942f8.html,rendered widget fragment; NOT original editor source
tw,https://tw.beautyblossom.kr/125,w20251210327aaae4d23a4,669dd3be27a5e087a0e321c38b031a58a140ec8e335a92d75a69393f0f18ed9a,821,rendered_code/669dd3be27a5e087a0e321c3.html,rendered widget fragment; NOT original editor source
tw,https://tw.beautyblossom.kr/125,w20251210d27a88977c093,8697578cd86c80f2da1dbcbc9df517a1e2f3255284028c2c6f6d784c16134214,960,rendered_code/8697578cd86c80f2da1dbcbc.html,rendered widget fragment; NOT original editor source
tw,https://tw.beautyblossom.kr/125,w20251210db1c373c0d9cb,3c98f6a1a05dc700021760b72456210880507f29d1d8403629073f528ba8bb2e,1032,rendered_code/3c98f6a1a05dc700021760b7.html,rendered widget fragment; NOT original editor source
tw,https://tw.beautyblossom.kr/126,w20251210dbee662b2a4b1,34c4b0df6484d4915773390509c7a341c454be9e6bf1d3de591fc3d37b2f75b0,1343,rendered_code/34c4b0df6484d49157733905.html,rendered widget fragment; NOT original editor source
tw,https://tw.beautyblossom.kr/126,w202512109e58ac26a439a,f8680ea773585563ef263886497e6241890de997f92ce83b45dd046245dcbadb,196,rendered_code/f8680ea773585563ef263886.html,rendered widget fragment; NOT original editor source
tw,https://tw.beautyblossom.kr/126,w2025121079a391392e5a8,610b9c993218bef3c76c0c8e38e6c2f7af519236f5797a8cd5224f5ea8aa23a5,2891,rendered_code/610b9c993218bef3c76c0c8e.html,rendered widget fragment; NOT original editor source
tw,https://tw.beautyblossom.kr/126,w20251210acedb3eff77e9,46894f6e813294a3b95ed7814865430b03b9a172188aaa63d68c5cd2ec293ddf,1226,rendered_code/46894f6e813294a3b95ed781.html,rendered widget fragment; NOT original editor source
tw,https://tw.beautyblossom.kr/126,w202512109e2304b50affe,3c98f6a1a05dc700021760b72456210880507f29d1d8403629073f528ba8bb2e,1032,rendered_code/3c98f6a1a05dc700021760b7.html,rendered widget fragment; NOT original editor source
tw,https://tw.beautyblossom.kr/127,w20251210bdd999d93509b,4678139e8b68024e2406218264437a4c0721e1f7fc05490074ba14ee7dfb8d93,372,rendered_code/4678139e8b68024e24062182.html,rendered widget fragment; NOT original editor source
tw,https://tw.beautyblossom.kr/127,w202512107afff11c301ae,b4a896117b89bd805e3a34fd4707da664305712a6603c838b1c08f031eefe1f3,1372,rendered_code/b4a896117b89bd805e3a34fd.html,rendered widget fragment; NOT original editor source
tw,https://tw.beautyblossom.kr/127,w20251210d3da42aa0d0cb,b300758d9ea50f8ed94991d776a25a16212726a785dd37a911c1caf74eb2776e,868,rendered_code/b300758d9ea50f8ed94991d7.html,rendered widget fragment; NOT original editor source
tw,https://tw.beautyblossom.kr/127,w202512105d9ea83068689,497a2ac6f0ee8b98af98f88610f450fb65680f2b2217085c8363efb5f9902a07,1231,rendered_code/497a2ac6f0ee8b98af98f886.html,rendered widget fragment; NOT original editor source
tw,https://tw.beautyblossom.kr/127,w20251210f0d0f1dc5c4f0,3c98f6a1a05dc700021760b72456210880507f29d1d8403629073f528ba8bb2e,1032,rendered_code/3c98f6a1a05dc700021760b7.html,rendered widget fragment; NOT original editor source
tw,https://tw.beautyblossom.kr/129,w20251210320b7a0c186ef,9924e19b3a35d178669f2eeca6fb4ebfb0263deeadbcf79d2a3e19370ae11e90,1360,rendered_code/9924e19b3a35d178669f2eec.html,rendered widget fragment; NOT original editor source
tw,https://tw.beautyblossom.kr/129,w2025121029987cc15c986,f9cc6a55b197f24ba6adecb326110ba49a710709bd946acf5e0d5a258467ac96,2054,rendered_code/f9cc6a55b197f24ba6adecb3.html,rendered widget fragment; NOT original editor source
tw,https://tw.beautyblossom.kr/129,w20251210c13bc875e3933,3ea351690871863487712ef348b9c4ecb179c963dba77dd20e45962a82e42050,3360,rendered_code/3ea351690871863487712ef3.html,rendered widget fragment; NOT original editor source
tw,https://tw.beautyblossom.kr/129,w20251210684ae1a7f58f0,ae5afd30a93b951dd283a3eaaee4fe4bdb43bd948b861c53f1c91704da02f562,1135,rendered_code/ae5afd30a93b951dd283a3ea.html,rendered widget fragment; NOT original editor source
tw,https://tw.beautyblossom.kr/129,w2025121056fc14ca34cf8,3c98f6a1a05dc700021760b72456210880507f29d1d8403629073f528ba8bb2e,1032,rendered_code/3c98f6a1a05dc700021760b7.html,rendered widget fragment; NOT original editor source
tw,https://tw.beautyblossom.kr/130,w20251210864b690a2d0fb,021c6c704616d17d0f274a253da415092ad5c684941cd1cec475d7068a7588f0,1376,rendered_code/021c6c704616d17d0f274a25.html,rendered widget fragment; NOT original editor source
tw,https://tw.beautyblossom.kr/130,w20251210090e67804148b,41da427f3ed1762953a4a2328810641cc6d5a76235acd47ff4ff61f96961fae7,849,rendered_code/41da427f3ed1762953a4a232.html,rendered widget fragment; NOT original editor source
tw,https://tw.beautyblossom.kr/130,w20251210835ce0069214f,4073dad123672b57e95aa4158713347258a69802d548e6b5d5535d1461019154,1474,rendered_code/4073dad123672b57e95aa415.html,rendered widget fragment; NOT original editor source
tw,https://tw.beautyblossom.kr/130,w20251210b37c4a1e1bf84,ed3efaf0af08c396047247216326d374858ca9f9adb3e020227c049b68a882c9,1226,rendered_code/ed3efaf0af08c39604724721.html,rendered widget fragment; NOT original editor source
tw,https://tw.beautyblossom.kr/130,w20251210157e2144c1785,3c98f6a1a05dc700021760b72456210880507f29d1d8403629073f528ba8bb2e,1032,rendered_code/3c98f6a1a05dc700021760b7.html,rendered widget fragment; NOT original editor source
tw,https://tw.beautyblossom.kr/131,w2025121062576e2262e16,00486927a3934adce254007995bd8f8d7db4ca2981a1f0f7cbf8fd29fd953491,1420,rendered_code/00486927a3934adce2540079.html,rendered widget fragment; NOT original editor source
tw,https://tw.beautyblossom.kr/131,w20251210b7b22a39a81ac,022d30575d779515ddb27b5ab83088fe367c1bbde6bf01140579fefe1b85c044,738,rendered_code/022d30575d779515ddb27b5a.html,rendered widget fragment; NOT original editor source
tw,https://tw.beautyblossom.kr/131,w20251210969c15d0ecd47,2adf8d1a4ed4997c9bad7c4112f481ab0e9b300a8849cf9e9cbc0a42e2fe599b,1402,rendered_code/2adf8d1a4ed4997c9bad7c41.html,rendered widget fragment; NOT original editor source
tw,https://tw.beautyblossom.kr/131,w20251210fdbaff39b1f05,2db958c151446703ccf78b6a7ab32a4ec423d213c9d73c554392f0f5cc5393b9,1494,rendered_code/2db958c151446703ccf78b6a.html,rendered widget fragment; NOT original editor source
tw,https://tw.beautyblossom.kr/131,w2025121078ebfdc27630d,e46a1dcfb5942d99e8b7a9032392a6ba35c3a2d8413b4cfe20e58eca4009f606,1848,rendered_code/e46a1dcfb5942d99e8b7a903.html,rendered widget fragment; NOT original editor source
tw,https://tw.beautyblossom.kr/131,w20251210104666edc127f,656d002fc38167d5388e181f28dd4201594e6bd1e5663a4f3f6d2e81105ffdd3,1239,rendered_code/656d002fc38167d5388e181f.html,rendered widget fragment; NOT original editor source
tw,https://tw.beautyblossom.kr/131,w20251210525cc40ffcc20,3c98f6a1a05dc700021760b72456210880507f29d1d8403629073f528ba8bb2e,1032,rendered_code/3c98f6a1a05dc700021760b7.html,rendered widget fragment; NOT original editor source
tw,https://tw.beautyblossom.kr/132,w202512100f6a673606a46,f3de95d84ae142b77d780f4699cbafdc21da5fa1e2bb09437b9e8c44f16b1636,195,rendered_code/f3de95d84ae142b77d780f46.html,rendered widget fragment; NOT original editor source
tw,https://tw.beautyblossom.kr/132,w2025121096cf632794bbb,12eb4df8d40ece4ad51f7661652dc0d9de7935f0fc5d543921d0974fb11da7f4,2598,rendered_code/12eb4df8d40ece4ad51f7661.html,rendered widget fragment; NOT original editor source
tw,https://tw.beautyblossom.kr/132,w20251210e005a7d128440,db736b53666ae9281120cf32fb766380108f18ad2fd004c64f516165cee224f9,1808,rendered_code/db736b53666ae9281120cf32.html,rendered widget fragment; NOT original editor source
tw,https://tw.beautyblossom.kr/132,w20251210a0aaaec246b53,a06b800778992ec56d722f4538ffa5b16b458caa49fa0b8106d984daec5a3e48,1973,rendered_code/a06b800778992ec56d722f45.html,rendered widget fragment; NOT original editor source
tw,https://tw.beautyblossom.kr/132,w20251210c090361603790,3b5090b4403e420ff416cbec12ce4535638d04731b5720c658f5e555f3a4d3c0,2131,rendered_code/3b5090b4403e420ff416cbec.html,rendered widget fragment; NOT original editor source
tw,https://tw.beautyblossom.kr/132,w20251210d13da5c202e06,80ff8ae1b4aaa4613caffaf2df9cf45175447c8d94375e7e7f36001193cc15ab,1261,rendered_code/80ff8ae1b4aaa4613caffaf2.html,rendered widget fragment; NOT original editor source
tw,https://tw.beautyblossom.kr/132,w20251210219d0b5f0b7a4,3c98f6a1a05dc700021760b72456210880507f29d1d8403629073f528ba8bb2e,1032,rendered_code/3c98f6a1a05dc700021760b7.html,rendered widget fragment; NOT original editor source
tw,https://tw.beautyblossom.kr/139,w202512103f902008129b5,1c80f2e456cfb803151983d7a331730b96740a89b2024b7768fe120774439557,1380,rendered_code/1c80f2e456cfb803151983d7.html,rendered widget fragment; NOT original editor source
tw,https://tw.beautyblossom.kr/139,w20251210d7b19ba4c2dbd,6be51fede1855a72f628f7cfabacec3a6ee25a3095b1e0a8098941f361657a69,1405,rendered_code/6be51fede1855a72f628f7cf.html,rendered widget fragment; NOT original editor source
tw,https://tw.beautyblossom.kr/139,w2025121040fcd4f09157e,87d188c2475169171ad258ba508ea7cfeb94f12c7bd3c30770f512e2101d9e1c,196,rendered_code/87d188c2475169171ad258ba.html,rendered widget fragment; NOT original editor source
tw,https://tw.beautyblossom.kr/139,w20251210c0674e0837776,8db9933317a30c4fdf74b0d6d8e67ccdf3f17515ca00fe4fda242da8a05246a6,2643,rendered_code/8db9933317a30c4fdf74b0d6.html,rendered widget fragment; NOT original editor source
tw,https://tw.beautyblossom.kr/139,w2025121031964b403f425,e27cb68f787915b8fd3b30c8e9582c2b9a46ced7e27f3f1d0d0fcc3bd832fdd6,1375,rendered_code/e27cb68f787915b8fd3b30c8.html,rendered widget fragment; NOT original editor source
tw,https://tw.beautyblossom.kr/139,w2025121072f22c80cfe3d,78c946966bbf3b35868ed6f835cffd21aa91c39d0ca4eb2e477b1b90c1751cc0,1875,rendered_code/78c946966bbf3b35868ed6f8.html,rendered widget fragment; NOT original editor source
tw,https://tw.beautyblossom.kr/139,w202512101ea1d6bd86218,8504a93af25581e4a4e4968e0c5ea5e207872c26443c778ab1a91cd282c274ea,1534,rendered_code/8504a93af25581e4a4e4968e.html,rendered widget fragment; NOT original editor source
tw,https://tw.beautyblossom.kr/139,w202512106c79d625e46e4,7cb4c57a10127b4763be698f193b294ef3109c94f16184e8bc841f3e00ad3938,1533,rendered_code/7cb4c57a10127b4763be698f.html,rendered widget fragment; NOT original editor source
tw,https://tw.beautyblossom.kr/139,w2025121072317677c3432,c265c9a331eed9277fd52b8a5b79a5fc3f6d5bafade64a6a964726df41bf599c,1528,rendered_code/c265c9a331eed9277fd52b8a.html,rendered widget fragment; NOT original editor source
tw,https://tw.beautyblossom.kr/139,w20251210ee9659f13dc2b,b5f7fb705f631637a1c17c0656b0b67fddccd8cc9595cb195a6fecedfe4cf31a,1740,rendered_code/b5f7fb705f631637a1c17c06.html,rendered widget fragment; NOT original editor source
tw,https://tw.beautyblossom.kr/139,w20251210b87c6debe3956,085abd302939e2f22e28c55e63e01dff6443ed9e0ab8d27caa31bf4dca416278,1731,rendered_code/085abd302939e2f22e28c55e.html,rendered widget fragment; NOT original editor source
tw,https://tw.beautyblossom.kr/139,w2025121048a7def847866,a66ce7988afb575c3fa4cc79e0f833415c3a410553e522c241c4e8b13c80ebc6,1734,rendered_code/a66ce7988afb575c3fa4cc79.html,rendered widget fragment; NOT original editor source
tw,https://tw.beautyblossom.kr/139,w20251210c0304eecbfc90,291d491d3f3b4d0621313192f2ea6d57f5d66b898d35cd0de4512a4a03110986,1721,rendered_code/291d491d3f3b4d0621313192.html,rendered widget fragment; NOT original editor source
tw,https://tw.beautyblossom.kr/139,w20251210f1b39f46d3185,dd4663cd186ea89a77f0e9806d4b7fa2fc236ad0dd8d35757e3e0024fd993ae3,1234,rendered_code/dd4663cd186ea89a77f0e980.html,rendered widget fragment; NOT original editor source
tw,https://tw.beautyblossom.kr/139,w20251210a7540ab93777c,3c98f6a1a05dc700021760b72456210880507f29d1d8403629073f528ba8bb2e,1032,rendered_code/3c98f6a1a05dc700021760b7.html,rendered widget fragment; NOT original editor source
tw,https://tw.beautyblossom.kr/140,w2025121094edb602238fd,6bfcd08b906feffe91c4cdf4f5c7b8394fafbc48682f5396f2e67370ce9c2bd0,1353,rendered_code/6bfcd08b906feffe91c4cdf4.html,rendered widget fragment; NOT original editor source
tw,https://tw.beautyblossom.kr/140,w202512100fbd54127593c,2ec43f2fc77b86d8b1b69de78b3336f6eaf06e57d1da316540900e2c71985749,2692,rendered_code/2ec43f2fc77b86d8b1b69de7.html,rendered widget fragment; NOT original editor source
tw,https://tw.beautyblossom.kr/140,w20251210c344a221cd8c2,28eaad13ad32ae1ead72ef025e3840a810f7965d034d2295bbd91625c4cda5c3,813,rendered_code/28eaad13ad32ae1ead72ef02.html,rendered widget fragment; NOT original editor source
tw,https://tw.beautyblossom.kr/140,w20251210934877b683ce4,c249293c72420c2db9329c340a48a48769c47c4c03766aefbd59fda15cae22a9,584,rendered_code/c249293c72420c2db9329c34.html,rendered widget fragment; NOT original editor source
tw,https://tw.beautyblossom.kr/140,w202512106e0411684ffa1,ca8f48e03d502224c5041518dba2cc525609594754a8d08bdae3af83b0946ba5,717,rendered_code/ca8f48e03d502224c5041518.html,rendered widget fragment; NOT original editor source
tw,https://tw.beautyblossom.kr/140,w20251210ae6e04a441ae4,2a358b313cb7cf2d073db0f9414fac55a5a327568f6b65cca811061150532a25,1086,rendered_code/2a358b313cb7cf2d073db0f9.html,rendered widget fragment; NOT original editor source
tw,https://tw.beautyblossom.kr/140,w202512100ec9399ffc15c,da1812c144ee16cd89032b8865ed6c440da72c03833ed43aaea45ed6c65953f7,4548,rendered_code/da1812c144ee16cd89032b88.html,rendered widget fragment; NOT original editor source
tw,https://tw.beautyblossom.kr/140,w20251210835cf3bb9bb7f,5795276517e0665909ee96bf308c1c8a8496093aada5ec28029f3747cbfb0802,1828,rendered_code/5795276517e0665909ee96bf.html,rendered widget fragment; NOT original editor source
tw,https://tw.beautyblossom.kr/140,w20251210464c99278cfe7,ec16cf98d76afc9cded6406902f32a64712ca0e5e4dde5b1bd35f09327dfdc79,3674,rendered_code/ec16cf98d76afc9cded64069.html,rendered widget fragment; NOT original editor source
tw,https://tw.beautyblossom.kr/140,w20251210a09399874f0bc,7104107eca91b05dd4c61ca8a80f0c822330ca53815a7f22cc1e24ac09949701,3144,rendered_code/7104107eca91b05dd4c61ca8.html,rendered widget fragment; NOT original editor source
tw,https://tw.beautyblossom.kr/140,w20251210ba560f7a8b617,18a4aa6101400406bfdacebdcc7f650bcf9716c1ae5f51739dcc215ab9d9c65b,1250,rendered_code/18a4aa6101400406bfdacebd.html,rendered widget fragment; NOT original editor source
tw,https://tw.beautyblossom.kr/140,w20251210c4b63fe7006f0,3c98f6a1a05dc700021760b72456210880507f29d1d8403629073f528ba8bb2e,1032,rendered_code/3c98f6a1a05dc700021760b7.html,rendered widget fragment; NOT original editor source
tw,https://tw.beautyblossom.kr/142,w20251210e55da26661b51,c362395d3d2dbd7e55145ada8054bab5b9d7437dbdd3ab94db0a559bb834ae6b,1348,rendered_code/c362395d3d2dbd7e55145ada.html,rendered widget fragment; NOT original editor source
tw,https://tw.beautyblossom.kr/142,w20251210672b95b9a7d5b,f3de95d84ae142b77d780f4699cbafdc21da5fa1e2bb09437b9e8c44f16b1636,195,rendered_code/f3de95d84ae142b77d780f46.html,rendered widget fragment; NOT original editor source
tw,https://tw.beautyblossom.kr/142,w20251210b3d9eccee8a31,120f0cd81510302303e97dad13ac93a790d48f8bef6d27dc990da3ed590b40c8,1001,rendered_code/120f0cd81510302303e97dad.html,rendered widget fragment; NOT original editor source
tw,https://tw.beautyblossom.kr/142,w20251210a6201cc3979a2,32d2fa1e73e20028920af404a411de75d53b1a6c91b819c1946627dcb3a2c4cf,1467,rendered_code/32d2fa1e73e20028920af404.html,rendered widget fragment; NOT original editor source
tw,https://tw.beautyblossom.kr/142,w2025121058c7dec723fdc,9fcaf7fc7b2745ad5cbab30980147d09107a58e4995b96a75884f08bffbd84f2,1354,rendered_code/9fcaf7fc7b2745ad5cbab309.html,rendered widget fragment; NOT original editor source
tw,https://tw.beautyblossom.kr/142,w20251210df3df2b723c77,9783fb24b8123e125c23d06e64c9c60d381756d6f45732deb652dccd9f38aabf,1771,rendered_code/9783fb24b8123e125c23d06e.html,rendered widget fragment; NOT original editor source
tw,https://tw.beautyblossom.kr/142,w2025121025bfd6e7aa477,c6cd02dbd37824b22305eb29f01eb68c801cddc1f55df1726f69f62f27e41e03,2011,rendered_code/c6cd02dbd37824b22305eb29.html,rendered widget fragment; NOT original editor source
tw,https://tw.beautyblossom.kr/142,w20251210aab2b8eacd4d2,822307c6456114cf60f0a41ce99d247fc185cb7328197d7e68fa6c99f2e25ac1,2816,rendered_code/822307c6456114cf60f0a41c.html,rendered widget fragment; NOT original editor source
tw,https://tw.beautyblossom.kr/142,w2025121029e3b4dac7c03,dd8d3a9989363080857eec64221413b662afe3d9932d24c97154bba13cb4c2c0,1226,rendered_code/dd8d3a9989363080857eec64.html,rendered widget fragment; NOT original editor source
tw,https://tw.beautyblossom.kr/142,w202512106d435fd3f038c,3c98f6a1a05dc700021760b72456210880507f29d1d8403629073f528ba8bb2e,1032,rendered_code/3c98f6a1a05dc700021760b7.html,rendered widget fragment; NOT original editor source
tw,https://tw.beautyblossom.kr/143,w202512108beb83f59688a,529056811adcdd0f867e0d9c4b5efe74d3fbcf72fb051d2eec21af3ff63a15a8,1796,rendered_code/529056811adcdd0f867e0d9c.html,rendered widget fragment; NOT original editor source
tw,https://tw.beautyblossom.kr/143,w2025121001179240254d2,5d21ba00cf8197214fee9d7f8084e7926afe5fd003588d4fc985262ff5af4410,1595,rendered_code/5d21ba00cf8197214fee9d7f.html,rendered widget fragment; NOT original editor source
tw,https://tw.beautyblossom.kr/143,w202512100b635d7162e83,43c98105ad91668615e4efb03752fe5ac89e335b387c2811eb8cf3cc9757bdc1,1270,rendered_code/43c98105ad91668615e4efb0.html,rendered widget fragment; NOT original editor source
tw,https://tw.beautyblossom.kr/143,w20251210dfe5b24b2b7bb,3c98f6a1a05dc700021760b72456210880507f29d1d8403629073f528ba8bb2e,1032,rendered_code/3c98f6a1a05dc700021760b7.html,rendered widget fragment; NOT original editor source
tw,https://tw.beautyblossom.kr/164216290,w20260330ae16ba977a250,791b9853e125e96e301cf4c1c35196c8e122a1d05f37e4edaae41aa80c6e3770,2170,rendered_code/791b9853e125e96e301cf4c1.html,rendered widget fragment; NOT original editor source
tw,https://tw.beautyblossom.kr/17,w20251210056907c7d6e41,7b241739a11d7bf79b0f62ed6a7e9d76407171935fca733ba9072534db07b441,199,rendered_code/7b241739a11d7bf79b0f62ed.html,rendered widget fragment; NOT original editor source
tw,https://tw.beautyblossom.kr/18,w20251211567e4eb29234b,7b241739a11d7bf79b0f62ed6a7e9d76407171935fca733ba9072534db07b441,199,rendered_code/7b241739a11d7bf79b0f62ed.html,rendered widget fragment; NOT original editor source
tw,https://tw.beautyblossom.kr/19,w20251210fcb9917b16909,053c543dba87e304f3eda5a15e6ef728b3d0342dc30dc487f17d402ba4b17a66,352,rendered_code/053c543dba87e304f3eda5a1.html,rendered widget fragment; NOT original editor source
tw,https://tw.beautyblossom.kr/19,w202512115f958399ca8e5,7b241739a11d7bf79b0f62ed6a7e9d76407171935fca733ba9072534db07b441,199,rendered_code/7b241739a11d7bf79b0f62ed.html,rendered widget fragment; NOT original editor source
tw,https://tw.beautyblossom.kr/1994371339,w202603301b204451281be,ab9363dd06ee772b5a0aedb04a2abc087aef43b4dc516a0c241184921177b122,16132,rendered_code/ab9363dd06ee772b5a0aedb0.html,rendered widget fragment; NOT original editor source
tw,https://tw.beautyblossom.kr/1994371339,w202604230ff1de17a77e8,dd5e32b895362eca0313b25e837a899868cfb633f0598cf2449822ddab79a404,6333,rendered_code/dd5e32b895362eca0313b25e.html,rendered widget fragment; NOT original editor source
tw,https://tw.beautyblossom.kr/22,w2025121051ba708482562,f3de95d84ae142b77d780f4699cbafdc21da5fa1e2bb09437b9e8c44f16b1636,195,rendered_code/f3de95d84ae142b77d780f46.html,rendered widget fragment; NOT original editor source
tw,https://tw.beautyblossom.kr/25,w202512104e512cabe9efd,f3de95d84ae142b77d780f4699cbafdc21da5fa1e2bb09437b9e8c44f16b1636,195,rendered_code/f3de95d84ae142b77d780f46.html,rendered widget fragment; NOT original editor source
tw,https://tw.beautyblossom.kr/28,w2025121067e5e1cf0f956,0ba1346a55aefb35dd0b3d112b7fd491ce6729782f0788c74918a7493b127fda,1594,rendered_code/0ba1346a55aefb35dd0b3d11.html,rendered widget fragment; NOT original editor source
tw,https://tw.beautyblossom.kr/28,w20251210051e132044ee9,dc6821834b41a5b05d66a118134dc7df3a60001d40cd877c7485627c61208091,3434,rendered_code/dc6821834b41a5b05d66a118.html,rendered widget fragment; NOT original editor source
tw,https://tw.beautyblossom.kr/28,w202512100f2168b926fff,1efcfe09bb4a9e11eef95ea6d593cd28ec36a987f71fd1aa04ab73a7d27e28c9,3529,rendered_code/1efcfe09bb4a9e11eef95ea6.html,rendered widget fragment; NOT original editor source
tw,https://tw.beautyblossom.kr/28,w20251210003a0d6fd6176,1eb080b260ee87b793eb902e00c58521fffad79d5a8b0b9d6d8dfb5091df36d4,1244,rendered_code/1eb080b260ee87b793eb902e.html,rendered widget fragment; NOT original editor source
tw,https://tw.beautyblossom.kr/28,w202512109be20dd9b02f9,3c98f6a1a05dc700021760b72456210880507f29d1d8403629073f528ba8bb2e,1032,rendered_code/3c98f6a1a05dc700021760b7.html,rendered widget fragment; NOT original editor source
tw,https://tw.beautyblossom.kr/29,w2025121033f8d8a219819,ed93660298dab936e4c1983ec0c9afa8272328f3829a48054d4f7550141e72f6,1338,rendered_code/ed93660298dab936e4c1983e.html,rendered widget fragment; NOT original editor source
tw,https://tw.beautyblossom.kr/29,w20251210a838b90931b5f,8658f4b43e18a282bce650f7f7ab92291c26d241efb793f97182f500f7e79dcc,3874,rendered_code/8658f4b43e18a282bce650f7.html,rendered widget fragment; NOT original editor source
tw,https://tw.beautyblossom.kr/29,w20251210044bc881dbe91,6dd9ddf61d56e41a79e4cea40b63b4186ecfb28df1481f8fd0345c1a98546194,1221,rendered_code/6dd9ddf61d56e41a79e4cea4.html,rendered widget fragment; NOT original editor source
tw,https://tw.beautyblossom.kr/29,w202512101043664986a0a,3c98f6a1a05dc700021760b72456210880507f29d1d8403629073f528ba8bb2e,1032,rendered_code/3c98f6a1a05dc700021760b7.html,rendered widget fragment; NOT original editor source
tw,https://tw.beautyblossom.kr/30,w202512108d159a848d285,8075522fa5247c847d82ad45a70fa51cf553cef706e0acf035981e6c43102921,1099,rendered_code/8075522fa5247c847d82ad45.html,rendered widget fragment; NOT original editor source
tw,https://tw.beautyblossom.kr/30,w202512108a47a291fcd11,68157b03855798e54d2c58d1fc46bf47a7b9b8ceec407d4faec994b6abc2e0c0,1219,rendered_code/68157b03855798e54d2c58d1.html,rendered widget fragment; NOT original editor source
tw,https://tw.beautyblossom.kr/30,w202512104f003d10fb021,3c98f6a1a05dc700021760b72456210880507f29d1d8403629073f528ba8bb2e,1032,rendered_code/3c98f6a1a05dc700021760b7.html,rendered widget fragment; NOT original editor source
tw,https://tw.beautyblossom.kr/31,w20251210fd90d85b8447f,d67a6604f907b83e54fbf4ca801287c71ba4cf71773a1c780b411a6f06ad95ce,1332,rendered_code/d67a6604f907b83e54fbf4ca.html,rendered widget fragment; NOT original editor source
tw,https://tw.beautyblossom.kr/31,w20251210e6cfbf654186a,3a718063acf089beec688c2002337d229a4021399f9f64649d47c2009979ada9,822,rendered_code/3a718063acf089beec688c20.html,rendered widget fragment; NOT original editor source
tw,https://tw.beautyblossom.kr/31,w20251210e7d447592cb83,0ee8fc785ef08942e40c8375a7a7a1e5a44c9d75749b5cca270dbdb263dec6d5,1227,rendered_code/0ee8fc785ef08942e40c8375.html,rendered widget fragment; NOT original editor source
tw,https://tw.beautyblossom.kr/31,w2025121094ccfaf5402ac,3c98f6a1a05dc700021760b72456210880507f29d1d8403629073f528ba8bb2e,1032,rendered_code/3c98f6a1a05dc700021760b7.html,rendered widget fragment; NOT original editor source
tw,https://tw.beautyblossom.kr/32,w202512109bf45949b6beb,69293671fc0a6740cdfa0c18aa21d27f0a406516f4fc3b1f5821f7bfd7669af8,1358,rendered_code/69293671fc0a6740cdfa0c18.html,rendered widget fragment; NOT original editor source
tw,https://tw.beautyblossom.kr/32,w2025121028e118c41b2a8,11350e4662c424b1d335dc9e9e3dcf58db45b8f8a66b073e9f7ef46d5c6059a0,1203,rendered_code/11350e4662c424b1d335dc9e.html,rendered widget fragment; NOT original editor source
tw,https://tw.beautyblossom.kr/32,w202512102a156fac6013d,3c98f6a1a05dc700021760b72456210880507f29d1d8403629073f528ba8bb2e,1032,rendered_code/3c98f6a1a05dc700021760b7.html,rendered widget fragment; NOT original editor source
tw,https://tw.beautyblossom.kr/33,w202512100a085a0e74da7,508d2f2446dae31e318e711f0f45a91eea3ab600933fa29e5166b8a4fa26167f,1211,rendered_code/508d2f2446dae31e318e711f.html,rendered widget fragment; NOT original editor source
tw,https://tw.beautyblossom.kr/33,w2025121080cdd42dff274,d8d0da2ea67e4e8291c0da9be82cd9e208c6bb965d3b2cde4b2e65b3a0272f65,836,rendered_code/d8d0da2ea67e4e8291c0da9b.html,rendered widget fragment; NOT original editor source
tw,https://tw.beautyblossom.kr/33,w202512103f1e05002c7e7,2a275e3c783f5cd79a5fc9954d0ba2b5c418b62fb1188bd4599769b9093fc53c,987,rendered_code/2a275e3c783f5cd79a5fc995.html,rendered widget fragment; NOT original editor source
tw,https://tw.beautyblossom.kr/33,w20251210ba0d82866c2a2,b61943bce96a487185abc120844522025ff210189fc05917a3eb27bc030fff9b,881,rendered_code/b61943bce96a487185abc120.html,rendered widget fragment; NOT original editor source
tw,https://tw.beautyblossom.kr/33,w2025121084728e50d7392,dcb239c297b63906b3337bad01d4539f2e7243177e8a10903c397b8c1b8d4533,1205,rendered_code/dcb239c297b63906b3337bad.html,rendered widget fragment; NOT original editor source
tw,https://tw.beautyblossom.kr/33,w2025121088d4a5496933b,3c98f6a1a05dc700021760b72456210880507f29d1d8403629073f528ba8bb2e,1032,rendered_code/3c98f6a1a05dc700021760b7.html,rendered widget fragment; NOT original editor source
tw,https://tw.beautyblossom.kr/34,w202512101ca63ae2f0d70,473f7b8aab95a20684ca4578ec89dd9edb7cf0f344f1e98944fc7b8c5836b5c9,1262,rendered_code/473f7b8aab95a20684ca4578.html,rendered widget fragment; NOT original editor source
tw,https://tw.beautyblossom.kr/34,w20251210c1b4828796425,6c3dc2c244570a84dcc0ddbc83073f49ce54497a87cefff10047493d9f94c97f,1111,rendered_code/6c3dc2c244570a84dcc0ddbc.html,rendered widget fragment; NOT original editor source
tw,https://tw.beautyblossom.kr/35,w20251210132e69f859ebe,431de728251d343b5a6d6b2d94eb0cc11fad339967a1a33f178b84f947eb890c,1316,rendered_code/431de728251d343b5a6d6b2d.html,rendered widget fragment; NOT original editor source
tw,https://tw.beautyblossom.kr/35,w202512109593e7b445335,1c8b5a5c34e4deab3ff1dd82e59f63573f2e3ffa7f9e842be4a767389ae21b46,1208,rendered_code/1c8b5a5c34e4deab3ff1dd82.html,rendered widget fragment; NOT original editor source
tw,https://tw.beautyblossom.kr/35,w202512104c106b5da88c6,3c98f6a1a05dc700021760b72456210880507f29d1d8403629073f528ba8bb2e,1032,rendered_code/3c98f6a1a05dc700021760b7.html,rendered widget fragment; NOT original editor source
tw,https://tw.beautyblossom.kr/36,w2025121072a8930c59888,dd5ae9b3c9ad77a79271440f73f2613eea20d7b7943a6776372abbe8e8c4f413,1333,rendered_code/dd5ae9b3c9ad77a79271440f.html,rendered widget fragment; NOT original editor source
tw,https://tw.beautyblossom.kr/36,w20251210668afc1ba1b83,b982c38d596869cef4e80d9546642322524fe3fe6c08b203063f2d34b1ffe892,1214,rendered_code/b982c38d596869cef4e80d95.html,rendered widget fragment; NOT original editor source
tw,https://tw.beautyblossom.kr/36,w20251210e884a9bcd96a1,3c98f6a1a05dc700021760b72456210880507f29d1d8403629073f528ba8bb2e,1032,rendered_code/3c98f6a1a05dc700021760b7.html,rendered widget fragment; NOT original editor source
tw,https://tw.beautyblossom.kr/37,w202512100a227c6e40855,20148f956b3129c38624ca40efab1c14eeeb06541ecbf80d9e3e8a93ab425bba,1346,rendered_code/20148f956b3129c38624ca40.html,rendered widget fragment; NOT original editor source
tw,https://tw.beautyblossom.kr/37,w20251210b08ca6db8edcd,8bcf5dfb9705face1792ee790e86db3a2b984bebbb2be81455cac4d35c8f7171,3575,rendered_code/8bcf5dfb9705face1792ee79.html,rendered widget fragment; NOT original editor source
tw,https://tw.beautyblossom.kr/37,w202512100facc3a5adc5c,991e8bc87a0b05f27aede4745d21aada4eddfd246e5ed7ba7e44e3a1a7f19310,1220,rendered_code/991e8bc87a0b05f27aede474.html,rendered widget fragment; NOT original editor source
tw,https://tw.beautyblossom.kr/37,w202512105a320aa51635e,3c98f6a1a05dc700021760b72456210880507f29d1d8403629073f528ba8bb2e,1032,rendered_code/3c98f6a1a05dc700021760b7.html,rendered widget fragment; NOT original editor source
tw,https://tw.beautyblossom.kr/374234055,w202603309facf1ba9951d,f136064a03e47b459eaf6f41dd553e014a47740165297331f4edd942f82991c7,9906,rendered_code/f136064a03e47b459eaf6f41.html,rendered widget fragment; NOT original editor source
tw,https://tw.beautyblossom.kr/374234055,w20260423c5c32f015145d,0ccfb4c62544a32a914a7ee75043804e3d5f0ab4ea519050b2c4462f4d3f461e,6380,rendered_code/0ccfb4c62544a32a914a7ee7.html,rendered widget fragment; NOT original editor source
tw,https://tw.beautyblossom.kr/39,w2025121072a1f348d62ac,86e1bf38924de977d9acdbf0261c9ca8bd1c68233a8d99886a196971ff0c11a5,1546,rendered_code/86e1bf38924de977d9acdbf0.html,rendered widget fragment; NOT original editor source
tw,https://tw.beautyblossom.kr/39,w202512102888ce05cf065,37a500ceeb52dad2cf41a0821b1b99cc642490992fc4ff9ee97cc98ce6f62857,1616,rendered_code/37a500ceeb52dad2cf41a082.html,rendered widget fragment; NOT original editor source
tw,https://tw.beautyblossom.kr/39,w20251210acd3fd1535a6c,db033218b99002b80701362e86da9bf140fdad4ebe5a75b75c1fa36e19004271,3059,rendered_code/db033218b99002b80701362e.html,rendered widget fragment; NOT original editor source
tw,https://tw.beautyblossom.kr/39,w202512108152e1837dbcf,c9ea7f5e0a38c15c4c9bddeafd90938eaaced01b6b6e05a3791f14584b11267a,2478,rendered_code/c9ea7f5e0a38c15c4c9bddea.html,rendered widget fragment; NOT original editor source
tw,https://tw.beautyblossom.kr/40,w20251210c2e9725c4ae85,f740e21ba1b9f3aa3adaadebde2a58cd12bd9ba3f6f1ff6e3d4d19234bdc2602,1360,rendered_code/f740e21ba1b9f3aa3adaadeb.html,rendered widget fragment; NOT original editor source
tw,https://tw.beautyblossom.kr/40,w202512100632483e79912,8e9d9e47989ded4a64d5e950d9684588782c67f6b5208548f22675041a377a28,3012,rendered_code/8e9d9e47989ded4a64d5e950.html,rendered widget fragment; NOT original editor source
tw,https://tw.beautyblossom.kr/40,w20251210603ec818c5a88,bf00ce670d2b9c20642ac04e593761104f659b6b9e97a09b1101d92a598e6baf,1497,rendered_code/bf00ce670d2b9c20642ac04e.html,rendered widget fragment; NOT original editor source
tw,https://tw.beautyblossom.kr/40,w20251210bdc7678b86527,f3de95d84ae142b77d780f4699cbafdc21da5fa1e2bb09437b9e8c44f16b1636,195,rendered_code/f3de95d84ae142b77d780f46.html,rendered widget fragment; NOT original editor source
tw,https://tw.beautyblossom.kr/40,w202512104a39a65e3459e,b86e2341f0856b0bfb32ab6836c40751835369bdace6039d2504f7bb2b92ec0d,1606,rendered_code/b86e2341f0856b0bfb32ab68.html,rendered widget fragment; NOT original editor source
tw,https://tw.beautyblossom.kr/40,w20251210416ed54ea45ed,80b1f203950c690ea527a32dd12e910bcbe175de38bd6dece9b938d8cc9e6570,1762,rendered_code/80b1f203950c690ea527a32d.html,rendered widget fragment; NOT original editor source
tw,https://tw.beautyblossom.kr/40,w2025121077abea1330065,d7bca3c03899b111cafd4f927d4549dcf1cd25e9245966a33baf110348c96e6e,1224,rendered_code/d7bca3c03899b111cafd4f92.html,rendered widget fragment; NOT original editor source
tw,https://tw.beautyblossom.kr/40,w20251210ff4aee959564c,3c98f6a1a05dc700021760b72456210880507f29d1d8403629073f528ba8bb2e,1032,rendered_code/3c98f6a1a05dc700021760b7.html,rendered widget fragment; NOT original editor source
tw,https://tw.beautyblossom.kr/400,w20251210afd8f41cc53e0,79281f143b953efa5a6a0834e4acbce14d06ecfcf3e2558d4397bb7200c163c8,1375,rendered_code/79281f143b953efa5a6a0834.html,rendered widget fragment; NOT original editor source
tw,https://tw.beautyblossom.kr/400,w2025121062b1691d10a58,13fdeb3f2b89547a58ae560b080dbde35b2c61769532cc402bbdb6cfb7d1a7b6,1246,rendered_code/13fdeb3f2b89547a58ae560b.html,rendered widget fragment; NOT original editor source
tw,https://tw.beautyblossom.kr/400,w202512103c3c5bee5d22a,3c98f6a1a05dc700021760b72456210880507f29d1d8403629073f528ba8bb2e,1032,rendered_code/3c98f6a1a05dc700021760b7.html,rendered widget fragment; NOT original editor source
tw,https://tw.beautyblossom.kr/41,w2025121016f943107ae93,b39f7dac661b8f7460c582d465d522319a878cc152a887296156e526fe757dc9,1349,rendered_code/b39f7dac661b8f7460c582d4.html,rendered widget fragment; NOT original editor source
tw,https://tw.beautyblossom.kr/41,w20251210628ab0713c08a,3f29a8221d2cefb236c34c226fe656dc66ba8d6de0808c821316740dedb88462,1657,rendered_code/3f29a8221d2cefb236c34c22.html,rendered widget fragment; NOT original editor source
tw,https://tw.beautyblossom.kr/41,w202512106c7fa409e6c2d,ee862775fae8725beb98409f996fa5d94303227ebc870825bc7881752b97007d,1663,rendered_code/ee862775fae8725beb98409f.html,rendered widget fragment; NOT original editor source
tw,https://tw.beautyblossom.kr/41,w20251210a497a8ab9829a,85c20f2b27e3912d85e37195e558064131bb67c93ae38fe38a6ea2a40016f159,1675,rendered_code/85c20f2b27e3912d85e37195.html,rendered widget fragment; NOT original editor source
tw,https://tw.beautyblossom.kr/41,w2025121029bd8b606a116,d6fb476c2f2e3c798b4000caeebc41987f43c4015b1255c0f182ba498a1413a3,198,rendered_code/d6fb476c2f2e3c798b4000ca.html,rendered widget fragment; NOT original editor source
tw,https://tw.beautyblossom.kr/41,w20251210de48a51c6743a,9bead5eca933a84b976f3df7bc8d456ded22a91ab09dd9b6230f132582b994b8,1897,rendered_code/9bead5eca933a84b976f3df7.html,rendered widget fragment; NOT original editor source
tw,https://tw.beautyblossom.kr/41,w202512103ac02635e3202,1b455d24c75e9e8761a76cc3da5cec160c5f936fbee9d7b7631d868346c9689c,1178,rendered_code/1b455d24c75e9e8761a76cc3.html,rendered widget fragment; NOT original editor source
tw,https://tw.beautyblossom.kr/41,w2025121073b889b39da1f,c9fc2633deb2fc10b7de0062cf4e3fc31328925cb9d14c13ea6e8906d0c3e35b,1553,rendered_code/c9fc2633deb2fc10b7de0062.html,rendered widget fragment; NOT original editor source
tw,https://tw.beautyblossom.kr/41,w20251210a86996654ee42,960193c82b6114edaeadc35745f052988009c6c73ee18ef12fb0fab4735d6de1,1214,rendered_code/960193c82b6114edaeadc357.html,rendered widget fragment; NOT original editor source
tw,https://tw.beautyblossom.kr/41,w2025121072faa65d5c441,3c98f6a1a05dc700021760b72456210880507f29d1d8403629073f528ba8bb2e,1032,rendered_code/3c98f6a1a05dc700021760b7.html,rendered widget fragment; NOT original editor source
tw,https://tw.beautyblossom.kr/42,w20251210cc84feec23a24,5ee6fde98f79d46d757ee75eadccfcca632f3641a424f754c334df28b7ea7494,1362,rendered_code/5ee6fde98f79d46d757ee75e.html,rendered widget fragment; NOT original editor source
tw,https://tw.beautyblossom.kr/42,w2025121025432ecdd238c,5c54e801da7f16a6801ae953c0aaa39820d30f310cd13af3e721a4c643cfcb5a,794,rendered_code/5c54e801da7f16a6801ae953.html,rendered widget fragment; NOT original editor source
tw,https://tw.beautyblossom.kr/42,w202512105fd1256fa96e0,0b612b3955423b117030396e47ff6a034eb86335167f9b2a3eb2f7a0cd145378,1217,rendered_code/0b612b3955423b117030396e.html,rendered widget fragment; NOT original editor source
tw,https://tw.beautyblossom.kr/42,w20251210b528d947b5fa8,3c98f6a1a05dc700021760b72456210880507f29d1d8403629073f528ba8bb2e,1032,rendered_code/3c98f6a1a05dc700021760b7.html,rendered widget fragment; NOT original editor source
tw,https://tw.beautyblossom.kr/43,w202512104dc623cb9d9af,6351c919644d958ea536d027df92a97d3b28240e976ec288a15ef452e66ba6b0,1348,rendered_code/6351c919644d958ea536d027.html,rendered widget fragment; NOT original editor source
tw,https://tw.beautyblossom.kr/43,w20251210c57d62df04e0d,1113c43e9b65fa15c33d99d4d5fb902afdcb58e1b30843dbb864f22c612f8974,809,rendered_code/1113c43e9b65fa15c33d99d4.html,rendered widget fragment; NOT original editor source
tw,https://tw.beautyblossom.kr/43,w202512104b0d2eb6b4ad2,b008cc2001fb32a61814bdefc3e6ee82cd4b52a03cb39c61a3f570ea99989df7,1241,rendered_code/b008cc2001fb32a61814bdef.html,rendered widget fragment; NOT original editor source
tw,https://tw.beautyblossom.kr/43,w2025121020a308dad9679,3c98f6a1a05dc700021760b72456210880507f29d1d8403629073f528ba8bb2e,1032,rendered_code/3c98f6a1a05dc700021760b7.html,rendered widget fragment; NOT original editor source
tw,https://tw.beautyblossom.kr/44,w20251210d42c4bb516684,e70e1a340d41c6c1eb708413da2780d926a1a31cfdff8cf9ab5103e420a1524a,1353,rendered_code/e70e1a340d41c6c1eb708413.html,rendered widget fragment; NOT original editor source
tw,https://tw.beautyblossom.kr/44,w20251210790a80ef9c6ca,8aa5aea0b90f26b89dbd151461289e975e1575785e45324c04be34f2685c5fb8,1223,rendered_code/8aa5aea0b90f26b89dbd1514.html,rendered widget fragment; NOT original editor source
tw,https://tw.beautyblossom.kr/44,w2025121042a11caafe643,3c98f6a1a05dc700021760b72456210880507f29d1d8403629073f528ba8bb2e,1032,rendered_code/3c98f6a1a05dc700021760b7.html,rendered widget fragment; NOT original editor source
tw,https://tw.beautyblossom.kr/45,w20251210b5b67354d6db6,15eac883baf9f9faa22ff2217df99b499f7f69c65853da573bf24d80cfed1974,1350,rendered_code/15eac883baf9f9faa22ff221.html,rendered widget fragment; NOT original editor source
tw,https://tw.beautyblossom.kr/45,w202512107dac6c092bc9c,b7b41d0c40192f5fb05d8ed50ab9ffab4008e51de0f52c95a0de4495012aaf4a,655,rendered_code/b7b41d0c40192f5fb05d8ed5.html,rendered widget fragment; NOT original editor source
tw,https://tw.beautyblossom.kr/45,w20251210217fada326e27,ced2a7e4c0032f0d1f195a35d8078478ccda08e77bb2ddca11ecc1e1b00f6be9,808,rendered_code/ced2a7e4c0032f0d1f195a35.html,rendered widget fragment; NOT original editor source
tw,https://tw.beautyblossom.kr/45,w20251210eba5f06741ffa,5bada797cbf1492aa0f777597b435b78295c396867396531ecd5e914ed712cf0,1228,rendered_code/5bada797cbf1492aa0f77759.html,rendered widget fragment; NOT original editor source
tw,https://tw.beautyblossom.kr/45,w20251210e23a15b8109e0,3c98f6a1a05dc700021760b72456210880507f29d1d8403629073f528ba8bb2e,1032,rendered_code/3c98f6a1a05dc700021760b7.html,rendered widget fragment; NOT original editor source
tw,https://tw.beautyblossom.kr/47,w20251210bed693e86bae7,48d94c5aef086e607eb1b38016b9c4dcc018e9a7d7f5b01d284944b6c044e4b4,1175,rendered_code/48d94c5aef086e607eb1b380.html,rendered widget fragment; NOT original editor source
tw,https://tw.beautyblossom.kr/47,w202512105632ff975da85,8362976c119ff36d2ea1f2313d61c6192c6bf85527b635cffac7c0fe97f72f57,891,rendered_code/8362976c119ff36d2ea1f231.html,rendered widget fragment; NOT original editor source
tw,https://tw.beautyblossom.kr/47,w20251210e9ffded6c72e1,7af272f6a2acbefcd82a5fb2461e238c877fad7a58ae809f6e42169dc6438c79,763,rendered_code/7af272f6a2acbefcd82a5fb2.html,rendered widget fragment; NOT original editor source
tw,https://tw.beautyblossom.kr/47,w20251210004e486d3111d,3c98f6a1a05dc700021760b72456210880507f29d1d8403629073f528ba8bb2e,1032,rendered_code/3c98f6a1a05dc700021760b7.html,rendered widget fragment; NOT original editor source
tw,https://tw.beautyblossom.kr/48,w20251210a2d87fb4b77d6,11f8e1586e3e0a8961cd92135e28781d82972a7f0cb8cf8dd7a7fa0dd572bd33,1211,rendered_code/11f8e1586e3e0a8961cd9213.html,rendered widget fragment; NOT original editor source
tw,https://tw.beautyblossom.kr/48,w20251211bc75ee005c77f,8362976c119ff36d2ea1f2313d61c6192c6bf85527b635cffac7c0fe97f72f57,891,rendered_code/8362976c119ff36d2ea1f231.html,rendered widget fragment; NOT original editor source
tw,https://tw.beautyblossom.kr/48,w202512115597fd7c2daf1,7af272f6a2acbefcd82a5fb2461e238c877fad7a58ae809f6e42169dc6438c79,763,rendered_code/7af272f6a2acbefcd82a5fb2.html,rendered widget fragment; NOT original editor source
tw,https://tw.beautyblossom.kr/48,w20251210f02665f862e7f,3c98f6a1a05dc700021760b72456210880507f29d1d8403629073f528ba8bb2e,1032,rendered_code/3c98f6a1a05dc700021760b7.html,rendered widget fragment; NOT original editor source
tw,https://tw.beautyblossom.kr/50,w20251210161eb42f1e738,010c75726a05ee5ebdc1229653d623658cbd43cc42edb0958c4c57f3e053493c,985,rendered_code/010c75726a05ee5ebdc12296.html,rendered widget fragment; NOT original editor source
tw,https://tw.beautyblossom.kr/50,w20251210417d8cc164e15,0535c6dedc915be4dce0c6623315cb79543ead156bf7972fbbc4f6a9237a96c1,895,rendered_code/0535c6dedc915be4dce0c662.html,rendered widget fragment; NOT original editor source
tw,https://tw.beautyblossom.kr/51,w20251210a380c953bc572,77f1c3f733a2a6bc1850c40b2b0d6f021ab45471ec3550efbd94ae2539b41f74,1354,rendered_code/77f1c3f733a2a6bc1850c40b.html,rendered widget fragment; NOT original editor source
tw,https://tw.beautyblossom.kr/51,w2025121001f5356d1ebfc,5f633bfc0241a080be59ca178726fa226c2c1d0b05a0557d0a41fe1b1f089ee7,835,rendered_code/5f633bfc0241a080be59ca17.html,rendered widget fragment; NOT original editor source
tw,https://tw.beautyblossom.kr/51,w20251210b493ee3b44a8c,ff72df55592866e5068caca1cc0e48349bf62ce198fe221fa6d51b64f51cf304,1492,rendered_code/ff72df55592866e5068caca1.html,rendered widget fragment; NOT original editor source
tw,https://tw.beautyblossom.kr/51,w20251210d15dd3a906245,1b55031759c785bcfd5fa69256c7945e53a6539427e0816a2fdac632f99407bd,1239,rendered_code/1b55031759c785bcfd5fa692.html,rendered widget fragment; NOT original editor source
tw,https://tw.beautyblossom.kr/51,w20251210ebfa3c51ba096,3c98f6a1a05dc700021760b72456210880507f29d1d8403629073f528ba8bb2e,1032,rendered_code/3c98f6a1a05dc700021760b7.html,rendered widget fragment; NOT original editor source
tw,https://tw.beautyblossom.kr/52,w2025121007f8b85ea706b,951bf35319650038bb3e9c3a17b6a4143440c0e38027f5650b06677f5094622e,1300,rendered_code/951bf35319650038bb3e9c3a.html,rendered widget fragment; NOT original editor source
tw,https://tw.beautyblossom.kr/52,w2025121026c96f869cdea,e37aa5e802dbca8672408a885bd1596dcfb92dcf06543db282dfc4f3d7537cf6,692,rendered_code/e37aa5e802dbca8672408a88.html,rendered widget fragment; NOT original editor source
tw,https://tw.beautyblossom.kr/52,w2025121085bc4142f3cce,925f48b50c24a4353c4f6d8271aed4757adf28e1b70d683b975eea0f2d895afa,1221,rendered_code/925f48b50c24a4353c4f6d82.html,rendered widget fragment; NOT original editor source
tw,https://tw.beautyblossom.kr/52,w20251210045be2d76f642,3c98f6a1a05dc700021760b72456210880507f29d1d8403629073f528ba8bb2e,1032,rendered_code/3c98f6a1a05dc700021760b7.html,rendered widget fragment; NOT original editor source
tw,https://tw.beautyblossom.kr/54,w20251210d4528e221ad1f,84e40be52eb411adc02e08e24f56d7e69d7ce4e56a724961ae239fdbdf7d99a0,1347,rendered_code/84e40be52eb411adc02e08e2.html,rendered widget fragment; NOT original editor source
tw,https://tw.beautyblossom.kr/54,w2025121014cdb64b24168,e5aed4ce7205702bf425e5086e20473e07ef5b46cbf25b796fd156bc67b4a7f9,1205,rendered_code/e5aed4ce7205702bf425e508.html,rendered widget fragment; NOT original editor source
tw,https://tw.beautyblossom.kr/54,w202512104cca0b44de48f,3c98f6a1a05dc700021760b72456210880507f29d1d8403629073f528ba8bb2e,1032,rendered_code/3c98f6a1a05dc700021760b7.html,rendered widget fragment; NOT original editor source
tw,https://tw.beautyblossom.kr/55,w20251210ed2de52b3084d,63945e592ea111d48b8dfad218c2f61dfdd36081c3d73b4864c8a6b2257b3315,1351,rendered_code/63945e592ea111d48b8dfad2.html,rendered widget fragment; NOT original editor source
tw,https://tw.beautyblossom.kr/55,w2025121059ae96d928d23,48c71ad609641ae6d7923a745620df1792dd0ca45c20f84f23644c311125b131,792,rendered_code/48c71ad609641ae6d7923a74.html,rendered widget fragment; NOT original editor source
tw,https://tw.beautyblossom.kr/55,w20251210aa77d5e667e60,26ee0d2738248fc604ab95f1cf587cd8cbe67aa7ba45a41561062280e53481ce,4683,rendered_code/26ee0d2738248fc604ab95f1.html,rendered widget fragment; NOT original editor source
tw,https://tw.beautyblossom.kr/55,w20251210cfbb2df0c85c8,a3a9256bd58082c291c65877fb8819771a78bbda2cb3a624333908d25e3a7078,1224,rendered_code/a3a9256bd58082c291c65877.html,rendered widget fragment; NOT original editor source
tw,https://tw.beautyblossom.kr/55,w20251210f07654b700946,3c98f6a1a05dc700021760b72456210880507f29d1d8403629073f528ba8bb2e,1032,rendered_code/3c98f6a1a05dc700021760b7.html,rendered widget fragment; NOT original editor source
tw,https://tw.beautyblossom.kr/56,w202512101c3e04f4f9480,9f28b53ba492636d7f4eead89295d670c49bcae8bb90906ecf536f2b9ceb8121,1345,rendered_code/9f28b53ba492636d7f4eead8.html,rendered widget fragment; NOT original editor source
tw,https://tw.beautyblossom.kr/56,w20251210410d601a5c3cc,c8b778f78f332b4c1a41d7f1647ca68c463f7553e931eaf7ecc2820040d06300,671,rendered_code/c8b778f78f332b4c1a41d7f1.html,rendered widget fragment; NOT original editor source
tw,https://tw.beautyblossom.kr/56,w202512105cf760452e55d,c252176999fb33637f112746c9713244deb5f32a5900fde36c2b1ecc7bc2c8a4,940,rendered_code/c252176999fb33637f112746.html,rendered widget fragment; NOT original editor source
tw,https://tw.beautyblossom.kr/56,w20251210d1b188d3e23f5,1b76678c781af37c2105202eb0f7c1b083e66ddc91a769b801521690b69c78ec,1211,rendered_code/1b76678c781af37c2105202e.html,rendered widget fragment; NOT original editor source
tw,https://tw.beautyblossom.kr/56,w20251210beea83bd2728f,3c98f6a1a05dc700021760b72456210880507f29d1d8403629073f528ba8bb2e,1032,rendered_code/3c98f6a1a05dc700021760b7.html,rendered widget fragment; NOT original editor source
tw,https://tw.beautyblossom.kr/57,w20251210082dfb65a6349,6e2c8a3e0046ea6a14856d5a531edde7a8cea9a5175d8cd150b67ccb33bda3ad,1348,rendered_code/6e2c8a3e0046ea6a14856d5a.html,rendered widget fragment; NOT original editor source
tw,https://tw.beautyblossom.kr/57,w202512103cd55d3d4f8e9,ad642b06b10747aab78a507ac20a4e03e15caac9c3d3348b67e8117136bc762d,800,rendered_code/ad642b06b10747aab78a507a.html,rendered widget fragment; NOT original editor source
tw,https://tw.beautyblossom.kr/57,w20251210f7aed47aca17c,d95a42621dbade1442ed75ec6931bc4f1c30867851e9cdb1e8d8929eb26c0774,1229,rendered_code/d95a42621dbade1442ed75ec.html,rendered widget fragment; NOT original editor source
tw,https://tw.beautyblossom.kr/57,w202512102bc44c6ec1f3c,3c98f6a1a05dc700021760b72456210880507f29d1d8403629073f528ba8bb2e,1032,rendered_code/3c98f6a1a05dc700021760b7.html,rendered widget fragment; NOT original editor source
tw,https://tw.beautyblossom.kr/58,w202512104182a836b8e7d,37b36965dc5ee8e0814cb8ca9081393018e37092525b561bde410b09d705f36d,1343,rendered_code/37b36965dc5ee8e0814cb8ca.html,rendered widget fragment; NOT original editor source
tw,https://tw.beautyblossom.kr/58,w20251210b8108f0f236bf,5de7215941d73e329724fdd93a405e0eaca50ca26dcbe10fa226445b80d1c38a,797,rendered_code/5de7215941d73e329724fdd9.html,rendered widget fragment; NOT original editor source
tw,https://tw.beautyblossom.kr/58,w2025121093a1c377858db,850b5da21997e7bc598a8a64c60eda9faa7aac2128202aba404390c71bee1f6b,1097,rendered_code/850b5da21997e7bc598a8a64.html,rendered widget fragment; NOT original editor source
tw,https://tw.beautyblossom.kr/58,w20251210812da613e25d8,3c98f6a1a05dc700021760b72456210880507f29d1d8403629073f528ba8bb2e,1032,rendered_code/3c98f6a1a05dc700021760b7.html,rendered widget fragment; NOT original editor source
tw,https://tw.beautyblossom.kr/60,w20251210d0da65745d35e,f2affdc11a2fc4b9158b92d5750d57a6a4a6a6e7d4141d738d8aedbaf28c5b2c,1344,rendered_code/f2affdc11a2fc4b9158b92d5.html,rendered widget fragment; NOT original editor source
tw,https://tw.beautyblossom.kr/60,w2025121016849ba4b6432,cbe0f6260833b1c76622111a1ecc26d740f9079c25d7fb534e148789d4eb94e7,1224,rendered_code/cbe0f6260833b1c76622111a.html,rendered widget fragment; NOT original editor source
tw,https://tw.beautyblossom.kr/60,w202512106d4caf477c562,3c98f6a1a05dc700021760b72456210880507f29d1d8403629073f528ba8bb2e,1032,rendered_code/3c98f6a1a05dc700021760b7.html,rendered widget fragment; NOT original editor source
tw,https://tw.beautyblossom.kr/61,w20251210105a20487ccfc,a7cda7380f6bb5e4df20a4023a059e23475a733e57ff33d5b81693006fdaecc2,1345,rendered_code/a7cda7380f6bb5e4df20a402.html,rendered widget fragment; NOT original editor source
tw,https://tw.beautyblossom.kr/61,w202512106411ae9f9c627,70626e602103c5ec1c69837c17ca30a94386994b0db5dcc046336a6a2a8aab38,825,rendered_code/70626e602103c5ec1c69837c.html,rendered widget fragment; NOT original editor source
tw,https://tw.beautyblossom.kr/61,w202512107feca488171cf,6738abbb4f9cc3f62d4cae6daac185306a8fbb896a1d14329b5e1ad9fd7cb381,1609,rendered_code/6738abbb4f9cc3f62d4cae6d.html,rendered widget fragment; NOT original editor source
tw,https://tw.beautyblossom.kr/61,w2025121046c596201fe42,a3a256d6ff182f75988006901a6fb3b2e696272031454e195cba0e84aaf05534,1213,rendered_code/a3a256d6ff182f7598800690.html,rendered widget fragment; NOT original editor source
tw,https://tw.beautyblossom.kr/61,w20251210b56c7358e6d8e,3c98f6a1a05dc700021760b72456210880507f29d1d8403629073f528ba8bb2e,1032,rendered_code/3c98f6a1a05dc700021760b7.html,rendered widget fragment; NOT original editor source
tw,https://tw.beautyblossom.kr/62,w20251210eb643d47b9a4b,847abd584bc0502b92c163f7e81604f6ec1689238b795b1b481e699380515aef,1350,rendered_code/847abd584bc0502b92c163f7.html,rendered widget fragment; NOT original editor source
tw,https://tw.beautyblossom.kr/62,w20251210fff8d1acfa221,79679689a0a7241ca4fa6d8910f57b5ac4165c73e4e898fc7e7ee05ac1d2eaba,824,rendered_code/79679689a0a7241ca4fa6d89.html,rendered widget fragment; NOT original editor source
tw,https://tw.beautyblossom.kr/62,w20251210a365290947c42,2f9fd3037ad849f4e88e4bb59d792f3ee31f9116ab15813ec83822b86be57a10,1228,rendered_code/2f9fd3037ad849f4e88e4bb5.html,rendered widget fragment; NOT original editor source
tw,https://tw.beautyblossom.kr/62,w202512104a1a3ed4de5c3,3c98f6a1a05dc700021760b72456210880507f29d1d8403629073f528ba8bb2e,1032,rendered_code/3c98f6a1a05dc700021760b7.html,rendered widget fragment; NOT original editor source
tw,https://tw.beautyblossom.kr/63,w202512102c6acb71e3883,3c98f6a1a05dc700021760b72456210880507f29d1d8403629073f528ba8bb2e,1032,rendered_code/3c98f6a1a05dc700021760b7.html,rendered widget fragment; NOT original editor source
tw,https://tw.beautyblossom.kr/64,w202512106a4ba47ed9f9e,a74ae2f29d32cf828a855921244c62e18b80473d629f130a7062fd8c6886aeef,1349,rendered_code/a74ae2f29d32cf828a855921.html,rendered widget fragment; NOT original editor source
tw,https://tw.beautyblossom.kr/64,w2025121087b99de7f2589,96f67580a63a6277928554d041a785a6a81cf762630aa27da671a20785eff47d,840,rendered_code/96f67580a63a6277928554d0.html,rendered widget fragment; NOT original editor source
tw,https://tw.beautyblossom.kr/64,w20251210c9da5041be69d,436a3c1bc85adf83e90f03d067f2d3bcd106ad92f3eeb0f6010cdcbfde06033a,799,rendered_code/436a3c1bc85adf83e90f03d0.html,rendered widget fragment; NOT original editor source
tw,https://tw.beautyblossom.kr/64,w20251210a611434bd084a,6eff8894aacd4fa02784c5bfb6602dc2ad9f73e56409d2c15a1abb8b844757ae,1234,rendered_code/6eff8894aacd4fa02784c5bf.html,rendered widget fragment; NOT original editor source
tw,https://tw.beautyblossom.kr/64,w2025121010b68c5a2817c,3c98f6a1a05dc700021760b72456210880507f29d1d8403629073f528ba8bb2e,1032,rendered_code/3c98f6a1a05dc700021760b7.html,rendered widget fragment; NOT original editor source
tw,https://tw.beautyblossom.kr/65,w20251210b992067062836,6dd2102a4a8b94f2bb783497a783f3c7943b51e56c21199ffb60c52225678b02,1349,rendered_code/6dd2102a4a8b94f2bb783497.html,rendered widget fragment; NOT original editor source
tw,https://tw.beautyblossom.kr/65,w2025121093093b873ccc8,135c469c8a9f42a5ee4b9cedf6ed39389df5878de15e2fe88e06272d77f2b781,839,rendered_code/135c469c8a9f42a5ee4b9ced.html,rendered widget fragment; NOT original editor source
tw,https://tw.beautyblossom.kr/65,w202512104dbfcb3f573dc,5804a45d5442555f88e0e51345d5533d23a937371120a34c0325d1797ce9eb34,1000,rendered_code/5804a45d5442555f88e0e513.html,rendered widget fragment; NOT original editor source
tw,https://tw.beautyblossom.kr/65,w20251210cc92866f0c306,ab16d65e5169e2a59c350c2a58a44218a6dcbd47bebaa0a5839d179e75a5d943,1252,rendered_code/ab16d65e5169e2a59c350c2a.html,rendered widget fragment; NOT original editor source
tw,https://tw.beautyblossom.kr/65,w2025121033c345ab18cf8,3c98f6a1a05dc700021760b72456210880507f29d1d8403629073f528ba8bb2e,1032,rendered_code/3c98f6a1a05dc700021760b7.html,rendered widget fragment; NOT original editor source
tw,https://tw.beautyblossom.kr/66,w20251210c5fc9aaeb7e59,89bb812eb34dc2dc10fd7ae8b6c820b145482efc27412db3b1114e5f7cce3e58,1343,rendered_code/89bb812eb34dc2dc10fd7ae8.html,rendered widget fragment; NOT original editor source
tw,https://tw.beautyblossom.kr/66,w2025121070baf52acf085,e756b1570b9ded14cd9d516887c8ba9cc038bd4195310d6dfee50b382af76a2e,852,rendered_code/e756b1570b9ded14cd9d5168.html,rendered widget fragment; NOT original editor source
tw,https://tw.beautyblossom.kr/66,w20251210e5cb589bf8a15,ebb4c7a2685116076d6b0d427b1d0ac70c0ca8adc650eeb3aab9285c2fa7c257,1215,rendered_code/ebb4c7a2685116076d6b0d42.html,rendered widget fragment; NOT original editor source
tw,https://tw.beautyblossom.kr/66,w2025121091892419ca702,3c98f6a1a05dc700021760b72456210880507f29d1d8403629073f528ba8bb2e,1032,rendered_code/3c98f6a1a05dc700021760b7.html,rendered widget fragment; NOT original editor source
tw,https://tw.beautyblossom.kr/68,w202512102a7d982a41df7,72bcbffe0ab5fa20d19e87a70c67bca339d3db5ef7f4adf55cf454d26da2929e,1343,rendered_code/72bcbffe0ab5fa20d19e87a7.html,rendered widget fragment; NOT original editor source
tw,https://tw.beautyblossom.kr/68,w2025121070d508f3f830b,665ac662aa9e58e69b6be99746f4c716fe7b268c96c6ed34801c29cffd7a17ae,823,rendered_code/665ac662aa9e58e69b6be997.html,rendered widget fragment; NOT original editor source
tw,https://tw.beautyblossom.kr/68,w2025121019f7e6919dc1a,9e729d3f77f77ac04d4352eb4b95f6929e3f1372df406b925919d446617a1b56,1229,rendered_code/9e729d3f77f77ac04d4352eb.html,rendered widget fragment; NOT original editor source
tw,https://tw.beautyblossom.kr/68,w202512109819d1274d4f1,3c98f6a1a05dc700021760b72456210880507f29d1d8403629073f528ba8bb2e,1032,rendered_code/3c98f6a1a05dc700021760b7.html,rendered widget fragment; NOT original editor source
tw,https://tw.beautyblossom.kr/69,w202512101e960348cb965,bf6e7919ec65efd9990fb505068948a450d289e7c7d4623e68dc2b4be43ce1c3,1346,rendered_code/bf6e7919ec65efd9990fb505.html,rendered widget fragment; NOT original editor source
tw,https://tw.beautyblossom.kr/69,w20251210119f91d4609ea,0450c1f339fff706853a468c4ac33a1b2c1d660e961e4efe971bee44154c2576,822,rendered_code/0450c1f339fff706853a468c.html,rendered widget fragment; NOT original editor source
tw,https://tw.beautyblossom.kr/69,w20251210b26802b2d4176,8371d62ae15d8260950e5b5707667b9cc9638c4b7478b9f1261a589a9c9e9d86,1780,rendered_code/8371d62ae15d8260950e5b57.html,rendered widget fragment; NOT original editor source
tw,https://tw.beautyblossom.kr/69,w20251210e88c397241374,3061dbab0f45a90445936e16fe0b70baf106fe05170995fed667e4446d499a7c,1221,rendered_code/3061dbab0f45a90445936e16.html,rendered widget fragment; NOT original editor source
tw,https://tw.beautyblossom.kr/69,w20251210ee1f757f89b0a,3c98f6a1a05dc700021760b72456210880507f29d1d8403629073f528ba8bb2e,1032,rendered_code/3c98f6a1a05dc700021760b7.html,rendered widget fragment; NOT original editor source
tw,https://tw.beautyblossom.kr/71,w202512106a4f6fb33dd3c,deb38f7b715fa7e2853a9492fd50fe7349adbe3f616a6b7e85cf577982e0cbfd,1015,rendered_code/deb38f7b715fa7e2853a9492.html,rendered widget fragment; NOT original editor source
tw,https://tw.beautyblossom.kr/71,w20251210cd279f20932d6,e5d06469aac12f799b7041dd538354260cfdf1e9e2db108861f7aac98878b04d,197,rendered_code/e5d06469aac12f799b7041dd.html,rendered widget fragment; NOT original editor source
tw,https://tw.beautyblossom.kr/72,w20251210ba37c8d00373a,2f081e74485a500b7f451eff400d138ed516ff4e3b193cb7d90b3419a2ba3e24,1348,rendered_code/2f081e74485a500b7f451eff.html,rendered widget fragment; NOT original editor source
tw,https://tw.beautyblossom.kr/72,w20251210baa446d755133,7718b510ca288a66b7096fd96604e4a6f89669aee534c6c58307041a01f8c6ee,1213,rendered_code/7718b510ca288a66b7096fd9.html,rendered widget fragment; NOT original editor source
tw,https://tw.beautyblossom.kr/72,w20251210fd26a3e6baa8b,3c98f6a1a05dc700021760b72456210880507f29d1d8403629073f528ba8bb2e,1032,rendered_code/3c98f6a1a05dc700021760b7.html,rendered widget fragment; NOT original editor source
tw,https://tw.beautyblossom.kr/73,w202512102f5d988b4593b,0f5a3d9d20b09d9f8d4520f4e981a8e8d60bb291b7bccb887b3df1cd5db823d7,1340,rendered_code/0f5a3d9d20b09d9f8d4520f4.html,rendered widget fragment; NOT original editor source
tw,https://tw.beautyblossom.kr/73,w2025121011b52e1618dfc,67b9a3c104883cca52e234ae7ece941918ce7854b100dd8ae45237782dea3544,689,rendered_code/67b9a3c104883cca52e234ae.html,rendered widget fragment; NOT original editor source
tw,https://tw.beautyblossom.kr/73,w202512107e128fa1859e8,c7302dbb85a3eed2ea63e1cfe2cb374a339458e8166da17c781baa4254c62591,1665,rendered_code/c7302dbb85a3eed2ea63e1cf.html,rendered widget fragment; NOT original editor source
tw,https://tw.beautyblossom.kr/73,w20251210c979423da9d2c,5492ab52a9255852ade558cd77fc502d227d0e4bae8990447e7239d61ffba44d,1175,rendered_code/5492ab52a9255852ade558cd.html,rendered widget fragment; NOT original editor source
tw,https://tw.beautyblossom.kr/73,w20251210a0e64c9f439c7,a230424a4d7c83b938efaf8816ee7fd1423b843ea319a0948089876e9e557fd8,4241,rendered_code/a230424a4d7c83b938efaf88.html,rendered widget fragment; NOT original editor source
tw,https://tw.beautyblossom.kr/73,w20251210ec24967c3d818,202b2da36b3c4fc0391da8ef7d74a8427750e2dc7e9df811e1197223b58f6401,1218,rendered_code/202b2da36b3c4fc0391da8ef.html,rendered widget fragment; NOT original editor source
tw,https://tw.beautyblossom.kr/73,w202512105ea89b3b30c8a,3c98f6a1a05dc700021760b72456210880507f29d1d8403629073f528ba8bb2e,1032,rendered_code/3c98f6a1a05dc700021760b7.html,rendered widget fragment; NOT original editor source
tw,https://tw.beautyblossom.kr/74,w2025121024be83de430c7,e6e76d2fc5e9baec51a0c13414e32c89ada3857a55b3c07dd91cdc70daed9675,1338,rendered_code/e6e76d2fc5e9baec51a0c134.html,rendered widget fragment; NOT original editor source
tw,https://tw.beautyblossom.kr/74,w2025121094fefb34e01dc,f3f58b3cbd7b319fbba67f186dedaca9b274d9246c6973eb557a742a09e2f593,624,rendered_code/f3f58b3cbd7b319fbba67f18.html,rendered widget fragment; NOT original editor source
tw,https://tw.beautyblossom.kr/74,w20251210c59335534b1d5,f084b1035ab86bee2716981fa1f9fb05ec68af6ca836b219ccf4f2a6a2bcc391,1223,rendered_code/f084b1035ab86bee2716981f.html,rendered widget fragment; NOT original editor source
tw,https://tw.beautyblossom.kr/74,w20251210b76529b165823,3c98f6a1a05dc700021760b72456210880507f29d1d8403629073f528ba8bb2e,1032,rendered_code/3c98f6a1a05dc700021760b7.html,rendered widget fragment; NOT original editor source
tw,https://tw.beautyblossom.kr/75,w202512104f2d64e37e01a,a9201d436939bab2ac8f4f4a17a14707fdc43bc8192e01d1d34ab25dbf511809,1358,rendered_code/a9201d436939bab2ac8f4f4a.html,rendered widget fragment; NOT original editor source
tw,https://tw.beautyblossom.kr/75,w202512103f503e93eed14,c51474611588dfe4a9ade3ac51bad3722bbc6e160801ba1fe73e768ad07a2f10,845,rendered_code/c51474611588dfe4a9ade3ac.html,rendered widget fragment; NOT original editor source
tw,https://tw.beautyblossom.kr/75,w20251210458e8af54546c,7d3c7de99d20dc79b667e9af88de82a7e77cb18a7620675013d945f0a903414c,2045,rendered_code/7d3c7de99d20dc79b667e9af.html,rendered widget fragment; NOT original editor source
tw,https://tw.beautyblossom.kr/75,w202512107d4cb4bf30804,0bd9850eb62f6b2bedc8b2a374a78bf7f66afd5daeab50ddb6b213dfb655db8b,1224,rendered_code/0bd9850eb62f6b2bedc8b2a3.html,rendered widget fragment; NOT original editor source
tw,https://tw.beautyblossom.kr/75,w202512104318e35bb8892,3c98f6a1a05dc700021760b72456210880507f29d1d8403629073f528ba8bb2e,1032,rendered_code/3c98f6a1a05dc700021760b7.html,rendered widget fragment; NOT original editor source
tw,https://tw.beautyblossom.kr/76,w20251210216820db49b2c,ee6f7033b2de2688ecb21418515327e22a2e9362a5e795c5583a3010ef3a4916,1368,rendered_code/ee6f7033b2de2688ecb21418.html,rendered widget fragment; NOT original editor source
tw,https://tw.beautyblossom.kr/76,w2025121036750f0cae01d,b6be49760f191c73a33af1442018acfb07a39db60929be25e8c1af2622926065,845,rendered_code/b6be49760f191c73a33af144.html,rendered widget fragment; NOT original editor source
tw,https://tw.beautyblossom.kr/76,w202512106cd59b5f079cc,6e74733c5f7d57c37d427a5084ade1a493c613a97ea84bad3a0773da8ae92338,1105,rendered_code/6e74733c5f7d57c37d427a50.html,rendered widget fragment; NOT original editor source
tw,https://tw.beautyblossom.kr/76,w202512109b709585b7fc7,3c98f6a1a05dc700021760b72456210880507f29d1d8403629073f528ba8bb2e,1032,rendered_code/3c98f6a1a05dc700021760b7.html,rendered widget fragment; NOT original editor source
tw,https://tw.beautyblossom.kr/LDM,w20251210af04c7c425555,edc8da83e6c32b902bfed73aaf8c14d9243ace956f15e42e391f510e2f02493a,1353,rendered_code/edc8da83e6c32b902bfed73a.html,rendered widget fragment; NOT original editor source
tw,https://tw.beautyblossom.kr/LDM,w202512101f257bc093dd8,f3de95d84ae142b77d780f4699cbafdc21da5fa1e2bb09437b9e8c44f16b1636,195,rendered_code/f3de95d84ae142b77d780f46.html,rendered widget fragment; NOT original editor source
tw,https://tw.beautyblossom.kr/LDM,w20251210534ecb77fd5fe,305f49d15e22355da8f055e8495222f7ababe5d6844a30a4345f738c5f6062f8,527,rendered_code/305f49d15e22355da8f055e8.html,rendered widget fragment; NOT original editor source
tw,https://tw.beautyblossom.kr/LDM,w20251210937912165de16,930fb1791641eab212dfa70e12d3f1901869403ef3987f0c6c1f228c9d4b421d,1687,rendered_code/930fb1791641eab212dfa70e.html,rendered widget fragment; NOT original editor source
tw,https://tw.beautyblossom.kr/LDM,w2025121025796f60be7ce,f6ebb1fa5afd66b05ffca1437a7b71b24aec823f8c391d1dea3f9feb0dc90d94,4204,rendered_code/f6ebb1fa5afd66b05ffca143.html,rendered widget fragment; NOT original editor source
tw,https://tw.beautyblossom.kr/LDM,w20251210d691b308a8e67,de9ddacc2c697de2f544ae2af3605353b5d297953d747fb176600a229fffb636,667,rendered_code/de9ddacc2c697de2f544ae2a.html,rendered widget fragment; NOT original editor source
tw,https://tw.beautyblossom.kr/LDM,w20251210e563701cb8e24,3efea90367caf746b280bd1f6f87312d5cf27777c776cdf1733237eda4b4ea5e,1171,rendered_code/3efea90367caf746b280bd1f.html,rendered widget fragment; NOT original editor source
tw,https://tw.beautyblossom.kr/LDM,w20251210f371328cf15a2,4aa8fb50a23c78bd7f35addd756c0b8a80643b81fad628a0449c9021d9338db6,1480,rendered_code/4aa8fb50a23c78bd7f35addd.html,rendered widget fragment; NOT original editor source
tw,https://tw.beautyblossom.kr/LDM,w20251210168f38d1eba99,3e8ce7d23dc80121a76e17b6312942d37b3e1a96bf85921b490aeea45ab93ef9,1261,rendered_code/3e8ce7d23dc80121a76e17b6.html,rendered widget fragment; NOT original editor source
tw,https://tw.beautyblossom.kr/LDM,w2025121075b0f13091038,3c98f6a1a05dc700021760b72456210880507f29d1d8403629073f528ba8bb2e,1032,rendered_code/3c98f6a1a05dc700021760b7.html,rendered widget fragment; NOT original editor source
tw,https://tw.beautyblossom.kr/XERF,w20260422e0c1e55a6c6ee,ec2940cb8b9ce5619c1b78158e7592ebd3d8f168b0807c3e67182a8b3f16e24c,15801,rendered_code/ec2940cb8b9ce5619c1b7815.html,rendered widget fragment; NOT original editor source
tw,https://tw.beautyblossom.kr/XERF,w20260422d30c239146d16,c7ea805158e66ddf107ac08e0318cc0ed80a1d8adc4ae59ba8189b08fbac6d33,6078,rendered_code/c7ea805158e66ddf107ac08e.html,rendered widget fragment; NOT original editor source
tw,https://tw.beautyblossom.kr/alltite,w20260711878c981d5a5bd,2548e54e6f2bf9f2563d92b73314ef28d81bd52df5c08759cd598a9320c8b05f,22385,rendered_code/2548e54e6f2bf9f2563d92b7.html,rendered widget fragment; NOT original editor source
tw,https://tw.beautyblossom.kr/dca-injection,w20260711c01734b1d1f85,48b934f03cd9824b1934e92ff0efbd2e8f7c1a0d7c8e4fac0fc1e8b30db5de86,17715,rendered_code/48b934f03cd9824b1934e92f.html,rendered widget fragment; NOT original editor source
tw,https://tw.beautyblossom.kr/diet-injection,w2026072237ad137469b68,3db9e4d9abef97e0d7a586373f67e044c8a41729380f090dfd4e7ad6988dad4f,17957,rendered_code/3db9e4d9abef97e0d7a58637.html,rendered widget fragment; NOT original editor source
tw,https://tw.beautyblossom.kr/fortra-quattro,w202607118189bda69aab9,5cbc44b7f8151108b2ec8606e27b4cf1bf56ed591d571e43900b76f8b8b382b6,20573,rendered_code/5cbc44b7f8151108b2ec8606.html,rendered widget fragment; NOT original editor source
tw,https://tw.beautyblossom.kr/hilo-wave,w202606276bff6c395a0a6,96032e7d9456c91dc2bc6545bb9510d3d5413610016dc24f5ae35399eca27d0d,11315,rendered_code/96032e7d9456c91dc2bc6545.html,rendered widget fragment; NOT original editor source
tw,https://tw.beautyblossom.kr/home,w202512102df0b4ea5341c,e5d06469aac12f799b7041dd538354260cfdf1e9e2db108861f7aac98878b04d,197,rendered_code/e5d06469aac12f799b7041dd.html,rendered widget fragment; NOT original editor source
tw,https://tw.beautyblossom.kr/home,w20251210ca57ac82d0f39,293b2702d5d37061f0ca3e9689de6ec1f7dc5f17b333cd52c3a5e00b3184ae2d,2631,rendered_code/293b2702d5d37061f0ca3e96.html,rendered widget fragment; NOT original editor source
tw,https://tw.beautyblossom.kr/home,w20251210bc8252e249fd7,e5d06469aac12f799b7041dd538354260cfdf1e9e2db108861f7aac98878b04d,197,rendered_code/e5d06469aac12f799b7041dd.html,rendered widget fragment; NOT original editor source
tw,https://tw.beautyblossom.kr/home,w20251210e560a5ecfd3e3,f8680ea773585563ef263886497e6241890de997f92ce83b45dd046245dcbadb,196,rendered_code/f8680ea773585563ef263886.html,rendered widget fragment; NOT original editor source
tw,https://tw.beautyblossom.kr/ligament-lift,w202606053bc0b4e0b4ab1,1a40716d51b6bcc72f7f7373855f91104197599c14ec164e8416b78ce742f95c,11581,rendered_code/1a40716d51b6bcc72f7f7373.html,rendered widget fragment; NOT original editor source
tw,https://tw.beautyblossom.kr/re2o,w20260423854991f46ad64,1effab7ba515f0035982a0df8fea8af63a2a6c5521069fd0f6b14d52372a94f6,15602,rendered_code/1effab7ba515f0035982a0df.html,rendered widget fragment; NOT original editor source
tw,https://tw.beautyblossom.kr/re2o,w20260423e2e990d2f66f2,a9c5d5e75734e32fd3dac524a8641e9f88c5a8647aaff207d06f7af848ee6f20,6322,rendered_code/a9c5d5e75734e32fd3dac524.html,rendered widget fragment; NOT original editor source
tw,https://tw.beautyblossom.kr/skinvive,w202607013d2a680d8fac1,a01b34fb85c2d093098af16fc4eb07cfefd48e3005cf78bb577dc66c0050426c,12067,rendered_code/a01b34fb85c2d093098af16f.html,rendered widget fragment; NOT original editor source
tw,https://tw.beautyblossom.kr/special-offers,w20260731dc8fc92190553,e74dd66b158faeb64f34ab7f54ef276371fe1009f679ea066bc01c5c3484e290,3338,rendered_code/e74dd66b158faeb64f34ab7f.html,rendered widget fragment; NOT original editor source
tw,https://tw.beautyblossom.kr/special-offers,w20260730968bac59f80b1,f3de95d84ae142b77d780f4699cbafdc21da5fa1e2bb09437b9e8c44f16b1636,195,rendered_code/f3de95d84ae142b77d780f46.html,rendered widget fragment; NOT original editor source
tw,https://tw.beautyblossom.kr/thread-lifting,w20260606699d46907f33a,efb1c1d87f71ed8c4cd16e1da62aea72d264552262da424fcb01949b5777a68c,18993,rendered_code/efb1c1d87f71ed8c4cd16e1d.html,rendered widget fragment; NOT original editor source
