site,url,heading_index,tag,text
kr,https://beautyblossom.kr/,1,h6,"당신의 하루를 빛나게, 뷰티블라썸"
kr,https://beautyblossom.kr/,2,h6,"당신의 하루를 빛나게, 뷰티블라썸"
kr,https://beautyblossom.kr/,3,h6,"당신의 하루를 빛나게, 뷰티블라썸"
kr,https://beautyblossom.kr/,4,h6,"당신의 하루를 빛나게, 뷰티블라썸"
kr,https://beautyblossom.kr/,5,h6,"당신의 하루를 빛나게, 뷰티블라썸"
kr,https://beautyblossom.kr/,6,h6,"당신의 하루를 빛나게, 뷰티블라썸"
kr,https://beautyblossom.kr/,7,h6,"당신의 하루를 빛나게, 뷰티블라썸"
kr,https://beautyblossom.kr/,8,h6,"당신의 하루를 빛나게, 뷰티블라썸"
kr,https://beautyblossom.kr/,9,h6,"당신의 하루를 빛나게, 뷰티블라썸"
kr,https://beautyblossom.kr/,10,h6,"당신의 하루를 빛나게, 뷰티블라썸"
kr,https://beautyblossom.kr/,11,h6,뷰티블라썸 이벤트
kr,https://beautyblossom.kr/,12,h4,
kr,https://beautyblossom.kr/,13,h4,
kr,https://beautyblossom.kr/,14,h4,
kr,https://beautyblossom.kr/,15,h4,
kr,https://beautyblossom.kr/,16,h4,
kr,https://beautyblossom.kr/,17,h4,
kr,https://beautyblossom.kr/,18,h4,
kr,https://beautyblossom.kr/,19,h4,
kr,https://beautyblossom.kr/,20,h4,
kr,https://beautyblossom.kr/,21,h4,
kr,https://beautyblossom.kr/,22,h4,
kr,https://beautyblossom.kr/,23,h4,
kr,https://beautyblossom.kr/,24,h4,
kr,https://beautyblossom.kr/,25,h4,
kr,https://beautyblossom.kr/,26,h4,
kr,https://beautyblossom.kr/,27,h4,
kr,https://beautyblossom.kr/,28,h4,
kr,https://beautyblossom.kr/,29,h4,
kr,https://beautyblossom.kr/,30,h4,
kr,https://beautyblossom.kr/,31,h4,
kr,https://beautyblossom.kr/,32,h4,
kr,https://beautyblossom.kr/,33,h4,
kr,https://beautyblossom.kr/,34,h4,
kr,https://beautyblossom.kr/,35,h4,
kr,https://beautyblossom.kr/,36,h4,
kr,https://beautyblossom.kr/,37,h4,
kr,https://beautyblossom.kr/,38,h4,
kr,https://beautyblossom.kr/,39,h4,
kr,https://beautyblossom.kr/,40,h4,
kr,https://beautyblossom.kr/,41,h4,
kr,https://beautyblossom.kr/,42,h4,
kr,https://beautyblossom.kr/,43,h4,
kr,https://beautyblossom.kr/,44,h4,
kr,https://beautyblossom.kr/,45,h4,
kr,https://beautyblossom.kr/,46,h4,
kr,https://beautyblossom.kr/,47,h6,뷰티블라썸 유튜브
kr,https://beautyblossom.kr/,48,h4,
kr,https://beautyblossom.kr/,49,h4,
kr,https://beautyblossom.kr/,50,h4,
kr,https://beautyblossom.kr/,51,h4,
kr,https://beautyblossom.kr/,52,h4,
kr,https://beautyblossom.kr/,53,h4,
kr,https://beautyblossom.kr/,54,h4,
kr,https://beautyblossom.kr/,55,h4,
kr,https://beautyblossom.kr/,56,h4,
kr,https://beautyblossom.kr/,57,h4,
kr,https://beautyblossom.kr/,58,h4,
kr,https://beautyblossom.kr/,59,h4,
kr,https://beautyblossom.kr/,60,h4,
kr,https://beautyblossom.kr/,61,h4,
kr,https://beautyblossom.kr/,62,h4,
kr,https://beautyblossom.kr/,63,h4,
kr,https://beautyblossom.kr/,64,h4,
kr,https://beautyblossom.kr/,65,h4,
kr,https://beautyblossom.kr/,66,h4,
kr,https://beautyblossom.kr/,67,h4,
kr,https://beautyblossom.kr/,68,h4,
kr,https://beautyblossom.kr/,69,h4,
kr,https://beautyblossom.kr/,70,h4,
kr,https://beautyblossom.kr/,71,h4,
kr,https://beautyblossom.kr/,72,h4,
kr,https://beautyblossom.kr/,73,h4,
kr,https://beautyblossom.kr/,74,h4,
kr,https://beautyblossom.kr/,75,h4,
kr,https://beautyblossom.kr/,76,h4,
kr,https://beautyblossom.kr/,77,h4,
kr,https://beautyblossom.kr/,78,h4,
kr,https://beautyblossom.kr/,79,h4,
kr,https://beautyblossom.kr/,80,h4,
kr,https://beautyblossom.kr/,81,h4,
kr,https://beautyblossom.kr/,82,h4,
kr,https://beautyblossom.kr/,83,h4,
kr,https://beautyblossom.kr/,84,h4,
kr,https://beautyblossom.kr/,85,h4,
kr,https://beautyblossom.kr/,86,h4,
kr,https://beautyblossom.kr/,87,h4,
kr,https://beautyblossom.kr/,88,h4,
kr,https://beautyblossom.kr/,89,h4,
kr,https://beautyblossom.kr/,90,h6,뷰티블라썸 미디어 & 스타
kr,https://beautyblossom.kr/,91,h4,
kr,https://beautyblossom.kr/,92,h4,
kr,https://beautyblossom.kr/,93,h4,
kr,https://beautyblossom.kr/,94,h4,
kr,https://beautyblossom.kr/,95,h4,
kr,https://beautyblossom.kr/,96,h4,
kr,https://beautyblossom.kr/,97,h4,
kr,https://beautyblossom.kr/,98,h4,
kr,https://beautyblossom.kr/,99,h4,
kr,https://beautyblossom.kr/,100,h4,
kr,https://beautyblossom.kr/,101,h4,
kr,https://beautyblossom.kr/,102,h6,피부를 아는 섬세한 손길로당신의 아름다움을 설계합니다.
kr,https://beautyblossom.kr/,103,h6,글로벌 기준의 피부과 솔루션으로당신만의 아름다움을 완성합니다.
kr,https://beautyblossom.kr/,104,h6,피부를 아는 섬세한 손길로당신의 아름다움을 설계합니다.
kr,https://beautyblossom.kr/,105,h6,글로벌 기준의 피부과 솔루션으로당신만의 아름다움을 완성합니다.
kr,https://beautyblossom.kr/,106,h6,뷰티블라썸 시그니처
kr,https://beautyblossom.kr/,107,h2,뷰마카세 리프팅
kr,https://beautyblossom.kr/,108,h2,뷰마카세 색소
kr,https://beautyblossom.kr/,109,h2,뷰마카세 바디
kr,https://beautyblossom.kr/,110,h2,스킨케어
kr,https://beautyblossom.kr/,111,h2,쁘띠
kr,https://beautyblossom.kr/,112,h4,
kr,https://beautyblossom.kr/,113,h4,
kr,https://beautyblossom.kr/,114,h4,
kr,https://beautyblossom.kr/,115,h4,
kr,https://beautyblossom.kr/,116,h4,
kr,https://beautyblossom.kr/,117,h6,뷰티블라썸 스페이스
kr,https://beautyblossom.kr/,118,h4,
kr,https://beautyblossom.kr/,119,h4,
kr,https://beautyblossom.kr/,120,h4,
kr,https://beautyblossom.kr/,121,h4,
kr,https://beautyblossom.kr/,122,h4,
kr,https://beautyblossom.kr/,123,h4,
kr,https://beautyblossom.kr/,124,h4,
kr,https://beautyblossom.kr/,125,h4,
kr,https://beautyblossom.kr/,126,h4,
kr,https://beautyblossom.kr/,127,h4,
kr,https://beautyblossom.kr/,128,h4,
kr,https://beautyblossom.kr/,129,h4,
kr,https://beautyblossom.kr/,130,h4,
kr,https://beautyblossom.kr/,131,h4,
kr,https://beautyblossom.kr/,132,h4,
kr,https://beautyblossom.kr/,133,h4,
kr,https://beautyblossom.kr/,134,h4,
kr,https://beautyblossom.kr/,135,h4,
kr,https://beautyblossom.kr/,136,h4,
kr,https://beautyblossom.kr/,137,h4,
kr,https://beautyblossom.kr/,138,h4,
kr,https://beautyblossom.kr/,139,h4,
kr,https://beautyblossom.kr/,140,h4,
kr,https://beautyblossom.kr/,141,h4,
kr,https://beautyblossom.kr/,142,h4,
kr,https://beautyblossom.kr/,143,h4,
kr,https://beautyblossom.kr/,144,h4,
kr,https://beautyblossom.kr/,145,h4,
kr,https://beautyblossom.kr/,146,h4,
kr,https://beautyblossom.kr/,147,h4,
kr,https://beautyblossom.kr/,148,h4,
kr,https://beautyblossom.kr/,149,h4,
kr,https://beautyblossom.kr/,150,h4,
kr,https://beautyblossom.kr/,151,h4,
kr,https://beautyblossom.kr/,152,h4,
kr,https://beautyblossom.kr/,153,h4,
kr,https://beautyblossom.kr/,154,h4,
kr,https://beautyblossom.kr/,155,h4,
kr,https://beautyblossom.kr/,156,h4,
kr,https://beautyblossom.kr/,157,h4,
kr,https://beautyblossom.kr/,158,h4,
kr,https://beautyblossom.kr/,159,h4,
kr,https://beautyblossom.kr/,160,h6,뷰티블라썸 하이라이트
kr,https://beautyblossom.kr/,161,h6,CONTACT
kr,https://beautyblossom.kr/,162,h6,LOCATION
kr,https://beautyblossom.kr/,163,h6,OFFICE HOUR
kr,https://beautyblossom.kr/110,1,h3,시술 시간
kr,https://beautyblossom.kr/110,2,h3,권장 주기
kr,https://beautyblossom.kr/110,3,h3,통증 여부
kr,https://beautyblossom.kr/110,4,h3,회복 기간
kr,https://beautyblossom.kr/110,5,h3,각질케어
kr,https://beautyblossom.kr/110,6,h3,피부장벽강화
kr,https://beautyblossom.kr/110,7,h3,탄력개선
kr,https://beautyblossom.kr/110,8,h3,저자극케어
kr,https://beautyblossom.kr/110,9,h3,글로벌 스탠다드 퀄리티
kr,https://beautyblossom.kr/110,10,h3,정품・정량 철칙
kr,https://beautyblossom.kr/110,11,h3,맞춤형 디테일 케어
kr,https://beautyblossom.kr/110,12,h6,CONTACT
kr,https://beautyblossom.kr/110,13,h6,LOCATION
kr,https://beautyblossom.kr/110,14,h6,OFFICE HOUR
kr,https://beautyblossom.kr/111,1,h3,시술 시간
kr,https://beautyblossom.kr/111,2,h3,마취 여부
kr,https://beautyblossom.kr/111,3,h3,회복 기간
kr,https://beautyblossom.kr/111,4,h3,관리 효과
kr,https://beautyblossom.kr/111,5,h3,각질 제거
kr,https://beautyblossom.kr/111,6,h3,장벽 강화
kr,https://beautyblossom.kr/111,7,h3,피부 진정
kr,https://beautyblossom.kr/111,8,h3,탄력 강화
kr,https://beautyblossom.kr/111,9,h3,글로벌 스탠다드 퀄리티
kr,https://beautyblossom.kr/111,10,h3,정품・정량 철칙
kr,https://beautyblossom.kr/111,11,h3,맞춤형 디테일 케어
kr,https://beautyblossom.kr/111,12,h6,CONTACT
kr,https://beautyblossom.kr/111,13,h6,LOCATION
kr,https://beautyblossom.kr/111,14,h6,OFFICE HOUR
kr,https://beautyblossom.kr/112,1,h4,관리 후
kr,https://beautyblossom.kr/112,2,h4,문신제거
kr,https://beautyblossom.kr/112,3,h4,DCA 주사
kr,https://beautyblossom.kr/112,4,h4,<히알라제> 필러 녹이는 주사
kr,https://beautyblossom.kr/112,5,h4,가스마취
kr,https://beautyblossom.kr/112,6,h4,보톡스
kr,https://beautyblossom.kr/112,7,h4,"<윤곽주사> 뷰티핏, 블라썸핏, 조각주사"
kr,https://beautyblossom.kr/112,8,h4,필러
kr,https://beautyblossom.kr/112,9,h4,포텐자
kr,https://beautyblossom.kr/112,10,h4,리프팅 레이저
kr,https://beautyblossom.kr/112,11,h6,CONTACT
kr,https://beautyblossom.kr/112,12,h6,LOCATION
kr,https://beautyblossom.kr/112,13,h6,OFFICE HOUR
kr,https://beautyblossom.kr/114,1,h3,시술 시간
kr,https://beautyblossom.kr/114,2,h3,마취 여부
kr,https://beautyblossom.kr/114,3,h3,회복 기간
kr,https://beautyblossom.kr/114,4,h3,효과 지속
kr,https://beautyblossom.kr/114,5,h2,콜라겐 재생
kr,https://beautyblossom.kr/114,6,h2,수분 충전
kr,https://beautyblossom.kr/114,7,h3,자연스러운 효과
kr,https://beautyblossom.kr/114,8,h3,피부 재생
kr,https://beautyblossom.kr/114,9,h3,긴 유지기간
kr,https://beautyblossom.kr/114,10,h3,안전성
kr,https://beautyblossom.kr/114,11,h3,다양한 적용
kr,https://beautyblossom.kr/114,12,h3,복합 시술 가능
kr,https://beautyblossom.kr/114,13,h3,글로벌 스탠다드 퀄리티
kr,https://beautyblossom.kr/114,14,h3,정품・정량 철칙
kr,https://beautyblossom.kr/114,15,h3,맞춤형 디테일 케어
kr,https://beautyblossom.kr/114,16,h6,CONTACT
kr,https://beautyblossom.kr/114,17,h6,LOCATION
kr,https://beautyblossom.kr/114,18,h6,OFFICE HOUR
kr,https://beautyblossom.kr/115,1,h3,시술 시간
kr,https://beautyblossom.kr/115,2,h3,회복 기간
kr,https://beautyblossom.kr/115,3,h3,유지 기간
kr,https://beautyblossom.kr/115,4,h3,부작용
kr,https://beautyblossom.kr/115,5,h3,탄력 및 주름 개선
kr,https://beautyblossom.kr/115,6,h3,생체 적합성 PDO 성분
kr,https://beautyblossom.kr/115,7,h3,지속적인 효과
kr,https://beautyblossom.kr/115,8,h3,편안한 시술 경험
kr,https://beautyblossom.kr/115,9,h3,혁신적 기술력
kr,https://beautyblossom.kr/115,10,h3,검증된 안전성
kr,https://beautyblossom.kr/115,11,h3,글로벌 스탠다드 퀄리티
kr,https://beautyblossom.kr/115,12,h3,정품・정량 철칙
kr,https://beautyblossom.kr/115,13,h3,맞춤형 디테일 케어
kr,https://beautyblossom.kr/115,14,h6,CONTACT
kr,https://beautyblossom.kr/115,15,h6,LOCATION
kr,https://beautyblossom.kr/115,16,h6,OFFICE HOUR
kr,https://beautyblossom.kr/116,1,h3,시술 시간
kr,https://beautyblossom.kr/116,2,h3,마취 여부
kr,https://beautyblossom.kr/116,3,h3,회복 기간
kr,https://beautyblossom.kr/116,4,h3,유지 기간
kr,https://beautyblossom.kr/116,5,h3,글로벌 스탠다드 퀄리티
kr,https://beautyblossom.kr/116,6,h3,정품・정량 철칙
kr,https://beautyblossom.kr/116,7,h3,맞춤형 디테일 케어
kr,https://beautyblossom.kr/116,8,h6,CONTACT
kr,https://beautyblossom.kr/116,9,h6,LOCATION
kr,https://beautyblossom.kr/116,10,h6,OFFICE HOUR
kr,https://beautyblossom.kr/117,1,h3,핵심 성분
kr,https://beautyblossom.kr/117,2,h3,차별점
kr,https://beautyblossom.kr/117,3,h3,회복 기간
kr,https://beautyblossom.kr/117,4,h3,특징
kr,https://beautyblossom.kr/117,5,h3,깊은 수분 보습
kr,https://beautyblossom.kr/117,6,h3,피부 재생
kr,https://beautyblossom.kr/117,7,h3,탄력 강화
kr,https://beautyblossom.kr/117,8,h3,빠른 효과
kr,https://beautyblossom.kr/117,9,h3,글로벌 스탠다드 퀄리티
kr,https://beautyblossom.kr/117,10,h3,정품・정량 철칙
kr,https://beautyblossom.kr/117,11,h3,맞춤형 디테일 케어
kr,https://beautyblossom.kr/117,12,h6,CONTACT
kr,https://beautyblossom.kr/117,13,h6,LOCATION
kr,https://beautyblossom.kr/117,14,h6,OFFICE HOUR
kr,https://beautyblossom.kr/118,1,h3,시술 시간
kr,https://beautyblossom.kr/118,2,h3,마취 여부
kr,https://beautyblossom.kr/118,3,h3,회복 기간
kr,https://beautyblossom.kr/118,4,h3,권장 주기
kr,https://beautyblossom.kr/118,5,h3,피부톤 개선
kr,https://beautyblossom.kr/118,6,h3,모공 케어
kr,https://beautyblossom.kr/118,7,h3,피부 진정
kr,https://beautyblossom.kr/118,8,h3,수분 충전
kr,https://beautyblossom.kr/118,9,h3,글로벌 스탠다드 퀄리티
kr,https://beautyblossom.kr/118,10,h3,정품・정량 철칙
kr,https://beautyblossom.kr/118,11,h3,맞춤형 디테일 케어
kr,https://beautyblossom.kr/118,12,h6,CONTACT
kr,https://beautyblossom.kr/118,13,h6,LOCATION
kr,https://beautyblossom.kr/118,14,h6,OFFICE HOUR
kr,https://beautyblossom.kr/119,1,h3,시술 시간
kr,https://beautyblossom.kr/119,2,h3,마취 여부
kr,https://beautyblossom.kr/119,3,h3,회복 기간
kr,https://beautyblossom.kr/119,4,h3,유지 기간
kr,https://beautyblossom.kr/119,5,h3,DNA 재생
kr,https://beautyblossom.kr/119,6,h3,탄력 강화
kr,https://beautyblossom.kr/119,7,h3,미백 효과
kr,https://beautyblossom.kr/119,8,h3,흉터 개선
kr,https://beautyblossom.kr/119,9,h3,글로벌 스탠다드 퀄리티
kr,https://beautyblossom.kr/119,10,h3,정품・정량 철칙
kr,https://beautyblossom.kr/119,11,h3,맞춤형 디테일 케어
kr,https://beautyblossom.kr/119,12,h6,CONTACT
kr,https://beautyblossom.kr/119,13,h6,LOCATION
kr,https://beautyblossom.kr/119,14,h6,OFFICE HOUR
kr,https://beautyblossom.kr/120,1,h3,시술 시간
kr,https://beautyblossom.kr/120,2,h3,시술 주기
kr,https://beautyblossom.kr/120,3,h3,권장 횟수
kr,https://beautyblossom.kr/120,4,h3,지속 기간
kr,https://beautyblossom.kr/120,5,h3,피부 재생
kr,https://beautyblossom.kr/120,6,h3,탄력 증진
kr,https://beautyblossom.kr/120,7,h3,주름 개선
kr,https://beautyblossom.kr/120,8,h3,보습 강화
kr,https://beautyblossom.kr/120,9,h3,글로벌 스탠다드 퀄리티
kr,https://beautyblossom.kr/120,10,h3,정품・정량 철칙
kr,https://beautyblossom.kr/120,11,h3,맞춤형 디테일 케어
kr,https://beautyblossom.kr/120,12,h6,CONTACT
kr,https://beautyblossom.kr/120,13,h6,LOCATION
kr,https://beautyblossom.kr/120,14,h6,OFFICE HOUR
kr,https://beautyblossom.kr/121,1,h3,시술 시간
kr,https://beautyblossom.kr/121,2,h3,마취 여부
kr,https://beautyblossom.kr/121,3,h3,회복 기간
kr,https://beautyblossom.kr/121,4,h3,유지 기간
kr,https://beautyblossom.kr/121,5,h3,맞춤상담
kr,https://beautyblossom.kr/121,6,h3,자가세안
kr,https://beautyblossom.kr/121,7,h3,마취
kr,https://beautyblossom.kr/121,8,h3,글로벌 스탠다드 퀄리티
kr,https://beautyblossom.kr/121,9,h3,정품・정량 철칙
kr,https://beautyblossom.kr/121,10,h3,맞춤형 디테일 케어
kr,https://beautyblossom.kr/121,11,h6,CONTACT
kr,https://beautyblossom.kr/121,12,h6,LOCATION
kr,https://beautyblossom.kr/121,13,h6,OFFICE HOUR
kr,https://beautyblossom.kr/122,1,h3,시술 시간
kr,https://beautyblossom.kr/122,2,h3,마취 여부
kr,https://beautyblossom.kr/122,3,h3,권장 주기
kr,https://beautyblossom.kr/122,4,h3,지속 기간
kr,https://beautyblossom.kr/122,5,h3,입증된 안전성
kr,https://beautyblossom.kr/122,6,h3,글로벌 브랜드
kr,https://beautyblossom.kr/122,7,h3,미세구 형태의 CaHA 성분
kr,https://beautyblossom.kr/122,8,h3,글로벌 스탠다드 퀄리티
kr,https://beautyblossom.kr/122,9,h3,정품・정량 철칙
kr,https://beautyblossom.kr/122,10,h3,맞춤형 디테일 케어
kr,https://beautyblossom.kr/122,11,h6,CONTACT
kr,https://beautyblossom.kr/122,12,h6,LOCATION
kr,https://beautyblossom.kr/122,13,h6,OFFICE HOUR
kr,https://beautyblossom.kr/123,1,h3,시술 시간
kr,https://beautyblossom.kr/123,2,h3,마취 여부
kr,https://beautyblossom.kr/123,3,h3,회복 기간
kr,https://beautyblossom.kr/123,4,h3,유지 기간
kr,https://beautyblossom.kr/123,5,h3,피부광채
kr,https://beautyblossom.kr/123,6,h3,주름개선
kr,https://beautyblossom.kr/123,7,h3,피부톤개선
kr,https://beautyblossom.kr/123,8,h3,진피밀도 증가
kr,https://beautyblossom.kr/123,9,h3,글로벌 스탠다드 퀄리티
kr,https://beautyblossom.kr/123,10,h3,정품・정량 철칙
kr,https://beautyblossom.kr/123,11,h3,맞춤형 디테일 케어
kr,https://beautyblossom.kr/123,12,h6,CONTACT
kr,https://beautyblossom.kr/123,13,h6,LOCATION
kr,https://beautyblossom.kr/123,14,h6,OFFICE HOUR
kr,https://beautyblossom.kr/124,1,h3,시술 시간
kr,https://beautyblossom.kr/124,2,h3,마취 여부
kr,https://beautyblossom.kr/124,3,h3,회복 기간
kr,https://beautyblossom.kr/124,4,h3,회복 기간
kr,https://beautyblossom.kr/124,5,h3,정밀 시술
kr,https://beautyblossom.kr/124,6,h3,최소 부담
kr,https://beautyblossom.kr/124,7,h3,안전 관리
kr,https://beautyblossom.kr/124,8,h3,맑은 피부
kr,https://beautyblossom.kr/124,9,h3,점
kr,https://beautyblossom.kr/124,10,h3,검버섯
kr,https://beautyblossom.kr/124,11,h3,쥐젖
kr,https://beautyblossom.kr/124,12,h3,편평사마귀
kr,https://beautyblossom.kr/124,13,h3,비립종
kr,https://beautyblossom.kr/124,14,h3,글로벌 스탠다드 퀄리티
kr,https://beautyblossom.kr/124,15,h3,정품・정량 철칙
kr,https://beautyblossom.kr/124,16,h3,맞춤형 디테일 케어
kr,https://beautyblossom.kr/124,17,h6,CONTACT
kr,https://beautyblossom.kr/124,18,h6,LOCATION
kr,https://beautyblossom.kr/124,19,h6,OFFICE HOUR
kr,https://beautyblossom.kr/125,1,h3,상담 방식
kr,https://beautyblossom.kr/125,2,h3,상담 시간
kr,https://beautyblossom.kr/125,3,h3,관리 기간
kr,https://beautyblossom.kr/125,4,h3,관리 효과
kr,https://beautyblossom.kr/125,5,h3,전세계가 주목한 솔루션
kr,https://beautyblossom.kr/125,6,h3,주 1회 간편한 관리
kr,https://beautyblossom.kr/125,7,h3,포만감 증진
kr,https://beautyblossom.kr/125,8,h3,맞춤형 프로그램
kr,https://beautyblossom.kr/125,9,h3,체중 관리
kr,https://beautyblossom.kr/125,10,h3,건강 개선
kr,https://beautyblossom.kr/125,11,h3,생활 개선
kr,https://beautyblossom.kr/125,12,h3,정기 관리
kr,https://beautyblossom.kr/125,13,h3,글로벌 스탠다드 퀄리티
kr,https://beautyblossom.kr/125,14,h3,정품・정량 철칙
kr,https://beautyblossom.kr/125,15,h3,맞춤형 디테일 케어
kr,https://beautyblossom.kr/125,16,h6,CONTACT
kr,https://beautyblossom.kr/125,17,h6,LOCATION
kr,https://beautyblossom.kr/125,18,h6,OFFICE HOUR
kr,https://beautyblossom.kr/126,1,h3,시술 시간
kr,https://beautyblossom.kr/126,2,h3,마취 여부
kr,https://beautyblossom.kr/126,3,h3,회복 기간
kr,https://beautyblossom.kr/126,4,h3,관리 방식
kr,https://beautyblossom.kr/126,5,h3,태반 수액
kr,https://beautyblossom.kr/126,6,h3,비타민 수액
kr,https://beautyblossom.kr/126,7,h3,백옥 수액
kr,https://beautyblossom.kr/126,8,h3,신데렐라 수액
kr,https://beautyblossom.kr/126,9,h3,감초 수액
kr,https://beautyblossom.kr/126,10,h3,마늘 수액
kr,https://beautyblossom.kr/126,11,h3,글로벌 스탠다드 퀄리티
kr,https://beautyblossom.kr/126,12,h3,정품・정량 철칙
kr,https://beautyblossom.kr/126,13,h3,맞춤형 디테일 케어
kr,https://beautyblossom.kr/126,14,h6,CONTACT
kr,https://beautyblossom.kr/126,15,h6,LOCATION
kr,https://beautyblossom.kr/126,16,h6,OFFICE HOUR
kr,https://beautyblossom.kr/127,1,h3,국소마취
kr,https://beautyblossom.kr/127,2,h3,수면마취
kr,https://beautyblossom.kr/127,3,h3,전신마취
kr,https://beautyblossom.kr/127,4,h3,뷰티블라썸 수면마취는?
kr,https://beautyblossom.kr/127,5,h4,정품·정량·정샷 준수
kr,https://beautyblossom.kr/127,6,h4,개인별 맞춤 치료
kr,https://beautyblossom.kr/127,7,h3,글로벌 스탠다드 퀄리티
kr,https://beautyblossom.kr/127,8,h3,정품・정량 철칙
kr,https://beautyblossom.kr/127,9,h3,맞춤형 디테일 케어
kr,https://beautyblossom.kr/127,10,h6,CONTACT
kr,https://beautyblossom.kr/127,11,h6,LOCATION
kr,https://beautyblossom.kr/127,12,h6,OFFICE HOUR
kr,https://beautyblossom.kr/129,1,h3,보습 효과
kr,https://beautyblossom.kr/129,2,h3,물광 효과
kr,https://beautyblossom.kr/129,3,h3,피부 보호
kr,https://beautyblossom.kr/129,4,h3,안티에이징
kr,https://beautyblossom.kr/129,5,h2,물톡스 스킨케어 솔루션
kr,https://beautyblossom.kr/129,6,h3,글로벌 스탠다드 퀄리티
kr,https://beautyblossom.kr/129,7,h3,정품・정량 철칙
kr,https://beautyblossom.kr/129,8,h3,맞춤형 디테일 케어
kr,https://beautyblossom.kr/129,9,h6,CONTACT
kr,https://beautyblossom.kr/129,10,h6,LOCATION
kr,https://beautyblossom.kr/129,11,h6,OFFICE HOUR
kr,https://beautyblossom.kr/130,1,h3,천연성분
kr,https://beautyblossom.kr/130,2,h3,진피층 전달
kr,https://beautyblossom.kr/130,3,h3,빠른 일상복귀
kr,https://beautyblossom.kr/130,4,h3,모든 피부 안전
kr,https://beautyblossom.kr/130,5,h3,여드름 개선
kr,https://beautyblossom.kr/130,6,h3,색소·미백
kr,https://beautyblossom.kr/130,7,h3,탄력·주름개선
kr,https://beautyblossom.kr/130,8,h3,피부 재생
kr,https://beautyblossom.kr/130,9,h3,글로벌 스탠다드 퀄리티
kr,https://beautyblossom.kr/130,10,h3,정품・정량 철칙
kr,https://beautyblossom.kr/130,11,h3,맞춤형 디테일 케어
kr,https://beautyblossom.kr/130,12,h6,CONTACT
kr,https://beautyblossom.kr/130,13,h6,LOCATION
kr,https://beautyblossom.kr/130,14,h6,OFFICE HOUR
kr,https://beautyblossom.kr/131,1,h4,
kr,https://beautyblossom.kr/131,2,h4,
kr,https://beautyblossom.kr/131,3,h4,
kr,https://beautyblossom.kr/131,4,h3,글로벌 스탠다드 퀄리티
kr,https://beautyblossom.kr/131,5,h3,정품・정량 철칙
kr,https://beautyblossom.kr/131,6,h3,맞춤형 디테일 케어
kr,https://beautyblossom.kr/131,7,h6,CONTACT
kr,https://beautyblossom.kr/131,8,h6,LOCATION
kr,https://beautyblossom.kr/131,9,h6,OFFICE HOUR
kr,https://beautyblossom.kr/132,1,h4,
kr,https://beautyblossom.kr/132,2,h4,
kr,https://beautyblossom.kr/132,3,h4,
kr,https://beautyblossom.kr/132,4,h4,
kr,https://beautyblossom.kr/132,5,h4,
kr,https://beautyblossom.kr/132,6,h4,
kr,https://beautyblossom.kr/132,7,h4,
kr,https://beautyblossom.kr/132,8,h4,
kr,https://beautyblossom.kr/132,9,h4,
kr,https://beautyblossom.kr/132,10,h4,
kr,https://beautyblossom.kr/132,11,h4,
kr,https://beautyblossom.kr/132,12,h3,글로벌 스탠다드 퀄리티
kr,https://beautyblossom.kr/132,13,h3,정품・정량 철칙
kr,https://beautyblossom.kr/132,14,h3,맞춤형 디테일 케어
kr,https://beautyblossom.kr/132,15,h6,CONTACT
kr,https://beautyblossom.kr/132,16,h6,LOCATION
kr,https://beautyblossom.kr/132,17,h6,OFFICE HOUR
kr,https://beautyblossom.kr/139,1,h3,시술 시간
kr,https://beautyblossom.kr/139,2,h3,마취 여부
kr,https://beautyblossom.kr/139,3,h3,회복 기간
kr,https://beautyblossom.kr/139,4,h3,지속 기간
kr,https://beautyblossom.kr/139,5,h3,글로벌 스탠다드 퀄리티
kr,https://beautyblossom.kr/139,6,h3,정품・정량 철칙
kr,https://beautyblossom.kr/139,7,h3,맞춤형 디테일 케어
kr,https://beautyblossom.kr/139,8,h6,CONTACT
kr,https://beautyblossom.kr/139,9,h6,LOCATION
kr,https://beautyblossom.kr/139,10,h6,OFFICE HOUR
kr,https://beautyblossom.kr/140,1,h3,시술 시간
kr,https://beautyblossom.kr/140,2,h3,마취 여부
kr,https://beautyblossom.kr/140,3,h3,회복 기간
kr,https://beautyblossom.kr/140,4,h3,효과 지속
kr,https://beautyblossom.kr/140,5,h3,점진적 볼륨 회복
kr,https://beautyblossom.kr/140,6,h3,피부 탄력 개선
kr,https://beautyblossom.kr/140,7,h3,오래 지속되는 효과
kr,https://beautyblossom.kr/140,8,h3,검증된 안전성
kr,https://beautyblossom.kr/140,9,h3,광범위한 적용 부위
kr,https://beautyblossom.kr/140,10,h3,자연스러운 변화
kr,https://beautyblossom.kr/140,11,h3,글로벌 스탠다드 퀄리티
kr,https://beautyblossom.kr/140,12,h3,정품・정량 철칙
kr,https://beautyblossom.kr/140,13,h3,맞춤형 디테일 케어
kr,https://beautyblossom.kr/140,14,h6,CONTACT
kr,https://beautyblossom.kr/140,15,h6,LOCATION
kr,https://beautyblossom.kr/140,16,h6,OFFICE HOUR
kr,https://beautyblossom.kr/141,1,h3,시술 시간
kr,https://beautyblossom.kr/141,2,h3,마취 여부
kr,https://beautyblossom.kr/141,3,h3,회복 기간
kr,https://beautyblossom.kr/141,4,h3,효과 지속
kr,https://beautyblossom.kr/141,5,h3,글로벌 스탠다드 퀄리티
kr,https://beautyblossom.kr/141,6,h3,정품・정량 철칙
kr,https://beautyblossom.kr/141,7,h3,맞춤형 디테일 케어
kr,https://beautyblossom.kr/141,8,h6,CONTACT
kr,https://beautyblossom.kr/141,9,h6,LOCATION
kr,https://beautyblossom.kr/141,10,h6,OFFICE HOUR
kr,https://beautyblossom.kr/142,1,h3,시술 시간
kr,https://beautyblossom.kr/142,2,h3,마취 여부
kr,https://beautyblossom.kr/142,3,h3,회복 기간
kr,https://beautyblossom.kr/142,4,h3,효과 지속
kr,https://beautyblossom.kr/142,5,h3,어깨 라인 완화
kr,https://beautyblossom.kr/142,6,h3,슬림한 어깨 보정
kr,https://beautyblossom.kr/142,7,h3,곡선 강조 효과
kr,https://beautyblossom.kr/142,8,h3,옷태 및 비율 개선
kr,https://beautyblossom.kr/142,9,h3,비수술적 시술
kr,https://beautyblossom.kr/142,10,h3,맞춤형 디자인
kr,https://beautyblossom.kr/142,11,h3,글로벌 스탠다드 퀄리티
kr,https://beautyblossom.kr/142,12,h3,정품・정량 철칙
kr,https://beautyblossom.kr/142,13,h3,맞춤형 디테일 케어
kr,https://beautyblossom.kr/142,14,h6,CONTACT
kr,https://beautyblossom.kr/142,15,h6,LOCATION
kr,https://beautyblossom.kr/142,16,h6,OFFICE HOUR
kr,https://beautyblossom.kr/143,1,h4,Hey! Recently we were working on a project for ..
kr,https://beautyblossom.kr/143,2,h4,A new project is an opportunity to create something unique.
kr,https://beautyblossom.kr/143,3,h4,We look forward to working with you on your next project
kr,https://beautyblossom.kr/143,4,h4,Style Tiles are always a good option to show work in progress!
kr,https://beautyblossom.kr/143,5,h4,You can check the attachment for a full view..
kr,https://beautyblossom.kr/143,6,h4,This is a proposal to add value to a crowdfunding listing page
kr,https://beautyblossom.kr/143,7,h4,Clients easily understand them
kr,https://beautyblossom.kr/143,8,h4,we have a lot of fun during this phase.
kr,https://beautyblossom.kr/143,9,h4,Hey! Recently we were working on a project for ..
kr,https://beautyblossom.kr/143,10,h4,A new project is an opportunity to create something unique.
kr,https://beautyblossom.kr/143,11,h4,We look forward to working with you on your next project
kr,https://beautyblossom.kr/143,12,h4,Style Tiles are always a good option to show work in progress!
kr,https://beautyblossom.kr/143,13,h4,You can check the attachment for a full view..
kr,https://beautyblossom.kr/143,14,h4,This is a proposal to add value to a crowdfunding listing page
kr,https://beautyblossom.kr/143,15,h4,Clients easily understand them
kr,https://beautyblossom.kr/143,16,h4,we have a lot of fun during this phase.
kr,https://beautyblossom.kr/143,17,h4,Hey! Recently we were working on a project for ..
kr,https://beautyblossom.kr/143,18,h4,A new project is an opportunity to create something unique.
kr,https://beautyblossom.kr/143,19,h4,We look forward to working with you on your next project
kr,https://beautyblossom.kr/143,20,h4,Style Tiles are always a good option to show work in progress!
kr,https://beautyblossom.kr/143,21,h4,Hey! Recently we were working on a project for ..
kr,https://beautyblossom.kr/143,22,h4,A new project is an opportunity to create something unique.
kr,https://beautyblossom.kr/143,23,h4,We look forward to working with you on your next project
kr,https://beautyblossom.kr/143,24,h4,Style Tiles are always a good option to show work in progress!
kr,https://beautyblossom.kr/143,25,h4,You can check the attachment for a full view..
kr,https://beautyblossom.kr/143,26,h4,This is a proposal to add value to a crowdfunding listing page
kr,https://beautyblossom.kr/143,27,h4,Clients easily understand them
kr,https://beautyblossom.kr/143,28,h4,we have a lot of fun during this phase.
kr,https://beautyblossom.kr/143,29,h4,Hey! Recently we were working on a project for ..
kr,https://beautyblossom.kr/143,30,h4,A new project is an opportunity to create something unique.
kr,https://beautyblossom.kr/143,31,h4,We look forward to working with you on your next project
kr,https://beautyblossom.kr/143,32,h4,Style Tiles are always a good option to show work in progress!
kr,https://beautyblossom.kr/143,33,h4,You can check the attachment for a full view..
kr,https://beautyblossom.kr/143,34,h4,This is a proposal to add value to a crowdfunding listing page
kr,https://beautyblossom.kr/143,35,h4,Clients easily understand them
kr,https://beautyblossom.kr/143,36,h4,we have a lot of fun during this phase.
kr,https://beautyblossom.kr/143,37,h4,Hey! Recently we were working on a project for ..
kr,https://beautyblossom.kr/143,38,h4,A new project is an opportunity to create something unique.
kr,https://beautyblossom.kr/143,39,h4,We look forward to working with you on your next project
kr,https://beautyblossom.kr/143,40,h4,Style Tiles are always a good option to show work in progress!
kr,https://beautyblossom.kr/143,41,h3,포괄적 피부 분석
kr,https://beautyblossom.kr/143,42,h3,첨단 측정 기술
kr,https://beautyblossom.kr/143,43,h3,3D 모델링 및 예측
kr,https://beautyblossom.kr/143,44,h3,AI 데이터 분석
kr,https://beautyblossom.kr/143,45,h4,Hey! Recently we were working on a project for ..
kr,https://beautyblossom.kr/143,46,h4,A new project is an opportunity to create something unique.
kr,https://beautyblossom.kr/143,47,h4,We look forward to working with you on your next project
kr,https://beautyblossom.kr/143,48,h4,Style Tiles are always a good option to show work in progress!
kr,https://beautyblossom.kr/143,49,h4,You can check the attachment for a full view..
kr,https://beautyblossom.kr/143,50,h4,This is a proposal to add value to a crowdfunding listing page
kr,https://beautyblossom.kr/143,51,h4,Clients easily understand them
kr,https://beautyblossom.kr/143,52,h4,we have a lot of fun during this phase.
kr,https://beautyblossom.kr/143,53,h4,Hey! Recently we were working on a project for ..
kr,https://beautyblossom.kr/143,54,h4,A new project is an opportunity to create something unique.
kr,https://beautyblossom.kr/143,55,h4,We look forward to working with you on your next project
kr,https://beautyblossom.kr/143,56,h4,Style Tiles are always a good option to show work in progress!
kr,https://beautyblossom.kr/143,57,h4,You can check the attachment for a full view..
kr,https://beautyblossom.kr/143,58,h4,This is a proposal to add value to a crowdfunding listing page
kr,https://beautyblossom.kr/143,59,h4,Clients easily understand them
kr,https://beautyblossom.kr/143,60,h4,we have a lot of fun during this phase.
kr,https://beautyblossom.kr/143,61,h4,Hey! Recently we were working on a project for ..
kr,https://beautyblossom.kr/143,62,h4,A new project is an opportunity to create something unique.
kr,https://beautyblossom.kr/143,63,h4,We look forward to working with you on your next project
kr,https://beautyblossom.kr/143,64,h4,Style Tiles are always a good option to show work in progress!
kr,https://beautyblossom.kr/143,65,h3,글로벌 스탠다드 퀄리티
kr,https://beautyblossom.kr/143,66,h3,정품・정량 철칙
kr,https://beautyblossom.kr/143,67,h3,맞춤형 디테일 케어
kr,https://beautyblossom.kr/143,68,h6,CONTACT
kr,https://beautyblossom.kr/143,69,h6,LOCATION
kr,https://beautyblossom.kr/143,70,h6,OFFICE HOUR
kr,https://beautyblossom.kr/149,1,h6,CONTACT
kr,https://beautyblossom.kr/149,2,h6,LOCATION
kr,https://beautyblossom.kr/149,3,h6,OFFICE HOUR
kr,https://beautyblossom.kr/152,1,h1,PREMIUM EQUIPMENT
kr,https://beautyblossom.kr/152,2,h2,"최적의 솔루션, 최고 품질의 장비"
kr,https://beautyblossom.kr/152,3,h6,CONTACT
kr,https://beautyblossom.kr/152,4,h6,LOCATION
kr,https://beautyblossom.kr/152,5,h6,OFFICE HOUR
kr,https://beautyblossom.kr/153,1,h1,덴서티
kr,https://beautyblossom.kr/153,2,h2,"Beyond Thermage,써마지를 뛰어넘는 국산 5세대 고주파 리프팅"
kr,https://beautyblossom.kr/153,3,h3,강력한 듀얼 고주파
kr,https://beautyblossom.kr/153,4,h3,적은 오차 범위로 더 균일하게실시간 임피던스 피드백
kr,https://beautyblossom.kr/153,5,h3,피부로 느껴지는 섬세함5단계 쿨링 레벨 조절
kr,https://beautyblossom.kr/153,6,h3,"커진 전극 사이즈로 더 넓고, 깊게ALPHA TIP (Mono × Bi)"
kr,https://beautyblossom.kr/153,7,h3,"같은 덴서티, 다른 결과를 만드는팁의 차이점은?"
kr,https://beautyblossom.kr/153,8,h4,알파팁
kr,https://beautyblossom.kr/153,9,h4,하이팁
kr,https://beautyblossom.kr/153,10,h4,클래식팁
kr,https://beautyblossom.kr/153,11,h3,시술 안내
kr,https://beautyblossom.kr/153,12,h6,CONTACT
kr,https://beautyblossom.kr/153,13,h6,LOCATION
kr,https://beautyblossom.kr/153,14,h6,OFFICE HOUR
kr,https://beautyblossom.kr/154,1,h1,리니어지
kr,https://beautyblossom.kr/154,2,h2,"Beyond HIFU,선·점 듀얼 모드로 완성하는 커스텀 리프팅"
kr,https://beautyblossom.kr/154,3,h4,리니어 타입 & 도트 타입
kr,https://beautyblossom.kr/154,4,h3,"선과 점, 듀얼 초음파 모드"
kr,https://beautyblossom.kr/154,5,h3,1.5mm~13mm0.5mm 단위 정밀 깊이 조절
kr,https://beautyblossom.kr/154,6,h3,"통증은 적게, 속도는 빠르게62% 향상된 시술 속도"
kr,https://beautyblossom.kr/154,7,h3,안전하고 검증된식약처 허가 정품 카트리지
kr,https://beautyblossom.kr/154,8,h3,피부층별 맞춤 설계4가지 카트리지
kr,https://beautyblossom.kr/154,9,h4,ACCU BASIC
kr,https://beautyblossom.kr/154,10,h4,ACCU ESSENTIAL
kr,https://beautyblossom.kr/154,11,h4,ACCU CORE
kr,https://beautyblossom.kr/154,12,h4,CONTOUR
kr,https://beautyblossom.kr/154,13,h3,시술 안내
kr,https://beautyblossom.kr/154,14,h6,CONTACT
kr,https://beautyblossom.kr/154,15,h6,LOCATION
kr,https://beautyblossom.kr/154,16,h6,OFFICE HOUR
kr,https://beautyblossom.kr/155,1,h1,Fit theDepth.XERF
kr,https://beautyblossom.kr/155,2,h2,Meet the instrumentof depth.
kr,https://beautyblossom.kr/155,3,h2,두 주파수가피부 속으로 흐르다|
kr,https://beautyblossom.kr/155,4,h2,하나의 장비로펼쳐내는 멀티
kr,https://beautyblossom.kr/155,5,h2,"네 개의 이펙터,네 개의 결"
kr,https://beautyblossom.kr/155,6,h2,"고주파, 깊이생각한다면세르프라 말해요"
kr,https://beautyblossom.kr/155,7,h2,Fit myMoment.
kr,https://beautyblossom.kr/155,8,h3,시술 안내
kr,https://beautyblossom.kr/155,9,h6,CONTACT
kr,https://beautyblossom.kr/155,10,h6,LOCATION
kr,https://beautyblossom.kr/155,11,h6,OFFICE HOUR
kr,https://beautyblossom.kr/16,1,h6,CONTACT
kr,https://beautyblossom.kr/16,2,h6,LOCATION
kr,https://beautyblossom.kr/16,3,h6,OFFICE HOUR
kr,https://beautyblossom.kr/17,1,h6,뷰티블라썸 소개
kr,https://beautyblossom.kr/17,2,h6,"글로벌 스탠다드를 넘어,"
kr,https://beautyblossom.kr/17,3,h6,당신만의 특별한 기준으로
kr,https://beautyblossom.kr/17,4,h6,글로벌 스탠다드를 준수하는 의료 서비스
kr,https://beautyblossom.kr/17,5,h6,정품 약물과 정확한 정량 사용
kr,https://beautyblossom.kr/17,6,h6,맞춤형 진료와 세심한 접근
kr,https://beautyblossom.kr/17,7,h6,글로벌 스탠다드를 준수하는 의료 서비스
kr,https://beautyblossom.kr/17,8,h6,정품 약물과 정확한 정량 사용
kr,https://beautyblossom.kr/17,9,h6,맞춤형 진료와 세심한 접근
kr,https://beautyblossom.kr/17,10,h6,CONTACT
kr,https://beautyblossom.kr/17,11,h6,LOCATION
kr,https://beautyblossom.kr/17,12,h6,OFFICE HOUR
kr,https://beautyblossom.kr/18,1,h6,의료진 소개
kr,https://beautyblossom.kr/18,2,h6,CONTACT
kr,https://beautyblossom.kr/18,3,h6,LOCATION
kr,https://beautyblossom.kr/18,4,h6,OFFICE HOUR
kr,https://beautyblossom.kr/19,1,h6,"서울특별시 마포구 양화로66, 메디원메디컬센터 5층,6층"
kr,https://beautyblossom.kr/19,2,h6,CONTACT
kr,https://beautyblossom.kr/19,3,h6,LOCATION
kr,https://beautyblossom.kr/19,4,h6,OFFICE HOUR
kr,https://beautyblossom.kr/20,1,h6,CONTACT
kr,https://beautyblossom.kr/20,2,h6,LOCATION
kr,https://beautyblossom.kr/20,3,h6,OFFICE HOUR
kr,https://beautyblossom.kr/22,1,h6,CONTACT
kr,https://beautyblossom.kr/22,2,h6,LOCATION
kr,https://beautyblossom.kr/22,3,h6,OFFICE HOUR
kr,https://beautyblossom.kr/24,1,h6,CONTACT
kr,https://beautyblossom.kr/24,2,h6,LOCATION
kr,https://beautyblossom.kr/24,3,h6,OFFICE HOUR
kr,https://beautyblossom.kr/25,1,h6,CONTACT
kr,https://beautyblossom.kr/25,2,h6,LOCATION
kr,https://beautyblossom.kr/25,3,h6,OFFICE HOUR
kr,https://beautyblossom.kr/26,1,h6,CONTACT
kr,https://beautyblossom.kr/26,2,h6,LOCATION
kr,https://beautyblossom.kr/26,3,h6,OFFICE HOUR
kr,https://beautyblossom.kr/27,1,h6,CONTACT
kr,https://beautyblossom.kr/27,2,h6,LOCATION
kr,https://beautyblossom.kr/27,3,h6,OFFICE HOUR
kr,https://beautyblossom.kr/28,1,h3,시술 시간
kr,https://beautyblossom.kr/28,2,h3,통증 정도
kr,https://beautyblossom.kr/28,3,h3,회복 기간
kr,https://beautyblossom.kr/28,4,h3,마취 방법
kr,https://beautyblossom.kr/28,5,h6,보톡스 효과
kr,https://beautyblossom.kr/28,6,h2,국산 보톡스
kr,https://beautyblossom.kr/28,7,h2,코어톡스
kr,https://beautyblossom.kr/28,8,h2,제오민
kr,https://beautyblossom.kr/28,9,h2,엘러간
kr,https://beautyblossom.kr/28,10,h3,글로벌 스탠다드 퀄리티
kr,https://beautyblossom.kr/28,11,h3,정품・정량 철칙
kr,https://beautyblossom.kr/28,12,h3,맞춤형 디테일 케어
kr,https://beautyblossom.kr/28,13,h6,CONTACT
kr,https://beautyblossom.kr/28,14,h6,LOCATION
kr,https://beautyblossom.kr/28,15,h6,OFFICE HOUR
kr,https://beautyblossom.kr/29,1,h3,시술 시간
kr,https://beautyblossom.kr/29,2,h3,통증 정도
kr,https://beautyblossom.kr/29,3,h3,회복 기간
kr,https://beautyblossom.kr/29,4,h3,마취 방법
kr,https://beautyblossom.kr/29,5,h6,필러 효과
kr,https://beautyblossom.kr/29,6,h2,아띠에르
kr,https://beautyblossom.kr/29,7,h2,리쥬비엘
kr,https://beautyblossom.kr/29,8,h2,레스틸렌
kr,https://beautyblossom.kr/29,9,h2,쥬비덤
kr,https://beautyblossom.kr/29,10,h2,벨로테로
kr,https://beautyblossom.kr/29,11,h3,글로벌 스탠다드 퀄리티
kr,https://beautyblossom.kr/29,12,h3,정품・정량 철칙
kr,https://beautyblossom.kr/29,13,h3,맞춤형 디테일 케어
kr,https://beautyblossom.kr/29,14,h6,CONTACT
kr,https://beautyblossom.kr/29,15,h6,LOCATION
kr,https://beautyblossom.kr/29,16,h6,OFFICE HOUR
kr,https://beautyblossom.kr/30,1,h3,시술 시간
kr,https://beautyblossom.kr/30,2,h3,간편한 시술
kr,https://beautyblossom.kr/30,3,h6,아이리셋주사 효과
kr,https://beautyblossom.kr/30,4,h3,글로벌 스탠다드 퀄리티
kr,https://beautyblossom.kr/30,5,h3,정품・정량 철칙
kr,https://beautyblossom.kr/30,6,h3,맞춤형 디테일 케어
kr,https://beautyblossom.kr/30,7,h6,CONTACT
kr,https://beautyblossom.kr/30,8,h6,LOCATION
kr,https://beautyblossom.kr/30,9,h6,OFFICE HOUR
kr,https://beautyblossom.kr/31,1,h3,시너지
kr,https://beautyblossom.kr/31,2,h3,효과
kr,https://beautyblossom.kr/31,3,h3,편의성
kr,https://beautyblossom.kr/31,4,h3,만족도
kr,https://beautyblossom.kr/31,5,h6,아이업패키지 효과
kr,https://beautyblossom.kr/31,6,h3,종합 개선
kr,https://beautyblossom.kr/31,7,h3,시너지 효과
kr,https://beautyblossom.kr/31,8,h3,맞춤 치료
kr,https://beautyblossom.kr/31,9,h3,시간 효율
kr,https://beautyblossom.kr/31,10,h3,글로벌 스탠다드 퀄리티
kr,https://beautyblossom.kr/31,11,h3,정품・정량 철칙
kr,https://beautyblossom.kr/31,12,h3,맞춤형 디테일 케어
kr,https://beautyblossom.kr/31,13,h6,CONTACT
kr,https://beautyblossom.kr/31,14,h6,LOCATION
kr,https://beautyblossom.kr/31,15,h6,OFFICE HOUR
kr,https://beautyblossom.kr/32,1,h3,시술 시간
kr,https://beautyblossom.kr/32,2,h3,마취 여부
kr,https://beautyblossom.kr/32,3,h3,회복 기간
kr,https://beautyblossom.kr/32,4,h3,지속 기간
kr,https://beautyblossom.kr/32,5,h6,주름지우개 효과
kr,https://beautyblossom.kr/32,6,h3,글로벌 스탠다드 퀄리티
kr,https://beautyblossom.kr/32,7,h3,정품・정량 철칙
kr,https://beautyblossom.kr/32,8,h3,맞춤형 디테일 케어
kr,https://beautyblossom.kr/32,9,h6,CONTACT
kr,https://beautyblossom.kr/32,10,h6,LOCATION
kr,https://beautyblossom.kr/32,11,h6,OFFICE HOUR
kr,https://beautyblossom.kr/33,1,h3,간편한
kr,https://beautyblossom.kr/33,2,h3,콧대 + 코끝
kr,https://beautyblossom.kr/33,3,h3,지지력
kr,https://beautyblossom.kr/33,4,h3,자연스러운
kr,https://beautyblossom.kr/33,5,h6,미쥬코 효과
kr,https://beautyblossom.kr/33,6,h6,미쥬코 효과
kr,https://beautyblossom.kr/33,7,h3,맞춤 교정
kr,https://beautyblossom.kr/33,8,h3,지속 효과
kr,https://beautyblossom.kr/33,9,h3,자연스러움
kr,https://beautyblossom.kr/33,10,h3,최소 침습
kr,https://beautyblossom.kr/33,11,h3,안전성
kr,https://beautyblossom.kr/33,12,h3,빠른 시술과 회복
kr,https://beautyblossom.kr/33,13,h3,자연스러운 결과
kr,https://beautyblossom.kr/33,14,h3,지속적인 효과
kr,https://beautyblossom.kr/33,15,h6,강한 견인력
kr,https://beautyblossom.kr/33,16,h6,정교한 시술
kr,https://beautyblossom.kr/33,17,h3,하이브리드
kr,https://beautyblossom.kr/33,18,h3,입체적 볼륨
kr,https://beautyblossom.kr/33,19,h3,동시 개선
kr,https://beautyblossom.kr/33,20,h3,풍부한 효과
kr,https://beautyblossom.kr/33,21,h3,글로벌 스탠다드 퀄리티
kr,https://beautyblossom.kr/33,22,h3,정품・정량 철칙
kr,https://beautyblossom.kr/33,23,h3,맞춤형 디테일 케어
kr,https://beautyblossom.kr/33,24,h6,CONTACT
kr,https://beautyblossom.kr/33,25,h6,LOCATION
kr,https://beautyblossom.kr/33,26,h6,OFFICE HOUR
kr,https://beautyblossom.kr/34,1,h4,쥬베룩 스킨/볼륨
kr,https://beautyblossom.kr/34,2,h4,울트라콜 100/200
kr,https://beautyblossom.kr/34,3,h4,리쥬란 힐러/HB/I/S
kr,https://beautyblossom.kr/34,4,h4,릴리이드M
kr,https://beautyblossom.kr/34,5,h4,엑소힐러
kr,https://beautyblossom.kr/34,6,h4,연어주사
kr,https://beautyblossom.kr/34,7,h4,리즈네
kr,https://beautyblossom.kr/34,8,h4,물광주사
kr,https://beautyblossom.kr/34,9,h4,레디어스
kr,https://beautyblossom.kr/34,10,h4,필로가 135
kr,https://beautyblossom.kr/34,11,h3,글로벌 스탠다드 퀄리티
kr,https://beautyblossom.kr/34,12,h3,정품・정량 철칙
kr,https://beautyblossom.kr/34,13,h3,맞춤형 디테일 케어
kr,https://beautyblossom.kr/34,14,h6,CONTACT
kr,https://beautyblossom.kr/34,15,h6,LOCATION
kr,https://beautyblossom.kr/34,16,h6,OFFICE HOUR
kr,https://beautyblossom.kr/35,1,h3,간편한
kr,https://beautyblossom.kr/35,2,h3,순환촉진
kr,https://beautyblossom.kr/35,3,h3,지방분해
kr,https://beautyblossom.kr/35,4,h3,선명한
kr,https://beautyblossom.kr/35,5,h6,뷰티핏주사
kr,https://beautyblossom.kr/35,6,h6,블라썸핏주사
kr,https://beautyblossom.kr/35,7,h6,뷰티핏 | 블라썸 핏 주사 효과
kr,https://beautyblossom.kr/35,8,h3,글로벌 스탠다드 퀄리티
kr,https://beautyblossom.kr/35,9,h3,정품・정량 철칙
kr,https://beautyblossom.kr/35,10,h3,맞춤형 디테일 케어
kr,https://beautyblossom.kr/35,11,h6,CONTACT
kr,https://beautyblossom.kr/35,12,h6,LOCATION
kr,https://beautyblossom.kr/35,13,h6,OFFICE HOUR
kr,https://beautyblossom.kr/36,1,h3,시술시간
kr,https://beautyblossom.kr/36,2,h3,회복 기간
kr,https://beautyblossom.kr/36,3,h3,자연스러운
kr,https://beautyblossom.kr/36,4,h3,흉터
kr,https://beautyblossom.kr/36,5,h6,조각주사 효과
kr,https://beautyblossom.kr/36,6,h3,글로벌 스탠다드 퀄리티
kr,https://beautyblossom.kr/36,7,h3,정품・정량 철칙
kr,https://beautyblossom.kr/36,8,h3,맞춤형 디테일 케어
kr,https://beautyblossom.kr/36,9,h6,CONTACT
kr,https://beautyblossom.kr/36,10,h6,LOCATION
kr,https://beautyblossom.kr/36,11,h6,OFFICE HOUR
kr,https://beautyblossom.kr/37,1,h3,시술시간
kr,https://beautyblossom.kr/37,2,h3,마취여부
kr,https://beautyblossom.kr/37,3,h3,회복 기간
kr,https://beautyblossom.kr/37,4,h3,정확한
kr,https://beautyblossom.kr/37,5,h6,필러 녹이는 주사 효과
kr,https://beautyblossom.kr/37,6,h3,액상형
kr,https://beautyblossom.kr/37,7,h3,분말형
kr,https://beautyblossom.kr/37,8,h3,전문 의료진과 상담 후 결정하세요
kr,https://beautyblossom.kr/37,9,h3,글로벌 스탠다드 퀄리티
kr,https://beautyblossom.kr/37,10,h3,정품・정량 철칙
kr,https://beautyblossom.kr/37,11,h3,맞춤형 디테일 케어
kr,https://beautyblossom.kr/37,12,h6,CONTACT
kr,https://beautyblossom.kr/37,13,h6,LOCATION
kr,https://beautyblossom.kr/37,14,h6,OFFICE HOUR
kr,https://beautyblossom.kr/39,1,h3,Precision Diagnosis | 정밀 진단
kr,https://beautyblossom.kr/39,2,h3,Customized Design | 맞춤 설계
kr,https://beautyblossom.kr/39,3,h3,Layered Treatment | 시술 진행
kr,https://beautyblossom.kr/39,4,h3,Continuous Care | 회복·관리
kr,https://beautyblossom.kr/39,5,h4,울쎄라
kr,https://beautyblossom.kr/39,6,h4,써마지
kr,https://beautyblossom.kr/39,7,h4,온다
kr,https://beautyblossom.kr/39,8,h4,써마지 FLX
kr,https://beautyblossom.kr/39,9,h6,CONTACT
kr,https://beautyblossom.kr/39,10,h6,LOCATION
kr,https://beautyblossom.kr/39,11,h6,OFFICE HOUR
kr,https://beautyblossom.kr/40,1,h3,시술 시간
kr,https://beautyblossom.kr/40,2,h3,마취 여부
kr,https://beautyblossom.kr/40,3,h3,회복 기간
kr,https://beautyblossom.kr/40,4,h3,지속 기간
kr,https://beautyblossom.kr/40,5,h3,글로벌 스탠다드 퀄리티
kr,https://beautyblossom.kr/40,6,h3,정품・정량 철칙
kr,https://beautyblossom.kr/40,7,h3,맞춤형 디테일 케어
kr,https://beautyblossom.kr/40,8,h6,CONTACT
kr,https://beautyblossom.kr/40,9,h6,LOCATION
kr,https://beautyblossom.kr/40,10,h6,OFFICE HOUR
kr,https://beautyblossom.kr/400,1,h3,시술 시간
kr,https://beautyblossom.kr/400,2,h3,마취 여부
kr,https://beautyblossom.kr/400,3,h3,회복 기간
kr,https://beautyblossom.kr/400,4,h3,지속 기간
kr,https://beautyblossom.kr/400,5,h6,✓ 정확한 타겟팅
kr,https://beautyblossom.kr/400,6,h6,✓ 즉각적인 리프팅
kr,https://beautyblossom.kr/400,7,h6,✓ 지속되는 효과
kr,https://beautyblossom.kr/400,8,h3,글로벌 스탠다드 퀄리티
kr,https://beautyblossom.kr/400,9,h3,정품・정량 철칙
kr,https://beautyblossom.kr/400,10,h3,맞춤형 디테일 케어
kr,https://beautyblossom.kr/400,11,h6,CONTACT
kr,https://beautyblossom.kr/400,12,h6,LOCATION
kr,https://beautyblossom.kr/400,13,h6,OFFICE HOUR
kr,https://beautyblossom.kr/41,1,h3,시술 시간
kr,https://beautyblossom.kr/41,2,h3,마취 여부
kr,https://beautyblossom.kr/41,3,h3,회복 기간
kr,https://beautyblossom.kr/41,4,h3,지속 기간
kr,https://beautyblossom.kr/41,5,h6,✓ 정밀한 에너지 전달
kr,https://beautyblossom.kr/41,6,h6,✓ 강력한 콜라겐 재생
kr,https://beautyblossom.kr/41,7,h6,✓ 편안한 시술 경험
kr,https://beautyblossom.kr/41,8,h3,글로벌 스탠다드 퀄리티
kr,https://beautyblossom.kr/41,9,h3,정품・정량 철칙
kr,https://beautyblossom.kr/41,10,h3,맞춤형 디테일 케어
kr,https://beautyblossom.kr/41,11,h6,CONTACT
kr,https://beautyblossom.kr/41,12,h6,LOCATION
kr,https://beautyblossom.kr/41,13,h6,OFFICE HOUR
kr,https://beautyblossom.kr/42,1,h3,시술시간
kr,https://beautyblossom.kr/42,2,h3,회복 기간
kr,https://beautyblossom.kr/42,3,h3,타이트닝
kr,https://beautyblossom.kr/42,4,h3,권장주기
kr,https://beautyblossom.kr/42,5,h4,
kr,https://beautyblossom.kr/42,6,h4,
kr,https://beautyblossom.kr/42,7,h4,
kr,https://beautyblossom.kr/42,8,h3,피부 조직에
kr,https://beautyblossom.kr/42,9,h3,균일한 열 전달
kr,https://beautyblossom.kr/42,10,h3,콜라겐 지속
kr,https://beautyblossom.kr/42,11,h3,리모델링 효과
kr,https://beautyblossom.kr/42,12,h3,리프팅 및
kr,https://beautyblossom.kr/42,13,h3,타이트닝 효과
kr,https://beautyblossom.kr/42,14,h3,피부 탄력
kr,https://beautyblossom.kr/42,15,h3,개선 효과
kr,https://beautyblossom.kr/42,16,h3,글로벌 스탠다드 퀄리티
kr,https://beautyblossom.kr/42,17,h3,정품・정량 철칙
kr,https://beautyblossom.kr/42,18,h3,맞춤형 디테일 케어
kr,https://beautyblossom.kr/42,19,h6,CONTACT
kr,https://beautyblossom.kr/42,20,h6,LOCATION
kr,https://beautyblossom.kr/42,21,h6,OFFICE HOUR
kr,https://beautyblossom.kr/43,1,h3,시술 시간
kr,https://beautyblossom.kr/43,2,h3,마취 여부
kr,https://beautyblossom.kr/43,3,h3,회복 기간
kr,https://beautyblossom.kr/43,4,h3,지속 기간
kr,https://beautyblossom.kr/43,5,h3,동안피부를 위한
kr,https://beautyblossom.kr/43,6,h3,콜라겐 생성 촉진
kr,https://beautyblossom.kr/43,7,h3,수술 없이 간편히
kr,https://beautyblossom.kr/43,8,h3,오랜 유지기간
kr,https://beautyblossom.kr/43,9,h3,"처진 볼살, 이중턱"
kr,https://beautyblossom.kr/43,10,h3,지방 감소 효과
kr,https://beautyblossom.kr/43,11,h3,밝고 매끈한 피부
kr,https://beautyblossom.kr/43,12,h3,피부 톤업 효과
kr,https://beautyblossom.kr/43,13,h3,글로벌 스탠다드 퀄리티
kr,https://beautyblossom.kr/43,14,h3,정품・정량 철칙
kr,https://beautyblossom.kr/43,15,h3,맞춤형 디테일 케어
kr,https://beautyblossom.kr/43,16,h6,CONTACT
kr,https://beautyblossom.kr/43,17,h6,LOCATION
kr,https://beautyblossom.kr/43,18,h6,OFFICE HOUR
kr,https://beautyblossom.kr/44,1,h3,시술 시간
kr,https://beautyblossom.kr/44,2,h3,마취 여부
kr,https://beautyblossom.kr/44,3,h3,회복 기간
kr,https://beautyblossom.kr/44,4,h3,맞춤 시술
kr,https://beautyblossom.kr/44,5,h3,글로벌 스탠다드 퀄리티
kr,https://beautyblossom.kr/44,6,h3,정품・정량 철칙
kr,https://beautyblossom.kr/44,7,h3,맞춤형 디테일 케어
kr,https://beautyblossom.kr/44,8,h6,CONTACT
kr,https://beautyblossom.kr/44,9,h6,LOCATION
kr,https://beautyblossom.kr/44,10,h6,OFFICE HOUR
kr,https://beautyblossom.kr/45,1,h3,시술 시간
kr,https://beautyblossom.kr/45,2,h3,마취 방법
kr,https://beautyblossom.kr/45,3,h3,회복 기간
kr,https://beautyblossom.kr/45,4,h3,시술 주기
kr,https://beautyblossom.kr/45,5,h3,피부 표면에 조사한
kr,https://beautyblossom.kr/45,6,h3,열 에너지로 변환
kr,https://beautyblossom.kr/45,7,h3,변환한 열에너지가
kr,https://beautyblossom.kr/45,8,h3,피부 속 조직 응고
kr,https://beautyblossom.kr/45,9,h3,조직이 회복하면서
kr,https://beautyblossom.kr/45,10,h3,조직 응고 효과
kr,https://beautyblossom.kr/45,11,h3,콜라겐 재생
kr,https://beautyblossom.kr/45,12,h3,지속적 개선 효과
kr,https://beautyblossom.kr/45,13,h3,글로벌 스탠다드 퀄리티
kr,https://beautyblossom.kr/45,14,h3,정품・정량 철칙
kr,https://beautyblossom.kr/45,15,h3,맞춤형 디테일 케어
kr,https://beautyblossom.kr/45,16,h6,CONTACT
kr,https://beautyblossom.kr/45,17,h6,LOCATION
kr,https://beautyblossom.kr/45,18,h6,OFFICE HOUR
kr,https://beautyblossom.kr/47,1,h3,프리미엄 제모 장비 적용
kr,https://beautyblossom.kr/47,2,h3,철저한 프라이버시 보호
kr,https://beautyblossom.kr/47,3,h3,피부 보호 스마트 쿨링
kr,https://beautyblossom.kr/47,4,h3,1:1 맞춤형 레이저 제모
kr,https://beautyblossom.kr/47,5,h3,위생적인비접촉 방식
kr,https://beautyblossom.kr/47,6,h3,강력한쿨링 효과
kr,https://beautyblossom.kr/47,7,h3,최적화된맞춤 출력 조절
kr,https://beautyblossom.kr/47,8,h3,부드럽고매끈한 피부
kr,https://beautyblossom.kr/47,9,h3,글로벌 스탠다드 퀄리티
kr,https://beautyblossom.kr/47,10,h3,정품・정량 철칙
kr,https://beautyblossom.kr/47,11,h3,맞춤형 디테일 케어
kr,https://beautyblossom.kr/47,12,h6,CONTACT
kr,https://beautyblossom.kr/47,13,h6,LOCATION
kr,https://beautyblossom.kr/47,14,h6,OFFICE HOUR
kr,https://beautyblossom.kr/48,1,h3,프리미엄 제모 장비 적용
kr,https://beautyblossom.kr/48,2,h3,철저한 프라이버시 보호
kr,https://beautyblossom.kr/48,3,h3,피부 보호 스마트 쿨링
kr,https://beautyblossom.kr/48,4,h3,1:1 맞춤형 레이저 제모
kr,https://beautyblossom.kr/48,5,h3,위생적인비접촉 방식
kr,https://beautyblossom.kr/48,6,h3,강력한쿨링 효과
kr,https://beautyblossom.kr/48,7,h3,최적화된맞춤 출력 조절
kr,https://beautyblossom.kr/48,8,h3,부드럽고매끈한 피부
kr,https://beautyblossom.kr/48,9,h3,글로벌 스탠다드 퀄리티
kr,https://beautyblossom.kr/48,10,h3,정품・정량 철칙
kr,https://beautyblossom.kr/48,11,h3,맞춤형 디테일 케어
kr,https://beautyblossom.kr/48,12,h6,CONTACT
kr,https://beautyblossom.kr/48,13,h6,LOCATION
kr,https://beautyblossom.kr/48,14,h6,OFFICE HOUR
kr,https://beautyblossom.kr/50,1,h3,DIAGNOSIS
kr,https://beautyblossom.kr/50,2,h4,진단
kr,https://beautyblossom.kr/50,3,h3,DESIGN
kr,https://beautyblossom.kr/50,4,h4,설계
kr,https://beautyblossom.kr/50,5,h3,TREATMENT
kr,https://beautyblossom.kr/50,6,h4,시술
kr,https://beautyblossom.kr/50,7,h3,CARE
kr,https://beautyblossom.kr/50,8,h4,관리
kr,https://beautyblossom.kr/50,9,h4,
kr,https://beautyblossom.kr/50,10,h4,
kr,https://beautyblossom.kr/50,11,h4,
kr,https://beautyblossom.kr/50,12,h4,
kr,https://beautyblossom.kr/50,13,h4,
kr,https://beautyblossom.kr/50,14,h4,
kr,https://beautyblossom.kr/50,15,h6,CONTACT
kr,https://beautyblossom.kr/50,16,h6,LOCATION
kr,https://beautyblossom.kr/50,17,h6,OFFICE HOUR
kr,https://beautyblossom.kr/51,1,h3,시술 시간
kr,https://beautyblossom.kr/51,2,h3,시술 부위
kr,https://beautyblossom.kr/51,3,h3,회복 기간
kr,https://beautyblossom.kr/51,4,h3,지속 기간
kr,https://beautyblossom.kr/51,5,h3,종아리 라인
kr,https://beautyblossom.kr/51,6,h3,승모근 개선
kr,https://beautyblossom.kr/51,7,h3,팔뚝 라인
kr,https://beautyblossom.kr/51,8,h3,허벅지 라인
kr,https://beautyblossom.kr/51,9,h3,자유로운 용량 선택
kr,https://beautyblossom.kr/51,10,h3,부위 제한 없는 시술
kr,https://beautyblossom.kr/51,11,h3,자유로운 시술 기간
kr,https://beautyblossom.kr/51,12,h3,의료진 1:1 맞춤 상담
kr,https://beautyblossom.kr/51,13,h3,안전한 정품 시술
kr,https://beautyblossom.kr/51,14,h3,글로벌 스탠다드 퀄리티
kr,https://beautyblossom.kr/51,15,h3,정품・정량 철칙
kr,https://beautyblossom.kr/51,16,h3,맞춤형 디테일 케어
kr,https://beautyblossom.kr/51,17,h6,CONTACT
kr,https://beautyblossom.kr/51,18,h6,LOCATION
kr,https://beautyblossom.kr/51,19,h6,OFFICE HOUR
kr,https://beautyblossom.kr/52,1,h3,시술 시간
kr,https://beautyblossom.kr/52,2,h3,맞춤 설계
kr,https://beautyblossom.kr/52,3,h3,회복 기간
kr,https://beautyblossom.kr/52,4,h3,지속 기간
kr,https://beautyblossom.kr/52,5,h3,빠른 시술
kr,https://beautyblossom.kr/52,6,h3,맞춤 시술
kr,https://beautyblossom.kr/52,7,h3,빠른 일상
kr,https://beautyblossom.kr/52,8,h6,바디보톡스 효과
kr,https://beautyblossom.kr/52,9,h3,글로벌 스탠다드 퀄리티
kr,https://beautyblossom.kr/52,10,h3,정품・정량 철칙
kr,https://beautyblossom.kr/52,11,h3,맞춤형 디테일 케어
kr,https://beautyblossom.kr/52,12,h6,CONTACT
kr,https://beautyblossom.kr/52,13,h6,LOCATION
kr,https://beautyblossom.kr/52,14,h6,OFFICE HOUR
kr,https://beautyblossom.kr/54,1,h3,시술 시간
kr,https://beautyblossom.kr/54,2,h3,시술 주기
kr,https://beautyblossom.kr/54,3,h3,회복 기간
kr,https://beautyblossom.kr/54,4,h3,지속 기간
kr,https://beautyblossom.kr/54,5,h6,바디 뷰티핏주사
kr,https://beautyblossom.kr/54,6,h6,바디 블라썸핏주사
kr,https://beautyblossom.kr/54,7,h6,바디 뷰티핏 | 블라썸 핏 주사 효과
kr,https://beautyblossom.kr/54,8,h3,글로벌 스탠다드 퀄리티
kr,https://beautyblossom.kr/54,9,h3,정품・정량 철칙
kr,https://beautyblossom.kr/54,10,h3,맞춤형 디테일 케어
kr,https://beautyblossom.kr/54,11,h6,CONTACT
kr,https://beautyblossom.kr/54,12,h6,LOCATION
kr,https://beautyblossom.kr/54,13,h6,OFFICE HOUR
kr,https://beautyblossom.kr/55,1,h3,시술시간
kr,https://beautyblossom.kr/55,2,h3,마취 여부
kr,https://beautyblossom.kr/55,3,h3,회복 기간
kr,https://beautyblossom.kr/55,4,h3,"멍, 출혈"
kr,https://beautyblossom.kr/55,5,h6,바디조각주사 효과
kr,https://beautyblossom.kr/55,6,h3,지방 & 근육 감소
kr,https://beautyblossom.kr/55,7,h3,빠른 효과 & 짧은 회복
kr,https://beautyblossom.kr/55,8,h3,다이어트 시너지 효과
kr,https://beautyblossom.kr/55,9,h1,바디 특화 시술 안내
kr,https://beautyblossom.kr/55,10,h3,글로벌 스탠다드 퀄리티
kr,https://beautyblossom.kr/55,11,h3,정품・정량 철칙
kr,https://beautyblossom.kr/55,12,h3,맞춤형 디테일 케어
kr,https://beautyblossom.kr/55,13,h6,CONTACT
kr,https://beautyblossom.kr/55,14,h6,LOCATION
kr,https://beautyblossom.kr/55,15,h6,OFFICE HOUR
kr,https://beautyblossom.kr/56,1,h3,극초단파
kr,https://beautyblossom.kr/56,2,h3,쿨웨이브
kr,https://beautyblossom.kr/56,3,h3,시술 시간
kr,https://beautyblossom.kr/56,4,h3,권장 주기
kr,https://beautyblossom.kr/56,5,h3,콜라겐 생성
kr,https://beautyblossom.kr/56,6,h3,지방 분해
kr,https://beautyblossom.kr/56,7,h3,피부 타이트닝
kr,https://beautyblossom.kr/56,8,h3,글로벌 스탠다드 퀄리티
kr,https://beautyblossom.kr/56,9,h3,정품・정량 철칙
kr,https://beautyblossom.kr/56,10,h3,맞춤형 디테일 케어
kr,https://beautyblossom.kr/56,11,h6,CONTACT
kr,https://beautyblossom.kr/56,12,h6,LOCATION
kr,https://beautyblossom.kr/56,13,h6,OFFICE HOUR
kr,https://beautyblossom.kr/57,1,h3,시술 시간
kr,https://beautyblossom.kr/57,2,h3,마취 여부
kr,https://beautyblossom.kr/57,3,h3,권장 주기
kr,https://beautyblossom.kr/57,4,h3,유지기간
kr,https://beautyblossom.kr/57,5,h6,바디인모드 효과
kr,https://beautyblossom.kr/57,6,h3,불필요한 지방
kr,https://beautyblossom.kr/57,7,h3,선택적 제거
kr,https://beautyblossom.kr/57,8,h3,바디라인 교정
kr,https://beautyblossom.kr/57,9,h3,셀룰라이트 개선
kr,https://beautyblossom.kr/57,10,h3,피부 탄력 증가
kr,https://beautyblossom.kr/57,11,h3,콜라겐 리모델링
kr,https://beautyblossom.kr/57,12,h3,안전한 시술
kr,https://beautyblossom.kr/57,13,h3,실시간 온도 체크
kr,https://beautyblossom.kr/57,14,h6,✓ 진공 (Vacuum)
kr,https://beautyblossom.kr/57,15,h6,✓ 고주파 에너지(RF)
kr,https://beautyblossom.kr/57,16,h6,✓ 고전압 전기자극(HVP)
kr,https://beautyblossom.kr/57,17,h3,글로벌 스탠다드 퀄리티
kr,https://beautyblossom.kr/57,18,h3,정품・정량 철칙
kr,https://beautyblossom.kr/57,19,h3,맞춤형 디테일 케어
kr,https://beautyblossom.kr/57,20,h6,CONTACT
kr,https://beautyblossom.kr/57,21,h6,LOCATION
kr,https://beautyblossom.kr/57,22,h6,OFFICE HOUR
kr,https://beautyblossom.kr/58,1,h3,시술 시간
kr,https://beautyblossom.kr/58,2,h3,효과 발현
kr,https://beautyblossom.kr/58,3,h3,회복 기간
kr,https://beautyblossom.kr/58,4,h3,지속 기간
kr,https://beautyblossom.kr/58,5,h3,땀 분비 감소
kr,https://beautyblossom.kr/58,6,h3,과도한 땀 억제
kr,https://beautyblossom.kr/58,7,h3,피부 청결 유지
kr,https://beautyblossom.kr/58,8,h3,땀 냄새 완화
kr,https://beautyblossom.kr/58,9,h3,간편한 시술
kr,https://beautyblossom.kr/58,10,h3,짧은 시술 시간
kr,https://beautyblossom.kr/58,11,h3,안전한 치료
kr,https://beautyblossom.kr/58,12,h3,부작용 최소화
kr,https://beautyblossom.kr/58,13,h3,글로벌 스탠다드 퀄리티
kr,https://beautyblossom.kr/58,14,h3,정품・정량 철칙
kr,https://beautyblossom.kr/58,15,h3,맞춤형 디테일 케어
kr,https://beautyblossom.kr/58,16,h6,CONTACT
kr,https://beautyblossom.kr/58,17,h6,LOCATION
kr,https://beautyblossom.kr/58,18,h6,OFFICE HOUR
kr,https://beautyblossom.kr/60,1,h3,피부 케어
kr,https://beautyblossom.kr/60,2,h3,피지 케어
kr,https://beautyblossom.kr/60,3,h3,수분 관리
kr,https://beautyblossom.kr/60,4,h3,피부 재생
kr,https://beautyblossom.kr/60,5,h6,포뮬러
kr,https://beautyblossom.kr/60,6,h6,스킨부스터
kr,https://beautyblossom.kr/60,7,h3,글로벌 스탠다드 퀄리티
kr,https://beautyblossom.kr/60,8,h3,정품・정량 철칙
kr,https://beautyblossom.kr/60,9,h3,맞춤형 디테일 케어
kr,https://beautyblossom.kr/60,10,h6,CONTACT
kr,https://beautyblossom.kr/60,11,h6,LOCATION
kr,https://beautyblossom.kr/60,12,h6,OFFICE HOUR
kr,https://beautyblossom.kr/61,1,h3,평행 초음파
kr,https://beautyblossom.kr/61,2,h3,4중 주파수
kr,https://beautyblossom.kr/61,3,h3,콜라겐 생성
kr,https://beautyblossom.kr/61,4,h3,보습 강화
kr,https://beautyblossom.kr/61,5,h3,V라인 리프팅
kr,https://beautyblossom.kr/61,6,h3,콜라겐 재생
kr,https://beautyblossom.kr/61,7,h3,피부 재생
kr,https://beautyblossom.kr/61,8,h3,무통 관리
kr,https://beautyblossom.kr/61,9,h3,글로벌 스탠다드 퀄리티
kr,https://beautyblossom.kr/61,10,h3,정품・정량 철칙
kr,https://beautyblossom.kr/61,11,h3,맞춤형 디테일 케어
kr,https://beautyblossom.kr/61,12,h6,CONTACT
kr,https://beautyblossom.kr/61,13,h6,LOCATION
kr,https://beautyblossom.kr/61,14,h6,OFFICE HOUR
kr,https://beautyblossom.kr/62,1,h3,선택적 치료
kr,https://beautyblossom.kr/62,2,h3,여드름 개선
kr,https://beautyblossom.kr/62,3,h3,시술 횟수
kr,https://beautyblossom.kr/62,4,h3,유지 기간
kr,https://beautyblossom.kr/62,5,h3,여드름 개선
kr,https://beautyblossom.kr/62,6,h3,피지 조절
kr,https://beautyblossom.kr/62,7,h3,모공 축소
kr,https://beautyblossom.kr/62,8,h3,재발 억제
kr,https://beautyblossom.kr/62,9,h3,글로벌 스탠다드 퀄리티
kr,https://beautyblossom.kr/62,10,h3,정품・정량 철칙
kr,https://beautyblossom.kr/62,11,h3,맞춤형 디테일 케어
kr,https://beautyblossom.kr/62,12,h6,CONTACT
kr,https://beautyblossom.kr/62,13,h6,LOCATION
kr,https://beautyblossom.kr/62,14,h6,OFFICE HOUR
kr,https://beautyblossom.kr/63,1,h3,글로벌 스탠다드 퀄리티
kr,https://beautyblossom.kr/63,2,h3,정품・정량 철칙
kr,https://beautyblossom.kr/63,3,h3,맞춤형 디테일 케어
kr,https://beautyblossom.kr/63,4,h6,CONTACT
kr,https://beautyblossom.kr/63,5,h6,LOCATION
kr,https://beautyblossom.kr/63,6,h6,OFFICE HOUR
kr,https://beautyblossom.kr/64,1,h3,저자극
kr,https://beautyblossom.kr/64,2,h3,영양 공급
kr,https://beautyblossom.kr/64,3,h3,시술 시간
kr,https://beautyblossom.kr/64,4,h3,회복 기간
kr,https://beautyblossom.kr/64,5,h3,천연 필링
kr,https://beautyblossom.kr/64,6,h3,트러블 개선
kr,https://beautyblossom.kr/64,7,h3,영양 공급
kr,https://beautyblossom.kr/64,8,h3,피부 재생
kr,https://beautyblossom.kr/64,9,h3,글로벌 스탠다드 퀄리티
kr,https://beautyblossom.kr/64,10,h3,정품・정량 철칙
kr,https://beautyblossom.kr/64,11,h3,맞춤형 디테일 케어
kr,https://beautyblossom.kr/64,12,h6,CONTACT
kr,https://beautyblossom.kr/64,13,h6,LOCATION
kr,https://beautyblossom.kr/64,14,h6,OFFICE HOUR
kr,https://beautyblossom.kr/65,1,h3,저자극
kr,https://beautyblossom.kr/65,2,h3,솔루션
kr,https://beautyblossom.kr/65,3,h3,시술 시간
kr,https://beautyblossom.kr/65,4,h3,회복 기간
kr,https://beautyblossom.kr/65,5,h3,저자극 필링
kr,https://beautyblossom.kr/65,6,h3,모공 청소
kr,https://beautyblossom.kr/65,7,h3,수분 공급
kr,https://beautyblossom.kr/65,8,h3,피부 진정
kr,https://beautyblossom.kr/65,9,h3,글로벌 스탠다드 퀄리티
kr,https://beautyblossom.kr/65,10,h3,정품・정량 철칙
kr,https://beautyblossom.kr/65,11,h3,맞춤형 디테일 케어
kr,https://beautyblossom.kr/65,12,h6,CONTACT
kr,https://beautyblossom.kr/65,13,h6,LOCATION
kr,https://beautyblossom.kr/65,14,h6,OFFICE HOUR
kr,https://beautyblossom.kr/66,1,h3,시술 시간
kr,https://beautyblossom.kr/66,2,h3,관리 주기
kr,https://beautyblossom.kr/66,3,h3,통증 강도
kr,https://beautyblossom.kr/66,4,h3,회복 기간
kr,https://beautyblossom.kr/66,5,h3,딥 케어
kr,https://beautyblossom.kr/66,6,h3,미백 효과
kr,https://beautyblossom.kr/66,7,h3,탄력 개선
kr,https://beautyblossom.kr/66,8,h3,수분 충전
kr,https://beautyblossom.kr/66,9,h3,글로벌 스탠다드 퀄리티
kr,https://beautyblossom.kr/66,10,h3,정품・정량 철칙
kr,https://beautyblossom.kr/66,11,h3,맞춤형 디테일 케어
kr,https://beautyblossom.kr/66,12,h6,CONTACT
kr,https://beautyblossom.kr/66,13,h6,LOCATION
kr,https://beautyblossom.kr/66,14,h6,OFFICE HOUR
kr,https://beautyblossom.kr/68,1,h3,피부 진정
kr,https://beautyblossom.kr/68,2,h3,수분 공급
kr,https://beautyblossom.kr/68,3,h3,장벽 강화
kr,https://beautyblossom.kr/68,4,h3,관리 주기
kr,https://beautyblossom.kr/68,5,h3,피부진정
kr,https://beautyblossom.kr/68,6,h3,보습강화
kr,https://beautyblossom.kr/68,7,h3,재생효과
kr,https://beautyblossom.kr/68,8,h3,트러블케어
kr,https://beautyblossom.kr/68,9,h3,글로벌 스탠다드 퀄리티
kr,https://beautyblossom.kr/68,10,h3,정품・정량 철칙
kr,https://beautyblossom.kr/68,11,h3,맞춤형 디테일 케어
kr,https://beautyblossom.kr/68,12,h6,CONTACT
kr,https://beautyblossom.kr/68,13,h6,LOCATION
kr,https://beautyblossom.kr/68,14,h6,OFFICE HOUR
kr,https://beautyblossom.kr/69,1,h3,전문 진료
kr,https://beautyblossom.kr/69,2,h3,단계별 관리
kr,https://beautyblossom.kr/69,3,h3,재발 방지
kr,https://beautyblossom.kr/69,4,h3,관리 기간
kr,https://beautyblossom.kr/69,5,h3,염증 개선
kr,https://beautyblossom.kr/69,6,h3,피지 케어
kr,https://beautyblossom.kr/69,7,h3,흉터 예방
kr,https://beautyblossom.kr/69,8,h3,재발 방지
kr,https://beautyblossom.kr/69,9,h3,글로벌 스탠다드 퀄리티
kr,https://beautyblossom.kr/69,10,h3,정품・정량 철칙
kr,https://beautyblossom.kr/69,11,h3,맞춤형 디테일 케어
kr,https://beautyblossom.kr/69,12,h6,CONTACT
kr,https://beautyblossom.kr/69,13,h6,LOCATION
kr,https://beautyblossom.kr/69,14,h6,OFFICE HOUR
kr,https://beautyblossom.kr/71,1,h3,DIAGNOSIS
kr,https://beautyblossom.kr/71,2,h4,진단
kr,https://beautyblossom.kr/71,3,h3,DESIGN
kr,https://beautyblossom.kr/71,4,h4,설계
kr,https://beautyblossom.kr/71,5,h3,TREATMENT
kr,https://beautyblossom.kr/71,6,h4,시술
kr,https://beautyblossom.kr/71,7,h3,CARE
kr,https://beautyblossom.kr/71,8,h4,관리
kr,https://beautyblossom.kr/71,9,h4,
kr,https://beautyblossom.kr/71,10,h4,
kr,https://beautyblossom.kr/71,11,h4,
kr,https://beautyblossom.kr/71,12,h6,CONTACT
kr,https://beautyblossom.kr/71,13,h6,LOCATION
kr,https://beautyblossom.kr/71,14,h6,OFFICE HOUR
kr,https://beautyblossom.kr/72,1,h3,시술 시간
kr,https://beautyblossom.kr/72,2,h3,마취 여부
kr,https://beautyblossom.kr/72,3,h3,회복 기간
kr,https://beautyblossom.kr/72,4,h3,부위 선택
kr,https://beautyblossom.kr/72,5,h6,✓ SFA TIP
kr,https://beautyblossom.kr/72,6,h6,✓ DIAMOND TIP
kr,https://beautyblossom.kr/72,7,h6,✓ DDR TIP
kr,https://beautyblossom.kr/72,8,h3,글로벌 스탠다드 퀄리티
kr,https://beautyblossom.kr/72,9,h3,정품・정량 철칙
kr,https://beautyblossom.kr/72,10,h3,맞춤형 디테일 케어
kr,https://beautyblossom.kr/72,11,h6,CONTACT
kr,https://beautyblossom.kr/72,12,h6,LOCATION
kr,https://beautyblossom.kr/72,13,h6,OFFICE HOUR
kr,https://beautyblossom.kr/73,1,h3,에너지 전달
kr,https://beautyblossom.kr/73,2,h3,시술 시간
kr,https://beautyblossom.kr/73,3,h3,회복 기간
kr,https://beautyblossom.kr/73,4,h3,안전성
kr,https://beautyblossom.kr/73,5,h3,선택적 치료
kr,https://beautyblossom.kr/73,6,h3,빠른 회복
kr,https://beautyblossom.kr/73,7,h3,높은 효과
kr,https://beautyblossom.kr/73,8,h3,High Zone
kr,https://beautyblossom.kr/73,9,h3,Low Zone
kr,https://beautyblossom.kr/73,10,h3,열 손상 최소화
kr,https://beautyblossom.kr/73,11,h3,짧은 다운타임
kr,https://beautyblossom.kr/73,12,h3,피부 개선 효과 지속성
kr,https://beautyblossom.kr/73,13,h3,다양한 피부 문제 해결
kr,https://beautyblossom.kr/73,14,h2,색소침착 개선 솔루션
kr,https://beautyblossom.kr/73,15,h1,피코슈어 토닝
kr,https://beautyblossom.kr/73,16,h2,피부 재생 솔루션
kr,https://beautyblossom.kr/73,17,h1,피코포커스
kr,https://beautyblossom.kr/73,18,h2,정확한 주근깨 잡티 타겟팅
kr,https://beautyblossom.kr/73,19,h1,피코 줌패스
kr,https://beautyblossom.kr/73,20,h3,글로벌 스탠다드 퀄리티
kr,https://beautyblossom.kr/73,21,h3,정품・정량 철칙
kr,https://beautyblossom.kr/73,22,h3,맞춤형 디테일 케어
kr,https://beautyblossom.kr/73,23,h6,CONTACT
kr,https://beautyblossom.kr/73,24,h6,LOCATION
kr,https://beautyblossom.kr/73,25,h6,OFFICE HOUR
kr,https://beautyblossom.kr/74,1,h3,저가
kr,https://beautyblossom.kr/74,2,h3,시술 시간
kr,https://beautyblossom.kr/74,3,h3,통증 관리
kr,https://beautyblossom.kr/74,4,h3,시술 효과
kr,https://beautyblossom.kr/74,5,h3,저자극 시술
kr,https://beautyblossom.kr/74,6,h3,빠른 제거
kr,https://beautyblossom.kr/74,7,h3,부위별 맞춤
kr,https://beautyblossom.kr/74,8,h3,글로벌 스탠다드 퀄리티
kr,https://beautyblossom.kr/74,9,h3,정품・정량 철칙
kr,https://beautyblossom.kr/74,10,h3,맞춤형 디테일 케어
kr,https://beautyblossom.kr/74,11,h6,CONTACT
kr,https://beautyblossom.kr/74,12,h6,LOCATION
kr,https://beautyblossom.kr/74,13,h6,OFFICE HOUR
kr,https://beautyblossom.kr/75,1,h3,시술 시간
kr,https://beautyblossom.kr/75,2,h3,마취 여부
kr,https://beautyblossom.kr/75,3,h3,회복 기간
kr,https://beautyblossom.kr/75,4,h3,시술 효과
kr,https://beautyblossom.kr/75,5,h3,통증이 적음
kr,https://beautyblossom.kr/75,6,h3,빠른 효과
kr,https://beautyblossom.kr/75,7,h3,여드름 재발률 낮춤
kr,https://beautyblossom.kr/75,8,h3,피지 조절
kr,https://beautyblossom.kr/75,9,h3,글로벌 스탠다드 퀄리티
kr,https://beautyblossom.kr/75,10,h3,정품・정량 철칙
kr,https://beautyblossom.kr/75,11,h3,맞춤형 디테일 케어
kr,https://beautyblossom.kr/75,12,h6,CONTACT
kr,https://beautyblossom.kr/75,13,h6,LOCATION
kr,https://beautyblossom.kr/75,14,h6,OFFICE HOUR
kr,https://beautyblossom.kr/76,1,h3,듀얼 파장
kr,https://beautyblossom.kr/76,2,h3,통증 관리
kr,https://beautyblossom.kr/76,3,h3,시술 효과
kr,https://beautyblossom.kr/76,4,h3,회복 기간
kr,https://beautyblossom.kr/76,5,h3,통증이 적음
kr,https://beautyblossom.kr/76,6,h3,빠른 효과
kr,https://beautyblossom.kr/76,7,h3,여드름 색소 개선
kr,https://beautyblossom.kr/76,8,h3,즉시 생활 가능
kr,https://beautyblossom.kr/76,9,h3,글로벌 스탠다드 퀄리티
kr,https://beautyblossom.kr/76,10,h3,정품・정량 철칙
kr,https://beautyblossom.kr/76,11,h3,맞춤형 디테일 케어
kr,https://beautyblossom.kr/76,12,h6,CONTACT
kr,https://beautyblossom.kr/76,13,h6,LOCATION
kr,https://beautyblossom.kr/76,14,h6,OFFICE HOUR
kr,https://beautyblossom.kr/alltite-lifting,1,h1,"LIFT & TIGHTEN처진 얼굴엔,올타이트"
kr,https://beautyblossom.kr/alltite-lifting,2,h2,"처진 얼굴, 즉각 리프팅"
kr,https://beautyblossom.kr/alltite-lifting,3,h2,"마침내 탄생한신기술, DLTD"
kr,https://beautyblossom.kr/alltite-lifting,4,h3,17배 에너지
kr,https://beautyblossom.kr/alltite-lifting,5,h3,집중 유전가열
kr,https://beautyblossom.kr/alltite-lifting,6,h3,쿨링 냉각기술
kr,https://beautyblossom.kr/alltite-lifting,7,h2,"표피는 지키고,깊은 곳만 가열하다"
kr,https://beautyblossom.kr/alltite-lifting,8,h2,진피 하부에 에너지를 집중
kr,https://beautyblossom.kr/alltite-lifting,9,h4,얕은 층에서 에너지 소실
kr,https://beautyblossom.kr/alltite-lifting,10,h4,진피 하부에 에너지 현존
kr,https://beautyblossom.kr/alltite-lifting,11,h2,올타이트 효과
kr,https://beautyblossom.kr/alltite-lifting,12,h3,처진 얼굴 즉각 개선
kr,https://beautyblossom.kr/alltite-lifting,13,h3,통증·다운타임 최소화
kr,https://beautyblossom.kr/alltite-lifting,14,h3,더 강력한 리프팅
kr,https://beautyblossom.kr/alltite-lifting,15,h3,피부 탄력 강화
kr,https://beautyblossom.kr/alltite-lifting,16,h2,정밀하게 설계된 장비
kr,https://beautyblossom.kr/alltite-lifting,17,h2,부위별 맞춤 리프팅
kr,https://beautyblossom.kr/alltite-lifting,18,h2,무엇이 다른가요?
kr,https://beautyblossom.kr/alltite-lifting,19,h2,처진 얼굴엔 올타이트
kr,https://beautyblossom.kr/alltite-lifting,20,h2,#시술부위고민 부위 그대로
kr,https://beautyblossom.kr/alltite-lifting,21,h2,"고민별, 내 마음대로 커스텀"
kr,https://beautyblossom.kr/alltite-lifting,22,h2,#추천대상이런 분께
kr,https://beautyblossom.kr/alltite-lifting,23,h2,시술 정보 한눈에
kr,https://beautyblossom.kr/alltite-lifting,24,h2,자주 묻는 질문
kr,https://beautyblossom.kr/alltite-lifting,25,h6,CONTACT
kr,https://beautyblossom.kr/alltite-lifting,26,h6,LOCATION
kr,https://beautyblossom.kr/alltite-lifting,27,h6,OFFICE HOUR
kr,https://beautyblossom.kr/diet-injection,1,h1,"NUVIJU
      뉴비쥬
      세계 최초 콜산(CA) 성분 · 인체에 가까운 pH로 설계한 턱밑 지방 개선 주사"
kr,https://beautyblossom.kr/diet-injection,2,h2,"지방분해주사,이제 성분을 고를 수 있습니다"
kr,https://beautyblossom.kr/diet-injection,3,h2,이런 분께 권해드려요
kr,https://beautyblossom.kr/diet-injection,4,h3,이중턱이 고민이신 분
kr,https://beautyblossom.kr/diet-injection,5,h3,다이어트로도 안 빠지는 분
kr,https://beautyblossom.kr/diet-injection,6,h3,통증이 걱정되셨던 분
kr,https://beautyblossom.kr/diet-injection,7,h3,빠른 일상 복귀를 원하는 분
kr,https://beautyblossom.kr/diet-injection,8,h2,콜산이 지방세포를녹여서 정리해요
kr,https://beautyblossom.kr/diet-injection,9,h4,턱밑 지방세포
kr,https://beautyblossom.kr/diet-injection,10,h4,지방세포를 녹여요
kr,https://beautyblossom.kr/diet-injection,11,h4,자연스럽게 정리
kr,https://beautyblossom.kr/diet-injection,12,h4,턱선이 또렷하게
kr,https://beautyblossom.kr/diet-injection,13,h2,숫자로 보는 변화
kr,https://beautyblossom.kr/diet-injection,14,h2,"시술 전과 후, 달라진 턱선"
kr,https://beautyblossom.kr/diet-injection,15,h2,"지방은 분해하고, 부담은 덜어내고"
kr,https://beautyblossom.kr/diet-injection,16,h2,"붓기도 멍도, 대부분 일주일 안에"
kr,https://beautyblossom.kr/diet-injection,17,h2,우리 몸에 가까운pH로 편안하게
kr,https://beautyblossom.kr/diet-injection,18,h2,자주 묻는 질문
kr,https://beautyblossom.kr/diet-injection,19,h2,시술 후 관리 안내
kr,https://beautyblossom.kr/diet-injection,20,h4,냉찜질로 진정
kr,https://beautyblossom.kr/diet-injection,21,h4,강한 압박·마사지 자제
kr,https://beautyblossom.kr/diet-injection,22,h4,당일 사우나·음주·격한 운동 자제
kr,https://beautyblossom.kr/diet-injection,23,h4,이상 증상 시 의료진 상담
kr,https://beautyblossom.kr/diet-injection,24,h6,CONTACT
kr,https://beautyblossom.kr/diet-injection,25,h6,LOCATION
kr,https://beautyblossom.kr/diet-injection,26,h6,OFFICE HOUR
kr,https://beautyblossom.kr/event,1,h6,CONTACT
kr,https://beautyblossom.kr/event,2,h6,LOCATION
kr,https://beautyblossom.kr/event,3,h6,OFFICE HOUR
kr,https://beautyblossom.kr/fat-dissolve,1,h1,"지방세포
				파괴
				주사의
				새로운
				기준"
kr,https://beautyblossom.kr/fat-dissolve,2,h2,"쉽게 빠지지 않는 이중턱,고민이라면?"
kr,https://beautyblossom.kr/fat-dissolve,3,h3,유전적 요인
kr,https://beautyblossom.kr/fat-dissolve,4,h3,체중 증가
kr,https://beautyblossom.kr/fat-dissolve,5,h3,의학적·노화 요인
kr,https://beautyblossom.kr/fat-dissolve,6,h2,바이블주(DCA 주사제)란?
kr,https://beautyblossom.kr/fat-dissolve,7,h2,왜 DCA 주사제일까요?
kr,https://beautyblossom.kr/fat-dissolve,8,h3,반영구 지방세포 제거
kr,https://beautyblossom.kr/fat-dissolve,9,h3,콜라겐·탄력 개선
kr,https://beautyblossom.kr/fat-dissolve,10,h3,No 스테로이드 · No 요요
kr,https://beautyblossom.kr/fat-dissolve,11,h3,FDA 승인 검증 성분
kr,https://beautyblossom.kr/fat-dissolve,12,h2,DCA(데옥시콜산)의 지방 분해 원리
kr,https://beautyblossom.kr/fat-dissolve,13,h4,막에 결합
kr,https://beautyblossom.kr/fat-dissolve,14,h4,세포막 파괴
kr,https://beautyblossom.kr/fat-dissolve,15,h4,지방제거 + 콜라겐
kr,https://beautyblossom.kr/fat-dissolve,16,h2,"지방분해 VS 지방세포 파괴,무엇이 다를까요?"
kr,https://beautyblossom.kr/fat-dissolve,17,h3,지방분해주사
kr,https://beautyblossom.kr/fat-dissolve,18,h3,지방세포 파괴 주사 (DCA)
kr,https://beautyblossom.kr/fat-dissolve,19,h2,한눈에 보는 효과 타임라인
kr,https://beautyblossom.kr/fat-dissolve,20,h2,시술 정보 한눈에
kr,https://beautyblossom.kr/fat-dissolve,21,h2,시술 전후 비교
kr,https://beautyblossom.kr/fat-dissolve,22,h2,이런 분께 추천합니다
kr,https://beautyblossom.kr/fat-dissolve,23,h3,턱밑에만 지방이 많은 분
kr,https://beautyblossom.kr/fat-dissolve,24,h3,턱·목선 경계가 흐린 분
kr,https://beautyblossom.kr/fat-dissolve,25,h3,인상이 둔해 보이는 분
kr,https://beautyblossom.kr/fat-dissolve,26,h3,수술이 두려운 분
kr,https://beautyblossom.kr/fat-dissolve,27,h3,검증 성분을 찾는 분
kr,https://beautyblossom.kr/fat-dissolve,28,h3,짧은 다운타임을 원하는 분
kr,https://beautyblossom.kr/fat-dissolve,29,h2,시술 후 주의사항
kr,https://beautyblossom.kr/fat-dissolve,30,h2,자주 묻는 질문
kr,https://beautyblossom.kr/fat-dissolve,31,h6,CONTACT
kr,https://beautyblossom.kr/fat-dissolve,32,h6,LOCATION
kr,https://beautyblossom.kr/fat-dissolve,33,h6,OFFICE HOUR
kr,https://beautyblossom.kr/hilo-wave,1,h1,"WAVE into your skin피부 환경을 바꾸는 새로운 기준, 힐로웨이브"
kr,https://beautyblossom.kr/hilo-wave,2,h2,"피부가 좋아지는 콜라겐 주사,힐로웨이브"
kr,https://beautyblossom.kr/hilo-wave,3,h2,자극이 아닌 ‘조절’로피부 환경을 바꾸다
kr,https://beautyblossom.kr/hilo-wave,4,h2,힐로웨이브 효과
kr,https://beautyblossom.kr/hilo-wave,5,h4,Bio-Stimulation
kr,https://beautyblossom.kr/hilo-wave,6,h4,항산화 · 항염
kr,https://beautyblossom.kr/hilo-wave,7,h4,탄력 · 톤
kr,https://beautyblossom.kr/hilo-wave,8,h4,항섬유화
kr,https://beautyblossom.kr/hilo-wave,9,h2,"통증도, 다운타임도 최소화"
kr,https://beautyblossom.kr/hilo-wave,10,h3,부작용 최소화
kr,https://beautyblossom.kr/hilo-wave,11,h3,통증 최소화
kr,https://beautyblossom.kr/hilo-wave,12,h3,다운타임 최소화
kr,https://beautyblossom.kr/hilo-wave,13,h2,시술 정보 한눈에
kr,https://beautyblossom.kr/hilo-wave,14,h2,힐로웨이브 핵심 포인트
kr,https://beautyblossom.kr/hilo-wave,15,h3,"More HA, Less Crosslinking"
kr,https://beautyblossom.kr/hilo-wave,16,h3,Diffusion + Retention
kr,https://beautyblossom.kr/hilo-wave,17,h3,Skin Quality + Volume
kr,https://beautyblossom.kr/hilo-wave,18,h3,EBD 컴바인 가능
kr,https://beautyblossom.kr/hilo-wave,19,h2,과학적 근거로 검증된 피부 재생
kr,https://beautyblossom.kr/hilo-wave,20,h2,이런 분께추천합니다
kr,https://beautyblossom.kr/hilo-wave,21,h2,시술 후 주의사항
kr,https://beautyblossom.kr/hilo-wave,22,h2,자주 묻는 질문
kr,https://beautyblossom.kr/hilo-wave,23,h6,CONTACT
kr,https://beautyblossom.kr/hilo-wave,24,h6,LOCATION
kr,https://beautyblossom.kr/hilo-wave,25,h6,OFFICE HOUR
kr,https://beautyblossom.kr/home,1,h6,"당신의 하루를 빛나게, 뷰티블라썸"
kr,https://beautyblossom.kr/home,2,h6,"당신의 하루를 빛나게, 뷰티블라썸"
kr,https://beautyblossom.kr/home,3,h6,"당신의 하루를 빛나게, 뷰티블라썸"
kr,https://beautyblossom.kr/home,4,h6,"당신의 하루를 빛나게, 뷰티블라썸"
kr,https://beautyblossom.kr/home,5,h6,"당신의 하루를 빛나게, 뷰티블라썸"
kr,https://beautyblossom.kr/home,6,h6,"당신의 하루를 빛나게, 뷰티블라썸"
kr,https://beautyblossom.kr/home,7,h6,"당신의 하루를 빛나게, 뷰티블라썸"
kr,https://beautyblossom.kr/home,8,h6,"당신의 하루를 빛나게, 뷰티블라썸"
kr,https://beautyblossom.kr/home,9,h6,"당신의 하루를 빛나게, 뷰티블라썸"
kr,https://beautyblossom.kr/home,10,h6,"당신의 하루를 빛나게, 뷰티블라썸"
kr,https://beautyblossom.kr/home,11,h6,뷰티블라썸 이벤트
kr,https://beautyblossom.kr/home,12,h4,
kr,https://beautyblossom.kr/home,13,h4,
kr,https://beautyblossom.kr/home,14,h4,
kr,https://beautyblossom.kr/home,15,h4,
kr,https://beautyblossom.kr/home,16,h4,
kr,https://beautyblossom.kr/home,17,h4,
kr,https://beautyblossom.kr/home,18,h4,
kr,https://beautyblossom.kr/home,19,h4,
kr,https://beautyblossom.kr/home,20,h4,
kr,https://beautyblossom.kr/home,21,h4,
kr,https://beautyblossom.kr/home,22,h4,
kr,https://beautyblossom.kr/home,23,h4,
kr,https://beautyblossom.kr/home,24,h4,
kr,https://beautyblossom.kr/home,25,h4,
kr,https://beautyblossom.kr/home,26,h4,
kr,https://beautyblossom.kr/home,27,h4,
kr,https://beautyblossom.kr/home,28,h4,
kr,https://beautyblossom.kr/home,29,h4,
kr,https://beautyblossom.kr/home,30,h4,
kr,https://beautyblossom.kr/home,31,h4,
kr,https://beautyblossom.kr/home,32,h4,
kr,https://beautyblossom.kr/home,33,h4,
kr,https://beautyblossom.kr/home,34,h4,
kr,https://beautyblossom.kr/home,35,h4,
kr,https://beautyblossom.kr/home,36,h4,
kr,https://beautyblossom.kr/home,37,h4,
kr,https://beautyblossom.kr/home,38,h4,
kr,https://beautyblossom.kr/home,39,h4,
kr,https://beautyblossom.kr/home,40,h4,
kr,https://beautyblossom.kr/home,41,h4,
kr,https://beautyblossom.kr/home,42,h4,
kr,https://beautyblossom.kr/home,43,h4,
kr,https://beautyblossom.kr/home,44,h4,
kr,https://beautyblossom.kr/home,45,h4,
kr,https://beautyblossom.kr/home,46,h4,
kr,https://beautyblossom.kr/home,47,h6,뷰티블라썸 유튜브
kr,https://beautyblossom.kr/home,48,h4,
kr,https://beautyblossom.kr/home,49,h4,
kr,https://beautyblossom.kr/home,50,h4,
kr,https://beautyblossom.kr/home,51,h4,
kr,https://beautyblossom.kr/home,52,h4,
kr,https://beautyblossom.kr/home,53,h4,
kr,https://beautyblossom.kr/home,54,h4,
kr,https://beautyblossom.kr/home,55,h4,
kr,https://beautyblossom.kr/home,56,h4,
kr,https://beautyblossom.kr/home,57,h4,
kr,https://beautyblossom.kr/home,58,h4,
kr,https://beautyblossom.kr/home,59,h4,
kr,https://beautyblossom.kr/home,60,h4,
kr,https://beautyblossom.kr/home,61,h4,
kr,https://beautyblossom.kr/home,62,h4,
kr,https://beautyblossom.kr/home,63,h4,
kr,https://beautyblossom.kr/home,64,h4,
kr,https://beautyblossom.kr/home,65,h4,
kr,https://beautyblossom.kr/home,66,h4,
kr,https://beautyblossom.kr/home,67,h4,
kr,https://beautyblossom.kr/home,68,h4,
kr,https://beautyblossom.kr/home,69,h4,
kr,https://beautyblossom.kr/home,70,h4,
kr,https://beautyblossom.kr/home,71,h4,
kr,https://beautyblossom.kr/home,72,h4,
kr,https://beautyblossom.kr/home,73,h4,
kr,https://beautyblossom.kr/home,74,h4,
kr,https://beautyblossom.kr/home,75,h4,
kr,https://beautyblossom.kr/home,76,h4,
kr,https://beautyblossom.kr/home,77,h4,
kr,https://beautyblossom.kr/home,78,h4,
kr,https://beautyblossom.kr/home,79,h4,
kr,https://beautyblossom.kr/home,80,h4,
kr,https://beautyblossom.kr/home,81,h4,
kr,https://beautyblossom.kr/home,82,h4,
kr,https://beautyblossom.kr/home,83,h4,
kr,https://beautyblossom.kr/home,84,h4,
kr,https://beautyblossom.kr/home,85,h4,
kr,https://beautyblossom.kr/home,86,h4,
kr,https://beautyblossom.kr/home,87,h4,
kr,https://beautyblossom.kr/home,88,h4,
kr,https://beautyblossom.kr/home,89,h4,
kr,https://beautyblossom.kr/home,90,h6,뷰티블라썸 미디어 & 스타
kr,https://beautyblossom.kr/home,91,h4,
kr,https://beautyblossom.kr/home,92,h4,
kr,https://beautyblossom.kr/home,93,h4,
kr,https://beautyblossom.kr/home,94,h4,
kr,https://beautyblossom.kr/home,95,h4,
kr,https://beautyblossom.kr/home,96,h4,
kr,https://beautyblossom.kr/home,97,h4,
kr,https://beautyblossom.kr/home,98,h4,
kr,https://beautyblossom.kr/home,99,h4,
kr,https://beautyblossom.kr/home,100,h4,
kr,https://beautyblossom.kr/home,101,h4,
kr,https://beautyblossom.kr/home,102,h6,피부를 아는 섬세한 손길로당신의 아름다움을 설계합니다.
kr,https://beautyblossom.kr/home,103,h6,글로벌 기준의 피부과 솔루션으로당신만의 아름다움을 완성합니다.
kr,https://beautyblossom.kr/home,104,h6,피부를 아는 섬세한 손길로당신의 아름다움을 설계합니다.
kr,https://beautyblossom.kr/home,105,h6,글로벌 기준의 피부과 솔루션으로당신만의 아름다움을 완성합니다.
kr,https://beautyblossom.kr/home,106,h6,뷰티블라썸 시그니처
kr,https://beautyblossom.kr/home,107,h2,뷰마카세 리프팅
kr,https://beautyblossom.kr/home,108,h2,뷰마카세 색소
kr,https://beautyblossom.kr/home,109,h2,뷰마카세 바디
kr,https://beautyblossom.kr/home,110,h2,스킨케어
kr,https://beautyblossom.kr/home,111,h2,쁘띠
kr,https://beautyblossom.kr/home,112,h4,
kr,https://beautyblossom.kr/home,113,h4,
kr,https://beautyblossom.kr/home,114,h4,
kr,https://beautyblossom.kr/home,115,h4,
kr,https://beautyblossom.kr/home,116,h4,
kr,https://beautyblossom.kr/home,117,h6,뷰티블라썸 스페이스
kr,https://beautyblossom.kr/home,118,h4,
kr,https://beautyblossom.kr/home,119,h4,
kr,https://beautyblossom.kr/home,120,h4,
kr,https://beautyblossom.kr/home,121,h4,
kr,https://beautyblossom.kr/home,122,h4,
kr,https://beautyblossom.kr/home,123,h4,
kr,https://beautyblossom.kr/home,124,h4,
kr,https://beautyblossom.kr/home,125,h4,
kr,https://beautyblossom.kr/home,126,h4,
kr,https://beautyblossom.kr/home,127,h4,
kr,https://beautyblossom.kr/home,128,h4,
kr,https://beautyblossom.kr/home,129,h4,
kr,https://beautyblossom.kr/home,130,h4,
kr,https://beautyblossom.kr/home,131,h4,
kr,https://beautyblossom.kr/home,132,h4,
kr,https://beautyblossom.kr/home,133,h4,
kr,https://beautyblossom.kr/home,134,h4,
kr,https://beautyblossom.kr/home,135,h4,
kr,https://beautyblossom.kr/home,136,h4,
kr,https://beautyblossom.kr/home,137,h4,
kr,https://beautyblossom.kr/home,138,h4,
kr,https://beautyblossom.kr/home,139,h4,
kr,https://beautyblossom.kr/home,140,h4,
kr,https://beautyblossom.kr/home,141,h4,
kr,https://beautyblossom.kr/home,142,h4,
kr,https://beautyblossom.kr/home,143,h4,
kr,https://beautyblossom.kr/home,144,h4,
kr,https://beautyblossom.kr/home,145,h4,
kr,https://beautyblossom.kr/home,146,h4,
kr,https://beautyblossom.kr/home,147,h4,
kr,https://beautyblossom.kr/home,148,h4,
kr,https://beautyblossom.kr/home,149,h4,
kr,https://beautyblossom.kr/home,150,h4,
kr,https://beautyblossom.kr/home,151,h4,
kr,https://beautyblossom.kr/home,152,h4,
kr,https://beautyblossom.kr/home,153,h4,
kr,https://beautyblossom.kr/home,154,h4,
kr,https://beautyblossom.kr/home,155,h4,
kr,https://beautyblossom.kr/home,156,h4,
kr,https://beautyblossom.kr/home,157,h4,
kr,https://beautyblossom.kr/home,158,h4,
kr,https://beautyblossom.kr/home,159,h4,
kr,https://beautyblossom.kr/home,160,h6,뷰티블라썸 하이라이트
kr,https://beautyblossom.kr/home,161,h6,CONTACT
kr,https://beautyblossom.kr/home,162,h6,LOCATION
kr,https://beautyblossom.kr/home,163,h6,OFFICE HOUR
kr,https://beautyblossom.kr/re2o,1,h1,Skin toSkin.Re2O
kr,https://beautyblossom.kr/re2o,2,h2,잃어버린 진피의재료를 돌려놓다
kr,https://beautyblossom.kr/re2o,3,h4,콜라겐 (Collagen)
kr,https://beautyblossom.kr/re2o,4,h4,엘라스틴 (Elastin)
kr,https://beautyblossom.kr/re2o,5,h4,히알루론산 포함 GAG
kr,https://beautyblossom.kr/re2o,6,h4,기타 ECM 성분
kr,https://beautyblossom.kr/re2o,7,h2,ECM이피부 속으로스며들다
kr,https://beautyblossom.kr/re2o,8,h2,유도에서직접 보충으로
kr,https://beautyblossom.kr/re2o,9,h2,"하나의 시술,10가지 변화"
kr,https://beautyblossom.kr/re2o,10,h2,"하나의 원료,두 가지 밀도"
kr,https://beautyblossom.kr/re2o,11,h2,내 피부에진짜 피부를채우다
kr,https://beautyblossom.kr/re2o,12,h6,CONTACT
kr,https://beautyblossom.kr/re2o,13,h6,LOCATION
kr,https://beautyblossom.kr/re2o,14,h6,OFFICE HOUR
kr,https://beautyblossom.kr/skinvive,1,h1,피부에 직접 주입하는 히알루론산
kr,https://beautyblossom.kr/skinvive,2,h2,나이가 들수록줄어드는 히알루론산
kr,https://beautyblossom.kr/skinvive,3,h2,스킨바이브란?
kr,https://beautyblossom.kr/skinvive,4,h2,스킨바이브를 선택하는 이유
kr,https://beautyblossom.kr/skinvive,5,h3,6개월 지속
kr,https://beautyblossom.kr/skinvive,6,h3,FDA 승인 HA 제제
kr,https://beautyblossom.kr/skinvive,7,h3,적은 통증
kr,https://beautyblossom.kr/skinvive,8,h3,다운타임 최소
kr,https://beautyblossom.kr/skinvive,9,h2,스킨바이브 효과
kr,https://beautyblossom.kr/skinvive,10,h2,임상으로 확인된 결과
kr,https://beautyblossom.kr/skinvive,11,h4,ASRS 반응률
kr,https://beautyblossom.kr/skinvive,12,h4,AFLS 반응률
kr,https://beautyblossom.kr/skinvive,13,h4,효과 지속
kr,https://beautyblossom.kr/skinvive,14,h2,시술 정보 한눈에
kr,https://beautyblossom.kr/skinvive,15,h2,시술 전후 비교
kr,https://beautyblossom.kr/skinvive,16,h2,이런 분께추천합니다
kr,https://beautyblossom.kr/skinvive,17,h2,시술 후 주의사항
kr,https://beautyblossom.kr/skinvive,18,h2,자주 묻는 질문
kr,https://beautyblossom.kr/skinvive,19,h6,CONTACT
kr,https://beautyblossom.kr/skinvive,20,h6,LOCATION
kr,https://beautyblossom.kr/skinvive,21,h6,OFFICE HOUR
kr,https://beautyblossom.kr/thread-lifting,1,h1,근본부터 다시 채우는 슬로우 에이징 솔루션
kr,https://beautyblossom.kr/thread-lifting,2,h2,한 종류 실로만 진행하는 시술충분하셨나요?
kr,https://beautyblossom.kr/thread-lifting,3,h2,피부 결을 다시 깨우는 듀얼 라인업의 시작 -뷰티블라썸 실리프팅
kr,https://beautyblossom.kr/thread-lifting,4,h2,피부층까지 고려한 정밀한 설계뷰티블라썸 실리프팅의 원리
kr,https://beautyblossom.kr/thread-lifting,5,h3,안면조직고정용실 식약처 허가 4등급 의료기기 가이드라인에 따른 시술 진행
kr,https://beautyblossom.kr/thread-lifting,6,h2,부위 · 목적별 맞춤 설계뷰티블라썸 실리프팅 라인업
kr,https://beautyblossom.kr/thread-lifting,7,h3,민트 · 에피티콘 듀얼 라인업 보유로 개선 부위와 피부 상태에 맞춘 맞춤 콤비 설계로 섬세한 실리프팅을 제안합니다.
kr,https://beautyblossom.kr/thread-lifting,8,h2,실리프팅 부위별 라인업뷰티블라썸시술부위 안내
kr,https://beautyblossom.kr/thread-lifting,9,h2,왜 뷰티블라썸의 실리프팅인가듀얼 라인업 차별점
kr,https://beautyblossom.kr/thread-lifting,10,h2,실리프팅 시너지 효과함께 고려하면 좋은 시술
kr,https://beautyblossom.kr/thread-lifting,11,h2,실리프팅 Q&A
kr,https://beautyblossom.kr/thread-lifting,12,h3,민트리프트와 에피티콘은 어떤 차이가 있나요?
kr,https://beautyblossom.kr/thread-lifting,13,h3,실리프팅 효과는 얼마나 지속되나요?
kr,https://beautyblossom.kr/thread-lifting,14,h3,저에게는 어떤 실 라인업이 적합한가요?
kr,https://beautyblossom.kr/thread-lifting,15,h3,실리프팅 통증과 마취는 어떻게 진행되나요?
kr,https://beautyblossom.kr/thread-lifting,16,h3,실리프팅 후 어떤 부작용이 나타날 수 있나요?
kr,https://beautyblossom.kr/thread-lifting,17,h3,딤플(보조개 현상)은 왜 생기나요?
kr,https://beautyblossom.kr/thread-lifting,18,h3,시술 후 일상 복귀와 회복 기간은요?
kr,https://beautyblossom.kr/thread-lifting,19,h3,"녹는 실 vs 녹지 않는 실, 어떤 게 좋나요?"
kr,https://beautyblossom.kr/thread-lifting,20,h3,시술 비용은 어떻게 되나요?
kr,https://beautyblossom.kr/thread-lifting,21,h6,CONTACT
kr,https://beautyblossom.kr/thread-lifting,22,h6,LOCATION
kr,https://beautyblossom.kr/thread-lifting,23,h6,OFFICE HOUR
kr,https://beautyblossom.kr/titanium-fortra-quattro,1,h1,FORTRAQUATTRO
kr,https://beautyblossom.kr/titanium-fortra-quattro,2,h2,기존 3파장에940nm를 더한 4파장
kr,https://beautyblossom.kr/titanium-fortra-quattro,3,h2,파장이 깊이를 결정합니다
kr,https://beautyblossom.kr/titanium-fortra-quattro,4,h2,"더 깊게, 더 편안하게"
kr,https://beautyblossom.kr/titanium-fortra-quattro,5,h4,넓게 타겟팅하는 940nm
kr,https://beautyblossom.kr/titanium-fortra-quattro,6,h4,강력한 컨택 쿨링
kr,https://beautyblossom.kr/titanium-fortra-quattro,7,h4,넓은 조사 면적
kr,https://beautyblossom.kr/titanium-fortra-quattro,8,h2,"두 가지 모드,목적에 맞춘 에너지 전달"
kr,https://beautyblossom.kr/titanium-fortra-quattro,9,h3,Intensive
kr,https://beautyblossom.kr/titanium-fortra-quattro,10,h3,Dynamic
kr,https://beautyblossom.kr/titanium-fortra-quattro,11,h2,"리프팅·타이트닝·톤업에,한 가지를 더하다"
kr,https://beautyblossom.kr/titanium-fortra-quattro,12,h4,처진 피부 리프팅
kr,https://beautyblossom.kr/titanium-fortra-quattro,13,h4,타이트닝 · 주름
kr,https://beautyblossom.kr/titanium-fortra-quattro,14,h4,맑은 톤 · 모공
kr,https://beautyblossom.kr/titanium-fortra-quattro,15,h4,V라인 정돈
kr,https://beautyblossom.kr/titanium-fortra-quattro,16,h2,이런 분께 권해드립니다
kr,https://beautyblossom.kr/titanium-fortra-quattro,17,h2,뷰티블라썸만의 리프팅 설계
kr,https://beautyblossom.kr/titanium-fortra-quattro,18,h4,1:1 맞춤 파라미터 설계
kr,https://beautyblossom.kr/titanium-fortra-quattro,19,h4,복합 시술 조합 운용
kr,https://beautyblossom.kr/titanium-fortra-quattro,20,h4,시술 후 사후 케어
kr,https://beautyblossom.kr/titanium-fortra-quattro,21,h2,시술 후 주의사항
kr,https://beautyblossom.kr/titanium-fortra-quattro,22,h2,자주 묻는 질문
kr,https://beautyblossom.kr/titanium-fortra-quattro,23,h6,CONTACT
kr,https://beautyblossom.kr/titanium-fortra-quattro,24,h6,LOCATION
kr,https://beautyblossom.kr/titanium-fortra-quattro,25,h6,OFFICE HOUR
kr,https://beautyblossom.kr/treatment-search,1,h6,CONTACT
kr,https://beautyblossom.kr/treatment-search,2,h6,LOCATION
kr,https://beautyblossom.kr/treatment-search,3,h6,OFFICE HOUR
kr,https://beautyblossom.kr/yujiin-lifting,1,h1,"무너진 페이스 라인을다시 세우다,"
kr,https://beautyblossom.kr/yujiin-lifting,2,h2,유지인대 리프팅
kr,https://beautyblossom.kr/yujiin-lifting,3,h2,왜 유지인대 리프팅인가
kr,https://beautyblossom.kr/yujiin-lifting,4,h2,"왜 어떤 곳은
				움푹 패이고,
				어떤 곳은 솟는가"
kr,https://beautyblossom.kr/yujiin-lifting,5,h2,이렇게 작동합니다
kr,https://beautyblossom.kr/yujiin-lifting,6,h2,얼굴을 지탱하는 외곽 유지인대
kr,https://beautyblossom.kr/yujiin-lifting,7,h2,이런 변화를 만듭니다
kr,https://beautyblossom.kr/yujiin-lifting,8,h2,자주 묻는 질문
kr,https://beautyblossom.kr/yujiin-lifting,9,h2,"당신의 얼굴 구조,
			뷰티블라썸이 다시 설계합니다"
kr,https://beautyblossom.kr/yujiin-lifting,10,h6,CONTACT
kr,https://beautyblossom.kr/yujiin-lifting,11,h6,LOCATION
kr,https://beautyblossom.kr/yujiin-lifting,12,h6,OFFICE HOUR
en,https://en.beautyblossom.kr/,1,h6,"Brightening Your Day,"
en,https://en.beautyblossom.kr/,2,h6,"Brightening Your Day,"
en,https://en.beautyblossom.kr/,3,h6,"Brightening Your Day,"
en,https://en.beautyblossom.kr/,4,h6,"Brightening Your Day,"
en,https://en.beautyblossom.kr/,5,h6,"Brightening Your Day,"
en,https://en.beautyblossom.kr/,6,h6,"Brightening Your Day,"
en,https://en.beautyblossom.kr/,7,h6,"Brightening Your Day,"
en,https://en.beautyblossom.kr/,8,h6,"Brightening Your Day,"
en,https://en.beautyblossom.kr/,9,h6,"Brightening Your Day,"
en,https://en.beautyblossom.kr/,10,h6,"Brightening Your Day,"
en,https://en.beautyblossom.kr/,11,h6,Beauty Blossom EVENTS
en,https://en.beautyblossom.kr/,12,h4,
en,https://en.beautyblossom.kr/,13,h4,
en,https://en.beautyblossom.kr/,14,h4,
en,https://en.beautyblossom.kr/,15,h4,
en,https://en.beautyblossom.kr/,16,h4,
en,https://en.beautyblossom.kr/,17,h4,
en,https://en.beautyblossom.kr/,18,h4,
en,https://en.beautyblossom.kr/,19,h4,
en,https://en.beautyblossom.kr/,20,h4,
en,https://en.beautyblossom.kr/,21,h4,
en,https://en.beautyblossom.kr/,22,h4,
en,https://en.beautyblossom.kr/,23,h4,
en,https://en.beautyblossom.kr/,24,h4,
en,https://en.beautyblossom.kr/,25,h4,
en,https://en.beautyblossom.kr/,26,h4,
en,https://en.beautyblossom.kr/,27,h4,
en,https://en.beautyblossom.kr/,28,h4,
en,https://en.beautyblossom.kr/,29,h4,
en,https://en.beautyblossom.kr/,30,h4,
en,https://en.beautyblossom.kr/,31,h4,
en,https://en.beautyblossom.kr/,32,h4,
en,https://en.beautyblossom.kr/,33,h4,
en,https://en.beautyblossom.kr/,34,h4,
en,https://en.beautyblossom.kr/,35,h4,
en,https://en.beautyblossom.kr/,36,h4,
en,https://en.beautyblossom.kr/,37,h4,
en,https://en.beautyblossom.kr/,38,h4,
en,https://en.beautyblossom.kr/,39,h4,
en,https://en.beautyblossom.kr/,40,h4,
en,https://en.beautyblossom.kr/,41,h4,
en,https://en.beautyblossom.kr/,42,h4,
en,https://en.beautyblossom.kr/,43,h4,
en,https://en.beautyblossom.kr/,44,h4,
en,https://en.beautyblossom.kr/,45,h4,
en,https://en.beautyblossom.kr/,46,h4,
en,https://en.beautyblossom.kr/,47,h4,
en,https://en.beautyblossom.kr/,48,h6,Beauty Blossom Youtube
en,https://en.beautyblossom.kr/,49,h4,
en,https://en.beautyblossom.kr/,50,h4,
en,https://en.beautyblossom.kr/,51,h4,
en,https://en.beautyblossom.kr/,52,h4,
en,https://en.beautyblossom.kr/,53,h4,
en,https://en.beautyblossom.kr/,54,h4,
en,https://en.beautyblossom.kr/,55,h4,
en,https://en.beautyblossom.kr/,56,h4,
en,https://en.beautyblossom.kr/,57,h4,
en,https://en.beautyblossom.kr/,58,h4,
en,https://en.beautyblossom.kr/,59,h4,
en,https://en.beautyblossom.kr/,60,h4,
en,https://en.beautyblossom.kr/,61,h4,
en,https://en.beautyblossom.kr/,62,h4,
en,https://en.beautyblossom.kr/,63,h4,
en,https://en.beautyblossom.kr/,64,h4,
en,https://en.beautyblossom.kr/,65,h4,
en,https://en.beautyblossom.kr/,66,h4,
en,https://en.beautyblossom.kr/,67,h4,
en,https://en.beautyblossom.kr/,68,h4,
en,https://en.beautyblossom.kr/,69,h4,
en,https://en.beautyblossom.kr/,70,h4,
en,https://en.beautyblossom.kr/,71,h4,
en,https://en.beautyblossom.kr/,72,h4,
en,https://en.beautyblossom.kr/,73,h4,
en,https://en.beautyblossom.kr/,74,h4,
en,https://en.beautyblossom.kr/,75,h4,
en,https://en.beautyblossom.kr/,76,h4,
en,https://en.beautyblossom.kr/,77,h4,
en,https://en.beautyblossom.kr/,78,h4,
en,https://en.beautyblossom.kr/,79,h6,Beauty Blossom Media & Stars
en,https://en.beautyblossom.kr/,80,h4,
en,https://en.beautyblossom.kr/,81,h4,
en,https://en.beautyblossom.kr/,82,h4,
en,https://en.beautyblossom.kr/,83,h4,
en,https://en.beautyblossom.kr/,84,h4,
en,https://en.beautyblossom.kr/,85,h4,
en,https://en.beautyblossom.kr/,86,h4,
en,https://en.beautyblossom.kr/,87,h4,
en,https://en.beautyblossom.kr/,88,h4,
en,https://en.beautyblossom.kr/,89,h4,
en,https://en.beautyblossom.kr/,90,h4,
en,https://en.beautyblossom.kr/,91,h4,
en,https://en.beautyblossom.kr/,92,h4,
en,https://en.beautyblossom.kr/,93,h6,"We design your own beauty,with a delicate touch that understands your skin."
en,https://en.beautyblossom.kr/,94,h6,Complete your unique beautywith global standard dermatology solutions.
en,https://en.beautyblossom.kr/,95,h6,"We design your own beauty,with a delicate touch that understands your skin."
en,https://en.beautyblossom.kr/,96,h6,Complete your unique beautywith global standard dermatology solutions.
en,https://en.beautyblossom.kr/,97,h6,Beauty Blossom Signature
en,https://en.beautyblossom.kr/,98,h2,Vumakase Lifting
en,https://en.beautyblossom.kr/,99,h2,Vumakase Pigment
en,https://en.beautyblossom.kr/,100,h2,Vumakase Body
en,https://en.beautyblossom.kr/,101,h2,Skin Care
en,https://en.beautyblossom.kr/,102,h2,Petit
en,https://en.beautyblossom.kr/,103,h4,
en,https://en.beautyblossom.kr/,104,h4,
en,https://en.beautyblossom.kr/,105,h4,
en,https://en.beautyblossom.kr/,106,h4,
en,https://en.beautyblossom.kr/,107,h4,
en,https://en.beautyblossom.kr/,108,h6,Beauty Blossom Space
en,https://en.beautyblossom.kr/,109,h4,
en,https://en.beautyblossom.kr/,110,h4,
en,https://en.beautyblossom.kr/,111,h4,
en,https://en.beautyblossom.kr/,112,h4,
en,https://en.beautyblossom.kr/,113,h4,
en,https://en.beautyblossom.kr/,114,h4,
en,https://en.beautyblossom.kr/,115,h4,
en,https://en.beautyblossom.kr/,116,h4,
en,https://en.beautyblossom.kr/,117,h4,
en,https://en.beautyblossom.kr/,118,h4,
en,https://en.beautyblossom.kr/,119,h4,
en,https://en.beautyblossom.kr/,120,h4,
en,https://en.beautyblossom.kr/,121,h4,
en,https://en.beautyblossom.kr/,122,h4,
en,https://en.beautyblossom.kr/,123,h4,
en,https://en.beautyblossom.kr/,124,h4,
en,https://en.beautyblossom.kr/,125,h4,
en,https://en.beautyblossom.kr/,126,h4,
en,https://en.beautyblossom.kr/,127,h4,
en,https://en.beautyblossom.kr/,128,h4,
en,https://en.beautyblossom.kr/,129,h4,
en,https://en.beautyblossom.kr/,130,h4,
en,https://en.beautyblossom.kr/,131,h4,
en,https://en.beautyblossom.kr/,132,h4,
en,https://en.beautyblossom.kr/,133,h4,
en,https://en.beautyblossom.kr/,134,h4,
en,https://en.beautyblossom.kr/,135,h4,
en,https://en.beautyblossom.kr/,136,h4,
en,https://en.beautyblossom.kr/,137,h4,
en,https://en.beautyblossom.kr/,138,h4,
en,https://en.beautyblossom.kr/,139,h4,
en,https://en.beautyblossom.kr/,140,h4,
en,https://en.beautyblossom.kr/,141,h4,
en,https://en.beautyblossom.kr/,142,h4,
en,https://en.beautyblossom.kr/,143,h4,
en,https://en.beautyblossom.kr/,144,h4,
en,https://en.beautyblossom.kr/,145,h4,
en,https://en.beautyblossom.kr/,146,h4,
en,https://en.beautyblossom.kr/,147,h4,
en,https://en.beautyblossom.kr/,148,h4,
en,https://en.beautyblossom.kr/,149,h4,
en,https://en.beautyblossom.kr/,150,h4,
en,https://en.beautyblossom.kr/,151,h6,Beauty Blossom HIGHLIGHT
en,https://en.beautyblossom.kr/,152,h6,CONTACT
en,https://en.beautyblossom.kr/,153,h6,LOCATION
en,https://en.beautyblossom.kr/,154,h6,OFFICE HOUR
en,https://en.beautyblossom.kr/100,1,h4,
en,https://en.beautyblossom.kr/100,2,h4,
en,https://en.beautyblossom.kr/100,3,h4,
en,https://en.beautyblossom.kr/100,4,h4,
en,https://en.beautyblossom.kr/100,5,h4,
en,https://en.beautyblossom.kr/100,6,h4,
en,https://en.beautyblossom.kr/100,7,h4,
en,https://en.beautyblossom.kr/100,8,h3,Comprehensive Skin Analysis
en,https://en.beautyblossom.kr/100,9,h3,Advanced Measurement Technologies
en,https://en.beautyblossom.kr/100,10,h3,3D Modeling and Prediction
en,https://en.beautyblossom.kr/100,11,h3,AI Data Analysis
en,https://en.beautyblossom.kr/100,12,h4,Tracking facial volume and contour changes with structured light
en,https://en.beautyblossom.kr/100,13,h4,Precise 3D modeling with millions of training data
en,https://en.beautyblossom.kr/100,14,h4,Algorithm that automatically recognizes and tracks skin changes
en,https://en.beautyblossom.kr/100,15,h4,Multi-capture within seconds by five cameras
en,https://en.beautyblossom.kr/100,16,h3,Global Standard Quality
en,https://en.beautyblossom.kr/100,17,h3,Authentic Products & Precise Dosage
en,https://en.beautyblossom.kr/100,18,h3,Customized Detail Care
en,https://en.beautyblossom.kr/100,19,h6,CONTACT
en,https://en.beautyblossom.kr/100,20,h6,LOCATION
en,https://en.beautyblossom.kr/100,21,h6,OFFICE HOUR
en,https://en.beautyblossom.kr/107,1,h3,Treatment Time
en,https://en.beautyblossom.kr/107,2,h3,Anesthesia
en,https://en.beautyblossom.kr/107,3,h3,Downtime
en,https://en.beautyblossom.kr/107,4,h3,Duration
en,https://en.beautyblossom.kr/107,5,h3,Global Standard Quality
en,https://en.beautyblossom.kr/107,6,h3,Authentic Products & Precise Dosage
en,https://en.beautyblossom.kr/107,7,h3,Customized Detail Care
en,https://en.beautyblossom.kr/107,8,h2,Frequently Asked Questions
en,https://en.beautyblossom.kr/107,9,h6,CONTACT
en,https://en.beautyblossom.kr/107,10,h6,LOCATION
en,https://en.beautyblossom.kr/107,11,h6,OFFICE HOUR
en,https://en.beautyblossom.kr/108,1,h3,Procedure Time
en,https://en.beautyblossom.kr/108,2,h3,Anesthesia
en,https://en.beautyblossom.kr/108,3,h3,Recovery Period
en,https://en.beautyblossom.kr/108,4,h3,Duration of Effect
en,https://en.beautyblossom.kr/108,5,h3,Shoulder Line Smoothing
en,https://en.beautyblossom.kr/108,6,h3,Slim Shoulder Refinement
en,https://en.beautyblossom.kr/108,7,h3,Curve Enhancement Effect
en,https://en.beautyblossom.kr/108,8,h3,Improved Fit & Proportions
en,https://en.beautyblossom.kr/108,9,h3,Non-Surgical Procedure
en,https://en.beautyblossom.kr/108,10,h3,Customized Design
en,https://en.beautyblossom.kr/108,11,h3,Global Standard Quality
en,https://en.beautyblossom.kr/108,12,h3,Authentic Products & Precise Dosage
en,https://en.beautyblossom.kr/108,13,h3,Customized Detail Care
en,https://en.beautyblossom.kr/108,14,h2,Frequently Asked Questions
en,https://en.beautyblossom.kr/108,15,h6,CONTACT
en,https://en.beautyblossom.kr/108,16,h6,LOCATION
en,https://en.beautyblossom.kr/108,17,h6,OFFICE HOUR
en,https://en.beautyblossom.kr/110,1,h3,Treatment Time
en,https://en.beautyblossom.kr/110,2,h3,Recommended Frequency
en,https://en.beautyblossom.kr/110,3,h3,Pain Level
en,https://en.beautyblossom.kr/110,4,h3,Recovery Time
en,https://en.beautyblossom.kr/110,5,h3,Exfoliation Care
en,https://en.beautyblossom.kr/110,6,h3,Skin Barrier Strengthening
en,https://en.beautyblossom.kr/110,7,h3,Elasticity Improvement
en,https://en.beautyblossom.kr/110,8,h3,Low-Irritation Care
en,https://en.beautyblossom.kr/110,9,h3,Global Standard Quality
en,https://en.beautyblossom.kr/110,10,h3,Authentic Products & Precise Dosage
en,https://en.beautyblossom.kr/110,11,h3,Customized Detail Care
en,https://en.beautyblossom.kr/110,12,h2,Frequently Asked Questions
en,https://en.beautyblossom.kr/110,13,h6,CONTACT
en,https://en.beautyblossom.kr/110,14,h6,LOCATION
en,https://en.beautyblossom.kr/110,15,h6,OFFICE HOUR
en,https://en.beautyblossom.kr/111,1,h3,Treatment Duration
en,https://en.beautyblossom.kr/111,2,h3,Anesthesia
en,https://en.beautyblossom.kr/111,3,h3,Recovery Time
en,https://en.beautyblossom.kr/111,4,h3,Treatment Effect
en,https://en.beautyblossom.kr/111,5,h3,Exfoliation
en,https://en.beautyblossom.kr/111,6,h3,Barrier Strengthening
en,https://en.beautyblossom.kr/111,7,h3,Skin Soothing
en,https://en.beautyblossom.kr/111,8,h3,Elasticity Enhancement
en,https://en.beautyblossom.kr/111,9,h3,Global Standard Quality
en,https://en.beautyblossom.kr/111,10,h3,Authentic Products & Precise Dosage
en,https://en.beautyblossom.kr/111,11,h3,Customized Detail Care
en,https://en.beautyblossom.kr/111,12,h2,Frequently Asked Questions
en,https://en.beautyblossom.kr/111,13,h6,CONTACT
en,https://en.beautyblossom.kr/111,14,h6,LOCATION
en,https://en.beautyblossom.kr/111,15,h6,OFFICE HOUR
en,https://en.beautyblossom.kr/112,1,h4,[Precautions for DCA-Based Injections]
en,https://en.beautyblossom.kr/112,2,h4,[Precautions for Botox]
en,https://en.beautyblossom.kr/112,3,h4,"[Precautions for BeautyFit, BlossomFit, Sculpting Injection]"
en,https://en.beautyblossom.kr/112,4,h4,[Precautions for Fillers]
en,https://en.beautyblossom.kr/112,5,h4,[Precautions for Potenza]
en,https://en.beautyblossom.kr/112,6,h4,[Precautions for Lifting Laser]
en,https://en.beautyblossom.kr/112,7,h4,"[Precautions for PicoFocus, ZoomPass]"
en,https://en.beautyblossom.kr/112,8,h4,[Precautions for Skin Boosters]
en,https://en.beautyblossom.kr/112,9,h4,[Precautions for Silhouette Lifting]
en,https://en.beautyblossom.kr/112,10,h4,[Precautions for CO2 Laser]
en,https://en.beautyblossom.kr/112,11,h6,CONTACT
en,https://en.beautyblossom.kr/112,12,h6,LOCATION
en,https://en.beautyblossom.kr/112,13,h6,OFFICE HOUR
en,https://en.beautyblossom.kr/114,1,h3,Procedure Time
en,https://en.beautyblossom.kr/114,2,h3,Anesthesia
en,https://en.beautyblossom.kr/114,3,h3,Recovery Period
en,https://en.beautyblossom.kr/114,4,h3,Duration of Effect
en,https://en.beautyblossom.kr/114,5,h2,CollagenRegeneration
en,https://en.beautyblossom.kr/114,6,h2,HydrationBoost
en,https://en.beautyblossom.kr/114,7,h3,Natural Effects
en,https://en.beautyblossom.kr/114,8,h3,Skin Regeneration
en,https://en.beautyblossom.kr/114,9,h3,Long Durability
en,https://en.beautyblossom.kr/114,10,h3,Safety
en,https://en.beautyblossom.kr/114,11,h3,Versatile Application
en,https://en.beautyblossom.kr/114,12,h3,Combination Treatment Possible
en,https://en.beautyblossom.kr/114,13,h3,Global Standard Quality
en,https://en.beautyblossom.kr/114,14,h3,Authentic Products & Precise Dosage
en,https://en.beautyblossom.kr/114,15,h3,Customized Detail Care
en,https://en.beautyblossom.kr/114,16,h2,Frequently Asked Questions
en,https://en.beautyblossom.kr/114,17,h6,CONTACT
en,https://en.beautyblossom.kr/114,18,h6,LOCATION
en,https://en.beautyblossom.kr/114,19,h6,OFFICE HOUR
en,https://en.beautyblossom.kr/115,1,h3,Procedure Time
en,https://en.beautyblossom.kr/115,2,h3,Recovery Period
en,https://en.beautyblossom.kr/115,3,h3,Duration of Effect
en,https://en.beautyblossom.kr/115,4,h3,Side Effects
en,https://en.beautyblossom.kr/115,5,h3,Elasticity & Wrinkle Improvement
en,https://en.beautyblossom.kr/115,6,h3,Biocompatible PDO Ingredients
en,https://en.beautyblossom.kr/115,7,h3,Long-lasting Effects
en,https://en.beautyblossom.kr/115,8,h3,Comfortable Treatment Experience
en,https://en.beautyblossom.kr/115,9,h3,Innovative Technology
en,https://en.beautyblossom.kr/115,10,h3,Verified Safety
en,https://en.beautyblossom.kr/115,11,h3,Global Standard Quality
en,https://en.beautyblossom.kr/115,12,h3,Authentic Products & Precise Dosage
en,https://en.beautyblossom.kr/115,13,h3,Customized Detail Care
en,https://en.beautyblossom.kr/115,14,h2,Frequently Asked Questions
en,https://en.beautyblossom.kr/115,15,h6,CONTACT
en,https://en.beautyblossom.kr/115,16,h6,LOCATION
en,https://en.beautyblossom.kr/115,17,h6,OFFICE HOUR
en,https://en.beautyblossom.kr/116,1,h3,Procedure Time
en,https://en.beautyblossom.kr/116,2,h3,Anesthesia
en,https://en.beautyblossom.kr/116,3,h3,Recovery Period
en,https://en.beautyblossom.kr/116,4,h3,Duration of Effect
en,https://en.beautyblossom.kr/116,5,h3,Global Standard Quality
en,https://en.beautyblossom.kr/116,6,h3,Authentic Products & Precise Dosage
en,https://en.beautyblossom.kr/116,7,h3,Customized Detail Care
en,https://en.beautyblossom.kr/116,8,h2,Frequently Asked Questions
en,https://en.beautyblossom.kr/116,9,h6,CONTACT
en,https://en.beautyblossom.kr/116,10,h6,LOCATION
en,https://en.beautyblossom.kr/116,11,h6,OFFICE HOUR
en,https://en.beautyblossom.kr/117,1,h3,Key Ingredient
en,https://en.beautyblossom.kr/117,2,h3,Differentiation
en,https://en.beautyblossom.kr/117,3,h3,Recovery Period
en,https://en.beautyblossom.kr/117,4,h3,Feature
en,https://en.beautyblossom.kr/117,5,h3,Deep Hydration
en,https://en.beautyblossom.kr/117,6,h3,Skin Regeneration
en,https://en.beautyblossom.kr/117,7,h3,Elasticity Enhancement
en,https://en.beautyblossom.kr/117,8,h3,Rapid Results
en,https://en.beautyblossom.kr/117,9,h3,Global Standard Quality
en,https://en.beautyblossom.kr/117,10,h3,Authentic Products & Precise Dosage
en,https://en.beautyblossom.kr/117,11,h3,Customized Detail Care
en,https://en.beautyblossom.kr/117,12,h2,Frequently Asked Questions
en,https://en.beautyblossom.kr/117,13,h6,CONTACT
en,https://en.beautyblossom.kr/117,14,h6,LOCATION
en,https://en.beautyblossom.kr/117,15,h6,OFFICE HOUR
en,https://en.beautyblossom.kr/118,1,h3,Procedure Time
en,https://en.beautyblossom.kr/118,2,h3,Anesthesia
en,https://en.beautyblossom.kr/118,3,h3,Recovery Period
en,https://en.beautyblossom.kr/118,4,h3,Recommended Frequency
en,https://en.beautyblossom.kr/118,5,h3,Tone Enhancement
en,https://en.beautyblossom.kr/118,6,h3,Pore Care
en,https://en.beautyblossom.kr/118,7,h3,Skin Soothing
en,https://en.beautyblossom.kr/118,8,h3,Hydration
en,https://en.beautyblossom.kr/118,9,h3,Global Standard Quality
en,https://en.beautyblossom.kr/118,10,h3,Authentic Products & Precise Dosage
en,https://en.beautyblossom.kr/118,11,h3,Customized Detail Care
en,https://en.beautyblossom.kr/118,12,h2,Frequently Asked Questions
en,https://en.beautyblossom.kr/118,13,h6,CONTACT
en,https://en.beautyblossom.kr/118,14,h6,LOCATION
en,https://en.beautyblossom.kr/118,15,h6,OFFICE HOUR
en,https://en.beautyblossom.kr/119,1,h3,Procedure Time
en,https://en.beautyblossom.kr/119,2,h3,Anesthesia
en,https://en.beautyblossom.kr/119,3,h3,Recovery Period
en,https://en.beautyblossom.kr/119,4,h3,Duration of Effect
en,https://en.beautyblossom.kr/119,5,h3,DNA Regeneration
en,https://en.beautyblossom.kr/119,6,h3,Elasticity Enhancement
en,https://en.beautyblossom.kr/119,7,h3,Whitening Effect
en,https://en.beautyblossom.kr/119,8,h3,Scar Improvement
en,https://en.beautyblossom.kr/119,9,h3,Global Standard Quality
en,https://en.beautyblossom.kr/119,10,h3,Authentic Products & Precise Dosage
en,https://en.beautyblossom.kr/119,11,h3,Customized Detail Care
en,https://en.beautyblossom.kr/119,12,h2,Frequently Asked Questions
en,https://en.beautyblossom.kr/119,13,h6,CONTACT
en,https://en.beautyblossom.kr/119,14,h6,LOCATION
en,https://en.beautyblossom.kr/119,15,h6,OFFICE HOUR
en,https://en.beautyblossom.kr/120,1,h3,Procedure Time
en,https://en.beautyblossom.kr/120,2,h3,Treatment Interval
en,https://en.beautyblossom.kr/120,3,h3,Recommended Sessions
en,https://en.beautyblossom.kr/120,4,h3,Duration of Effect
en,https://en.beautyblossom.kr/120,5,h3,Regeneration
en,https://en.beautyblossom.kr/120,6,h3,Elasticity
en,https://en.beautyblossom.kr/120,7,h3,Wrinkle Care
en,https://en.beautyblossom.kr/120,8,h3,Moisture
en,https://en.beautyblossom.kr/120,9,h3,Global Standard Quality
en,https://en.beautyblossom.kr/120,10,h3,Authentic Products & Precise Dosage
en,https://en.beautyblossom.kr/120,11,h3,Customized Detail Care
en,https://en.beautyblossom.kr/120,12,h2,Frequently Asked Questions
en,https://en.beautyblossom.kr/120,13,h6,CONTACT
en,https://en.beautyblossom.kr/120,14,h6,LOCATION
en,https://en.beautyblossom.kr/120,15,h6,OFFICE HOUR
en,https://en.beautyblossom.kr/121,1,h3,Procedure Time
en,https://en.beautyblossom.kr/121,2,h3,Anesthesia
en,https://en.beautyblossom.kr/121,3,h3,Recovery Period
en,https://en.beautyblossom.kr/121,4,h3,Duration of Effect
en,https://en.beautyblossom.kr/121,5,h3,Consultation
en,https://en.beautyblossom.kr/121,6,h3,Self-Cleanse
en,https://en.beautyblossom.kr/121,7,h3,Anesthesia
en,https://en.beautyblossom.kr/121,8,h3,Global Standard Quality
en,https://en.beautyblossom.kr/121,9,h3,Authentic Products & Precise Dosage
en,https://en.beautyblossom.kr/121,10,h3,Customized Detail Care
en,https://en.beautyblossom.kr/121,11,h2,Frequently Asked Questions
en,https://en.beautyblossom.kr/121,12,h6,CONTACT
en,https://en.beautyblossom.kr/121,13,h6,LOCATION
en,https://en.beautyblossom.kr/121,14,h6,OFFICE HOUR
en,https://en.beautyblossom.kr/122,1,h3,Procedure Time
en,https://en.beautyblossom.kr/122,2,h3,Anesthesia
en,https://en.beautyblossom.kr/122,3,h3,Recommended Interval
en,https://en.beautyblossom.kr/122,4,h3,Duration of Effect
en,https://en.beautyblossom.kr/122,5,h3,Proven Safety
en,https://en.beautyblossom.kr/122,6,h3,Global Brand
en,https://en.beautyblossom.kr/122,7,h3,Microsphere Form of CaHA
en,https://en.beautyblossom.kr/122,8,h3,Global Standard Quality
en,https://en.beautyblossom.kr/122,9,h3,Authentic Products & Precise Dosage
en,https://en.beautyblossom.kr/122,10,h3,Customized Detail Care
en,https://en.beautyblossom.kr/122,11,h2,Frequently Asked Questions
en,https://en.beautyblossom.kr/122,12,h6,CONTACT
en,https://en.beautyblossom.kr/122,13,h6,LOCATION
en,https://en.beautyblossom.kr/122,14,h6,OFFICE HOUR
en,https://en.beautyblossom.kr/123,1,h3,Procedure Time
en,https://en.beautyblossom.kr/123,2,h3,Anesthesia
en,https://en.beautyblossom.kr/123,3,h3,Recovery Period
en,https://en.beautyblossom.kr/123,4,h3,Duration of Effect
en,https://en.beautyblossom.kr/123,5,h3,Skin Radiance
en,https://en.beautyblossom.kr/123,6,h3,Wrinkle Improvement
en,https://en.beautyblossom.kr/123,7,h3,Skin Tone Improvement
en,https://en.beautyblossom.kr/123,8,h3,Increased Dermal Density
en,https://en.beautyblossom.kr/123,9,h3,Global Standard Quality
en,https://en.beautyblossom.kr/123,10,h3,Authentic Products & Precise Dosage
en,https://en.beautyblossom.kr/123,11,h3,Customized Detail Care
en,https://en.beautyblossom.kr/123,12,h2,Frequently Asked Questions
en,https://en.beautyblossom.kr/123,13,h6,CONTACT
en,https://en.beautyblossom.kr/123,14,h6,LOCATION
en,https://en.beautyblossom.kr/123,15,h6,OFFICE HOUR
en,https://en.beautyblossom.kr/124,1,h3,Treatment Time
en,https://en.beautyblossom.kr/124,2,h3,Anesthesia
en,https://en.beautyblossom.kr/124,3,h3,Healing Period
en,https://en.beautyblossom.kr/124,4,h3,Recovery Period
en,https://en.beautyblossom.kr/124,5,h3,Precision Treatment
en,https://en.beautyblossom.kr/124,6,h3,Minimal Discomfort
en,https://en.beautyblossom.kr/124,7,h3,Safe Management
en,https://en.beautyblossom.kr/124,8,h3,Clear Skin
en,https://en.beautyblossom.kr/124,9,h3,Nevus
en,https://en.beautyblossom.kr/124,10,h3,Seborrheic keratosis
en,https://en.beautyblossom.kr/124,11,h3,Skin tag
en,https://en.beautyblossom.kr/124,12,h3,Flat wart
en,https://en.beautyblossom.kr/124,13,h3,Milium
en,https://en.beautyblossom.kr/124,14,h3,Global Standard Quality
en,https://en.beautyblossom.kr/124,15,h3,Authentic Products & Precise Dosage
en,https://en.beautyblossom.kr/124,16,h3,Customized Detail Care
en,https://en.beautyblossom.kr/124,17,h2,Frequently Asked Questions
en,https://en.beautyblossom.kr/124,18,h6,CONTACT
en,https://en.beautyblossom.kr/124,19,h6,LOCATION
en,https://en.beautyblossom.kr/124,20,h6,OFFICE HOUR
en,https://en.beautyblossom.kr/125,1,h3,Consultation Method
en,https://en.beautyblossom.kr/125,2,h3,Consultation Time
en,https://en.beautyblossom.kr/125,3,h3,Management Period
en,https://en.beautyblossom.kr/125,4,h3,Management Effect
en,https://en.beautyblossom.kr/125,5,h3,The Solution That the World Has Noticed
en,https://en.beautyblossom.kr/125,6,h3,Easy Management Once a Week
en,https://en.beautyblossom.kr/125,7,h3,Enhanced Satiety
en,https://en.beautyblossom.kr/125,8,h3,Customized Program
en,https://en.beautyblossom.kr/125,9,h3,Weight Management
en,https://en.beautyblossom.kr/125,10,h3,Health Improvement
en,https://en.beautyblossom.kr/125,11,h3,Lifestyle Improvement
en,https://en.beautyblossom.kr/125,12,h3,Regular Management
en,https://en.beautyblossom.kr/125,13,h3,Global Standard Quality
en,https://en.beautyblossom.kr/125,14,h3,Authentic Products & Precise Dosage
en,https://en.beautyblossom.kr/125,15,h3,Customized Detail Care
en,https://en.beautyblossom.kr/125,16,h2,Frequently Asked Questions
en,https://en.beautyblossom.kr/125,17,h6,CONTACT
en,https://en.beautyblossom.kr/125,18,h6,LOCATION
en,https://en.beautyblossom.kr/125,19,h6,OFFICE HOUR
en,https://en.beautyblossom.kr/126,1,h3,Treatment Time
en,https://en.beautyblossom.kr/126,2,h3,Anesthesia
en,https://en.beautyblossom.kr/126,3,h3,Recovery Period
en,https://en.beautyblossom.kr/126,4,h3,Treatment Method
en,https://en.beautyblossom.kr/126,5,h3,Placenta IV
en,https://en.beautyblossom.kr/126,6,h3,Vitamin IV
en,https://en.beautyblossom.kr/126,7,h3,White jade IV
en,https://en.beautyblossom.kr/126,8,h3,Cinderella IV
en,https://en.beautyblossom.kr/126,9,h3,Licorice IV
en,https://en.beautyblossom.kr/126,10,h3,Garlic IV
en,https://en.beautyblossom.kr/126,11,h3,Global Standard Quality
en,https://en.beautyblossom.kr/126,12,h3,Authentic Products & Precise Dosage
en,https://en.beautyblossom.kr/126,13,h3,Customized Detail Care
en,https://en.beautyblossom.kr/126,14,h2,Frequently Asked Questions
en,https://en.beautyblossom.kr/126,15,h6,CONTACT
en,https://en.beautyblossom.kr/126,16,h6,LOCATION
en,https://en.beautyblossom.kr/126,17,h6,OFFICE HOUR
en,https://en.beautyblossom.kr/127,1,h3,Local Anesthesia
en,https://en.beautyblossom.kr/127,2,h3,Sedation Anesthesia
en,https://en.beautyblossom.kr/127,3,h3,General Anesthesia
en,https://en.beautyblossom.kr/127,4,h3,Beauty Blossom Sedation Anesthesia
en,https://en.beautyblossom.kr/127,5,h4,"Genuine, Accurate, Precise"
en,https://en.beautyblossom.kr/127,6,h4,Personalized Treatment
en,https://en.beautyblossom.kr/127,7,h3,Global Standard Quality
en,https://en.beautyblossom.kr/127,8,h3,Authentic Products & Precise Dosage
en,https://en.beautyblossom.kr/127,9,h3,Customized Detail Care
en,https://en.beautyblossom.kr/127,10,h2,Frequently Asked Questions
en,https://en.beautyblossom.kr/127,11,h6,CONTACT
en,https://en.beautyblossom.kr/127,12,h6,LOCATION
en,https://en.beautyblossom.kr/127,13,h6,OFFICE HOUR
en,https://en.beautyblossom.kr/129,1,h3,Moisturizing Effect
en,https://en.beautyblossom.kr/129,2,h3,Radiance Effect
en,https://en.beautyblossom.kr/129,3,h3,Skin Protection
en,https://en.beautyblossom.kr/129,4,h3,Anti-Aging
en,https://en.beautyblossom.kr/129,5,h2,PHA Peel Skincare Solution
en,https://en.beautyblossom.kr/129,6,h3,Global Standard Quality
en,https://en.beautyblossom.kr/129,7,h3,Authentic Products & Precise Dosage
en,https://en.beautyblossom.kr/129,8,h3,Customized Detail Care
en,https://en.beautyblossom.kr/129,9,h2,Frequently Asked Questions
en,https://en.beautyblossom.kr/129,10,h6,CONTACT
en,https://en.beautyblossom.kr/129,11,h6,LOCATION
en,https://en.beautyblossom.kr/129,12,h6,OFFICE HOUR
en,https://en.beautyblossom.kr/130,1,h3,Natural Ingredients
en,https://en.beautyblossom.kr/130,2,h3,Delivery to Dermis
en,https://en.beautyblossom.kr/130,3,h3,Quick Return to Daily Life
en,https://en.beautyblossom.kr/130,4,h3,Safe for All Skin Types
en,https://en.beautyblossom.kr/130,5,h3,Acne Improvement
en,https://en.beautyblossom.kr/130,6,h3,Hyperpigmentation & Whitening
en,https://en.beautyblossom.kr/130,7,h3,Elasticity & Wrinkle Improvement
en,https://en.beautyblossom.kr/130,8,h3,Skin Regeneration
en,https://en.beautyblossom.kr/130,9,h3,Global Standard Quality
en,https://en.beautyblossom.kr/130,10,h3,Authentic Products & Precise Dosage
en,https://en.beautyblossom.kr/130,11,h3,Customized Detail Care
en,https://en.beautyblossom.kr/130,12,h2,Frequently Asked Questions
en,https://en.beautyblossom.kr/130,13,h6,CONTACT
en,https://en.beautyblossom.kr/130,14,h6,LOCATION
en,https://en.beautyblossom.kr/130,15,h6,OFFICE HOUR
en,https://en.beautyblossom.kr/1494626716,1,h1,Density
en,https://en.beautyblossom.kr/1494626716,2,h2,"Beyond Thermage,The Korean 5th-generation RF lifting that surpasses Thermage"
en,https://en.beautyblossom.kr/1494626716,3,h3,Powerful Dual RF
en,https://en.beautyblossom.kr/1494626716,4,h3,More Uniform with Minimal VarianceReal-Time Impedance Feedback
en,https://en.beautyblossom.kr/1494626716,5,h3,Delicate Sensation on the Skin5-Step Cooling Level Control
en,https://en.beautyblossom.kr/1494626716,6,h3,Wider and Deeper with Enlarged Electrode SizeALPHA TIP (Mono × Bi)
en,https://en.beautyblossom.kr/1494626716,7,h3,"Same Density, Different Results —What Is the Difference Between Tips?"
en,https://en.beautyblossom.kr/1494626716,8,h4,Alpha Tip
en,https://en.beautyblossom.kr/1494626716,9,h4,High Tip
en,https://en.beautyblossom.kr/1494626716,10,h4,Classic Tip
en,https://en.beautyblossom.kr/1494626716,11,h3,Treatment Guide
en,https://en.beautyblossom.kr/1494626716,12,h2,Frequently Asked Questions
en,https://en.beautyblossom.kr/1494626716,13,h6,CONTACT
en,https://en.beautyblossom.kr/1494626716,14,h6,LOCATION
en,https://en.beautyblossom.kr/1494626716,15,h6,OFFICE HOUR
en,https://en.beautyblossom.kr/1527592985,1,h1,LinearZ
en,https://en.beautyblossom.kr/1527592985,2,h2,"Beyond HIFU,Custom Lifting with Dual Line & Dot Mode"
en,https://en.beautyblossom.kr/1527592985,3,h4,Linear Type & Dot Type
en,https://en.beautyblossom.kr/1527592985,4,h3,Line and Dot: Dual Ultrasound Mode
en,https://en.beautyblossom.kr/1527592985,5,h3,1.5mm~13mmPrecise Depth Control in 0.5mm Increments
en,https://en.beautyblossom.kr/1527592985,6,h3,"Less Pain, Faster Treatment62% Improved Treatment Speed"
en,https://en.beautyblossom.kr/1527592985,7,h3,Safe and VerifiedMFDS-Approved Genuine Cartridge
en,https://en.beautyblossom.kr/1527592985,8,h3,Custom Design for Each Skin Layer4 Types of Cartridges
en,https://en.beautyblossom.kr/1527592985,9,h4,ACCU BASIC
en,https://en.beautyblossom.kr/1527592985,10,h4,ACCU ESSENTIAL
en,https://en.beautyblossom.kr/1527592985,11,h4,ACCU CORE
en,https://en.beautyblossom.kr/1527592985,12,h4,CONTOUR
en,https://en.beautyblossom.kr/1527592985,13,h3,Treatment Guide
en,https://en.beautyblossom.kr/1527592985,14,h2,Frequently Asked Questions
en,https://en.beautyblossom.kr/1527592985,15,h6,CONTACT
en,https://en.beautyblossom.kr/1527592985,16,h6,LOCATION
en,https://en.beautyblossom.kr/1527592985,17,h6,OFFICE HOUR
en,https://en.beautyblossom.kr/17,1,h6,Beauty Blossom Introduction
en,https://en.beautyblossom.kr/17,2,h6,"Beyond Global Standards,"
en,https://en.beautyblossom.kr/17,3,h6,With Your Unique Criteria
en,https://en.beautyblossom.kr/17,4,h6,Medical Services Following Global Standards
en,https://en.beautyblossom.kr/17,5,h6,Genuine Drugs and Precise Dosage
en,https://en.beautyblossom.kr/17,6,h6,Personalized Care and Careful Approach
en,https://en.beautyblossom.kr/17,7,h6,Medical Services Following  International Standards
en,https://en.beautyblossom.kr/17,8,h6,Genuine Medications and Accurate Dosages
en,https://en.beautyblossom.kr/17,9,h6,Personalized Care and a Thoughtful Approach
en,https://en.beautyblossom.kr/17,10,h6,CONTACT
en,https://en.beautyblossom.kr/17,11,h6,LOCATION
en,https://en.beautyblossom.kr/17,12,h6,OFFICE HOUR
en,https://en.beautyblossom.kr/18,1,h6,Doctor Introduction
en,https://en.beautyblossom.kr/18,2,h6,CONTACT
en,https://en.beautyblossom.kr/18,3,h6,LOCATION
en,https://en.beautyblossom.kr/18,4,h6,OFFICE HOUR
en,https://en.beautyblossom.kr/19,1,h6,"66 Yanghwa-ro, Mapo-gu, Seoul, Medione Medical Center, 6th Floor"
en,https://en.beautyblossom.kr/19,2,h6,CONTACT
en,https://en.beautyblossom.kr/19,3,h6,LOCATION
en,https://en.beautyblossom.kr/19,4,h6,OFFICE HOUR
en,https://en.beautyblossom.kr/20,1,h6,CONTACT
en,https://en.beautyblossom.kr/20,2,h6,LOCATION
en,https://en.beautyblossom.kr/20,3,h6,OFFICE HOUR
en,https://en.beautyblossom.kr/22,1,h6,CONTACT
en,https://en.beautyblossom.kr/22,2,h6,LOCATION
en,https://en.beautyblossom.kr/22,3,h6,OFFICE HOUR
en,https://en.beautyblossom.kr/24,1,h6,CONTACT
en,https://en.beautyblossom.kr/24,2,h6,LOCATION
en,https://en.beautyblossom.kr/24,3,h6,OFFICE HOUR
en,https://en.beautyblossom.kr/25,1,h6,CONTACT
en,https://en.beautyblossom.kr/25,2,h6,LOCATION
en,https://en.beautyblossom.kr/25,3,h6,OFFICE HOUR
en,https://en.beautyblossom.kr/26,1,h6,CONTACT
en,https://en.beautyblossom.kr/26,2,h6,LOCATION
en,https://en.beautyblossom.kr/26,3,h6,OFFICE HOUR
en,https://en.beautyblossom.kr/28,1,h3,Procedure Time
en,https://en.beautyblossom.kr/28,2,h3,Pain Level
en,https://en.beautyblossom.kr/28,3,h3,Recovery Time
en,https://en.beautyblossom.kr/28,4,h3,Anesthesia Method
en,https://en.beautyblossom.kr/28,5,h6,Botox Effect
en,https://en.beautyblossom.kr/28,6,h2,Korean Botox
en,https://en.beautyblossom.kr/28,7,h2,Coretox
en,https://en.beautyblossom.kr/28,8,h2,Xeomin
en,https://en.beautyblossom.kr/28,9,h2,Allergan
en,https://en.beautyblossom.kr/28,10,h3,Global Standard Quality
en,https://en.beautyblossom.kr/28,11,h3,Authentic Products & Precise Dosage
en,https://en.beautyblossom.kr/28,12,h3,Customized Detail Care
en,https://en.beautyblossom.kr/28,13,h2,Frequently Asked Questions
en,https://en.beautyblossom.kr/28,14,h6,CONTACT
en,https://en.beautyblossom.kr/28,15,h6,LOCATION
en,https://en.beautyblossom.kr/28,16,h6,OFFICE HOUR
en,https://en.beautyblossom.kr/29,1,h3,Procedure Time
en,https://en.beautyblossom.kr/29,2,h3,Pain Level
en,https://en.beautyblossom.kr/29,3,h3,Recovery Period
en,https://en.beautyblossom.kr/29,4,h3,Anesthesia Method
en,https://en.beautyblossom.kr/29,5,h6,Filler Effects
en,https://en.beautyblossom.kr/29,6,h2,Atiere
en,https://en.beautyblossom.kr/29,7,h2,Rejuviel
en,https://en.beautyblossom.kr/29,8,h2,Restylane
en,https://en.beautyblossom.kr/29,9,h2,Juvederm
en,https://en.beautyblossom.kr/29,10,h2,Belotero
en,https://en.beautyblossom.kr/29,11,h3,Global Standard Quality
en,https://en.beautyblossom.kr/29,12,h3,Authentic Products & Precise Dosage
en,https://en.beautyblossom.kr/29,13,h3,Customized Detail Care
en,https://en.beautyblossom.kr/29,14,h2,Frequently Asked Questions
en,https://en.beautyblossom.kr/29,15,h6,CONTACT
en,https://en.beautyblossom.kr/29,16,h6,LOCATION
en,https://en.beautyblossom.kr/29,17,h6,OFFICE HOUR
en,https://en.beautyblossom.kr/30,1,h3,Procedure Time
en,https://en.beautyblossom.kr/30,2,h3,Simple Procedure
en,https://en.beautyblossom.kr/30,3,h6,Eye-Contour Injection Effects
en,https://en.beautyblossom.kr/30,4,h3,Global Standard Quality
en,https://en.beautyblossom.kr/30,5,h3,Authentic Products & Precise Dosage
en,https://en.beautyblossom.kr/30,6,h3,Customized Detail Care
en,https://en.beautyblossom.kr/30,7,h2,Frequently Asked Questions
en,https://en.beautyblossom.kr/30,8,h6,CONTACT
en,https://en.beautyblossom.kr/30,9,h6,LOCATION
en,https://en.beautyblossom.kr/30,10,h6,OFFICE HOUR
en,https://en.beautyblossom.kr/31,1,h3,Synergy
en,https://en.beautyblossom.kr/31,2,h3,Effect
en,https://en.beautyblossom.kr/31,3,h3,Convenience
en,https://en.beautyblossom.kr/31,4,h3,Satisfaction
en,https://en.beautyblossom.kr/31,5,h6,Eye-lifing Package Effects
en,https://en.beautyblossom.kr/31,6,h3,Total Care
en,https://en.beautyblossom.kr/31,7,h3,Synergy
en,https://en.beautyblossom.kr/31,8,h3,Personalized
en,https://en.beautyblossom.kr/31,9,h3,Efficient
en,https://en.beautyblossom.kr/31,10,h3,Global Standard Quality
en,https://en.beautyblossom.kr/31,11,h3,Authentic Products & Precise Dosage
en,https://en.beautyblossom.kr/31,12,h3,Customized Detail Care
en,https://en.beautyblossom.kr/31,13,h2,Frequently Asked Questions
en,https://en.beautyblossom.kr/31,14,h6,CONTACT
en,https://en.beautyblossom.kr/31,15,h6,LOCATION
en,https://en.beautyblossom.kr/31,16,h6,OFFICE HOUR
en,https://en.beautyblossom.kr/32,1,h3,Procedure Time
en,https://en.beautyblossom.kr/32,2,h3,Anesthesia
en,https://en.beautyblossom.kr/32,3,h3,Recovery Period
en,https://en.beautyblossom.kr/32,4,h3,Duration
en,https://en.beautyblossom.kr/32,5,h6,Wrinkle Eraser Effects
en,https://en.beautyblossom.kr/32,6,h3,Global Standard Quality
en,https://en.beautyblossom.kr/32,7,h3,Authentic Products & Precise Dosage
en,https://en.beautyblossom.kr/32,8,h3,Customized Detail Care
en,https://en.beautyblossom.kr/32,9,h2,Frequently Asked Questions
en,https://en.beautyblossom.kr/32,10,h6,CONTACT
en,https://en.beautyblossom.kr/32,11,h6,LOCATION
en,https://en.beautyblossom.kr/32,12,h6,OFFICE HOUR
en,https://en.beautyblossom.kr/325432217,1,h1,PREMIUM EQUIPMENT
en,https://en.beautyblossom.kr/325432217,2,h2,"Optimal Solutions, Top-Quality Equipment"
en,https://en.beautyblossom.kr/325432217,3,h6,CONTACT
en,https://en.beautyblossom.kr/325432217,4,h6,LOCATION
en,https://en.beautyblossom.kr/325432217,5,h6,OFFICE HOUR
en,https://en.beautyblossom.kr/33,1,h3,Simple
en,https://en.beautyblossom.kr/33,2,h3,Nose Bridge + Tip
en,https://en.beautyblossom.kr/33,3,h3,Support
en,https://en.beautyblossom.kr/33,4,h3,Natural
en,https://en.beautyblossom.kr/33,5,h6,Mijuko | AirCo Effect
en,https://en.beautyblossom.kr/33,6,h6,Nose Thread lifting Effect
en,https://en.beautyblossom.kr/33,7,h3,Custom Adjustment
en,https://en.beautyblossom.kr/33,8,h3,Lasting Effects
en,https://en.beautyblossom.kr/33,9,h3,Naturalness
en,https://en.beautyblossom.kr/33,10,h3,Minimal Invasion
en,https://en.beautyblossom.kr/33,11,h3,Safety
en,https://en.beautyblossom.kr/33,12,h3,Quick Procedure and Recovery
en,https://en.beautyblossom.kr/33,13,h3,Natural Results
en,https://en.beautyblossom.kr/33,14,h3,Long-lasting Effects
en,https://en.beautyblossom.kr/33,15,h6,Strong Traction
en,https://en.beautyblossom.kr/33,16,h6,Precise Procedure
en,https://en.beautyblossom.kr/33,17,h3,Hybrid
en,https://en.beautyblossom.kr/33,18,h3,3D Volume
en,https://en.beautyblossom.kr/33,19,h3,Simultaneous Improvement
en,https://en.beautyblossom.kr/33,20,h3,Rich Effect
en,https://en.beautyblossom.kr/33,21,h3,Global Standard Quality
en,https://en.beautyblossom.kr/33,22,h3,Authentic Products & Precise Dosage
en,https://en.beautyblossom.kr/33,23,h3,Customized Detail Care
en,https://en.beautyblossom.kr/33,24,h2,Frequently Asked Questions
en,https://en.beautyblossom.kr/33,25,h6,CONTACT
en,https://en.beautyblossom.kr/33,26,h6,LOCATION
en,https://en.beautyblossom.kr/33,27,h6,OFFICE HOUR
en,https://en.beautyblossom.kr/35,1,h3,Simple
en,https://en.beautyblossom.kr/35,2,h3,Circulation Boost
en,https://en.beautyblossom.kr/35,3,h3,Fat Dissolving
en,https://en.beautyblossom.kr/35,4,h3,Clear
en,https://en.beautyblossom.kr/35,5,h6,Beautifit Injection
en,https://en.beautyblossom.kr/35,6,h6,Blossom Fit Injection
en,https://en.beautyblossom.kr/35,7,h6,Beauty Blossom Fit Injection Effect
en,https://en.beautyblossom.kr/35,8,h3,Global Standard Quality
en,https://en.beautyblossom.kr/35,9,h3,Authentic Products & Precise Dosage
en,https://en.beautyblossom.kr/35,10,h3,Customized Detail Care
en,https://en.beautyblossom.kr/35,11,h2,Frequently Asked Questions
en,https://en.beautyblossom.kr/35,12,h6,CONTACT
en,https://en.beautyblossom.kr/35,13,h6,LOCATION
en,https://en.beautyblossom.kr/35,14,h6,OFFICE HOUR
en,https://en.beautyblossom.kr/36,1,h3,Procedure Time
en,https://en.beautyblossom.kr/36,2,h3,Recovery Period
en,https://en.beautyblossom.kr/36,3,h3,Natural
en,https://en.beautyblossom.kr/36,4,h3,Scar-Free
en,https://en.beautyblossom.kr/36,5,h6,Fat dissolving Injection
en,https://en.beautyblossom.kr/36,6,h3,Global Standard Quality
en,https://en.beautyblossom.kr/36,7,h3,Authentic Products & Precise Dosage
en,https://en.beautyblossom.kr/36,8,h3,Customized Detail Care
en,https://en.beautyblossom.kr/36,9,h2,Frequently Asked Questions
en,https://en.beautyblossom.kr/36,10,h6,CONTACT
en,https://en.beautyblossom.kr/36,11,h6,LOCATION
en,https://en.beautyblossom.kr/36,12,h6,OFFICE HOUR
en,https://en.beautyblossom.kr/37,1,h3,Procedure Time
en,https://en.beautyblossom.kr/37,2,h3,Anesthesia
en,https://en.beautyblossom.kr/37,3,h3,Recovery Period
en,https://en.beautyblossom.kr/37,4,h3,Precise
en,https://en.beautyblossom.kr/37,5,h6,Filler Dissolving Injection Effect
en,https://en.beautyblossom.kr/37,6,h3,Liquid
en,https://en.beautyblossom.kr/37,7,h3,Powder
en,https://en.beautyblossom.kr/37,8,h3,Consult with Medical Professionals
en,https://en.beautyblossom.kr/37,9,h3,Global Standard Quality
en,https://en.beautyblossom.kr/37,10,h3,Authentic Products & Precise Dosage
en,https://en.beautyblossom.kr/37,11,h3,Customized Detail Care
en,https://en.beautyblossom.kr/37,12,h2,Frequently Asked Questions
en,https://en.beautyblossom.kr/37,13,h6,CONTACT
en,https://en.beautyblossom.kr/37,14,h6,LOCATION
en,https://en.beautyblossom.kr/37,15,h6,OFFICE HOUR
en,https://en.beautyblossom.kr/39,1,h3,Precision Diagnosis
en,https://en.beautyblossom.kr/39,2,h3,Customized Design
en,https://en.beautyblossom.kr/39,3,h3,Layered Treatment
en,https://en.beautyblossom.kr/39,4,h3,Continuous Care
en,https://en.beautyblossom.kr/39,5,h4,
en,https://en.beautyblossom.kr/39,6,h4,
en,https://en.beautyblossom.kr/39,7,h4,
en,https://en.beautyblossom.kr/39,8,h4,
en,https://en.beautyblossom.kr/39,9,h2,Frequently Asked Questions
en,https://en.beautyblossom.kr/39,10,h6,CONTACT
en,https://en.beautyblossom.kr/39,11,h6,LOCATION
en,https://en.beautyblossom.kr/39,12,h6,OFFICE HOUR
en,https://en.beautyblossom.kr/3D,1,h4,
en,https://en.beautyblossom.kr/3D,2,h4,
en,https://en.beautyblossom.kr/3D,3,h4,
en,https://en.beautyblossom.kr/3D,4,h4,
en,https://en.beautyblossom.kr/3D,5,h4,
en,https://en.beautyblossom.kr/3D,6,h4,
en,https://en.beautyblossom.kr/3D,7,h4,
en,https://en.beautyblossom.kr/3D,8,h4,
en,https://en.beautyblossom.kr/3D,9,h4,
en,https://en.beautyblossom.kr/3D,10,h4,
en,https://en.beautyblossom.kr/3D,11,h4,
en,https://en.beautyblossom.kr/3D,12,h3,Global Standard Quality
en,https://en.beautyblossom.kr/3D,13,h3,Authentic Products & Precise Dosage
en,https://en.beautyblossom.kr/3D,14,h3,Customized Detail Care
en,https://en.beautyblossom.kr/3D,15,h2,Frequently Asked Questions
en,https://en.beautyblossom.kr/3D,16,h6,CONTACT
en,https://en.beautyblossom.kr/3D,17,h6,LOCATION
en,https://en.beautyblossom.kr/3D,18,h6,OFFICE HOUR
en,https://en.beautyblossom.kr/40,1,h3,Treatment Time
en,https://en.beautyblossom.kr/40,2,h3,Anesthesia
en,https://en.beautyblossom.kr/40,3,h3,Recovery Period
en,https://en.beautyblossom.kr/40,4,h3,Duration of Results
en,https://en.beautyblossom.kr/40,5,h3,Global Standard Quality
en,https://en.beautyblossom.kr/40,6,h3,Authentic Products & Precise Dosage
en,https://en.beautyblossom.kr/40,7,h3,Customized Detail Care
en,https://en.beautyblossom.kr/40,8,h2,Frequently Asked Questions
en,https://en.beautyblossom.kr/40,9,h6,CONTACT
en,https://en.beautyblossom.kr/40,10,h6,LOCATION
en,https://en.beautyblossom.kr/40,11,h6,OFFICE HOUR
en,https://en.beautyblossom.kr/40b,1,h3,Treatment Time
en,https://en.beautyblossom.kr/40b,2,h3,Anesthesia
en,https://en.beautyblossom.kr/40b,3,h3,Recovery Period
en,https://en.beautyblossom.kr/40b,4,h3,Duration of Results
en,https://en.beautyblossom.kr/40b,5,h6,✓ Precise Targeting
en,https://en.beautyblossom.kr/40b,6,h6,✓ Immediate Lifting
en,https://en.beautyblossom.kr/40b,7,h6,✓ Long-lasting Effect
en,https://en.beautyblossom.kr/40b,8,h3,Global Standard Quality
en,https://en.beautyblossom.kr/40b,9,h3,Authentic Products & Precise Dosage
en,https://en.beautyblossom.kr/40b,10,h3,Customized Detail Care
en,https://en.beautyblossom.kr/40b,11,h2,Frequently Asked Questions
en,https://en.beautyblossom.kr/40b,12,h6,CONTACT
en,https://en.beautyblossom.kr/40b,13,h6,LOCATION
en,https://en.beautyblossom.kr/40b,14,h6,OFFICE HOUR
en,https://en.beautyblossom.kr/41,1,h3,Treatment Time
en,https://en.beautyblossom.kr/41,2,h3,Anesthesia
en,https://en.beautyblossom.kr/41,3,h3,Recovery Period
en,https://en.beautyblossom.kr/41,4,h3,Duration of Results
en,https://en.beautyblossom.kr/41,5,h6,✓ Precise Energy Delivery
en,https://en.beautyblossom.kr/41,6,h6,✓ Powerful Collagen Regeneration
en,https://en.beautyblossom.kr/41,7,h6,✓ Comfortable Treatment Experience
en,https://en.beautyblossom.kr/41,8,h3,Global Standard Quality
en,https://en.beautyblossom.kr/41,9,h3,Authentic Products & Precise Dosage
en,https://en.beautyblossom.kr/41,10,h3,Customized Detail Care
en,https://en.beautyblossom.kr/41,11,h2,Frequently Asked Questions
en,https://en.beautyblossom.kr/41,12,h6,CONTACT
en,https://en.beautyblossom.kr/41,13,h6,LOCATION
en,https://en.beautyblossom.kr/41,14,h6,OFFICE HOUR
en,https://en.beautyblossom.kr/42,1,h3,Treatment Time
en,https://en.beautyblossom.kr/42,2,h3,Recovery
en,https://en.beautyblossom.kr/42,3,h3,Tightening
en,https://en.beautyblossom.kr/42,4,h3,Recommended Interval
en,https://en.beautyblossom.kr/42,5,h4,
en,https://en.beautyblossom.kr/42,6,h4,
en,https://en.beautyblossom.kr/42,7,h4,
en,https://en.beautyblossom.kr/42,8,h3,Uniform Heat
en,https://en.beautyblossom.kr/42,9,h3,to Skin Tissue
en,https://en.beautyblossom.kr/42,10,h3,Continuous Collagen
en,https://en.beautyblossom.kr/42,11,h3,Remodeling Effect
en,https://en.beautyblossom.kr/42,12,h3,Lifting and
en,https://en.beautyblossom.kr/42,13,h3,Tightening Effect
en,https://en.beautyblossom.kr/42,14,h3,Skin Elasticity
en,https://en.beautyblossom.kr/42,15,h3,Improvement
en,https://en.beautyblossom.kr/42,16,h3,Global Standard Quality
en,https://en.beautyblossom.kr/42,17,h3,Authentic Products & Precise Dosage
en,https://en.beautyblossom.kr/42,18,h3,Customized Detail Care
en,https://en.beautyblossom.kr/42,19,h2,Frequently Asked Questions
en,https://en.beautyblossom.kr/42,20,h6,CONTACT
en,https://en.beautyblossom.kr/42,21,h6,LOCATION
en,https://en.beautyblossom.kr/42,22,h6,OFFICE HOUR
en,https://en.beautyblossom.kr/43,1,h3,Procedure Time
en,https://en.beautyblossom.kr/43,2,h3,Anesthesia
en,https://en.beautyblossom.kr/43,3,h3,Recovery Period
en,https://en.beautyblossom.kr/43,4,h3,Duration of Effect
en,https://en.beautyblossom.kr/43,5,h3,Collagen Production
en,https://en.beautyblossom.kr/43,6,h3,for Youthful Skin
en,https://en.beautyblossom.kr/43,7,h3,Long-Lasting Results
en,https://en.beautyblossom.kr/43,8,h3,Without Surgery
en,https://en.beautyblossom.kr/43,9,h3,Fat Reduction for
en,https://en.beautyblossom.kr/43,10,h3,Sagging Cheeks and Double Chin
en,https://en.beautyblossom.kr/43,11,h3,Bright and Smooth
en,https://en.beautyblossom.kr/43,12,h3,Skin Tone Improvement
en,https://en.beautyblossom.kr/43,13,h3,Global Standard Quality
en,https://en.beautyblossom.kr/43,14,h3,Authentic Products & Precise Dosage
en,https://en.beautyblossom.kr/43,15,h3,Customized Detail Care
en,https://en.beautyblossom.kr/43,16,h2,Frequently Asked Questions
en,https://en.beautyblossom.kr/43,17,h6,CONTACT
en,https://en.beautyblossom.kr/43,18,h6,LOCATION
en,https://en.beautyblossom.kr/43,19,h6,OFFICE HOUR
en,https://en.beautyblossom.kr/44,1,h3,Procedure Time
en,https://en.beautyblossom.kr/44,2,h3,Anesthesia
en,https://en.beautyblossom.kr/44,3,h3,Recovery Period
en,https://en.beautyblossom.kr/44,4,h3,Customized Treatment
en,https://en.beautyblossom.kr/44,5,h3,Global Standard Quality
en,https://en.beautyblossom.kr/44,6,h3,Authentic Products & Precise Dosage
en,https://en.beautyblossom.kr/44,7,h3,Customized Detail Care
en,https://en.beautyblossom.kr/44,8,h2,Frequently Asked Questions
en,https://en.beautyblossom.kr/44,9,h6,CONTACT
en,https://en.beautyblossom.kr/44,10,h6,LOCATION
en,https://en.beautyblossom.kr/44,11,h6,OFFICE HOUR
en,https://en.beautyblossom.kr/45,1,h3,Procedure Time
en,https://en.beautyblossom.kr/45,2,h3,Anesthesia
en,https://en.beautyblossom.kr/45,3,h3,Recovery Period
en,https://en.beautyblossom.kr/45,4,h3,Procedure Cycle
en,https://en.beautyblossom.kr/45,5,h3,Converted to
en,https://en.beautyblossom.kr/45,6,h3,Heat Energy on Skin Surface
en,https://en.beautyblossom.kr/45,7,h3,Converted Heat Energy
en,https://en.beautyblossom.kr/45,8,h3,Coagulates Skin Tissue
en,https://en.beautyblossom.kr/45,9,h3,As Tissue Recovers
en,https://en.beautyblossom.kr/45,10,h3,Tissue Coagulation Effect
en,https://en.beautyblossom.kr/45,11,h3,Collagen Regeneration
en,https://en.beautyblossom.kr/45,12,h3,Continuous Improvement
en,https://en.beautyblossom.kr/45,13,h3,Global Standard Quality
en,https://en.beautyblossom.kr/45,14,h3,Authentic Products & Precise Dosage
en,https://en.beautyblossom.kr/45,15,h3,Customized Detail Care
en,https://en.beautyblossom.kr/45,16,h2,Frequently Asked Questions
en,https://en.beautyblossom.kr/45,17,h6,CONTACT
en,https://en.beautyblossom.kr/45,18,h6,LOCATION
en,https://en.beautyblossom.kr/45,19,h6,OFFICE HOUR
en,https://en.beautyblossom.kr/47,1,h3,Premium Hair Removal Equipment
en,https://en.beautyblossom.kr/47,2,h3,Strict Privacy Protection
en,https://en.beautyblossom.kr/47,3,h3,Smart Cooling for Skin Protection
en,https://en.beautyblossom.kr/47,4,h3,Personalized Laser Hair Removal
en,https://en.beautyblossom.kr/47,5,h3,HygienicNon-Contact Method
en,https://en.beautyblossom.kr/47,6,h3,PowerfulCooling Effect
en,https://en.beautyblossom.kr/47,7,h3,OptimizedCustom Energy Control
en,https://en.beautyblossom.kr/47,8,h3,Soft &Silky Skin
en,https://en.beautyblossom.kr/47,9,h3,Global Standard Quality
en,https://en.beautyblossom.kr/47,10,h3,Authentic Products & Precise Dosage
en,https://en.beautyblossom.kr/47,11,h3,Customized Detail Care
en,https://en.beautyblossom.kr/47,12,h2,Frequently Asked Questions
en,https://en.beautyblossom.kr/47,13,h6,CONTACT
en,https://en.beautyblossom.kr/47,14,h6,LOCATION
en,https://en.beautyblossom.kr/47,15,h6,OFFICE HOUR
en,https://en.beautyblossom.kr/48,1,h3,Premium Hair Removal Equipment
en,https://en.beautyblossom.kr/48,2,h3,Strict Privacy Protection
en,https://en.beautyblossom.kr/48,3,h3,Smart Cooling for Skin Protection
en,https://en.beautyblossom.kr/48,4,h3,Personalized Laser Hair Removal
en,https://en.beautyblossom.kr/48,5,h3,HygienicNon-Contact Method
en,https://en.beautyblossom.kr/48,6,h3,PowerfulCooling Effect
en,https://en.beautyblossom.kr/48,7,h3,OptimizedCustom Energy Control
en,https://en.beautyblossom.kr/48,8,h3,Soft &Silky Skin
en,https://en.beautyblossom.kr/48,9,h3,Global Standard Quality
en,https://en.beautyblossom.kr/48,10,h3,Authentic Products & Precise Dosage
en,https://en.beautyblossom.kr/48,11,h3,Customized Detail Care
en,https://en.beautyblossom.kr/48,12,h2,Frequently Asked Questions
en,https://en.beautyblossom.kr/48,13,h6,CONTACT
en,https://en.beautyblossom.kr/48,14,h6,LOCATION
en,https://en.beautyblossom.kr/48,15,h6,OFFICE HOUR
en,https://en.beautyblossom.kr/50,1,h3,DIAGNOSIS
en,https://en.beautyblossom.kr/50,2,h3,DESIGN
en,https://en.beautyblossom.kr/50,3,h3,TREATMENT
en,https://en.beautyblossom.kr/50,4,h3,CARE
en,https://en.beautyblossom.kr/50,5,h6,"Beyond Global Standards,"
en,https://en.beautyblossom.kr/50,6,h6,With Your Unique Criteria
en,https://en.beautyblossom.kr/50,7,h4,
en,https://en.beautyblossom.kr/50,8,h4,
en,https://en.beautyblossom.kr/50,9,h4,
en,https://en.beautyblossom.kr/50,10,h4,
en,https://en.beautyblossom.kr/50,11,h4,
en,https://en.beautyblossom.kr/50,12,h4,
en,https://en.beautyblossom.kr/50,13,h2,Frequently Asked Questions
en,https://en.beautyblossom.kr/50,14,h6,CONTACT
en,https://en.beautyblossom.kr/50,15,h6,LOCATION
en,https://en.beautyblossom.kr/50,16,h6,OFFICE HOUR
en,https://en.beautyblossom.kr/51,1,h3,Treatment Time
en,https://en.beautyblossom.kr/51,2,h3,Treatment Area
en,https://en.beautyblossom.kr/51,3,h3,Recovery Period
en,https://en.beautyblossom.kr/51,4,h3,Duration
en,https://en.beautyblossom.kr/51,5,h3,Calf Line
en,https://en.beautyblossom.kr/51,6,h3,Trapezius Improvement
en,https://en.beautyblossom.kr/51,7,h3,Upper Arm Line
en,https://en.beautyblossom.kr/51,8,h3,Thigh Line
en,https://en.beautyblossom.kr/51,9,h3,Flexible Dosage Selection
en,https://en.beautyblossom.kr/51,10,h3,No Area Restrictions
en,https://en.beautyblossom.kr/51,11,h3,Flexible Treatment Timing
en,https://en.beautyblossom.kr/51,12,h3,1:1 Consultation with Medical Professionals
en,https://en.beautyblossom.kr/51,13,h3,Safe and Genuine Treatment
en,https://en.beautyblossom.kr/51,14,h3,Global Standard Quality
en,https://en.beautyblossom.kr/51,15,h3,Authentic Products & Precise Dosage
en,https://en.beautyblossom.kr/51,16,h3,Customized Detail Care
en,https://en.beautyblossom.kr/51,17,h2,Frequently Asked Questions
en,https://en.beautyblossom.kr/51,18,h6,CONTACT
en,https://en.beautyblossom.kr/51,19,h6,LOCATION
en,https://en.beautyblossom.kr/51,20,h6,OFFICE HOUR
en,https://en.beautyblossom.kr/52,1,h3,Procedure Time
en,https://en.beautyblossom.kr/52,2,h3,Customized Design
en,https://en.beautyblossom.kr/52,3,h3,Recovery Period
en,https://en.beautyblossom.kr/52,4,h3,Duration
en,https://en.beautyblossom.kr/52,5,h3,Quick Procedure
en,https://en.beautyblossom.kr/52,6,h3,Customized Treatment
en,https://en.beautyblossom.kr/52,7,h3,Immediate Return
en,https://en.beautyblossom.kr/52,8,h6,Body Botox Effects
en,https://en.beautyblossom.kr/52,9,h3,Global Standard Quality
en,https://en.beautyblossom.kr/52,10,h3,Authentic Products & Precise Dosage
en,https://en.beautyblossom.kr/52,11,h3,Customized Detail Care
en,https://en.beautyblossom.kr/52,12,h2,Frequently Asked Questions
en,https://en.beautyblossom.kr/52,13,h6,CONTACT
en,https://en.beautyblossom.kr/52,14,h6,LOCATION
en,https://en.beautyblossom.kr/52,15,h6,OFFICE HOUR
en,https://en.beautyblossom.kr/53,1,h3,시술 시간
en,https://en.beautyblossom.kr/53,2,h3,마취 방법
en,https://en.beautyblossom.kr/53,3,h3,안전성
en,https://en.beautyblossom.kr/53,4,h3,회복 기간
en,https://en.beautyblossom.kr/53,5,h6,바디필러 효과
en,https://en.beautyblossom.kr/53,6,h3,글로벌 스탠다드 퀄리티
en,https://en.beautyblossom.kr/53,7,h3,정품・정량 철칙
en,https://en.beautyblossom.kr/53,8,h3,맞춤형 디테일 케어
en,https://en.beautyblossom.kr/53,9,h6,CONTACT
en,https://en.beautyblossom.kr/53,10,h6,LOCATION
en,https://en.beautyblossom.kr/53,11,h6,OFFICE HOUR
en,https://en.beautyblossom.kr/54,1,h3,Procedure Time
en,https://en.beautyblossom.kr/54,2,h3,Recommended Sessions
en,https://en.beautyblossom.kr/54,3,h3,Recovery Period
en,https://en.beautyblossom.kr/54,4,h3,Duration
en,https://en.beautyblossom.kr/54,5,h6,Body Beauty Fit
en,https://en.beautyblossom.kr/54,6,h6,Body Blossom Fit
en,https://en.beautyblossom.kr/54,7,h6,Body Beautify | Blossom Fit Injection Effect
en,https://en.beautyblossom.kr/54,8,h3,Global Standard Quality
en,https://en.beautyblossom.kr/54,9,h3,Authentic Products & Precise Dosage
en,https://en.beautyblossom.kr/54,10,h3,Customized Detail Care
en,https://en.beautyblossom.kr/54,11,h2,Frequently Asked Questions
en,https://en.beautyblossom.kr/54,12,h6,CONTACT
en,https://en.beautyblossom.kr/54,13,h6,LOCATION
en,https://en.beautyblossom.kr/54,14,h6,OFFICE HOUR
en,https://en.beautyblossom.kr/55,1,h3,Procedure Time
en,https://en.beautyblossom.kr/55,2,h3,Anesthesia
en,https://en.beautyblossom.kr/55,3,h3,Recovery Period
en,https://en.beautyblossom.kr/55,4,h3,Bruising/Bleeding
en,https://en.beautyblossom.kr/55,5,h6,Body Sculpting Injection Effects
en,https://en.beautyblossom.kr/55,6,h3,Fat & Muscle Reduction
en,https://en.beautyblossom.kr/55,7,h3,Quick Effect & Fast Recovery
en,https://en.beautyblossom.kr/55,8,h3,Diet Synergy Effect
en,https://en.beautyblossom.kr/55,9,h1,Body Specialized Treatment Guide
en,https://en.beautyblossom.kr/55,10,h3,Global Standard Quality
en,https://en.beautyblossom.kr/55,11,h3,Authentic Products & Precise Dosage
en,https://en.beautyblossom.kr/55,12,h3,Customized Detail Care
en,https://en.beautyblossom.kr/55,13,h2,Frequently Asked Questions
en,https://en.beautyblossom.kr/55,14,h6,CONTACT
en,https://en.beautyblossom.kr/55,15,h6,LOCATION
en,https://en.beautyblossom.kr/55,16,h6,OFFICE HOUR
en,https://en.beautyblossom.kr/56,1,h3,Microwave
en,https://en.beautyblossom.kr/56,2,h3,Cool Wave
en,https://en.beautyblossom.kr/56,3,h3,Procedure Time
en,https://en.beautyblossom.kr/56,4,h3,Recommended Cycle
en,https://en.beautyblossom.kr/56,5,h3,Collagen Production
en,https://en.beautyblossom.kr/56,6,h3,Fat Dissolution
en,https://en.beautyblossom.kr/56,7,h3,Skin Tightening
en,https://en.beautyblossom.kr/56,8,h3,Global Standard Quality
en,https://en.beautyblossom.kr/56,9,h3,Authentic Products & Precise Dosage
en,https://en.beautyblossom.kr/56,10,h3,Customized Detail Care
en,https://en.beautyblossom.kr/56,11,h2,Frequently Asked Questions
en,https://en.beautyblossom.kr/56,12,h6,CONTACT
en,https://en.beautyblossom.kr/56,13,h6,LOCATION
en,https://en.beautyblossom.kr/56,14,h6,OFFICE HOUR
en,https://en.beautyblossom.kr/57,1,h3,Procedure Time
en,https://en.beautyblossom.kr/57,2,h3,Anesthesia
en,https://en.beautyblossom.kr/57,3,h3,Recommended Cycle
en,https://en.beautyblossom.kr/57,4,h3,Maintenance Period
en,https://en.beautyblossom.kr/57,5,h6,Body Inmode Effects
en,https://en.beautyblossom.kr/57,6,h3,Selective Removal
en,https://en.beautyblossom.kr/57,7,h3,of Unnecessary Fat
en,https://en.beautyblossom.kr/57,8,h3,Body Line Correction
en,https://en.beautyblossom.kr/57,9,h3,Cellulite Improvement
en,https://en.beautyblossom.kr/57,10,h3,Increased Skin Elasticity
en,https://en.beautyblossom.kr/57,11,h3,Collagen Remodeling
en,https://en.beautyblossom.kr/57,12,h3,Safe Procedure
en,https://en.beautyblossom.kr/57,13,h3,Real-Time Temperature Check
en,https://en.beautyblossom.kr/57,14,h6,✓ Vacuum
en,https://en.beautyblossom.kr/57,15,h6,✓ Radio Frequency (RF) Energy
en,https://en.beautyblossom.kr/57,16,h6,✓ High Voltage Pulse (HVP)
en,https://en.beautyblossom.kr/57,17,h3,Global Standard Quality
en,https://en.beautyblossom.kr/57,18,h3,Authentic Products & Precise Dosage
en,https://en.beautyblossom.kr/57,19,h3,Customized Detail Care
en,https://en.beautyblossom.kr/57,20,h2,Frequently Asked Questions
en,https://en.beautyblossom.kr/57,21,h6,CONTACT
en,https://en.beautyblossom.kr/57,22,h6,LOCATION
en,https://en.beautyblossom.kr/57,23,h6,OFFICE HOUR
en,https://en.beautyblossom.kr/58,1,h3,Procedure Time
en,https://en.beautyblossom.kr/58,2,h3,Effect Onset
en,https://en.beautyblossom.kr/58,3,h3,Recovery Period
en,https://en.beautyblossom.kr/58,4,h3,Duration of Effect
en,https://en.beautyblossom.kr/58,5,h3,Sweat Reduction
en,https://en.beautyblossom.kr/58,6,h3,Sweat Control
en,https://en.beautyblossom.kr/58,7,h3,Maintains Skin Cleanliness
en,https://en.beautyblossom.kr/58,8,h3,Reduces Sweat Odor
en,https://en.beautyblossom.kr/58,9,h3,Simple Procedure
en,https://en.beautyblossom.kr/58,10,h3,Short Treatment Time
en,https://en.beautyblossom.kr/58,11,h3,Safe Treatment
en,https://en.beautyblossom.kr/58,12,h3,Minimized Side Effects
en,https://en.beautyblossom.kr/58,13,h3,Global Standard Quality
en,https://en.beautyblossom.kr/58,14,h3,Authentic Products & Precise Dosage
en,https://en.beautyblossom.kr/58,15,h3,Customized Detail Care
en,https://en.beautyblossom.kr/58,16,h2,Frequently Asked Questions
en,https://en.beautyblossom.kr/58,17,h6,CONTACT
en,https://en.beautyblossom.kr/58,18,h6,LOCATION
en,https://en.beautyblossom.kr/58,19,h6,OFFICE HOUR
en,https://en.beautyblossom.kr/60,1,h3,Skin Care
en,https://en.beautyblossom.kr/60,2,h3,Sebum Care
en,https://en.beautyblossom.kr/60,3,h3,Moisture Management
en,https://en.beautyblossom.kr/60,4,h3,Skin Regeneration
en,https://en.beautyblossom.kr/60,5,h6,Formula
en,https://en.beautyblossom.kr/60,6,h6,Skin Booster
en,https://en.beautyblossom.kr/60,7,h3,Global Standard Quality
en,https://en.beautyblossom.kr/60,8,h3,Authentic Products & Precise Dosage
en,https://en.beautyblossom.kr/60,9,h3,Customized Detail Care
en,https://en.beautyblossom.kr/60,10,h2,Frequently Asked Questions
en,https://en.beautyblossom.kr/60,11,h6,CONTACT
en,https://en.beautyblossom.kr/60,12,h6,LOCATION
en,https://en.beautyblossom.kr/60,13,h6,OFFICE HOUR
en,https://en.beautyblossom.kr/61,1,h3,Parallel Ultrasound
en,https://en.beautyblossom.kr/61,2,h3,Quadruple Frequency
en,https://en.beautyblossom.kr/61,3,h3,Collagen Production
en,https://en.beautyblossom.kr/61,4,h3,Enhanced Hydration
en,https://en.beautyblossom.kr/61,5,h3,V-Line Lifting
en,https://en.beautyblossom.kr/61,6,h3,Collagen Regeneration
en,https://en.beautyblossom.kr/61,7,h3,Skin Renewal
en,https://en.beautyblossom.kr/61,8,h3,Painless Treatment
en,https://en.beautyblossom.kr/61,9,h3,Global Standard Quality
en,https://en.beautyblossom.kr/61,10,h3,Authentic Products & Precise Dosage
en,https://en.beautyblossom.kr/61,11,h3,Customized Detail Care
en,https://en.beautyblossom.kr/61,12,h2,Frequently Asked Questions
en,https://en.beautyblossom.kr/61,13,h6,CONTACT
en,https://en.beautyblossom.kr/61,14,h6,LOCATION
en,https://en.beautyblossom.kr/61,15,h6,OFFICE HOUR
en,https://en.beautyblossom.kr/62,1,h3,Selective Treatment
en,https://en.beautyblossom.kr/62,2,h3,Acne Improvement
en,https://en.beautyblossom.kr/62,3,h3,Treatment Frequency
en,https://en.beautyblossom.kr/62,4,h3,Maintenance Duration
en,https://en.beautyblossom.kr/62,5,h3,Acne Improvement
en,https://en.beautyblossom.kr/62,6,h3,Sebum Control
en,https://en.beautyblossom.kr/62,7,h3,Pore Reduction
en,https://en.beautyblossom.kr/62,8,h3,Recurrence Prevention
en,https://en.beautyblossom.kr/62,9,h3,Global Standard Quality
en,https://en.beautyblossom.kr/62,10,h3,Authentic Products & Precise Dosage
en,https://en.beautyblossom.kr/62,11,h3,Customized Detail Care
en,https://en.beautyblossom.kr/62,12,h2,Frequently Asked Questions
en,https://en.beautyblossom.kr/62,13,h6,CONTACT
en,https://en.beautyblossom.kr/62,14,h6,LOCATION
en,https://en.beautyblossom.kr/62,15,h6,OFFICE HOUR
en,https://en.beautyblossom.kr/63,1,h3,Global Standard Quality
en,https://en.beautyblossom.kr/63,2,h3,Authentic Products & Precise Dosage
en,https://en.beautyblossom.kr/63,3,h3,Customized Detail Care
en,https://en.beautyblossom.kr/63,4,h6,CONTACT
en,https://en.beautyblossom.kr/63,5,h6,LOCATION
en,https://en.beautyblossom.kr/63,6,h6,OFFICE HOUR
en,https://en.beautyblossom.kr/64,1,h3,Low Irritation
en,https://en.beautyblossom.kr/64,2,h3,Nutrient Supply
en,https://en.beautyblossom.kr/64,3,h3,Treatment Time
en,https://en.beautyblossom.kr/64,4,h3,Recovery Time
en,https://en.beautyblossom.kr/64,5,h3,Natural Peeling
en,https://en.beautyblossom.kr/64,6,h3,Trouble Improvement
en,https://en.beautyblossom.kr/64,7,h3,Nutrient Supply
en,https://en.beautyblossom.kr/64,8,h3,Skin Regeneration
en,https://en.beautyblossom.kr/64,9,h3,Global Standard Quality
en,https://en.beautyblossom.kr/64,10,h3,Authentic Products & Precise Dosage
en,https://en.beautyblossom.kr/64,11,h3,Customized Detail Care
en,https://en.beautyblossom.kr/64,12,h2,Frequently Asked Questions
en,https://en.beautyblossom.kr/64,13,h6,CONTACT
en,https://en.beautyblossom.kr/64,14,h6,LOCATION
en,https://en.beautyblossom.kr/64,15,h6,OFFICE HOUR
en,https://en.beautyblossom.kr/65,1,h3,Low Irritation
en,https://en.beautyblossom.kr/65,2,h3,Solution
en,https://en.beautyblossom.kr/65,3,h3,Treatment Time
en,https://en.beautyblossom.kr/65,4,h3,Recovery Time
en,https://en.beautyblossom.kr/65,5,h3,Low-Irritation Peeling
en,https://en.beautyblossom.kr/65,6,h3,Pore Cleaning
en,https://en.beautyblossom.kr/65,7,h3,Moisture Supply
en,https://en.beautyblossom.kr/65,8,h3,Skin Soothing
en,https://en.beautyblossom.kr/65,9,h3,Global Standard Quality
en,https://en.beautyblossom.kr/65,10,h3,Authentic Products & Precise Dosage
en,https://en.beautyblossom.kr/65,11,h3,Customized Detail Care
en,https://en.beautyblossom.kr/65,12,h2,Frequently Asked Questions
en,https://en.beautyblossom.kr/65,13,h6,CONTACT
en,https://en.beautyblossom.kr/65,14,h6,LOCATION
en,https://en.beautyblossom.kr/65,15,h6,OFFICE HOUR
en,https://en.beautyblossom.kr/66,1,h3,Procedure Time
en,https://en.beautyblossom.kr/66,2,h3,Management Frequency
en,https://en.beautyblossom.kr/66,3,h3,Pain Level
en,https://en.beautyblossom.kr/66,4,h3,Recovery Time
en,https://en.beautyblossom.kr/66,5,h3,Deep Care
en,https://en.beautyblossom.kr/66,6,h3,Whitening Effect
en,https://en.beautyblossom.kr/66,7,h3,Elasticity Improvement
en,https://en.beautyblossom.kr/66,8,h3,Moisture Recharge
en,https://en.beautyblossom.kr/66,9,h3,Global Standard Quality
en,https://en.beautyblossom.kr/66,10,h3,Authentic Products & Precise Dosage
en,https://en.beautyblossom.kr/66,11,h3,Customized Detail Care
en,https://en.beautyblossom.kr/66,12,h2,Frequently Asked Questions
en,https://en.beautyblossom.kr/66,13,h6,CONTACT
en,https://en.beautyblossom.kr/66,14,h6,LOCATION
en,https://en.beautyblossom.kr/66,15,h6,OFFICE HOUR
en,https://en.beautyblossom.kr/67,1,h3,순환 개선
en,https://en.beautyblossom.kr/67,2,h3,심부 열효과
en,https://en.beautyblossom.kr/67,3,h3,면역 강화
en,https://en.beautyblossom.kr/67,4,h3,관리 주기
en,https://en.beautyblossom.kr/67,5,h3,붓기 개선
en,https://en.beautyblossom.kr/67,6,h3,탄력 강화
en,https://en.beautyblossom.kr/67,7,h3,피부 재생
en,https://en.beautyblossom.kr/67,8,h3,라인 개선
en,https://en.beautyblossom.kr/67,9,h3,글로벌 스탠다드 퀄리티
en,https://en.beautyblossom.kr/67,10,h3,정품・정량 철칙
en,https://en.beautyblossom.kr/67,11,h3,맞춤형 디테일 케어
en,https://en.beautyblossom.kr/67,12,h6,CONTACT
en,https://en.beautyblossom.kr/67,13,h6,LOCATION
en,https://en.beautyblossom.kr/67,14,h6,OFFICE HOUR
en,https://en.beautyblossom.kr/68,1,h3,Skin Soothing
en,https://en.beautyblossom.kr/68,2,h3,Hydration
en,https://en.beautyblossom.kr/68,3,h3,Barrier Strengthening
en,https://en.beautyblossom.kr/68,4,h3,Care Frequency
en,https://en.beautyblossom.kr/68,5,h3,Skin Soothing
en,https://en.beautyblossom.kr/68,6,h3,Moisture Enhancement
en,https://en.beautyblossom.kr/68,7,h3,Regeneration Effect
en,https://en.beautyblossom.kr/68,8,h3,Trouble Care
en,https://en.beautyblossom.kr/68,9,h3,Global Standard Quality
en,https://en.beautyblossom.kr/68,10,h3,Authentic Products & Precise Dosage
en,https://en.beautyblossom.kr/68,11,h3,Customized Detail Care
en,https://en.beautyblossom.kr/68,12,h2,Frequently Asked Questions
en,https://en.beautyblossom.kr/68,13,h6,CONTACT
en,https://en.beautyblossom.kr/68,14,h6,LOCATION
en,https://en.beautyblossom.kr/68,15,h6,OFFICE HOUR
en,https://en.beautyblossom.kr/69,1,h3,Professional Consultation
en,https://en.beautyblossom.kr/69,2,h3,Step-by-Step Management
en,https://en.beautyblossom.kr/69,3,h3,Prevention of Recurrence
en,https://en.beautyblossom.kr/69,4,h3,Treatment Period
en,https://en.beautyblossom.kr/69,5,h3,Inflammation Improvement
en,https://en.beautyblossom.kr/69,6,h3,Sebum Care
en,https://en.beautyblossom.kr/69,7,h3,Scar Prevention
en,https://en.beautyblossom.kr/69,8,h3,Recurrence Prevention
en,https://en.beautyblossom.kr/69,9,h3,Global Standard Quality
en,https://en.beautyblossom.kr/69,10,h3,Authentic Products & Precise Dosage
en,https://en.beautyblossom.kr/69,11,h3,Customized Detail Care
en,https://en.beautyblossom.kr/69,12,h2,Frequently Asked Questions
en,https://en.beautyblossom.kr/69,13,h6,CONTACT
en,https://en.beautyblossom.kr/69,14,h6,LOCATION
en,https://en.beautyblossom.kr/69,15,h6,OFFICE HOUR
en,https://en.beautyblossom.kr/71,1,h3,DIAGNOSIS
en,https://en.beautyblossom.kr/71,2,h3,DESIGN
en,https://en.beautyblossom.kr/71,3,h3,TREATMENT
en,https://en.beautyblossom.kr/71,4,h3,CARE
en,https://en.beautyblossom.kr/71,5,h6,"Beyond Global Standards,"
en,https://en.beautyblossom.kr/71,6,h6,With Your Unique Criteria
en,https://en.beautyblossom.kr/71,7,h4,
en,https://en.beautyblossom.kr/71,8,h4,
en,https://en.beautyblossom.kr/71,9,h4,
en,https://en.beautyblossom.kr/71,10,h2,Frequently Asked Questions
en,https://en.beautyblossom.kr/71,11,h6,CONTACT
en,https://en.beautyblossom.kr/71,12,h6,LOCATION
en,https://en.beautyblossom.kr/71,13,h6,OFFICE HOUR
en,https://en.beautyblossom.kr/72,1,h3,Procedure Time
en,https://en.beautyblossom.kr/72,2,h3,Anesthesia
en,https://en.beautyblossom.kr/72,3,h3,Recovery Period
en,https://en.beautyblossom.kr/72,4,h3,Area Selection
en,https://en.beautyblossom.kr/72,5,h6,✓ SFA TIP
en,https://en.beautyblossom.kr/72,6,h6,✓ DIAMOND TIP
en,https://en.beautyblossom.kr/72,7,h6,✓ DDR TIP
en,https://en.beautyblossom.kr/72,8,h3,Global Standard Quality
en,https://en.beautyblossom.kr/72,9,h3,Authentic Products & Precise Dosage
en,https://en.beautyblossom.kr/72,10,h3,Customized Detail Care
en,https://en.beautyblossom.kr/72,11,h2,Frequently Asked Questions
en,https://en.beautyblossom.kr/72,12,h6,CONTACT
en,https://en.beautyblossom.kr/72,13,h6,LOCATION
en,https://en.beautyblossom.kr/72,14,h6,OFFICE HOUR
en,https://en.beautyblossom.kr/73,1,h3,Energy Delivery
en,https://en.beautyblossom.kr/73,2,h3,Treatment Time
en,https://en.beautyblossom.kr/73,3,h3,Recovery Period
en,https://en.beautyblossom.kr/73,4,h3,Safety
en,https://en.beautyblossom.kr/73,5,h3,Selective Treatment
en,https://en.beautyblossom.kr/73,6,h3,Quick Recovery
en,https://en.beautyblossom.kr/73,7,h3,High Efficacy
en,https://en.beautyblossom.kr/73,8,h3,High Zone
en,https://en.beautyblossom.kr/73,9,h3,Low Zone
en,https://en.beautyblossom.kr/73,10,h3,Minimized Thermal Damage
en,https://en.beautyblossom.kr/73,11,h3,Short Downtime
en,https://en.beautyblossom.kr/73,12,h3,Lasting Skin Improvement
en,https://en.beautyblossom.kr/73,13,h3,Solving Various Skin Issues
en,https://en.beautyblossom.kr/73,14,h2,Pigmentation Improvement Solution
en,https://en.beautyblossom.kr/73,15,h1,PicoSure Toning
en,https://en.beautyblossom.kr/73,16,h2,Skin Regeneration Solution
en,https://en.beautyblossom.kr/73,17,h1,PicoFocus
en,https://en.beautyblossom.kr/73,18,h2,Precise Freckle and Spot Targeting
en,https://en.beautyblossom.kr/73,19,h1,PicoZoomPass
en,https://en.beautyblossom.kr/73,20,h2,Frequently Asked Questions
en,https://en.beautyblossom.kr/73,21,h3,Global Standard Quality
en,https://en.beautyblossom.kr/73,22,h3,Authentic Products & Precise Dosage
en,https://en.beautyblossom.kr/73,23,h3,Customized Detail Care
en,https://en.beautyblossom.kr/73,24,h6,CONTACT
en,https://en.beautyblossom.kr/73,25,h6,LOCATION
en,https://en.beautyblossom.kr/73,26,h6,OFFICE HOUR
en,https://en.beautyblossom.kr/74,1,h3,Affordable
en,https://en.beautyblossom.kr/74,2,h3,Treatment Time
en,https://en.beautyblossom.kr/74,3,h3,Pain Management
en,https://en.beautyblossom.kr/74,4,h3,Treatment Effect
en,https://en.beautyblossom.kr/74,5,h3,Low-Irritation Treatment
en,https://en.beautyblossom.kr/74,6,h3,Quick Removal
en,https://en.beautyblossom.kr/74,7,h3,Customized by Area
en,https://en.beautyblossom.kr/74,8,h3,Global Standard Quality
en,https://en.beautyblossom.kr/74,9,h3,Authentic Products & Precise Dosage
en,https://en.beautyblossom.kr/74,10,h3,Customized Detail Care
en,https://en.beautyblossom.kr/74,11,h2,Frequently Asked Questions
en,https://en.beautyblossom.kr/74,12,h6,CONTACT
en,https://en.beautyblossom.kr/74,13,h6,LOCATION
en,https://en.beautyblossom.kr/74,14,h6,OFFICE HOUR
en,https://en.beautyblossom.kr/75,1,h3,Treatment Time
en,https://en.beautyblossom.kr/75,2,h3,Anesthesia
en,https://en.beautyblossom.kr/75,3,h3,Recovery Period
en,https://en.beautyblossom.kr/75,4,h3,Treatment Effects
en,https://en.beautyblossom.kr/75,5,h3,Minimal Pain
en,https://en.beautyblossom.kr/75,6,h3,Fast Results
en,https://en.beautyblossom.kr/75,7,h3,Lower Acne Recurrence
en,https://en.beautyblossom.kr/75,8,h3,Sebum Control
en,https://en.beautyblossom.kr/75,9,h3,Global Standard Quality
en,https://en.beautyblossom.kr/75,10,h3,Authentic Products & Precise Dosage
en,https://en.beautyblossom.kr/75,11,h3,Customized Detail Care
en,https://en.beautyblossom.kr/75,12,h2,Frequently Asked Questions
en,https://en.beautyblossom.kr/75,13,h6,CONTACT
en,https://en.beautyblossom.kr/75,14,h6,LOCATION
en,https://en.beautyblossom.kr/75,15,h6,OFFICE HOUR
en,https://en.beautyblossom.kr/76,1,h3,Dual Wavelength
en,https://en.beautyblossom.kr/76,2,h3,Pain Management
en,https://en.beautyblossom.kr/76,3,h3,Treatment Effects
en,https://en.beautyblossom.kr/76,4,h3,Recovery Period
en,https://en.beautyblossom.kr/76,5,h3,Minimal Pain
en,https://en.beautyblossom.kr/76,6,h3,Fast Results
en,https://en.beautyblossom.kr/76,7,h3,Acne Pigmentation Improvement
en,https://en.beautyblossom.kr/76,8,h3,No Downtime
en,https://en.beautyblossom.kr/76,9,h3,Global Standard Quality
en,https://en.beautyblossom.kr/76,10,h3,Authentic Products & Precise Dosage
en,https://en.beautyblossom.kr/76,11,h3,Customized Detail Care
en,https://en.beautyblossom.kr/76,12,h2,Frequently Asked Questions
en,https://en.beautyblossom.kr/76,13,h6,CONTACT
en,https://en.beautyblossom.kr/76,14,h6,LOCATION
en,https://en.beautyblossom.kr/76,15,h6,OFFICE HOUR
en,https://en.beautyblossom.kr/99,1,h4,
en,https://en.beautyblossom.kr/99,2,h4,
en,https://en.beautyblossom.kr/99,3,h4,
en,https://en.beautyblossom.kr/99,4,h3,Global Standard Quality
en,https://en.beautyblossom.kr/99,5,h3,Authentic Products & Precise Dosage
en,https://en.beautyblossom.kr/99,6,h3,Customized Detail Care
en,https://en.beautyblossom.kr/99,7,h2,Frequently Asked Questions
en,https://en.beautyblossom.kr/99,8,h6,CONTACT
en,https://en.beautyblossom.kr/99,9,h6,LOCATION
en,https://en.beautyblossom.kr/99,10,h6,OFFICE HOUR
en,https://en.beautyblossom.kr/LDM,1,h3,Treatment Time
en,https://en.beautyblossom.kr/LDM,2,h3,Anesthesia
en,https://en.beautyblossom.kr/LDM,3,h3,Recovery Period
en,https://en.beautyblossom.kr/LDM,4,h3,Effect Duration
en,https://en.beautyblossom.kr/LDM,5,h3,Global Standard Quality
en,https://en.beautyblossom.kr/LDM,6,h3,Authentic Products & Precise Dosage
en,https://en.beautyblossom.kr/LDM,7,h3,Customized Detail Care
en,https://en.beautyblossom.kr/LDM,8,h2,Frequently Asked Questions
en,https://en.beautyblossom.kr/LDM,9,h6,CONTACT
en,https://en.beautyblossom.kr/LDM,10,h6,LOCATION
en,https://en.beautyblossom.kr/LDM,11,h6,OFFICE HOUR
en,https://en.beautyblossom.kr/Sculptra,1,h3,Procedure Time
en,https://en.beautyblossom.kr/Sculptra,2,h3,Anesthesia
en,https://en.beautyblossom.kr/Sculptra,3,h3,Recovery Period
en,https://en.beautyblossom.kr/Sculptra,4,h3,Effect Duration
en,https://en.beautyblossom.kr/Sculptra,5,h3,Gradual Volume Restoration
en,https://en.beautyblossom.kr/Sculptra,6,h3,Improved Skin Elasticity
en,https://en.beautyblossom.kr/Sculptra,7,h3,Long-Lasting Results
en,https://en.beautyblossom.kr/Sculptra,8,h3,Proven Safety
en,https://en.beautyblossom.kr/Sculptra,9,h3,Wide Application Areas
en,https://en.beautyblossom.kr/Sculptra,10,h3,Natural Transformation
en,https://en.beautyblossom.kr/Sculptra,11,h3,Global Standard Quality
en,https://en.beautyblossom.kr/Sculptra,12,h3,Authentic Products & Precise Dosage
en,https://en.beautyblossom.kr/Sculptra,13,h3,Customized Detail Care
en,https://en.beautyblossom.kr/Sculptra,14,h2,Frequently Asked Questions
en,https://en.beautyblossom.kr/Sculptra,15,h6,CONTACT
en,https://en.beautyblossom.kr/Sculptra,16,h6,LOCATION
en,https://en.beautyblossom.kr/Sculptra,17,h6,OFFICE HOUR
en,https://en.beautyblossom.kr/XERF,1,h1,Fit theDepth.XERF
en,https://en.beautyblossom.kr/XERF,2,h2,Meet the instrumentof depth.
en,https://en.beautyblossom.kr/XERF,3,h2,Two frequenciesflow into the skin|
en,https://en.beautyblossom.kr/XERF,4,h2,Multi-depth deliveryfrom a single device
en,https://en.beautyblossom.kr/XERF,5,h2,"Four effectors,four textures"
en,https://en.beautyblossom.kr/XERF,6,h2,"When you think deepabout RF,say XERF"
en,https://en.beautyblossom.kr/XERF,7,h2,Fit myMoment.
en,https://en.beautyblossom.kr/XERF,8,h3,Treatment Guide
en,https://en.beautyblossom.kr/XERF,9,h6,CONTACT
en,https://en.beautyblossom.kr/XERF,10,h6,LOCATION
en,https://en.beautyblossom.kr/XERF,11,h6,OFFICE HOUR
en,https://en.beautyblossom.kr/alltite,1,h1,LIFT & TIGHTENLift & Tightenwith Alltite
en,https://en.beautyblossom.kr/alltite,2,h2,Immediate Lifting for Sagging Skin
en,https://en.beautyblossom.kr/alltite,3,h2,IntroducingDLTD® Technology
en,https://en.beautyblossom.kr/alltite,4,h3,17× energy
en,https://en.beautyblossom.kr/alltite,5,h3,Focused dielectric heating
en,https://en.beautyblossom.kr/alltite,6,h3,Cooling technology
en,https://en.beautyblossom.kr/alltite,7,h2,Protect the Surface.Target the Depth.
en,https://en.beautyblossom.kr/alltite,8,h2,Focused Energy at the Lower Dermis
en,https://en.beautyblossom.kr/alltite,9,h4,Energy Loss in Superficial Layers
en,https://en.beautyblossom.kr/alltite,10,h4,Concentrated Energy at the Lower Dermis
en,https://en.beautyblossom.kr/alltite,11,h2,Alltite effects
en,https://en.beautyblossom.kr/alltite,12,h3,Immediate Lifting Effect
en,https://en.beautyblossom.kr/alltite,13,h3,Comfortable Treatment & Minimal Downtime
en,https://en.beautyblossom.kr/alltite,14,h3,Enhanced Lifting Performance
en,https://en.beautyblossom.kr/alltite,15,h3,Improves Skin Firmness
en,https://en.beautyblossom.kr/alltite,16,h2,Precisely engineered equipment
en,https://en.beautyblossom.kr/alltite,17,h2,Customized Lifting for Every Area
en,https://en.beautyblossom.kr/alltite,18,h2,What's the Difference?
en,https://en.beautyblossom.kr/alltite,19,h2,Lift & Tighten with Alltite
en,https://en.beautyblossom.kr/alltite,20,h2,#Treatment AreaRight where you're concerned
en,https://en.beautyblossom.kr/alltite,21,h2,Customized for Your Concerns
en,https://en.beautyblossom.kr/alltite,22,h2,#RecommendedWho Is It For?
en,https://en.beautyblossom.kr/alltite,23,h2,Treatment info at a glance
en,https://en.beautyblossom.kr/alltite,24,h2,Frequently Asked Questions
en,https://en.beautyblossom.kr/alltite,25,h6,CONTACT
en,https://en.beautyblossom.kr/alltite,26,h6,LOCATION
en,https://en.beautyblossom.kr/alltite,27,h6,OFFICE HOUR
en,https://en.beautyblossom.kr/dca-injection,1,h1,"A New
				Standard
				in
				Fat Cell
				Reduction"
en,https://en.beautyblossom.kr/dca-injection,2,h2,Struggling witha stubborn double chin?
en,https://en.beautyblossom.kr/dca-injection,3,h3,Genetics
en,https://en.beautyblossom.kr/dca-injection,4,h3,Weight gain
en,https://en.beautyblossom.kr/dca-injection,5,h3,Aging & Other Factors
en,https://en.beautyblossom.kr/dca-injection,6,h2,What is VIVLE (DCA) Injection?
en,https://en.beautyblossom.kr/dca-injection,7,h2,Why Choose DCA?
en,https://en.beautyblossom.kr/dca-injection,8,h3,Long-lasting fat-cell removal
en,https://en.beautyblossom.kr/dca-injection,9,h3,Supports Collagen & Skin Firmness
en,https://en.beautyblossom.kr/dca-injection,10,h3,Steroid-Free
en,https://en.beautyblossom.kr/dca-injection,11,h3,"FDA-approved, verified ingredient"
en,https://en.beautyblossom.kr/dca-injection,12,h2,How DCA Works
en,https://en.beautyblossom.kr/dca-injection,13,h4,Binds to Fat Cell Membranes
en,https://en.beautyblossom.kr/dca-injection,14,h4,Membrane breakdown
en,https://en.beautyblossom.kr/dca-injection,15,h4,Fat removal + collagen
en,https://en.beautyblossom.kr/dca-injection,16,h2,"Fat breakdown VS fat-cell reduction,what's the difference?"
en,https://en.beautyblossom.kr/dca-injection,17,h3,Fat-dissolving injection
en,https://en.beautyblossom.kr/dca-injection,18,h3,Fat-cell reduction injection (DCA)
en,https://en.beautyblossom.kr/dca-injection,19,h2,Treatment Timeline
en,https://en.beautyblossom.kr/dca-injection,20,h2,VIVLE DCA Injection
en,https://en.beautyblossom.kr/dca-injection,21,h2,Treatment info at a glance
en,https://en.beautyblossom.kr/dca-injection,22,h2,Before & After
en,https://en.beautyblossom.kr/dca-injection,23,h2,Recommended for
en,https://en.beautyblossom.kr/dca-injection,24,h3,Those with fat only under the chin
en,https://en.beautyblossom.kr/dca-injection,25,h3,Those with a blurred jaw-neck line
en,https://en.beautyblossom.kr/dca-injection,26,h3,Those whose impression looks dull
en,https://en.beautyblossom.kr/dca-injection,27,h3,Those afraid of surgery
en,https://en.beautyblossom.kr/dca-injection,28,h3,Those looking for a verified ingredient
en,https://en.beautyblossom.kr/dca-injection,29,h3,Those wanting short downtime
en,https://en.beautyblossom.kr/dca-injection,30,h2,Aftercare Instructions
en,https://en.beautyblossom.kr/dca-injection,31,h2,Frequently Asked Questions
en,https://en.beautyblossom.kr/dca-injection,32,h6,CONTACT
en,https://en.beautyblossom.kr/dca-injection,33,h6,LOCATION
en,https://en.beautyblossom.kr/dca-injection,34,h6,OFFICE HOUR
en,https://en.beautyblossom.kr/diet-injection,1,h1,"NUVIJU

The world's first fat-dissolving injection formulated with , designed with a body-friendly pH for double chin fat reduction."
en,https://en.beautyblossom.kr/diet-injection,2,h2,Choose more than just a fat-dissolving injection—choose the active ingredient.
en,https://en.beautyblossom.kr/diet-injection,3,h2,We recommend it for
en,https://en.beautyblossom.kr/diet-injection,4,h3,Those concerned about a double chin
en,https://en.beautyblossom.kr/diet-injection,5,h3,Those whose double chin remains despite weight loss
en,https://en.beautyblossom.kr/diet-injection,6,h3,Those whose concerned about pain or discomfort
en,https://en.beautyblossom.kr/diet-injection,7,h3,Those looking for a quick return to daily activities
en,https://en.beautyblossom.kr/diet-injection,8,h2,Cholic Acid Targets and Eliminates Fat Cells
en,https://en.beautyblossom.kr/diet-injection,9,h4,Submental fat cells
en,https://en.beautyblossom.kr/diet-injection,10,h4,Fat cells dissolve
en,https://en.beautyblossom.kr/diet-injection,11,h4,Naturally Eliminated
en,https://en.beautyblossom.kr/diet-injection,12,h4,A defined jawline
en,https://en.beautyblossom.kr/diet-injection,13,h2,"The change, in numbers"
en,https://en.beautyblossom.kr/diet-injection,14,h2,"The jawline, before and after"
en,https://en.beautyblossom.kr/diet-injection,15,h2,Dissolves Fat. Designed for Comfort.
en,https://en.beautyblossom.kr/diet-injection,16,h2,Most Swelling and Bruising Resolve Within One Week
en,https://en.beautyblossom.kr/diet-injection,17,h2,Designed with a Physiological pH for Greater Comfort
en,https://en.beautyblossom.kr/diet-injection,18,h2,Frequently asked questions
en,https://en.beautyblossom.kr/diet-injection,19,h2,Aftercare Instructions
en,https://en.beautyblossom.kr/diet-injection,20,h4,Apply Cold Compresses
en,https://en.beautyblossom.kr/diet-injection,21,h4,Avoid strong pressure or massage
en,https://en.beautyblossom.kr/diet-injection,22,h4,"Avoid Saunas, Alcohol, and Intense Exercise on the Day of Treatment"
en,https://en.beautyblossom.kr/diet-injection,23,h4,Consult your doctor if anything seems unusual
en,https://en.beautyblossom.kr/diet-injection,24,h6,CONTACT
en,https://en.beautyblossom.kr/diet-injection,25,h6,LOCATION
en,https://en.beautyblossom.kr/diet-injection,26,h6,OFFICE HOUR
en,https://en.beautyblossom.kr/fortra-quattro,1,h1,FORTRAQUATTRO
en,https://en.beautyblossom.kr/fortra-quattro,2,h2,A 4-Wavelength Upgrade to Traditional3-Wavelength Titanium Lifting
en,https://en.beautyblossom.kr/fortra-quattro,3,h2,Four Wavelengths. Four Skin Layers.
en,https://en.beautyblossom.kr/fortra-quattro,4,h2,Deeper. More Comfortable.
en,https://en.beautyblossom.kr/fortra-quattro,5,h4,Enhanced with 940 nm
en,https://en.beautyblossom.kr/fortra-quattro,6,h4,Advanced Contact Cooling
en,https://en.beautyblossom.kr/fortra-quattro,7,h4,Large Treatment Area
en,https://en.beautyblossom.kr/fortra-quattro,8,h2,Two Modes.Tailored Energy Delivery.
en,https://en.beautyblossom.kr/fortra-quattro,9,h3,Intensive
en,https://en.beautyblossom.kr/fortra-quattro,10,h3,Dynamic
en,https://en.beautyblossom.kr/fortra-quattro,11,h2,Four Benefitsin One Treatment
en,https://en.beautyblossom.kr/fortra-quattro,12,h4,Lifting sagging skin
en,https://en.beautyblossom.kr/fortra-quattro,13,h4,Tightening · Wrinkles
en,https://en.beautyblossom.kr/fortra-quattro,14,h4,Brighter Skin · Refined Pores
en,https://en.beautyblossom.kr/fortra-quattro,15,h4,V-line refinement
en,https://en.beautyblossom.kr/fortra-quattro,16,h2,Who It's For
en,https://en.beautyblossom.kr/fortra-quattro,17,h2,Beauty Blossom's Signature Lifting Design
en,https://en.beautyblossom.kr/fortra-quattro,18,h4,1:1 Custom Parameter Design
en,https://en.beautyblossom.kr/fortra-quattro,19,h4,Customized Combination Treatments
en,https://en.beautyblossom.kr/fortra-quattro,20,h4,Post-Treatment Aftercare
en,https://en.beautyblossom.kr/fortra-quattro,21,h2,Aftercare Instructions
en,https://en.beautyblossom.kr/fortra-quattro,22,h2,Frequently Asked Questions
en,https://en.beautyblossom.kr/fortra-quattro,23,h6,CONTACT
en,https://en.beautyblossom.kr/fortra-quattro,24,h6,LOCATION
en,https://en.beautyblossom.kr/fortra-quattro,25,h6,OFFICE HOUR
en,https://en.beautyblossom.kr/hilo-wave,1,h1,"WAVE into your skinA New Standard for Transforming Your Skin Environment, HILO WAVE"
en,https://en.beautyblossom.kr/hilo-wave,2,h2,The Collagen Injection That Helps Improve Skin QualityHILO WAVE
en,https://en.beautyblossom.kr/hilo-wave,3,h2,"Through ‘Regulation,’ Not StimulationTransforming the Skin Environment"
en,https://en.beautyblossom.kr/hilo-wave,4,h2,HILO WAVE Benefits
en,https://en.beautyblossom.kr/hilo-wave,5,h4,Bio-Stimulation
en,https://en.beautyblossom.kr/hilo-wave,6,h4,Antioxidant & Anti-inflammatory
en,https://en.beautyblossom.kr/hilo-wave,7,h4,Firmness & Tone
en,https://en.beautyblossom.kr/hilo-wave,8,h4,Anti-fibrosis
en,https://en.beautyblossom.kr/hilo-wave,9,h2,Minimized Pain & Downtime
en,https://en.beautyblossom.kr/hilo-wave,10,h3,Minimized Side Effects
en,https://en.beautyblossom.kr/hilo-wave,11,h3,Minimized Discomfort
en,https://en.beautyblossom.kr/hilo-wave,12,h3,Minimal Downtime
en,https://en.beautyblossom.kr/hilo-wave,13,h2,Treatment Info at a Glance
en,https://en.beautyblossom.kr/hilo-wave,14,h2,HILO WAVE Key Points
en,https://en.beautyblossom.kr/hilo-wave,15,h3,"More HA, Less Crosslinking"
en,https://en.beautyblossom.kr/hilo-wave,16,h3,Diffusion + Retention
en,https://en.beautyblossom.kr/hilo-wave,17,h3,Skin Quality + Volume
en,https://en.beautyblossom.kr/hilo-wave,18,h3,EBD Combination
en,https://en.beautyblossom.kr/hilo-wave,19,h2,Skin Regeneration Backed by Scientific Evidence
en,https://en.beautyblossom.kr/hilo-wave,20,h2,Who It’sRecommended For
en,https://en.beautyblossom.kr/hilo-wave,21,h2,Aftercare Instructions
en,https://en.beautyblossom.kr/hilo-wave,22,h2,Frequently Asked Questions
en,https://en.beautyblossom.kr/hilo-wave,23,h6,CONTACT
en,https://en.beautyblossom.kr/hilo-wave,24,h6,LOCATION
en,https://en.beautyblossom.kr/hilo-wave,25,h6,OFFICE HOUR
en,https://en.beautyblossom.kr/home,1,h6,"Brightening Your Day,"
en,https://en.beautyblossom.kr/home,2,h6,"Brightening Your Day,"
en,https://en.beautyblossom.kr/home,3,h6,"Brightening Your Day,"
en,https://en.beautyblossom.kr/home,4,h6,"Brightening Your Day,"
en,https://en.beautyblossom.kr/home,5,h6,"Brightening Your Day,"
en,https://en.beautyblossom.kr/home,6,h6,"Brightening Your Day,"
en,https://en.beautyblossom.kr/home,7,h6,"Brightening Your Day,"
en,https://en.beautyblossom.kr/home,8,h6,"Brightening Your Day,"
en,https://en.beautyblossom.kr/home,9,h6,"Brightening Your Day,"
en,https://en.beautyblossom.kr/home,10,h6,"Brightening Your Day,"
en,https://en.beautyblossom.kr/home,11,h6,Beauty Blossom EVENTS
en,https://en.beautyblossom.kr/home,12,h4,
en,https://en.beautyblossom.kr/home,13,h4,
en,https://en.beautyblossom.kr/home,14,h4,
en,https://en.beautyblossom.kr/home,15,h4,
en,https://en.beautyblossom.kr/home,16,h4,
en,https://en.beautyblossom.kr/home,17,h4,
en,https://en.beautyblossom.kr/home,18,h4,
en,https://en.beautyblossom.kr/home,19,h4,
en,https://en.beautyblossom.kr/home,20,h4,
en,https://en.beautyblossom.kr/home,21,h4,
en,https://en.beautyblossom.kr/home,22,h4,
en,https://en.beautyblossom.kr/home,23,h4,
en,https://en.beautyblossom.kr/home,24,h4,
en,https://en.beautyblossom.kr/home,25,h4,
en,https://en.beautyblossom.kr/home,26,h4,
en,https://en.beautyblossom.kr/home,27,h4,
en,https://en.beautyblossom.kr/home,28,h4,
en,https://en.beautyblossom.kr/home,29,h4,
en,https://en.beautyblossom.kr/home,30,h4,
en,https://en.beautyblossom.kr/home,31,h4,
en,https://en.beautyblossom.kr/home,32,h4,
en,https://en.beautyblossom.kr/home,33,h4,
en,https://en.beautyblossom.kr/home,34,h4,
en,https://en.beautyblossom.kr/home,35,h4,
en,https://en.beautyblossom.kr/home,36,h4,
en,https://en.beautyblossom.kr/home,37,h4,
en,https://en.beautyblossom.kr/home,38,h4,
en,https://en.beautyblossom.kr/home,39,h4,
en,https://en.beautyblossom.kr/home,40,h4,
en,https://en.beautyblossom.kr/home,41,h4,
en,https://en.beautyblossom.kr/home,42,h4,
en,https://en.beautyblossom.kr/home,43,h4,
en,https://en.beautyblossom.kr/home,44,h4,
en,https://en.beautyblossom.kr/home,45,h4,
en,https://en.beautyblossom.kr/home,46,h4,
en,https://en.beautyblossom.kr/home,47,h4,
en,https://en.beautyblossom.kr/home,48,h6,Beauty Blossom Youtube
en,https://en.beautyblossom.kr/home,49,h4,
en,https://en.beautyblossom.kr/home,50,h4,
en,https://en.beautyblossom.kr/home,51,h4,
en,https://en.beautyblossom.kr/home,52,h4,
en,https://en.beautyblossom.kr/home,53,h4,
en,https://en.beautyblossom.kr/home,54,h4,
en,https://en.beautyblossom.kr/home,55,h4,
en,https://en.beautyblossom.kr/home,56,h4,
en,https://en.beautyblossom.kr/home,57,h4,
en,https://en.beautyblossom.kr/home,58,h4,
en,https://en.beautyblossom.kr/home,59,h4,
en,https://en.beautyblossom.kr/home,60,h4,
en,https://en.beautyblossom.kr/home,61,h4,
en,https://en.beautyblossom.kr/home,62,h4,
en,https://en.beautyblossom.kr/home,63,h4,
en,https://en.beautyblossom.kr/home,64,h4,
en,https://en.beautyblossom.kr/home,65,h4,
en,https://en.beautyblossom.kr/home,66,h4,
en,https://en.beautyblossom.kr/home,67,h4,
en,https://en.beautyblossom.kr/home,68,h4,
en,https://en.beautyblossom.kr/home,69,h4,
en,https://en.beautyblossom.kr/home,70,h4,
en,https://en.beautyblossom.kr/home,71,h4,
en,https://en.beautyblossom.kr/home,72,h4,
en,https://en.beautyblossom.kr/home,73,h4,
en,https://en.beautyblossom.kr/home,74,h4,
en,https://en.beautyblossom.kr/home,75,h4,
en,https://en.beautyblossom.kr/home,76,h4,
en,https://en.beautyblossom.kr/home,77,h4,
en,https://en.beautyblossom.kr/home,78,h4,
en,https://en.beautyblossom.kr/home,79,h6,Beauty Blossom Media & Stars
en,https://en.beautyblossom.kr/home,80,h4,
en,https://en.beautyblossom.kr/home,81,h4,
en,https://en.beautyblossom.kr/home,82,h4,
en,https://en.beautyblossom.kr/home,83,h4,
en,https://en.beautyblossom.kr/home,84,h4,
en,https://en.beautyblossom.kr/home,85,h4,
en,https://en.beautyblossom.kr/home,86,h4,
en,https://en.beautyblossom.kr/home,87,h4,
en,https://en.beautyblossom.kr/home,88,h4,
en,https://en.beautyblossom.kr/home,89,h4,
en,https://en.beautyblossom.kr/home,90,h4,
en,https://en.beautyblossom.kr/home,91,h4,
en,https://en.beautyblossom.kr/home,92,h4,
en,https://en.beautyblossom.kr/home,93,h6,"We design your own beauty,with a delicate touch that understands your skin."
en,https://en.beautyblossom.kr/home,94,h6,Complete your unique beautywith global standard dermatology solutions.
en,https://en.beautyblossom.kr/home,95,h6,"We design your own beauty,with a delicate touch that understands your skin."
en,https://en.beautyblossom.kr/home,96,h6,Complete your unique beautywith global standard dermatology solutions.
en,https://en.beautyblossom.kr/home,97,h6,Beauty Blossom Signature
en,https://en.beautyblossom.kr/home,98,h2,Vumakase Lifting
en,https://en.beautyblossom.kr/home,99,h2,Vumakase Pigment
en,https://en.beautyblossom.kr/home,100,h2,Vumakase Body
en,https://en.beautyblossom.kr/home,101,h2,Skin Care
en,https://en.beautyblossom.kr/home,102,h2,Petit
en,https://en.beautyblossom.kr/home,103,h4,
en,https://en.beautyblossom.kr/home,104,h4,
en,https://en.beautyblossom.kr/home,105,h4,
en,https://en.beautyblossom.kr/home,106,h4,
en,https://en.beautyblossom.kr/home,107,h4,
en,https://en.beautyblossom.kr/home,108,h6,Beauty Blossom Space
en,https://en.beautyblossom.kr/home,109,h4,
en,https://en.beautyblossom.kr/home,110,h4,
en,https://en.beautyblossom.kr/home,111,h4,
en,https://en.beautyblossom.kr/home,112,h4,
en,https://en.beautyblossom.kr/home,113,h4,
en,https://en.beautyblossom.kr/home,114,h4,
en,https://en.beautyblossom.kr/home,115,h4,
en,https://en.beautyblossom.kr/home,116,h4,
en,https://en.beautyblossom.kr/home,117,h4,
en,https://en.beautyblossom.kr/home,118,h4,
en,https://en.beautyblossom.kr/home,119,h4,
en,https://en.beautyblossom.kr/home,120,h4,
en,https://en.beautyblossom.kr/home,121,h4,
en,https://en.beautyblossom.kr/home,122,h4,
en,https://en.beautyblossom.kr/home,123,h4,
en,https://en.beautyblossom.kr/home,124,h4,
en,https://en.beautyblossom.kr/home,125,h4,
en,https://en.beautyblossom.kr/home,126,h4,
en,https://en.beautyblossom.kr/home,127,h4,
en,https://en.beautyblossom.kr/home,128,h4,
en,https://en.beautyblossom.kr/home,129,h4,
en,https://en.beautyblossom.kr/home,130,h4,
en,https://en.beautyblossom.kr/home,131,h4,
en,https://en.beautyblossom.kr/home,132,h4,
en,https://en.beautyblossom.kr/home,133,h4,
en,https://en.beautyblossom.kr/home,134,h4,
en,https://en.beautyblossom.kr/home,135,h4,
en,https://en.beautyblossom.kr/home,136,h4,
en,https://en.beautyblossom.kr/home,137,h4,
en,https://en.beautyblossom.kr/home,138,h4,
en,https://en.beautyblossom.kr/home,139,h4,
en,https://en.beautyblossom.kr/home,140,h4,
en,https://en.beautyblossom.kr/home,141,h4,
en,https://en.beautyblossom.kr/home,142,h4,
en,https://en.beautyblossom.kr/home,143,h4,
en,https://en.beautyblossom.kr/home,144,h4,
en,https://en.beautyblossom.kr/home,145,h4,
en,https://en.beautyblossom.kr/home,146,h4,
en,https://en.beautyblossom.kr/home,147,h4,
en,https://en.beautyblossom.kr/home,148,h4,
en,https://en.beautyblossom.kr/home,149,h4,
en,https://en.beautyblossom.kr/home,150,h4,
en,https://en.beautyblossom.kr/home,151,h6,Beauty Blossom HIGHLIGHT
en,https://en.beautyblossom.kr/home,152,h6,CONTACT
en,https://en.beautyblossom.kr/home,153,h6,LOCATION
en,https://en.beautyblossom.kr/home,154,h6,OFFICE HOUR
en,https://en.beautyblossom.kr/re2o,1,h1,Skin toSkin.Re2O
en,https://en.beautyblossom.kr/re2o,2,h2,Restoring the lostmaterials of the dermis
en,https://en.beautyblossom.kr/re2o,3,h4,Collagen
en,https://en.beautyblossom.kr/re2o,4,h4,Elastin
en,https://en.beautyblossom.kr/re2o,5,h4,GAG incl. Hyaluronic Acid
en,https://en.beautyblossom.kr/re2o,6,h4,Other ECM Components
en,https://en.beautyblossom.kr/re2o,7,h2,ECMpenetratesinto the skin
en,https://en.beautyblossom.kr/re2o,8,h2,From induction todirect replenishment
en,https://en.beautyblossom.kr/re2o,9,h2,"One Treatment,10 Changes"
en,https://en.beautyblossom.kr/re2o,10,h2,"One Material,Two Densities"
en,https://en.beautyblossom.kr/re2o,11,h2,Replenishingyour skin withits true essence
en,https://en.beautyblossom.kr/re2o,12,h6,CONTACT
en,https://en.beautyblossom.kr/re2o,13,h6,LOCATION
en,https://en.beautyblossom.kr/re2o,14,h6,OFFICE HOUR
en,https://en.beautyblossom.kr/retaining-ligament-lift,1,h1,Rebuild YourFacial Foundation
en,https://en.beautyblossom.kr/retaining-ligament-lift,2,h2,Retaining Ligament Lift
en,https://en.beautyblossom.kr/retaining-ligament-lift,3,h2,Why Retaining Ligament Lift
en,https://en.beautyblossom.kr/retaining-ligament-lift,4,h2,"Why Do Some Areas
				Sink In,
				While Others Bulge Out?"
en,https://en.beautyblossom.kr/retaining-ligament-lift,5,h2,How It Works
en,https://en.beautyblossom.kr/retaining-ligament-lift,6,h2,Targeting the Retaining Ligaments That Support the Face
en,https://en.beautyblossom.kr/retaining-ligament-lift,7,h2,The Results You'll Notice
en,https://en.beautyblossom.kr/retaining-ligament-lift,8,h2,Frequently Asked Questions
en,https://en.beautyblossom.kr/retaining-ligament-lift,9,h2,"Your facial structure,
			Redefined by Beauty Blossom"
en,https://en.beautyblossom.kr/retaining-ligament-lift,10,h6,CONTACT
en,https://en.beautyblossom.kr/retaining-ligament-lift,11,h6,LOCATION
en,https://en.beautyblossom.kr/retaining-ligament-lift,12,h6,OFFICE HOUR
en,https://en.beautyblossom.kr/skinvive,1,h1,Hyaluronic Acid Injected Directly into the Skin
en,https://en.beautyblossom.kr/skinvive,2,h2,Hyaluronic AcidDecreases with Age
en,https://en.beautyblossom.kr/skinvive,3,h2,What is SKINVIVE?
en,https://en.beautyblossom.kr/skinvive,4,h2,Why Choose SKINVIVE?
en,https://en.beautyblossom.kr/skinvive,5,h3,Lasts Up to 6 Months
en,https://en.beautyblossom.kr/skinvive,6,h3,FDA-Approved HA Injectable
en,https://en.beautyblossom.kr/skinvive,7,h3,Comfortable Treatment
en,https://en.beautyblossom.kr/skinvive,8,h3,Minimal Downtime
en,https://en.beautyblossom.kr/skinvive,9,h2,SKINVIVE Benefits
en,https://en.beautyblossom.kr/skinvive,10,h2,Clinically Proven Results
en,https://en.beautyblossom.kr/skinvive,11,h4,ASRS Response Rate
en,https://en.beautyblossom.kr/skinvive,12,h4,AFLS Response Rate
en,https://en.beautyblossom.kr/skinvive,13,h4,Duration of Effect
en,https://en.beautyblossom.kr/skinvive,14,h2,Procedure Info at a Glance
en,https://en.beautyblossom.kr/skinvive,15,h2,Before & After
en,https://en.beautyblossom.kr/skinvive,16,h2,RecommendedFor
en,https://en.beautyblossom.kr/skinvive,17,h2,Aftercare Instructions
en,https://en.beautyblossom.kr/skinvive,18,h2,Frequently Asked Questions
en,https://en.beautyblossom.kr/skinvive,19,h6,CONTACT
en,https://en.beautyblossom.kr/skinvive,20,h6,LOCATION
en,https://en.beautyblossom.kr/skinvive,21,h6,OFFICE HOUR
en,https://en.beautyblossom.kr/special-offers,1,h6,CONTACT
en,https://en.beautyblossom.kr/special-offers,2,h6,LOCATION
en,https://en.beautyblossom.kr/special-offers,3,h6,OFFICE HOUR
en,https://en.beautyblossom.kr/thread-lifting,1,h1,Slow Aging SolutionReplenishing From the Root
en,https://en.beautyblossom.kr/thread-lifting,2,h2,A procedure with only one type of thread —is it enough for you?
en,https://en.beautyblossom.kr/thread-lifting,3,h2,The start of a dual line-up that reawakens skin texture -Beauty Blossom Thread Lifting
en,https://en.beautyblossom.kr/thread-lifting,4,h2,Precise design considering skin layersThe Principle of Beauty Blossom Thread Lifting
en,https://en.beautyblossom.kr/thread-lifting,5,h3,Grade 4 medical device approved by Korea MFDS as a facial soft tissue fixation thread Procedure conducted following the guidelines
en,https://en.beautyblossom.kr/thread-lifting,6,h2,Customized design by area and purposeBeauty Blossom Thread Lifting Line-up
en,https://en.beautyblossom.kr/thread-lifting,7,h3,"With the MINT & epiticon dual line-up, we propose delicate thread lifting through customized combination design tailored to the area and skin condition."
en,https://en.beautyblossom.kr/thread-lifting,8,h2,Thread Lifting Line-up by AreaBeauty BlossomTreatment Area Guide
en,https://en.beautyblossom.kr/thread-lifting,9,h2,Why Beauty Blossom Thread LiftingDual Line-up Differentiation
en,https://en.beautyblossom.kr/thread-lifting,10,h2,Thread Lifting Synergy EffectTreatments Worth Considering Together
en,https://en.beautyblossom.kr/thread-lifting,11,h2,Thread Lifting Q&A
en,https://en.beautyblossom.kr/thread-lifting,12,h3,What is the difference between MINT Lift and epiticon?
en,https://en.beautyblossom.kr/thread-lifting,13,h3,How long does the thread lifting effect last?
en,https://en.beautyblossom.kr/thread-lifting,14,h3,Which thread line-up is suitable for me?
en,https://en.beautyblossom.kr/thread-lifting,15,h3,How are pain and anesthesia handled for thread lifting?
en,https://en.beautyblossom.kr/thread-lifting,16,h3,What side effects may occur after thread lifting?
en,https://en.beautyblossom.kr/thread-lifting,17,h3,Why does dimpling occur?
en,https://en.beautyblossom.kr/thread-lifting,18,h3,When can I return to daily life and how long is the recovery period?
en,https://en.beautyblossom.kr/thread-lifting,19,h3,"Absorbable thread vs non-absorbable thread, which is better?"
en,https://en.beautyblossom.kr/thread-lifting,20,h3,How is the procedure cost determined?
en,https://en.beautyblossom.kr/thread-lifting,21,h6,CONTACT
en,https://en.beautyblossom.kr/thread-lifting,22,h6,LOCATION
en,https://en.beautyblossom.kr/thread-lifting,23,h6,OFFICE HOUR
jp,https://jp.beautyblossom.kr/,1,h6,あなたの日常に輝きを
jp,https://jp.beautyblossom.kr/,2,h6,あなたの日常に輝きを
jp,https://jp.beautyblossom.kr/,3,h6,あなたの日常に輝きを
jp,https://jp.beautyblossom.kr/,4,h6,あなたの日常に輝きを
jp,https://jp.beautyblossom.kr/,5,h6,あなたの日常に輝きを
jp,https://jp.beautyblossom.kr/,6,h6,あなたの日常に輝きを
jp,https://jp.beautyblossom.kr/,7,h6,あなたの日常に輝きを
jp,https://jp.beautyblossom.kr/,8,h6,あなたの日常に輝きを
jp,https://jp.beautyblossom.kr/,9,h6,あなたの日常に輝きを
jp,https://jp.beautyblossom.kr/,10,h6,あなたの日常に輝きを
jp,https://jp.beautyblossom.kr/,11,h6,イベント
jp,https://jp.beautyblossom.kr/,12,h4,
jp,https://jp.beautyblossom.kr/,13,h4,
jp,https://jp.beautyblossom.kr/,14,h4,
jp,https://jp.beautyblossom.kr/,15,h4,
jp,https://jp.beautyblossom.kr/,16,h4,
jp,https://jp.beautyblossom.kr/,17,h4,
jp,https://jp.beautyblossom.kr/,18,h4,
jp,https://jp.beautyblossom.kr/,19,h4,
jp,https://jp.beautyblossom.kr/,20,h4,
jp,https://jp.beautyblossom.kr/,21,h4,
jp,https://jp.beautyblossom.kr/,22,h4,
jp,https://jp.beautyblossom.kr/,23,h4,
jp,https://jp.beautyblossom.kr/,24,h4,
jp,https://jp.beautyblossom.kr/,25,h4,
jp,https://jp.beautyblossom.kr/,26,h4,
jp,https://jp.beautyblossom.kr/,27,h4,
jp,https://jp.beautyblossom.kr/,28,h4,
jp,https://jp.beautyblossom.kr/,29,h4,
jp,https://jp.beautyblossom.kr/,30,h4,
jp,https://jp.beautyblossom.kr/,31,h4,
jp,https://jp.beautyblossom.kr/,32,h4,
jp,https://jp.beautyblossom.kr/,33,h4,
jp,https://jp.beautyblossom.kr/,34,h4,
jp,https://jp.beautyblossom.kr/,35,h4,
jp,https://jp.beautyblossom.kr/,36,h4,
jp,https://jp.beautyblossom.kr/,37,h4,
jp,https://jp.beautyblossom.kr/,38,h4,
jp,https://jp.beautyblossom.kr/,39,h4,
jp,https://jp.beautyblossom.kr/,40,h4,
jp,https://jp.beautyblossom.kr/,41,h4,
jp,https://jp.beautyblossom.kr/,42,h4,
jp,https://jp.beautyblossom.kr/,43,h4,
jp,https://jp.beautyblossom.kr/,44,h4,
jp,https://jp.beautyblossom.kr/,45,h4,
jp,https://jp.beautyblossom.kr/,46,h4,
jp,https://jp.beautyblossom.kr/,47,h6,ビューティーブロッサム YouTube
jp,https://jp.beautyblossom.kr/,48,h4,
jp,https://jp.beautyblossom.kr/,49,h4,
jp,https://jp.beautyblossom.kr/,50,h4,
jp,https://jp.beautyblossom.kr/,51,h4,
jp,https://jp.beautyblossom.kr/,52,h4,
jp,https://jp.beautyblossom.kr/,53,h4,
jp,https://jp.beautyblossom.kr/,54,h4,
jp,https://jp.beautyblossom.kr/,55,h4,
jp,https://jp.beautyblossom.kr/,56,h4,
jp,https://jp.beautyblossom.kr/,57,h4,
jp,https://jp.beautyblossom.kr/,58,h4,
jp,https://jp.beautyblossom.kr/,59,h4,
jp,https://jp.beautyblossom.kr/,60,h4,
jp,https://jp.beautyblossom.kr/,61,h4,
jp,https://jp.beautyblossom.kr/,62,h4,
jp,https://jp.beautyblossom.kr/,63,h4,
jp,https://jp.beautyblossom.kr/,64,h4,
jp,https://jp.beautyblossom.kr/,65,h4,
jp,https://jp.beautyblossom.kr/,66,h4,
jp,https://jp.beautyblossom.kr/,67,h4,
jp,https://jp.beautyblossom.kr/,68,h4,
jp,https://jp.beautyblossom.kr/,69,h4,
jp,https://jp.beautyblossom.kr/,70,h4,
jp,https://jp.beautyblossom.kr/,71,h4,
jp,https://jp.beautyblossom.kr/,72,h4,
jp,https://jp.beautyblossom.kr/,73,h4,
jp,https://jp.beautyblossom.kr/,74,h4,
jp,https://jp.beautyblossom.kr/,75,h4,
jp,https://jp.beautyblossom.kr/,76,h4,
jp,https://jp.beautyblossom.kr/,77,h4,
jp,https://jp.beautyblossom.kr/,78,h4,
jp,https://jp.beautyblossom.kr/,79,h4,
jp,https://jp.beautyblossom.kr/,80,h4,
jp,https://jp.beautyblossom.kr/,81,h4,
jp,https://jp.beautyblossom.kr/,82,h4,
jp,https://jp.beautyblossom.kr/,83,h4,
jp,https://jp.beautyblossom.kr/,84,h4,
jp,https://jp.beautyblossom.kr/,85,h4,
jp,https://jp.beautyblossom.kr/,86,h4,
jp,https://jp.beautyblossom.kr/,87,h4,
jp,https://jp.beautyblossom.kr/,88,h4,
jp,https://jp.beautyblossom.kr/,89,h6,ビューティーブロッサム Media & Stars
jp,https://jp.beautyblossom.kr/,90,h4,
jp,https://jp.beautyblossom.kr/,91,h4,
jp,https://jp.beautyblossom.kr/,92,h4,
jp,https://jp.beautyblossom.kr/,93,h4,
jp,https://jp.beautyblossom.kr/,94,h4,
jp,https://jp.beautyblossom.kr/,95,h4,
jp,https://jp.beautyblossom.kr/,96,h4,
jp,https://jp.beautyblossom.kr/,97,h4,
jp,https://jp.beautyblossom.kr/,98,h4,
jp,https://jp.beautyblossom.kr/,99,h4,
jp,https://jp.beautyblossom.kr/,100,h4,
jp,https://jp.beautyblossom.kr/,101,h4,
jp,https://jp.beautyblossom.kr/,102,h6,肌に関する豊富な知識とテクニックで
jp,https://jp.beautyblossom.kr/,103,h6,お客様の美しさをデザインします。
jp,https://jp.beautyblossom.kr/,104,h6,グローバルレベルの
jp,https://jp.beautyblossom.kr/,105,h6,スキンケアソリューションで
jp,https://jp.beautyblossom.kr/,106,h6,お客様にしかない美しさを引き出します。
jp,https://jp.beautyblossom.kr/,107,h6,肌に関する豊富な知識とテクニックで
jp,https://jp.beautyblossom.kr/,108,h6,お客様の美しさをデザインします。
jp,https://jp.beautyblossom.kr/,109,h6,グローバルレベルの
jp,https://jp.beautyblossom.kr/,110,h6,スキンケアソリューションで
jp,https://jp.beautyblossom.kr/,111,h6,お客様にしかない
jp,https://jp.beautyblossom.kr/,112,h6,美しさを引き出します。
jp,https://jp.beautyblossom.kr/,113,h6,ビューティーブロッサム Signature
jp,https://jp.beautyblossom.kr/,114,h2,ビュマカセ リフティング
jp,https://jp.beautyblossom.kr/,115,h2,ビュマカセ 色素
jp,https://jp.beautyblossom.kr/,116,h2,ビュマカセ ボディ
jp,https://jp.beautyblossom.kr/,117,h2,スキンケア
jp,https://jp.beautyblossom.kr/,118,h2,プチ
jp,https://jp.beautyblossom.kr/,119,h4,
jp,https://jp.beautyblossom.kr/,120,h4,
jp,https://jp.beautyblossom.kr/,121,h4,
jp,https://jp.beautyblossom.kr/,122,h4,
jp,https://jp.beautyblossom.kr/,123,h4,
jp,https://jp.beautyblossom.kr/,124,h6,ビューティーブロッサム
jp,https://jp.beautyblossom.kr/,125,h6,スペース
jp,https://jp.beautyblossom.kr/,126,h4,
jp,https://jp.beautyblossom.kr/,127,h4,
jp,https://jp.beautyblossom.kr/,128,h4,
jp,https://jp.beautyblossom.kr/,129,h4,
jp,https://jp.beautyblossom.kr/,130,h4,
jp,https://jp.beautyblossom.kr/,131,h4,
jp,https://jp.beautyblossom.kr/,132,h4,
jp,https://jp.beautyblossom.kr/,133,h4,
jp,https://jp.beautyblossom.kr/,134,h4,
jp,https://jp.beautyblossom.kr/,135,h4,
jp,https://jp.beautyblossom.kr/,136,h4,
jp,https://jp.beautyblossom.kr/,137,h4,
jp,https://jp.beautyblossom.kr/,138,h4,
jp,https://jp.beautyblossom.kr/,139,h4,
jp,https://jp.beautyblossom.kr/,140,h4,
jp,https://jp.beautyblossom.kr/,141,h4,
jp,https://jp.beautyblossom.kr/,142,h4,
jp,https://jp.beautyblossom.kr/,143,h4,
jp,https://jp.beautyblossom.kr/,144,h4,
jp,https://jp.beautyblossom.kr/,145,h4,
jp,https://jp.beautyblossom.kr/,146,h4,
jp,https://jp.beautyblossom.kr/,147,h4,
jp,https://jp.beautyblossom.kr/,148,h4,
jp,https://jp.beautyblossom.kr/,149,h4,
jp,https://jp.beautyblossom.kr/,150,h4,
jp,https://jp.beautyblossom.kr/,151,h4,
jp,https://jp.beautyblossom.kr/,152,h4,
jp,https://jp.beautyblossom.kr/,153,h4,
jp,https://jp.beautyblossom.kr/,154,h4,
jp,https://jp.beautyblossom.kr/,155,h4,
jp,https://jp.beautyblossom.kr/,156,h4,
jp,https://jp.beautyblossom.kr/,157,h4,
jp,https://jp.beautyblossom.kr/,158,h4,
jp,https://jp.beautyblossom.kr/,159,h4,
jp,https://jp.beautyblossom.kr/,160,h4,
jp,https://jp.beautyblossom.kr/,161,h4,
jp,https://jp.beautyblossom.kr/,162,h4,
jp,https://jp.beautyblossom.kr/,163,h4,
jp,https://jp.beautyblossom.kr/,164,h4,
jp,https://jp.beautyblossom.kr/,165,h4,
jp,https://jp.beautyblossom.kr/,166,h4,
jp,https://jp.beautyblossom.kr/,167,h4,
jp,https://jp.beautyblossom.kr/,168,h6,ビューティーブロッサム
jp,https://jp.beautyblossom.kr/,169,h6,ハイライト
jp,https://jp.beautyblossom.kr/,170,h6,CONTACT
jp,https://jp.beautyblossom.kr/,171,h6,LOCATION
jp,https://jp.beautyblossom.kr/,172,h6,OFFICE HOUR
jp,https://jp.beautyblossom.kr/100,1,h4,
jp,https://jp.beautyblossom.kr/100,2,h4,
jp,https://jp.beautyblossom.kr/100,3,h4,
jp,https://jp.beautyblossom.kr/100,4,h4,
jp,https://jp.beautyblossom.kr/100,5,h4,
jp,https://jp.beautyblossom.kr/100,6,h4,
jp,https://jp.beautyblossom.kr/100,7,h4,
jp,https://jp.beautyblossom.kr/100,8,h3,包括的な肌分析
jp,https://jp.beautyblossom.kr/100,9,h3,先端測定技術
jp,https://jp.beautyblossom.kr/100,10,h3,3Dモデリングと予測
jp,https://jp.beautyblossom.kr/100,11,h3,AIデータ分析
jp,https://jp.beautyblossom.kr/100,12,h4,構造光で顔のボリュームおよび輪郭変化を追跡
jp,https://jp.beautyblossom.kr/100,13,h4,数百万の学習データによる精密な3Dモデリング
jp,https://jp.beautyblossom.kr/100,14,h4,肌の変化を自動認識および追跡するアルゴリズム
jp,https://jp.beautyblossom.kr/100,15,h4,5台のカメラによる数秒以内のマルチ撮影
jp,https://jp.beautyblossom.kr/100,16,h3,グローバルレベルの品質
jp,https://jp.beautyblossom.kr/100,17,h3,正規品・適正量の徹底化
jp,https://jp.beautyblossom.kr/100,18,h3,一人一人に合わせた繊細ケア
jp,https://jp.beautyblossom.kr/100,19,h6,CONTACT
jp,https://jp.beautyblossom.kr/100,20,h6,LOCATION
jp,https://jp.beautyblossom.kr/100,21,h6,OFFICE HOUR
jp,https://jp.beautyblossom.kr/107,1,h3,施術時間
jp,https://jp.beautyblossom.kr/107,2,h3,麻酔の有無
jp,https://jp.beautyblossom.kr/107,3,h3,ダウンタイム
jp,https://jp.beautyblossom.kr/107,4,h3,持続期間
jp,https://jp.beautyblossom.kr/107,5,h3,グローバルレベルの品質
jp,https://jp.beautyblossom.kr/107,6,h3,正規品・適正量の徹底化
jp,https://jp.beautyblossom.kr/107,7,h3,一人一人に合わせた繊細ケア
jp,https://jp.beautyblossom.kr/107,8,h6,CONTACT
jp,https://jp.beautyblossom.kr/107,9,h6,LOCATION
jp,https://jp.beautyblossom.kr/107,10,h6,OFFICE HOUR
jp,https://jp.beautyblossom.kr/108,1,h3,施術時間
jp,https://jp.beautyblossom.kr/108,2,h3,麻酔の有無
jp,https://jp.beautyblossom.kr/108,3,h3,回復期間
jp,https://jp.beautyblossom.kr/108,4,h3,効果持続
jp,https://jp.beautyblossom.kr/108,5,h3,肩ラインの緩和
jp,https://jp.beautyblossom.kr/108,6,h3,スリムな肩補正
jp,https://jp.beautyblossom.kr/108,7,h3,曲線強調効果
jp,https://jp.beautyblossom.kr/108,8,h3,服の見栄え・比率改善
jp,https://jp.beautyblossom.kr/108,9,h3,非手術施術
jp,https://jp.beautyblossom.kr/108,10,h3,オーダーメイドデザイン
jp,https://jp.beautyblossom.kr/108,11,h3,グローバルレベルの品質
jp,https://jp.beautyblossom.kr/108,12,h3,正規品・適正量の徹底化
jp,https://jp.beautyblossom.kr/108,13,h3,一人一人に合わせた繊細ケア
jp,https://jp.beautyblossom.kr/108,14,h6,CONTACT
jp,https://jp.beautyblossom.kr/108,15,h6,LOCATION
jp,https://jp.beautyblossom.kr/108,16,h6,OFFICE HOUR
jp,https://jp.beautyblossom.kr/110,1,h3,施術時間
jp,https://jp.beautyblossom.kr/110,2,h3,推奨周期
jp,https://jp.beautyblossom.kr/110,3,h3,痛み有無
jp,https://jp.beautyblossom.kr/110,4,h3,回復期間
jp,https://jp.beautyblossom.kr/110,5,h3,角質ケア
jp,https://jp.beautyblossom.kr/110,6,h3,肌バリア強化
jp,https://jp.beautyblossom.kr/110,7,h3,弾力改善
jp,https://jp.beautyblossom.kr/110,8,h3,低刺激ケア
jp,https://jp.beautyblossom.kr/110,9,h3,グローバルレベルの品質
jp,https://jp.beautyblossom.kr/110,10,h3,正規品・適正量の徹底化
jp,https://jp.beautyblossom.kr/110,11,h3,一人一人に合わせた繊細ケア
jp,https://jp.beautyblossom.kr/110,12,h6,CONTACT
jp,https://jp.beautyblossom.kr/110,13,h6,LOCATION
jp,https://jp.beautyblossom.kr/110,14,h6,OFFICE HOUR
jp,https://jp.beautyblossom.kr/111,1,h3,施術時間
jp,https://jp.beautyblossom.kr/111,2,h3,麻酔の有無
jp,https://jp.beautyblossom.kr/111,3,h3,回復期間
jp,https://jp.beautyblossom.kr/111,4,h3,管理効果
jp,https://jp.beautyblossom.kr/111,5,h3,角質除去
jp,https://jp.beautyblossom.kr/111,6,h3,バリア強化
jp,https://jp.beautyblossom.kr/111,7,h3,肌鎮静
jp,https://jp.beautyblossom.kr/111,8,h3,弾力強化
jp,https://jp.beautyblossom.kr/111,9,h3,グローバルレベルの品質
jp,https://jp.beautyblossom.kr/111,10,h3,正規品・適正量の徹底化
jp,https://jp.beautyblossom.kr/111,11,h3,一人一人に合わせた繊細ケア
jp,https://jp.beautyblossom.kr/111,12,h6,CONTACT
jp,https://jp.beautyblossom.kr/111,13,h6,LOCATION
jp,https://jp.beautyblossom.kr/111,14,h6,OFFICE HOUR
jp,https://jp.beautyblossom.kr/112,1,h4,DCA注射
jp,https://jp.beautyblossom.kr/112,2,h4,ボトックスの注意事項
jp,https://jp.beautyblossom.kr/112,3,h4,ビューティーフィット、ブロッサムフィット、彫刻注射の注意事項
jp,https://jp.beautyblossom.kr/112,4,h4,フィラーの注意事項
jp,https://jp.beautyblossom.kr/112,5,h4,ポテンツァの注意事項
jp,https://jp.beautyblossom.kr/112,6,h4,リフティングレーザーの注意事項
jp,https://jp.beautyblossom.kr/112,7,h4,ピコフォーカス、ズームパスの注意事項
jp,https://jp.beautyblossom.kr/112,8,h4,スキンブースター の注意事項
jp,https://jp.beautyblossom.kr/112,9,h4,糸リフト注意事項
jp,https://jp.beautyblossom.kr/112,10,h4,Co2の注意事項
jp,https://jp.beautyblossom.kr/112,11,h6,CONTACT
jp,https://jp.beautyblossom.kr/112,12,h6,LOCATION
jp,https://jp.beautyblossom.kr/112,13,h6,OFFICE HOUR
jp,https://jp.beautyblossom.kr/114,1,h3,施術時間
jp,https://jp.beautyblossom.kr/114,2,h3,麻酔の有無
jp,https://jp.beautyblossom.kr/114,3,h3,回復期間
jp,https://jp.beautyblossom.kr/114,4,h3,効果持続
jp,https://jp.beautyblossom.kr/114,5,h2,コラーゲン再生
jp,https://jp.beautyblossom.kr/114,6,h2,水分補給
jp,https://jp.beautyblossom.kr/114,7,h3,自然な効果
jp,https://jp.beautyblossom.kr/114,8,h3,肌再生
jp,https://jp.beautyblossom.kr/114,9,h3,長持ちする効果
jp,https://jp.beautyblossom.kr/114,10,h3,安全性
jp,https://jp.beautyblossom.kr/114,11,h3,幅広い適用
jp,https://jp.beautyblossom.kr/114,12,h3,複合施術可能
jp,https://jp.beautyblossom.kr/114,13,h3,グローバルレベルの品質
jp,https://jp.beautyblossom.kr/114,14,h3,正規品・適正量の徹底化
jp,https://jp.beautyblossom.kr/114,15,h3,一人一人に合わせた繊細ケア
jp,https://jp.beautyblossom.kr/114,16,h6,CONTACT
jp,https://jp.beautyblossom.kr/114,17,h6,LOCATION
jp,https://jp.beautyblossom.kr/114,18,h6,OFFICE HOUR
jp,https://jp.beautyblossom.kr/115,1,h3,施術時間
jp,https://jp.beautyblossom.kr/115,2,h3,回復期間
jp,https://jp.beautyblossom.kr/115,3,h3,持続期間
jp,https://jp.beautyblossom.kr/115,4,h3,副作用
jp,https://jp.beautyblossom.kr/115,5,h3,弾力とシワの改善
jp,https://jp.beautyblossom.kr/115,6,h3,生体適合性PDO成分
jp,https://jp.beautyblossom.kr/115,7,h3,持続的な効果
jp,https://jp.beautyblossom.kr/115,8,h3,快適な施術体験
jp,https://jp.beautyblossom.kr/115,9,h3,革新的な技術
jp,https://jp.beautyblossom.kr/115,10,h3,検証済みの安全性
jp,https://jp.beautyblossom.kr/115,11,h3,グローバルレベルの品質
jp,https://jp.beautyblossom.kr/115,12,h3,正規品・適正量の徹底化
jp,https://jp.beautyblossom.kr/115,13,h3,一人一人に合わせた繊細ケア
jp,https://jp.beautyblossom.kr/115,14,h6,CONTACT
jp,https://jp.beautyblossom.kr/115,15,h6,LOCATION
jp,https://jp.beautyblossom.kr/115,16,h6,OFFICE HOUR
jp,https://jp.beautyblossom.kr/116,1,h3,施術時間
jp,https://jp.beautyblossom.kr/116,2,h3,麻酔の有無
jp,https://jp.beautyblossom.kr/116,3,h3,回復期間
jp,https://jp.beautyblossom.kr/116,4,h3,持続期間
jp,https://jp.beautyblossom.kr/116,5,h3,グローバルレベルの品質
jp,https://jp.beautyblossom.kr/116,6,h3,正規品・適正量の徹底化
jp,https://jp.beautyblossom.kr/116,7,h3,一人一人に合わせた繊細ケア
jp,https://jp.beautyblossom.kr/116,8,h6,CONTACT
jp,https://jp.beautyblossom.kr/116,9,h6,LOCATION
jp,https://jp.beautyblossom.kr/116,10,h6,OFFICE HOUR
jp,https://jp.beautyblossom.kr/117,1,h3,主成分
jp,https://jp.beautyblossom.kr/117,2,h3,差別点
jp,https://jp.beautyblossom.kr/117,3,h3,回復期間
jp,https://jp.beautyblossom.kr/117,4,h3,特徴
jp,https://jp.beautyblossom.kr/117,5,h3,深い水分保湿
jp,https://jp.beautyblossom.kr/117,6,h3,肌再生
jp,https://jp.beautyblossom.kr/117,7,h3,弾力強化
jp,https://jp.beautyblossom.kr/117,8,h3,早い効果
jp,https://jp.beautyblossom.kr/117,9,h3,グローバルレベルの品質
jp,https://jp.beautyblossom.kr/117,10,h3,正規品・適正量の徹底化
jp,https://jp.beautyblossom.kr/117,11,h3,一人一人に合わせた繊細ケア
jp,https://jp.beautyblossom.kr/117,12,h6,CONTACT
jp,https://jp.beautyblossom.kr/117,13,h6,LOCATION
jp,https://jp.beautyblossom.kr/117,14,h6,OFFICE HOUR
jp,https://jp.beautyblossom.kr/118,1,h3,施術時間
jp,https://jp.beautyblossom.kr/118,2,h3,麻酔の有無
jp,https://jp.beautyblossom.kr/118,3,h3,回復期間
jp,https://jp.beautyblossom.kr/118,4,h3,推奨周期
jp,https://jp.beautyblossom.kr/118,5,h3,肌のトーン改善
jp,https://jp.beautyblossom.kr/118,6,h3,毛穴ケア
jp,https://jp.beautyblossom.kr/118,7,h3,肌の鎮静
jp,https://jp.beautyblossom.kr/118,8,h3,水分補充
jp,https://jp.beautyblossom.kr/118,9,h3,グローバルレベルの品質
jp,https://jp.beautyblossom.kr/118,10,h3,正規品・適正量の徹底化
jp,https://jp.beautyblossom.kr/118,11,h3,一人一人に合わせた繊細ケア
jp,https://jp.beautyblossom.kr/118,12,h6,CONTACT
jp,https://jp.beautyblossom.kr/118,13,h6,LOCATION
jp,https://jp.beautyblossom.kr/118,14,h6,OFFICE HOUR
jp,https://jp.beautyblossom.kr/119,1,h3,施術時間
jp,https://jp.beautyblossom.kr/119,2,h3,麻酔の有無
jp,https://jp.beautyblossom.kr/119,3,h3,回復期間
jp,https://jp.beautyblossom.kr/119,4,h3,持続期間
jp,https://jp.beautyblossom.kr/119,5,h3,DNA再生
jp,https://jp.beautyblossom.kr/119,6,h3,弾力強化
jp,https://jp.beautyblossom.kr/119,7,h3,美白効果
jp,https://jp.beautyblossom.kr/119,8,h3,傷跡改善
jp,https://jp.beautyblossom.kr/119,9,h3,グローバルレベルの品質
jp,https://jp.beautyblossom.kr/119,10,h3,正規品・適正量の徹底化
jp,https://jp.beautyblossom.kr/119,11,h3,一人一人に合わせた繊細ケア
jp,https://jp.beautyblossom.kr/119,12,h6,CONTACT
jp,https://jp.beautyblossom.kr/119,13,h6,LOCATION
jp,https://jp.beautyblossom.kr/119,14,h6,OFFICE HOUR
jp,https://jp.beautyblossom.kr/120,1,h3,施術時間
jp,https://jp.beautyblossom.kr/120,2,h3,施術周期
jp,https://jp.beautyblossom.kr/120,3,h3,推奨回数
jp,https://jp.beautyblossom.kr/120,4,h3,持続期間
jp,https://jp.beautyblossom.kr/120,5,h3,肌の再生
jp,https://jp.beautyblossom.kr/120,6,h3,弾力の向上
jp,https://jp.beautyblossom.kr/120,7,h3,シワの改善
jp,https://jp.beautyblossom.kr/120,8,h3,保湿強化
jp,https://jp.beautyblossom.kr/120,9,h3,グローバルレベルの品質
jp,https://jp.beautyblossom.kr/120,10,h3,正規品・適正量の徹底化
jp,https://jp.beautyblossom.kr/120,11,h3,一人一人に合わせた繊細ケア
jp,https://jp.beautyblossom.kr/120,12,h6,CONTACT
jp,https://jp.beautyblossom.kr/120,13,h6,LOCATION
jp,https://jp.beautyblossom.kr/120,14,h6,OFFICE HOUR
jp,https://jp.beautyblossom.kr/121,1,h3,施術時間
jp,https://jp.beautyblossom.kr/121,2,h3,麻酔の有無
jp,https://jp.beautyblossom.kr/121,3,h3,回復期間
jp,https://jp.beautyblossom.kr/121,4,h3,効果の持続期間
jp,https://jp.beautyblossom.kr/121,5,h3,カスタマイズ相談
jp,https://jp.beautyblossom.kr/121,6,h3,自己洗顔
jp,https://jp.beautyblossom.kr/121,7,h3,麻酔
jp,https://jp.beautyblossom.kr/121,8,h3,グローバルレベルの品質
jp,https://jp.beautyblossom.kr/121,9,h3,正規品・適正量の徹底化
jp,https://jp.beautyblossom.kr/121,10,h3,一人一人に合わせた繊細ケア
jp,https://jp.beautyblossom.kr/121,11,h6,CONTACT
jp,https://jp.beautyblossom.kr/121,12,h6,LOCATION
jp,https://jp.beautyblossom.kr/121,13,h6,OFFICE HOUR
jp,https://jp.beautyblossom.kr/122,1,h3,施術時間
jp,https://jp.beautyblossom.kr/122,2,h3,麻酔の有無
jp,https://jp.beautyblossom.kr/122,3,h3,推奨周期
jp,https://jp.beautyblossom.kr/122,4,h3,持続期間
jp,https://jp.beautyblossom.kr/122,5,h3,証明された安全性
jp,https://jp.beautyblossom.kr/122,6,h3,グローバルブランド
jp,https://jp.beautyblossom.kr/122,7,h3,微細なCaHA成分
jp,https://jp.beautyblossom.kr/122,8,h3,グローバルレベルの品質
jp,https://jp.beautyblossom.kr/122,9,h3,正規品・適正量の徹底化
jp,https://jp.beautyblossom.kr/122,10,h3,一人一人に合わせた繊細ケア
jp,https://jp.beautyblossom.kr/122,11,h6,CONTACT
jp,https://jp.beautyblossom.kr/122,12,h6,LOCATION
jp,https://jp.beautyblossom.kr/122,13,h6,OFFICE HOUR
jp,https://jp.beautyblossom.kr/123,1,h3,施術時間
jp,https://jp.beautyblossom.kr/123,2,h3,麻酔の有無
jp,https://jp.beautyblossom.kr/123,3,h3,回復期間
jp,https://jp.beautyblossom.kr/123,4,h3,持続期間
jp,https://jp.beautyblossom.kr/123,5,h3,肌つや
jp,https://jp.beautyblossom.kr/123,6,h3,しわ改善
jp,https://jp.beautyblossom.kr/123,7,h3,肌トーン改善
jp,https://jp.beautyblossom.kr/123,8,h3,真皮密度の増加
jp,https://jp.beautyblossom.kr/123,9,h3,グローバルレベルの品質
jp,https://jp.beautyblossom.kr/123,10,h3,正規品・適正量の徹底化
jp,https://jp.beautyblossom.kr/123,11,h3,一人一人に合わせた繊細ケア
jp,https://jp.beautyblossom.kr/123,12,h6,CONTACT
jp,https://jp.beautyblossom.kr/123,13,h6,LOCATION
jp,https://jp.beautyblossom.kr/123,14,h6,OFFICE HOUR
jp,https://jp.beautyblossom.kr/124,1,h3,施術時間
jp,https://jp.beautyblossom.kr/124,2,h3,麻酔の有無
jp,https://jp.beautyblossom.kr/124,3,h3,回復期間
jp,https://jp.beautyblossom.kr/124,4,h3,回復後の生活
jp,https://jp.beautyblossom.kr/124,5,h3,精密施術
jp,https://jp.beautyblossom.kr/124,6,h3,負担を最小化
jp,https://jp.beautyblossom.kr/124,7,h3,安全施術
jp,https://jp.beautyblossom.kr/124,8,h3,明るい肌
jp,https://jp.beautyblossom.kr/124,9,h3,ほくろ
jp,https://jp.beautyblossom.kr/124,10,h3,老人斑
jp,https://jp.beautyblossom.kr/124,11,h3,イボ
jp,https://jp.beautyblossom.kr/124,12,h3,扁平イボ
jp,https://jp.beautyblossom.kr/124,13,h3,稗粒腫(ミリウム)
jp,https://jp.beautyblossom.kr/124,14,h2,よくあるご質問
jp,https://jp.beautyblossom.kr/124,15,h3,グローバルレベルの品質
jp,https://jp.beautyblossom.kr/124,16,h3,正規品・適正量の徹底化
jp,https://jp.beautyblossom.kr/124,17,h3,一人一人に合わせた繊細ケア
jp,https://jp.beautyblossom.kr/124,18,h6,CONTACT
jp,https://jp.beautyblossom.kr/124,19,h6,LOCATION
jp,https://jp.beautyblossom.kr/124,20,h6,OFFICE HOUR
jp,https://jp.beautyblossom.kr/125,1,h3,相談方式
jp,https://jp.beautyblossom.kr/125,2,h3,相談時間
jp,https://jp.beautyblossom.kr/125,3,h3,管理期間
jp,https://jp.beautyblossom.kr/125,4,h3,管理効果
jp,https://jp.beautyblossom.kr/125,5,h3,世界が注目するソリューション
jp,https://jp.beautyblossom.kr/125,6,h3,週１回の簡単管理
jp,https://jp.beautyblossom.kr/125,7,h3,満腹感の向上
jp,https://jp.beautyblossom.kr/125,8,h3,カスタマイズプログラム
jp,https://jp.beautyblossom.kr/125,9,h3,体重管理
jp,https://jp.beautyblossom.kr/125,10,h3,健康改善
jp,https://jp.beautyblossom.kr/125,11,h3,生活改善
jp,https://jp.beautyblossom.kr/125,12,h3,定期管理
jp,https://jp.beautyblossom.kr/125,13,h3,グローバルレベルの品質
jp,https://jp.beautyblossom.kr/125,14,h3,正規品・適正量の徹底化
jp,https://jp.beautyblossom.kr/125,15,h3,一人一人に合わせた繊細ケア
jp,https://jp.beautyblossom.kr/125,16,h6,CONTACT
jp,https://jp.beautyblossom.kr/125,17,h6,LOCATION
jp,https://jp.beautyblossom.kr/125,18,h6,OFFICE HOUR
jp,https://jp.beautyblossom.kr/1256213630,1,h1,デンシティ
jp,https://jp.beautyblossom.kr/1256213630,2,h2,"Beyond Thermage,サーマジを超える韓国製第5世代高周波リフティング"
jp,https://jp.beautyblossom.kr/1256213630,3,h3,強力な デュアル高周波
jp,https://jp.beautyblossom.kr/1256213630,4,h3,少ない誤差範囲でより均一にリアルタイムインピーダンスフィードバック
jp,https://jp.beautyblossom.kr/1256213630,5,h3,皮膚で感じる繊細さ5段階クーリングレベル調整
jp,https://jp.beautyblossom.kr/1256213630,6,h3,大きくなった電極サイズでより広く、深くALPHA TIP (Mono × Bi)
jp,https://jp.beautyblossom.kr/1256213630,7,h3,同じデンシティ、異なる結果を生むチップの違いとは？
jp,https://jp.beautyblossom.kr/1256213630,8,h4,アルファチップ
jp,https://jp.beautyblossom.kr/1256213630,9,h4,ハイチップ
jp,https://jp.beautyblossom.kr/1256213630,10,h4,クラシックチップ
jp,https://jp.beautyblossom.kr/1256213630,11,h3,施術案内
jp,https://jp.beautyblossom.kr/1256213630,12,h6,CONTACT
jp,https://jp.beautyblossom.kr/1256213630,13,h6,LOCATION
jp,https://jp.beautyblossom.kr/1256213630,14,h6,OFFICE HOUR
jp,https://jp.beautyblossom.kr/126,1,h3,施術時間
jp,https://jp.beautyblossom.kr/126,2,h3,麻酔の有無
jp,https://jp.beautyblossom.kr/126,3,h3,回復期間
jp,https://jp.beautyblossom.kr/126,4,h3,管理方法
jp,https://jp.beautyblossom.kr/126,5,h3,胎盤点滴
jp,https://jp.beautyblossom.kr/126,6,h3,ビタミン点滴
jp,https://jp.beautyblossom.kr/126,7,h3,白玉点滴
jp,https://jp.beautyblossom.kr/126,8,h3,シンデレラ点滴
jp,https://jp.beautyblossom.kr/126,9,h3,甘草点滴
jp,https://jp.beautyblossom.kr/126,10,h3,ニンニク点滴
jp,https://jp.beautyblossom.kr/126,11,h3,グローバルレベルの品質
jp,https://jp.beautyblossom.kr/126,12,h3,正規品・適正量の徹底化
jp,https://jp.beautyblossom.kr/126,13,h3,一人一人に合わせた繊細ケア
jp,https://jp.beautyblossom.kr/126,14,h6,CONTACT
jp,https://jp.beautyblossom.kr/126,15,h6,LOCATION
jp,https://jp.beautyblossom.kr/126,16,h6,OFFICE HOUR
jp,https://jp.beautyblossom.kr/127,1,h3,局所麻酔
jp,https://jp.beautyblossom.kr/127,2,h3,睡眠麻酔
jp,https://jp.beautyblossom.kr/127,3,h3,全身麻酔
jp,https://jp.beautyblossom.kr/127,4,h3,ビューティーブラッサムの睡眠麻酔とは？
jp,https://jp.beautyblossom.kr/127,5,h4,正規品・適正量・正確なショットを遵守
jp,https://jp.beautyblossom.kr/127,6,h4,個別対応の治療
jp,https://jp.beautyblossom.kr/127,7,h3,グローバルレベルの品質
jp,https://jp.beautyblossom.kr/127,8,h3,正規品・適正量の徹底化
jp,https://jp.beautyblossom.kr/127,9,h3,一人一人に合わせた繊細ケア
jp,https://jp.beautyblossom.kr/127,10,h6,CONTACT
jp,https://jp.beautyblossom.kr/127,11,h6,LOCATION
jp,https://jp.beautyblossom.kr/127,12,h6,OFFICE HOUR
jp,https://jp.beautyblossom.kr/129,1,h3,保湿効果
jp,https://jp.beautyblossom.kr/129,2,h3,水光効果
jp,https://jp.beautyblossom.kr/129,3,h3,肌保護
jp,https://jp.beautyblossom.kr/129,4,h3,アンチエイジング
jp,https://jp.beautyblossom.kr/129,5,h2,水トックススキンケアソリューション
jp,https://jp.beautyblossom.kr/129,6,h3,グローバルレベルの品質
jp,https://jp.beautyblossom.kr/129,7,h3,正規品・適正量の徹底化
jp,https://jp.beautyblossom.kr/129,8,h3,一人一人に合わせた繊細ケア
jp,https://jp.beautyblossom.kr/129,9,h6,CONTACT
jp,https://jp.beautyblossom.kr/129,10,h6,LOCATION
jp,https://jp.beautyblossom.kr/129,11,h6,OFFICE HOUR
jp,https://jp.beautyblossom.kr/130,1,h3,天然成分
jp,https://jp.beautyblossom.kr/130,2,h3,真皮層浸透
jp,https://jp.beautyblossom.kr/130,3,h3,早い日常復帰
jp,https://jp.beautyblossom.kr/130,4,h3,全ての肌に安全
jp,https://jp.beautyblossom.kr/130,5,h3,ニキビ改善
jp,https://jp.beautyblossom.kr/130,6,h3,色素·美白
jp,https://jp.beautyblossom.kr/130,7,h3,弾力·シワ改善
jp,https://jp.beautyblossom.kr/130,8,h3,肌再生
jp,https://jp.beautyblossom.kr/130,9,h3,グローバルレベルの品質
jp,https://jp.beautyblossom.kr/130,10,h3,正規品・適正量の徹底化
jp,https://jp.beautyblossom.kr/130,11,h3,一人一人に合わせた繊細ケア
jp,https://jp.beautyblossom.kr/130,12,h6,CONTACT
jp,https://jp.beautyblossom.kr/130,13,h6,LOCATION
jp,https://jp.beautyblossom.kr/130,14,h6,OFFICE HOUR
jp,https://jp.beautyblossom.kr/1446720749,1,h1,リニアージ
jp,https://jp.beautyblossom.kr/1446720749,2,h2,"Beyond HIFU,線・点デュアルモードで完成するカスタムリフティング"
jp,https://jp.beautyblossom.kr/1446720749,3,h4,リニアタイプ & ドットタイプ
jp,https://jp.beautyblossom.kr/1446720749,4,h3,線と点、デュアル超音波モード
jp,https://jp.beautyblossom.kr/1446720749,5,h3,1.5mm〜13mm0.5mm単位の精密深度調整
jp,https://jp.beautyblossom.kr/1446720749,6,h3,痛みは少なく、スピードは速く62%向上した施術スピード
jp,https://jp.beautyblossom.kr/1446720749,7,h3,安全で実証された食薬処許可の正規品カートリッジ
jp,https://jp.beautyblossom.kr/1446720749,8,h3,皮膚層別カスタム設計4種類のカートリッジ
jp,https://jp.beautyblossom.kr/1446720749,9,h4,ACCU BASIC
jp,https://jp.beautyblossom.kr/1446720749,10,h4,ACCU ESSENTIAL
jp,https://jp.beautyblossom.kr/1446720749,11,h4,ACCU CORE
jp,https://jp.beautyblossom.kr/1446720749,12,h4,CONTOUR
jp,https://jp.beautyblossom.kr/1446720749,13,h3,施術案内
jp,https://jp.beautyblossom.kr/1446720749,14,h6,CONTACT
jp,https://jp.beautyblossom.kr/1446720749,15,h6,LOCATION
jp,https://jp.beautyblossom.kr/1446720749,16,h6,OFFICE HOUR
jp,https://jp.beautyblossom.kr/1475371553,1,h1,PREMIUM EQUIPMENT
jp,https://jp.beautyblossom.kr/1475371553,2,h2,最適なソリューション、最高品質の機器
jp,https://jp.beautyblossom.kr/1475371553,3,h6,CONTACT
jp,https://jp.beautyblossom.kr/1475371553,4,h6,LOCATION
jp,https://jp.beautyblossom.kr/1475371553,5,h6,OFFICE HOUR
jp,https://jp.beautyblossom.kr/17,1,h6,ビューティーブロッサムについて
jp,https://jp.beautyblossom.kr/17,2,h6,グローバルレベルを超えてあなたの特別な基準へ
jp,https://jp.beautyblossom.kr/17,3,h6,グローバルスタンダードを遵守する医療サービス
jp,https://jp.beautyblossom.kr/17,4,h6,正規薬剤と正確な適量使用
jp,https://jp.beautyblossom.kr/17,5,h6,オーダーメイド診療と細やかなアプロー
jp,https://jp.beautyblossom.kr/17,6,h6,グローバルスタンダードを遵守する医療サービス
jp,https://jp.beautyblossom.kr/17,7,h6,正規薬剤と正確な適量使用
jp,https://jp.beautyblossom.kr/17,8,h6,オーダーメイド診療と細やかなアプローチ
jp,https://jp.beautyblossom.kr/17,9,h6,CONTACT
jp,https://jp.beautyblossom.kr/17,10,h6,LOCATION
jp,https://jp.beautyblossom.kr/17,11,h6,OFFICE HOUR
jp,https://jp.beautyblossom.kr/18,1,h6,医療スタッフ
jp,https://jp.beautyblossom.kr/18,2,h6,CONTACT
jp,https://jp.beautyblossom.kr/18,3,h6,LOCATION
jp,https://jp.beautyblossom.kr/18,4,h6,OFFICE HOUR
jp,https://jp.beautyblossom.kr/19,1,h6,ソウル特別市麻浦区楊花路66、
jp,https://jp.beautyblossom.kr/19,2,h6,メディワンメディカルセンター 5階・6階
jp,https://jp.beautyblossom.kr/19,3,h6,CONTACT
jp,https://jp.beautyblossom.kr/19,4,h6,LOCATION
jp,https://jp.beautyblossom.kr/19,5,h6,OFFICE HOUR
jp,https://jp.beautyblossom.kr/20,1,h6,CONTACT
jp,https://jp.beautyblossom.kr/20,2,h6,LOCATION
jp,https://jp.beautyblossom.kr/20,3,h6,OFFICE HOUR
jp,https://jp.beautyblossom.kr/22,1,h6,CONTACT
jp,https://jp.beautyblossom.kr/22,2,h6,LOCATION
jp,https://jp.beautyblossom.kr/22,3,h6,OFFICE HOUR
jp,https://jp.beautyblossom.kr/24,1,h6,CONTACT
jp,https://jp.beautyblossom.kr/24,2,h6,LOCATION
jp,https://jp.beautyblossom.kr/24,3,h6,OFFICE HOUR
jp,https://jp.beautyblossom.kr/25,1,h6,CONTACT
jp,https://jp.beautyblossom.kr/25,2,h6,LOCATION
jp,https://jp.beautyblossom.kr/25,3,h6,OFFICE HOUR
jp,https://jp.beautyblossom.kr/26,1,h6,CONTACT
jp,https://jp.beautyblossom.kr/26,2,h6,LOCATION
jp,https://jp.beautyblossom.kr/26,3,h6,OFFICE HOUR
jp,https://jp.beautyblossom.kr/28,1,h3,施術時間
jp,https://jp.beautyblossom.kr/28,2,h3,痛みの程度
jp,https://jp.beautyblossom.kr/28,3,h3,回復期間
jp,https://jp.beautyblossom.kr/28,4,h6,ボトックス効果
jp,https://jp.beautyblossom.kr/28,5,h2,韓国産ボトックス
jp,https://jp.beautyblossom.kr/28,6,h2,コアトックス
jp,https://jp.beautyblossom.kr/28,7,h2,ゼオミン
jp,https://jp.beautyblossom.kr/28,8,h2,アラガン
jp,https://jp.beautyblossom.kr/28,9,h3,グローバルレベルの品質
jp,https://jp.beautyblossom.kr/28,10,h3,正規品・適正量の徹底化
jp,https://jp.beautyblossom.kr/28,11,h3,一人一人に合わせた繊細ケア
jp,https://jp.beautyblossom.kr/28,12,h6,CONTACT
jp,https://jp.beautyblossom.kr/28,13,h6,LOCATION
jp,https://jp.beautyblossom.kr/28,14,h6,OFFICE HOUR
jp,https://jp.beautyblossom.kr/29,1,h3,施術時間
jp,https://jp.beautyblossom.kr/29,2,h3,痛みの程度
jp,https://jp.beautyblossom.kr/29,3,h3,回復期間
jp,https://jp.beautyblossom.kr/29,4,h3,麻酔方法
jp,https://jp.beautyblossom.kr/29,5,h6,フィラー効果
jp,https://jp.beautyblossom.kr/29,6,h2,アティエル
jp,https://jp.beautyblossom.kr/29,7,h2,リジュビエル
jp,https://jp.beautyblossom.kr/29,8,h2,レスチレン
jp,https://jp.beautyblossom.kr/29,9,h2,ジュビダム
jp,https://jp.beautyblossom.kr/29,10,h2,ベロテロ
jp,https://jp.beautyblossom.kr/29,11,h3,グローバルレベルの品質
jp,https://jp.beautyblossom.kr/29,12,h3,正規品・適正量の徹底化
jp,https://jp.beautyblossom.kr/29,13,h3,一人一人に合わせた繊細ケア
jp,https://jp.beautyblossom.kr/29,14,h6,CONTACT
jp,https://jp.beautyblossom.kr/29,15,h6,LOCATION
jp,https://jp.beautyblossom.kr/29,16,h6,OFFICE HOUR
jp,https://jp.beautyblossom.kr/30,1,h3,施術時間
jp,https://jp.beautyblossom.kr/30,2,h3,簡単な施術
jp,https://jp.beautyblossom.kr/30,3,h6,アイリセット注射の効果
jp,https://jp.beautyblossom.kr/30,4,h3,グローバルレベルの品質
jp,https://jp.beautyblossom.kr/30,5,h3,正規品・適正量の徹底化
jp,https://jp.beautyblossom.kr/30,6,h3,一人一人に合わせた繊細ケア
jp,https://jp.beautyblossom.kr/30,7,h6,CONTACT
jp,https://jp.beautyblossom.kr/30,8,h6,LOCATION
jp,https://jp.beautyblossom.kr/30,9,h6,OFFICE HOUR
jp,https://jp.beautyblossom.kr/31,1,h3,シナジー
jp,https://jp.beautyblossom.kr/31,2,h3,効果
jp,https://jp.beautyblossom.kr/31,3,h3,利便性
jp,https://jp.beautyblossom.kr/31,4,h3,満足度
jp,https://jp.beautyblossom.kr/31,5,h6,アイアップパッケージの効果
jp,https://jp.beautyblossom.kr/31,6,h3,総合的な改善
jp,https://jp.beautyblossom.kr/31,7,h3,シナジー効果
jp,https://jp.beautyblossom.kr/31,8,h3,カスタマイズ治療
jp,https://jp.beautyblossom.kr/31,9,h3,時間効率
jp,https://jp.beautyblossom.kr/31,10,h3,グローバルレベルの品質
jp,https://jp.beautyblossom.kr/31,11,h3,正規品・適正量の徹底化
jp,https://jp.beautyblossom.kr/31,12,h3,グローバルレベルの品質
jp,https://jp.beautyblossom.kr/31,13,h3,正規品・適正量の徹底化
jp,https://jp.beautyblossom.kr/31,14,h3,一人一人に合わせた繊細ケア
jp,https://jp.beautyblossom.kr/31,15,h3,一人一人に合わせた繊細ケア
jp,https://jp.beautyblossom.kr/31,16,h6,CONTACT
jp,https://jp.beautyblossom.kr/31,17,h6,LOCATION
jp,https://jp.beautyblossom.kr/31,18,h6,OFFICE HOUR
jp,https://jp.beautyblossom.kr/32,1,h3,施術時間
jp,https://jp.beautyblossom.kr/32,2,h3,麻酔の有無
jp,https://jp.beautyblossom.kr/32,3,h3,回復期間
jp,https://jp.beautyblossom.kr/32,4,h3,持続期間
jp,https://jp.beautyblossom.kr/32,5,h6,しわ消しフィラー 効果
jp,https://jp.beautyblossom.kr/32,6,h3,グローバルレベルの品質
jp,https://jp.beautyblossom.kr/32,7,h3,正規品・適正量の徹底化
jp,https://jp.beautyblossom.kr/32,8,h3,一人一人に合わせた繊細ケア
jp,https://jp.beautyblossom.kr/32,9,h6,CONTACT
jp,https://jp.beautyblossom.kr/32,10,h6,LOCATION
jp,https://jp.beautyblossom.kr/32,11,h6,OFFICE HOUR
jp,https://jp.beautyblossom.kr/33,1,h3,簡単な
jp,https://jp.beautyblossom.kr/33,2,h3,鼻筋 + 鼻先
jp,https://jp.beautyblossom.kr/33,3,h3,支持力
jp,https://jp.beautyblossom.kr/33,4,h3,自然な
jp,https://jp.beautyblossom.kr/33,5,h6,ミジュコ 効果
jp,https://jp.beautyblossom.kr/33,6,h3,カスタマイズ矯正
jp,https://jp.beautyblossom.kr/33,7,h3,持続効果
jp,https://jp.beautyblossom.kr/33,8,h3,自然さ
jp,https://jp.beautyblossom.kr/33,9,h3,負担を最小限
jp,https://jp.beautyblossom.kr/33,10,h3,安全性
jp,https://jp.beautyblossom.kr/33,11,h3,迅速な施術と回復
jp,https://jp.beautyblossom.kr/33,12,h3,自然な結果
jp,https://jp.beautyblossom.kr/33,13,h3,持続的な効果
jp,https://jp.beautyblossom.kr/33,14,h6,強い牽引力
jp,https://jp.beautyblossom.kr/33,15,h6,精密な施術
jp,https://jp.beautyblossom.kr/33,16,h3,ハイブリッド
jp,https://jp.beautyblossom.kr/33,17,h3,立体的なボリューム
jp,https://jp.beautyblossom.kr/33,18,h3,同時改善
jp,https://jp.beautyblossom.kr/33,19,h3,優れた効果
jp,https://jp.beautyblossom.kr/33,20,h3,グローバルレベルの品質
jp,https://jp.beautyblossom.kr/33,21,h3,正規品・適正量の徹底化
jp,https://jp.beautyblossom.kr/33,22,h3,一人一人に合わせた繊細ケア
jp,https://jp.beautyblossom.kr/33,23,h6,CONTACT
jp,https://jp.beautyblossom.kr/33,24,h6,LOCATION
jp,https://jp.beautyblossom.kr/33,25,h6,OFFICE HOUR
jp,https://jp.beautyblossom.kr/34,1,h4,Hey! Recently we were working on a project for ..
jp,https://jp.beautyblossom.kr/34,2,h4,A new project is an opportunity to create something unique.
jp,https://jp.beautyblossom.kr/34,3,h4,We look forward to working with you on your next project
jp,https://jp.beautyblossom.kr/34,4,h4,Style Tiles are always a good option to show work in progress!
jp,https://jp.beautyblossom.kr/34,5,h4,You can check the attachment for a full view..
jp,https://jp.beautyblossom.kr/34,6,h4,This is a proposal to add value to a crowdfunding listing page
jp,https://jp.beautyblossom.kr/34,7,h4,Clients easily understand them
jp,https://jp.beautyblossom.kr/34,8,h4,we have a lot of fun during this phase.
jp,https://jp.beautyblossom.kr/34,9,h4,Hey! Recently we were working on a project for ..
jp,https://jp.beautyblossom.kr/34,10,h4,A new project is an opportunity to create something unique.
jp,https://jp.beautyblossom.kr/34,11,h4,We look forward to working with you on your next project
jp,https://jp.beautyblossom.kr/34,12,h4,Style Tiles are always a good option to show work in progress!
jp,https://jp.beautyblossom.kr/34,13,h4,You can check the attachment for a full view..
jp,https://jp.beautyblossom.kr/34,14,h4,This is a proposal to add value to a crowdfunding listing page
jp,https://jp.beautyblossom.kr/34,15,h4,Clients easily understand them
jp,https://jp.beautyblossom.kr/34,16,h4,we have a lot of fun during this phase.
jp,https://jp.beautyblossom.kr/34,17,h4,Hey! Recently we were working on a project for ..
jp,https://jp.beautyblossom.kr/34,18,h4,A new project is an opportunity to create something unique.
jp,https://jp.beautyblossom.kr/34,19,h4,We look forward to working with you on your next project
jp,https://jp.beautyblossom.kr/34,20,h4,Style Tiles are always a good option to show work in progress!
jp,https://jp.beautyblossom.kr/34,21,h3,글로벌 스탠다드 퀄리티
jp,https://jp.beautyblossom.kr/34,22,h3,정품・정량 철칙
jp,https://jp.beautyblossom.kr/34,23,h3,맞춤형 디테일 케어
jp,https://jp.beautyblossom.kr/34,24,h6,CONTACT
jp,https://jp.beautyblossom.kr/34,25,h6,LOCATION
jp,https://jp.beautyblossom.kr/34,26,h6,OFFICE HOUR
jp,https://jp.beautyblossom.kr/35,1,h3,簡単な
jp,https://jp.beautyblossom.kr/35,2,h3,循環促進
jp,https://jp.beautyblossom.kr/35,3,h3,脂肪分解
jp,https://jp.beautyblossom.kr/35,4,h3,鮮明な
jp,https://jp.beautyblossom.kr/35,5,h6,ビューティーフィット注射
jp,https://jp.beautyblossom.kr/35,6,h6,ブロッサムフィット注射
jp,https://jp.beautyblossom.kr/35,7,h6,ビューティーフィット | ブロッサムフィット注射効果
jp,https://jp.beautyblossom.kr/35,8,h3,グローバルレベルの品質
jp,https://jp.beautyblossom.kr/35,9,h3,正規品・適正量の徹底化
jp,https://jp.beautyblossom.kr/35,10,h3,一人一人に合わせた繊細ケア
jp,https://jp.beautyblossom.kr/35,11,h6,CONTACT
jp,https://jp.beautyblossom.kr/35,12,h6,LOCATION
jp,https://jp.beautyblossom.kr/35,13,h6,OFFICE HOUR
jp,https://jp.beautyblossom.kr/36,1,h3,施術時間
jp,https://jp.beautyblossom.kr/36,2,h3,回復期間
jp,https://jp.beautyblossom.kr/36,3,h3,自然な
jp,https://jp.beautyblossom.kr/36,4,h3,傷跡
jp,https://jp.beautyblossom.kr/36,5,h6,輪郭注射の効果
jp,https://jp.beautyblossom.kr/36,6,h3,グローバルレベルの品質
jp,https://jp.beautyblossom.kr/36,7,h3,正規品・適正量の徹底化
jp,https://jp.beautyblossom.kr/36,8,h3,一人一人に合わせた繊細ケア
jp,https://jp.beautyblossom.kr/36,9,h6,CONTACT
jp,https://jp.beautyblossom.kr/36,10,h6,LOCATION
jp,https://jp.beautyblossom.kr/36,11,h6,OFFICE HOUR
jp,https://jp.beautyblossom.kr/37,1,h3,施術時間
jp,https://jp.beautyblossom.kr/37,2,h3,麻酔の有無
jp,https://jp.beautyblossom.kr/37,3,h3,回復期間
jp,https://jp.beautyblossom.kr/37,4,h3,正確な
jp,https://jp.beautyblossom.kr/37,5,h6,フィラー溶解注射の効果
jp,https://jp.beautyblossom.kr/37,6,h3,液状タイプ
jp,https://jp.beautyblossom.kr/37,7,h3,粉末タイプ
jp,https://jp.beautyblossom.kr/37,8,h3,専門医療陣と相談の上、決定してください
jp,https://jp.beautyblossom.kr/37,9,h3,グローバルレベルの品質
jp,https://jp.beautyblossom.kr/37,10,h3,正規品・適正量の徹底化
jp,https://jp.beautyblossom.kr/37,11,h3,一人一人に合わせた繊細ケア
jp,https://jp.beautyblossom.kr/37,12,h6,CONTACT
jp,https://jp.beautyblossom.kr/37,13,h6,LOCATION
jp,https://jp.beautyblossom.kr/37,14,h6,OFFICE HOUR
jp,https://jp.beautyblossom.kr/38,1,h6,CONTACT
jp,https://jp.beautyblossom.kr/38,2,h6,LOCATION
jp,https://jp.beautyblossom.kr/38,3,h6,OFFICE HOUR
jp,https://jp.beautyblossom.kr/39,1,h3,Precision Diagnosis | 精密診断
jp,https://jp.beautyblossom.kr/39,2,h3,Customized Design | オーダーメイド設計
jp,https://jp.beautyblossom.kr/39,3,h3,Layered Treatment | レイヤード施術
jp,https://jp.beautyblossom.kr/39,4,h3,Continuous Care | 継続ケア
jp,https://jp.beautyblossom.kr/39,5,h4,ウルセラピー プライム
jp,https://jp.beautyblossom.kr/39,6,h4,サーマジ
jp,https://jp.beautyblossom.kr/39,7,h4,オンダ
jp,https://jp.beautyblossom.kr/39,8,h4,シュリンクユニバース
jp,https://jp.beautyblossom.kr/39,9,h6,CONTACT
jp,https://jp.beautyblossom.kr/39,10,h6,LOCATION
jp,https://jp.beautyblossom.kr/39,11,h6,OFFICE HOUR
jp,https://jp.beautyblossom.kr/3D,1,h4,
jp,https://jp.beautyblossom.kr/3D,2,h4,
jp,https://jp.beautyblossom.kr/3D,3,h4,
jp,https://jp.beautyblossom.kr/3D,4,h4,
jp,https://jp.beautyblossom.kr/3D,5,h4,
jp,https://jp.beautyblossom.kr/3D,6,h4,
jp,https://jp.beautyblossom.kr/3D,7,h4,
jp,https://jp.beautyblossom.kr/3D,8,h4,
jp,https://jp.beautyblossom.kr/3D,9,h4,
jp,https://jp.beautyblossom.kr/3D,10,h4,
jp,https://jp.beautyblossom.kr/3D,11,h4,
jp,https://jp.beautyblossom.kr/3D,12,h3,グローバルレベルの品質
jp,https://jp.beautyblossom.kr/3D,13,h3,正規品・適正量の徹底化
jp,https://jp.beautyblossom.kr/3D,14,h3,一人一人に合わせた繊細ケア
jp,https://jp.beautyblossom.kr/3D,15,h6,CONTACT
jp,https://jp.beautyblossom.kr/3D,16,h6,LOCATION
jp,https://jp.beautyblossom.kr/3D,17,h6,OFFICE HOUR
jp,https://jp.beautyblossom.kr/40,1,h3,施術時間
jp,https://jp.beautyblossom.kr/40,2,h3,麻酔
jp,https://jp.beautyblossom.kr/40,3,h3,回復期間
jp,https://jp.beautyblossom.kr/40,4,h3,持続期間
jp,https://jp.beautyblossom.kr/40,5,h3,グローバルレベルの品質
jp,https://jp.beautyblossom.kr/40,6,h3,正規品・適正量の徹底化
jp,https://jp.beautyblossom.kr/40,7,h3,一人一人に合わせた繊細ケア
jp,https://jp.beautyblossom.kr/40,8,h6,CONTACT
jp,https://jp.beautyblossom.kr/40,9,h6,LOCATION
jp,https://jp.beautyblossom.kr/40,10,h6,OFFICE HOUR
jp,https://jp.beautyblossom.kr/40b,1,h3,施術時間
jp,https://jp.beautyblossom.kr/40b,2,h3,麻酔の有無
jp,https://jp.beautyblossom.kr/40b,3,h3,回復期間
jp,https://jp.beautyblossom.kr/40b,4,h3,持続期間
jp,https://jp.beautyblossom.kr/40b,5,h6,✓ 正確なターゲティング
jp,https://jp.beautyblossom.kr/40b,6,h6,✓ 即時的なリフティング
jp,https://jp.beautyblossom.kr/40b,7,h6,✓ 持続する効果
jp,https://jp.beautyblossom.kr/40b,8,h3,グローバルレベルの品質
jp,https://jp.beautyblossom.kr/40b,9,h3,正規品・適正量の徹底化
jp,https://jp.beautyblossom.kr/40b,10,h3,一人一人に合わせた繊細ケア
jp,https://jp.beautyblossom.kr/40b,11,h6,CONTACT
jp,https://jp.beautyblossom.kr/40b,12,h6,LOCATION
jp,https://jp.beautyblossom.kr/40b,13,h6,OFFICE HOUR
jp,https://jp.beautyblossom.kr/41,1,h3,施術時間
jp,https://jp.beautyblossom.kr/41,2,h3,麻酔の有無
jp,https://jp.beautyblossom.kr/41,3,h3,回復期間
jp,https://jp.beautyblossom.kr/41,4,h3,持続期間
jp,https://jp.beautyblossom.kr/41,5,h6,✓ 精密なエネルギー伝達
jp,https://jp.beautyblossom.kr/41,6,h6,✓ 強力なコラーゲン再生
jp,https://jp.beautyblossom.kr/41,7,h6,✓ 快適な施術体験
jp,https://jp.beautyblossom.kr/41,8,h3,グローバルレベルの品質
jp,https://jp.beautyblossom.kr/41,9,h3,正規品・適正量の徹底化
jp,https://jp.beautyblossom.kr/41,10,h3,一人一人に合わせた繊細ケア
jp,https://jp.beautyblossom.kr/41,11,h6,CONTACT
jp,https://jp.beautyblossom.kr/41,12,h6,LOCATION
jp,https://jp.beautyblossom.kr/41,13,h6,OFFICE HOUR
jp,https://jp.beautyblossom.kr/42,1,h3,施術時間
jp,https://jp.beautyblossom.kr/42,2,h3,回復期間
jp,https://jp.beautyblossom.kr/42,3,h3,タイトニング
jp,https://jp.beautyblossom.kr/42,4,h3,推奨周期
jp,https://jp.beautyblossom.kr/42,5,h4,
jp,https://jp.beautyblossom.kr/42,6,h4,
jp,https://jp.beautyblossom.kr/42,7,h4,
jp,https://jp.beautyblossom.kr/42,8,h3,肌組織に
jp,https://jp.beautyblossom.kr/42,9,h3,均一な熱伝達
jp,https://jp.beautyblossom.kr/42,10,h3,コラーゲン持続
jp,https://jp.beautyblossom.kr/42,11,h3,リモデリング効果
jp,https://jp.beautyblossom.kr/42,12,h3,リフティングと
jp,https://jp.beautyblossom.kr/42,13,h3,タイトニング効果
jp,https://jp.beautyblossom.kr/42,14,h3,肌の弾力
jp,https://jp.beautyblossom.kr/42,15,h3,改善効果
jp,https://jp.beautyblossom.kr/42,16,h3,グローバルレベルの品質
jp,https://jp.beautyblossom.kr/42,17,h3,正規品・適正量の徹底化
jp,https://jp.beautyblossom.kr/42,18,h3,一人一人に合わせた繊細ケア
jp,https://jp.beautyblossom.kr/42,19,h6,CONTACT
jp,https://jp.beautyblossom.kr/42,20,h6,LOCATION
jp,https://jp.beautyblossom.kr/42,21,h6,OFFICE HOUR
jp,https://jp.beautyblossom.kr/43,1,h3,施術時間
jp,https://jp.beautyblossom.kr/43,2,h3,麻酔の有無
jp,https://jp.beautyblossom.kr/43,3,h3,回復期間
jp,https://jp.beautyblossom.kr/43,4,h3,持続期間
jp,https://jp.beautyblossom.kr/43,5,h3,コラーゲン生成促進
jp,https://jp.beautyblossom.kr/43,6,h3,若々しい肌へ
jp,https://jp.beautyblossom.kr/43,7,h3,手術なしで簡単
jp,https://jp.beautyblossom.kr/43,8,h3,長期間効果維持
jp,https://jp.beautyblossom.kr/43,9,h3,頬のたるみ二重顎
jp,https://jp.beautyblossom.kr/43,10,h3,脂肪減少効果
jp,https://jp.beautyblossom.kr/43,11,h3,美白効果
jp,https://jp.beautyblossom.kr/43,12,h3,明るく滑らかな肌へ
jp,https://jp.beautyblossom.kr/43,13,h3,グローバルレベルの品質
jp,https://jp.beautyblossom.kr/43,14,h3,正規品・適正量の徹底化
jp,https://jp.beautyblossom.kr/43,15,h3,一人一人に合わせた繊細ケア
jp,https://jp.beautyblossom.kr/43,16,h6,CONTACT
jp,https://jp.beautyblossom.kr/43,17,h6,LOCATION
jp,https://jp.beautyblossom.kr/43,18,h6,OFFICE HOUR
jp,https://jp.beautyblossom.kr/44,1,h3,施術時間
jp,https://jp.beautyblossom.kr/44,2,h3,麻酔の有無
jp,https://jp.beautyblossom.kr/44,3,h3,回復期間
jp,https://jp.beautyblossom.kr/44,4,h3,カスタム
jp,https://jp.beautyblossom.kr/44,5,h3,グローバルレベルの品質
jp,https://jp.beautyblossom.kr/44,6,h3,正規品・適正量の徹底化
jp,https://jp.beautyblossom.kr/44,7,h3,一人一人に合わせた繊細ケア
jp,https://jp.beautyblossom.kr/44,8,h6,CONTACT
jp,https://jp.beautyblossom.kr/44,9,h6,LOCATION
jp,https://jp.beautyblossom.kr/44,10,h6,OFFICE HOUR
jp,https://jp.beautyblossom.kr/45,1,h3,施術時間
jp,https://jp.beautyblossom.kr/45,2,h3,麻酔方法
jp,https://jp.beautyblossom.kr/45,3,h3,回復期間
jp,https://jp.beautyblossom.kr/45,4,h3,施術周期
jp,https://jp.beautyblossom.kr/45,5,h3,肌表面に照射した
jp,https://jp.beautyblossom.kr/45,6,h3,熱エネルギーに変換
jp,https://jp.beautyblossom.kr/45,7,h3,変換された熱エネルギーが肌内部の組織凝固
jp,https://jp.beautyblossom.kr/45,8,h3,組織が回復する過程で組織凝固効果
jp,https://jp.beautyblossom.kr/45,9,h3,コラーゲン再生持続的な改善効果
jp,https://jp.beautyblossom.kr/45,10,h3,グローバルレベルの品質
jp,https://jp.beautyblossom.kr/45,11,h3,正規品・適正量の徹底化
jp,https://jp.beautyblossom.kr/45,12,h3,一人一人に合わせた繊細ケア
jp,https://jp.beautyblossom.kr/45,13,h6,CONTACT
jp,https://jp.beautyblossom.kr/45,14,h6,LOCATION
jp,https://jp.beautyblossom.kr/45,15,h6,OFFICE HOUR
jp,https://jp.beautyblossom.kr/47,1,h3,プレミアム脱毛機器の使用
jp,https://jp.beautyblossom.kr/47,2,h3,徹底したプライバシー保護
jp,https://jp.beautyblossom.kr/47,3,h3,肌保護スマートクーリング
jp,https://jp.beautyblossom.kr/47,4,h3,1:1カスタマイズレーザー脱毛
jp,https://jp.beautyblossom.kr/47,5,h3,衛生的な非接触方式
jp,https://jp.beautyblossom.kr/47,6,h3,強力なクーリング効果
jp,https://jp.beautyblossom.kr/47,7,h3,最適化されたカスタマイズ出力調整
jp,https://jp.beautyblossom.kr/47,8,h3,柔らかくなめらかな肌
jp,https://jp.beautyblossom.kr/47,9,h3,グローバルレベルの品質
jp,https://jp.beautyblossom.kr/47,10,h3,正規品・適正量の徹底化
jp,https://jp.beautyblossom.kr/47,11,h3,一人一人に合わせた繊細ケア
jp,https://jp.beautyblossom.kr/47,12,h6,CONTACT
jp,https://jp.beautyblossom.kr/47,13,h6,LOCATION
jp,https://jp.beautyblossom.kr/47,14,h6,OFFICE HOUR
jp,https://jp.beautyblossom.kr/48,1,h3,プレミアム脱毛機器の使用
jp,https://jp.beautyblossom.kr/48,2,h3,徹底したプライバシー保護
jp,https://jp.beautyblossom.kr/48,3,h3,肌保護スマートクーリング
jp,https://jp.beautyblossom.kr/48,4,h3,1:1カスタマイズレーザー脱毛
jp,https://jp.beautyblossom.kr/48,5,h3,衛生的な非接触方式
jp,https://jp.beautyblossom.kr/48,6,h3,強力なクーリング効果
jp,https://jp.beautyblossom.kr/48,7,h3,最適化されたカスタマイズ出力調整
jp,https://jp.beautyblossom.kr/48,8,h3,柔らかくなめらかな肌
jp,https://jp.beautyblossom.kr/48,9,h3,グローバルレベルの品質
jp,https://jp.beautyblossom.kr/48,10,h3,正規品・適正量の徹底化
jp,https://jp.beautyblossom.kr/48,11,h3,一人一人に合わせた繊細ケア
jp,https://jp.beautyblossom.kr/48,12,h6,CONTACT
jp,https://jp.beautyblossom.kr/48,13,h6,LOCATION
jp,https://jp.beautyblossom.kr/48,14,h6,OFFICE HOUR
jp,https://jp.beautyblossom.kr/50,1,h3,DIAGNOSIS
jp,https://jp.beautyblossom.kr/50,2,h4,診断
jp,https://jp.beautyblossom.kr/50,3,h3,DESIGN
jp,https://jp.beautyblossom.kr/50,4,h4,設計
jp,https://jp.beautyblossom.kr/50,5,h3,TREATMENT
jp,https://jp.beautyblossom.kr/50,6,h4,施術
jp,https://jp.beautyblossom.kr/50,7,h3,CARE
jp,https://jp.beautyblossom.kr/50,8,h4,ケア
jp,https://jp.beautyblossom.kr/50,9,h6,グローバルレベルを超えてあなたの特別な基準へ
jp,https://jp.beautyblossom.kr/50,10,h4,
jp,https://jp.beautyblossom.kr/50,11,h4,
jp,https://jp.beautyblossom.kr/50,12,h4,
jp,https://jp.beautyblossom.kr/50,13,h4,
jp,https://jp.beautyblossom.kr/50,14,h4,
jp,https://jp.beautyblossom.kr/50,15,h4,
jp,https://jp.beautyblossom.kr/50,16,h6,CONTACT
jp,https://jp.beautyblossom.kr/50,17,h6,LOCATION
jp,https://jp.beautyblossom.kr/50,18,h6,OFFICE HOUR
jp,https://jp.beautyblossom.kr/51,1,h3,施術時間
jp,https://jp.beautyblossom.kr/51,2,h3,施術部位
jp,https://jp.beautyblossom.kr/51,3,h3,回復期間
jp,https://jp.beautyblossom.kr/51,4,h3,持続期間
jp,https://jp.beautyblossom.kr/51,5,h3,ふくらはぎライン
jp,https://jp.beautyblossom.kr/51,6,h3,僧帽筋改善
jp,https://jp.beautyblossom.kr/51,7,h3,二の腕ライン
jp,https://jp.beautyblossom.kr/51,8,h3,太ももライン
jp,https://jp.beautyblossom.kr/51,9,h3,自由な容量選択
jp,https://jp.beautyblossom.kr/51,10,h3,部位制限なしの施術
jp,https://jp.beautyblossom.kr/51,11,h3,自由な施術期間
jp,https://jp.beautyblossom.kr/51,12,h3,医師による1:1カスタム相談
jp,https://jp.beautyblossom.kr/51,13,h3,安全な正規品施術
jp,https://jp.beautyblossom.kr/51,14,h3,グローバルレベルの品質
jp,https://jp.beautyblossom.kr/51,15,h3,正規品・適正量の徹底化
jp,https://jp.beautyblossom.kr/51,16,h3,一人一人に合わせた繊細ケア
jp,https://jp.beautyblossom.kr/51,17,h6,CONTACT
jp,https://jp.beautyblossom.kr/51,18,h6,LOCATION
jp,https://jp.beautyblossom.kr/51,19,h6,OFFICE HOUR
jp,https://jp.beautyblossom.kr/52,1,h3,施術時間
jp,https://jp.beautyblossom.kr/52,2,h3,カスタム設計
jp,https://jp.beautyblossom.kr/52,3,h3,回復期間
jp,https://jp.beautyblossom.kr/52,4,h3,持続期間
jp,https://jp.beautyblossom.kr/52,5,h3,スピーディーな施術
jp,https://jp.beautyblossom.kr/52,6,h3,カスタム施術
jp,https://jp.beautyblossom.kr/52,7,h3,早い日常復帰
jp,https://jp.beautyblossom.kr/52,8,h6,ボディーボトックスの効果
jp,https://jp.beautyblossom.kr/52,9,h3,グローバルレベルの品質
jp,https://jp.beautyblossom.kr/52,10,h3,正規品・適正量の徹底化
jp,https://jp.beautyblossom.kr/52,11,h3,一人一人に合わせた繊細ケア
jp,https://jp.beautyblossom.kr/52,12,h6,CONTACT
jp,https://jp.beautyblossom.kr/52,13,h6,LOCATION
jp,https://jp.beautyblossom.kr/52,14,h6,OFFICE HOUR
jp,https://jp.beautyblossom.kr/53,1,h3,시술 시간
jp,https://jp.beautyblossom.kr/53,2,h3,마취 방법
jp,https://jp.beautyblossom.kr/53,3,h3,안전성
jp,https://jp.beautyblossom.kr/53,4,h3,회복 기간
jp,https://jp.beautyblossom.kr/53,5,h6,바디필러 효과
jp,https://jp.beautyblossom.kr/53,6,h3,글로벌 스탠다드 퀄리티
jp,https://jp.beautyblossom.kr/53,7,h3,정품・정량 철칙
jp,https://jp.beautyblossom.kr/53,8,h3,맞춤형 디테일 케어
jp,https://jp.beautyblossom.kr/53,9,h6,CONTACT
jp,https://jp.beautyblossom.kr/53,10,h6,LOCATION
jp,https://jp.beautyblossom.kr/53,11,h6,OFFICE HOUR
jp,https://jp.beautyblossom.kr/54,1,h3,施術時間
jp,https://jp.beautyblossom.kr/54,2,h3,施術周期
jp,https://jp.beautyblossom.kr/54,3,h3,回復期間
jp,https://jp.beautyblossom.kr/54,4,h3,持続期間
jp,https://jp.beautyblossom.kr/54,5,h6,ボディービューティー
jp,https://jp.beautyblossom.kr/54,6,h6,フィット注射
jp,https://jp.beautyblossom.kr/54,7,h6,ボディーブロッサム
jp,https://jp.beautyblossom.kr/54,8,h6,フィット注射
jp,https://jp.beautyblossom.kr/54,9,h6,ボディー脂肪溶解注射の効果
jp,https://jp.beautyblossom.kr/54,10,h3,グローバルレベルの品質
jp,https://jp.beautyblossom.kr/54,11,h3,正規品・適正量の徹底化
jp,https://jp.beautyblossom.kr/54,12,h3,一人一人に合わせた繊細ケア
jp,https://jp.beautyblossom.kr/54,13,h6,CONTACT
jp,https://jp.beautyblossom.kr/54,14,h6,LOCATION
jp,https://jp.beautyblossom.kr/54,15,h6,OFFICE HOUR
jp,https://jp.beautyblossom.kr/55,1,h3,施術時間
jp,https://jp.beautyblossom.kr/55,2,h3,麻酔の有無
jp,https://jp.beautyblossom.kr/55,3,h3,回復期間
jp,https://jp.beautyblossom.kr/55,4,h3,あざ・出血
jp,https://jp.beautyblossom.kr/55,5,h6,ボディー彫刻注射の効果
jp,https://jp.beautyblossom.kr/55,6,h3,脂肪 & 筋肉減少
jp,https://jp.beautyblossom.kr/55,7,h3,即効性 & 短い回復期間
jp,https://jp.beautyblossom.kr/55,8,h3,ダイエット相乗効果
jp,https://jp.beautyblossom.kr/55,9,h1,ボディ特化施術案内
jp,https://jp.beautyblossom.kr/55,10,h3,グローバルレベルの品質
jp,https://jp.beautyblossom.kr/55,11,h3,正規品・適正量の徹底化
jp,https://jp.beautyblossom.kr/55,12,h3,一人一人に合わせた繊細ケア
jp,https://jp.beautyblossom.kr/55,13,h6,CONTACT
jp,https://jp.beautyblossom.kr/55,14,h6,LOCATION
jp,https://jp.beautyblossom.kr/55,15,h6,OFFICE HOUR
jp,https://jp.beautyblossom.kr/56,1,h3,極超短波
jp,https://jp.beautyblossom.kr/56,2,h3,クールウェーブ
jp,https://jp.beautyblossom.kr/56,3,h3,施術時間
jp,https://jp.beautyblossom.kr/56,4,h3,推奨周期
jp,https://jp.beautyblossom.kr/56,5,h3,コラーゲン生成
jp,https://jp.beautyblossom.kr/56,6,h3,脂肪分解
jp,https://jp.beautyblossom.kr/56,7,h3,肌の引き締め
jp,https://jp.beautyblossom.kr/56,8,h3,グローバルレベルの品質
jp,https://jp.beautyblossom.kr/56,9,h3,正規品・適正量の徹底化
jp,https://jp.beautyblossom.kr/56,10,h3,一人一人に合わせた繊細ケア
jp,https://jp.beautyblossom.kr/56,11,h6,CONTACT
jp,https://jp.beautyblossom.kr/56,12,h6,LOCATION
jp,https://jp.beautyblossom.kr/56,13,h6,OFFICE HOUR
jp,https://jp.beautyblossom.kr/57,1,h3,施術時間
jp,https://jp.beautyblossom.kr/57,2,h3,麻酔の有無
jp,https://jp.beautyblossom.kr/57,3,h3,推奨周期
jp,https://jp.beautyblossom.kr/57,4,h3,持続期間
jp,https://jp.beautyblossom.kr/57,5,h6,ボディーインモードの効果
jp,https://jp.beautyblossom.kr/57,6,h3,不要な脂肪
jp,https://jp.beautyblossom.kr/57,7,h3,選択的除去
jp,https://jp.beautyblossom.kr/57,8,h3,ライン矯正
jp,https://jp.beautyblossom.kr/57,9,h3,セルライト改善
jp,https://jp.beautyblossom.kr/57,10,h3,肌の弾力UP
jp,https://jp.beautyblossom.kr/57,11,h3,コラーゲンリモデリング
jp,https://jp.beautyblossom.kr/57,12,h3,安全な施術
jp,https://jp.beautyblossom.kr/57,13,h3,リアルタイム温度チェック
jp,https://jp.beautyblossom.kr/57,14,h6,✓ バキューム (Vacuum)
jp,https://jp.beautyblossom.kr/57,15,h6,✓ 高周波エネルギー (RF)
jp,https://jp.beautyblossom.kr/57,16,h6,✓ 高電圧電気刺激 (HVP)
jp,https://jp.beautyblossom.kr/57,17,h3,グローバルレベルの品質
jp,https://jp.beautyblossom.kr/57,18,h3,正規品・適正量の徹底化
jp,https://jp.beautyblossom.kr/57,19,h3,一人一人に合わせた繊細ケア
jp,https://jp.beautyblossom.kr/57,20,h6,CONTACT
jp,https://jp.beautyblossom.kr/57,21,h6,LOCATION
jp,https://jp.beautyblossom.kr/57,22,h6,OFFICE HOUR
jp,https://jp.beautyblossom.kr/58,1,h3,施術時間
jp,https://jp.beautyblossom.kr/58,2,h3,効果発現
jp,https://jp.beautyblossom.kr/58,3,h3,回復期間
jp,https://jp.beautyblossom.kr/58,4,h3,持続期間
jp,https://jp.beautyblossom.kr/58,5,h3,汗の分泌現象
jp,https://jp.beautyblossom.kr/58,6,h3,過剰発刊抑制
jp,https://jp.beautyblossom.kr/58,7,h3,清潔感維持
jp,https://jp.beautyblossom.kr/58,8,h3,臭い軽減
jp,https://jp.beautyblossom.kr/58,9,h3,手軽な施術
jp,https://jp.beautyblossom.kr/58,10,h3,短時間の施術
jp,https://jp.beautyblossom.kr/58,11,h3,安全な治療
jp,https://jp.beautyblossom.kr/58,12,h3,副作用最小化
jp,https://jp.beautyblossom.kr/58,13,h3,グローバルレベルの品質
jp,https://jp.beautyblossom.kr/58,14,h3,正規品・適正量の徹底化
jp,https://jp.beautyblossom.kr/58,15,h3,一人一人に合わせた繊細ケア
jp,https://jp.beautyblossom.kr/58,16,h6,CONTACT
jp,https://jp.beautyblossom.kr/58,17,h6,LOCATION
jp,https://jp.beautyblossom.kr/58,18,h6,OFFICE HOUR
jp,https://jp.beautyblossom.kr/60,1,h3,スキンケア
jp,https://jp.beautyblossom.kr/60,2,h3,皮脂ケア
jp,https://jp.beautyblossom.kr/60,3,h3,水分管理
jp,https://jp.beautyblossom.kr/60,4,h3,肌再生
jp,https://jp.beautyblossom.kr/60,5,h6,フォーミュラ
jp,https://jp.beautyblossom.kr/60,6,h6,スキンブースター
jp,https://jp.beautyblossom.kr/60,7,h3,グローバルレベルの品質
jp,https://jp.beautyblossom.kr/60,8,h3,正規品・適正量の徹底化
jp,https://jp.beautyblossom.kr/60,9,h3,一人一人に合わせた繊細ケア
jp,https://jp.beautyblossom.kr/60,10,h6,CONTACT
jp,https://jp.beautyblossom.kr/60,11,h6,LOCATION
jp,https://jp.beautyblossom.kr/60,12,h6,OFFICE HOUR
jp,https://jp.beautyblossom.kr/61,1,h3,平行超音波
jp,https://jp.beautyblossom.kr/61,2,h3,4重周波数
jp,https://jp.beautyblossom.kr/61,3,h3,コラーゲン生成
jp,https://jp.beautyblossom.kr/61,4,h3,保湿強化
jp,https://jp.beautyblossom.kr/61,5,h3,Vラインリフティング
jp,https://jp.beautyblossom.kr/61,6,h3,コラーゲン再生
jp,https://jp.beautyblossom.kr/61,7,h3,肌再生
jp,https://jp.beautyblossom.kr/61,8,h3,無痛ケア
jp,https://jp.beautyblossom.kr/61,9,h3,グローバルレベルの品質
jp,https://jp.beautyblossom.kr/61,10,h3,正規品・適正量の徹底化
jp,https://jp.beautyblossom.kr/61,11,h3,一人一人に合わせた繊細ケア
jp,https://jp.beautyblossom.kr/61,12,h6,CONTACT
jp,https://jp.beautyblossom.kr/61,13,h6,LOCATION
jp,https://jp.beautyblossom.kr/61,14,h6,OFFICE HOUR
jp,https://jp.beautyblossom.kr/62,1,h3,選択的治療
jp,https://jp.beautyblossom.kr/62,2,h3,ニキビ改善
jp,https://jp.beautyblossom.kr/62,3,h3,施術回数
jp,https://jp.beautyblossom.kr/62,4,h3,維持期間
jp,https://jp.beautyblossom.kr/62,5,h3,ニキビ改善
jp,https://jp.beautyblossom.kr/62,6,h3,皮脂調整
jp,https://jp.beautyblossom.kr/62,7,h3,毛穴縮小
jp,https://jp.beautyblossom.kr/62,8,h3,再発抑制
jp,https://jp.beautyblossom.kr/62,9,h3,グローバルレベルの品質
jp,https://jp.beautyblossom.kr/62,10,h3,正規品・適正量の徹底化
jp,https://jp.beautyblossom.kr/62,11,h3,一人一人に合わせた繊細ケア
jp,https://jp.beautyblossom.kr/62,12,h6,CONTACT
jp,https://jp.beautyblossom.kr/62,13,h6,LOCATION
jp,https://jp.beautyblossom.kr/62,14,h6,OFFICE HOUR
jp,https://jp.beautyblossom.kr/63,1,h3,グローバルレベルの品質
jp,https://jp.beautyblossom.kr/63,2,h3,正規品・適正量の徹底化
jp,https://jp.beautyblossom.kr/63,3,h3,一人一人に合わせた繊細ケア
jp,https://jp.beautyblossom.kr/63,4,h6,CONTACT
jp,https://jp.beautyblossom.kr/63,5,h6,LOCATION
jp,https://jp.beautyblossom.kr/63,6,h6,OFFICE HOUR
jp,https://jp.beautyblossom.kr/64,1,h3,低刺激
jp,https://jp.beautyblossom.kr/64,2,h3,栄養供給
jp,https://jp.beautyblossom.kr/64,3,h3,施術時間
jp,https://jp.beautyblossom.kr/64,4,h3,回復期間
jp,https://jp.beautyblossom.kr/64,5,h3,天然ピーリング
jp,https://jp.beautyblossom.kr/64,6,h3,トラブル改善
jp,https://jp.beautyblossom.kr/64,7,h3,栄養供給
jp,https://jp.beautyblossom.kr/64,8,h3,肌再生
jp,https://jp.beautyblossom.kr/64,9,h3,グローバルレベルの品質
jp,https://jp.beautyblossom.kr/64,10,h3,正規品・適正量の徹底化
jp,https://jp.beautyblossom.kr/64,11,h3,一人一人に合わせた繊細ケア
jp,https://jp.beautyblossom.kr/64,12,h6,CONTACT
jp,https://jp.beautyblossom.kr/64,13,h6,LOCATION
jp,https://jp.beautyblossom.kr/64,14,h6,OFFICE HOUR
jp,https://jp.beautyblossom.kr/65,1,h3,低刺激
jp,https://jp.beautyblossom.kr/65,2,h3,ソリューション
jp,https://jp.beautyblossom.kr/65,3,h3,施術時間
jp,https://jp.beautyblossom.kr/65,4,h3,回復期間
jp,https://jp.beautyblossom.kr/65,5,h3,低刺激ピーリング
jp,https://jp.beautyblossom.kr/65,6,h3,毛穴クレンジング
jp,https://jp.beautyblossom.kr/65,7,h3,水分供給
jp,https://jp.beautyblossom.kr/65,8,h3,肌鎮静
jp,https://jp.beautyblossom.kr/65,9,h3,グローバルレベルの品質
jp,https://jp.beautyblossom.kr/65,10,h3,正規品・適正量の徹底化
jp,https://jp.beautyblossom.kr/65,11,h3,一人一人に合わせた繊細ケア
jp,https://jp.beautyblossom.kr/65,12,h6,CONTACT
jp,https://jp.beautyblossom.kr/65,13,h6,LOCATION
jp,https://jp.beautyblossom.kr/65,14,h6,OFFICE HOUR
jp,https://jp.beautyblossom.kr/66,1,h3,施術時間
jp,https://jp.beautyblossom.kr/66,2,h3,ケア周期
jp,https://jp.beautyblossom.kr/66,3,h3,痛みの強さ
jp,https://jp.beautyblossom.kr/66,4,h3,回復期間
jp,https://jp.beautyblossom.kr/66,5,h3,ディープケア
jp,https://jp.beautyblossom.kr/66,6,h3,美白効果
jp,https://jp.beautyblossom.kr/66,7,h3,弾力改善
jp,https://jp.beautyblossom.kr/66,8,h3,水分補充
jp,https://jp.beautyblossom.kr/66,9,h3,グローバルレベルの品質
jp,https://jp.beautyblossom.kr/66,10,h3,正規品・適正量の徹底化
jp,https://jp.beautyblossom.kr/66,11,h3,一人一人に合わせた繊細ケア
jp,https://jp.beautyblossom.kr/66,12,h6,CONTACT
jp,https://jp.beautyblossom.kr/66,13,h6,LOCATION
jp,https://jp.beautyblossom.kr/66,14,h6,OFFICE HOUR
jp,https://jp.beautyblossom.kr/67,1,h3,순환 개선
jp,https://jp.beautyblossom.kr/67,2,h3,심부 열효과
jp,https://jp.beautyblossom.kr/67,3,h3,면역 강화
jp,https://jp.beautyblossom.kr/67,4,h3,관리 주기
jp,https://jp.beautyblossom.kr/67,5,h3,붓기 개선
jp,https://jp.beautyblossom.kr/67,6,h3,탄력 강화
jp,https://jp.beautyblossom.kr/67,7,h3,피부 재생
jp,https://jp.beautyblossom.kr/67,8,h3,라인 개선
jp,https://jp.beautyblossom.kr/67,9,h3,글로벌 스탠다드 퀄리티
jp,https://jp.beautyblossom.kr/67,10,h3,정품・정량 철칙
jp,https://jp.beautyblossom.kr/67,11,h3,맞춤형 디테일 케어
jp,https://jp.beautyblossom.kr/67,12,h6,CONTACT
jp,https://jp.beautyblossom.kr/67,13,h6,LOCATION
jp,https://jp.beautyblossom.kr/67,14,h6,OFFICE HOUR
jp,https://jp.beautyblossom.kr/68,1,h3,肌鎮静
jp,https://jp.beautyblossom.kr/68,2,h3,水分供給
jp,https://jp.beautyblossom.kr/68,3,h3,バリア強化
jp,https://jp.beautyblossom.kr/68,4,h3,ケア周期
jp,https://jp.beautyblossom.kr/68,5,h3,肌鎮静
jp,https://jp.beautyblossom.kr/68,6,h3,保湿強化
jp,https://jp.beautyblossom.kr/68,7,h3,再生効果
jp,https://jp.beautyblossom.kr/68,8,h3,トラブルケア
jp,https://jp.beautyblossom.kr/68,9,h3,グローバルレベルの品質
jp,https://jp.beautyblossom.kr/68,10,h3,正規品・適正量の徹底化
jp,https://jp.beautyblossom.kr/68,11,h3,一人一人に合わせた繊細ケア
jp,https://jp.beautyblossom.kr/68,12,h6,CONTACT
jp,https://jp.beautyblossom.kr/68,13,h6,LOCATION
jp,https://jp.beautyblossom.kr/68,14,h6,OFFICE HOUR
jp,https://jp.beautyblossom.kr/683794137,1,h6,CONTACT
jp,https://jp.beautyblossom.kr/683794137,2,h6,LOCATION
jp,https://jp.beautyblossom.kr/683794137,3,h6,OFFICE HOUR
jp,https://jp.beautyblossom.kr/69,1,h3,専門治療
jp,https://jp.beautyblossom.kr/69,2,h3,段階別管理
jp,https://jp.beautyblossom.kr/69,3,h3,再発防止
jp,https://jp.beautyblossom.kr/69,4,h3,管理期間
jp,https://jp.beautyblossom.kr/69,5,h3,炎症改善
jp,https://jp.beautyblossom.kr/69,6,h3,皮脂ケア
jp,https://jp.beautyblossom.kr/69,7,h3,傷跡予防
jp,https://jp.beautyblossom.kr/69,8,h3,再発防止
jp,https://jp.beautyblossom.kr/69,9,h3,グローバルレベルの品質
jp,https://jp.beautyblossom.kr/69,10,h3,正規品・適正量の徹底化
jp,https://jp.beautyblossom.kr/69,11,h3,一人一人に合わせた繊細ケア
jp,https://jp.beautyblossom.kr/69,12,h6,CONTACT
jp,https://jp.beautyblossom.kr/69,13,h6,LOCATION
jp,https://jp.beautyblossom.kr/69,14,h6,OFFICE HOUR
jp,https://jp.beautyblossom.kr/71,1,h3,DIAGNOSIS
jp,https://jp.beautyblossom.kr/71,2,h4,診断
jp,https://jp.beautyblossom.kr/71,3,h3,DESIGN
jp,https://jp.beautyblossom.kr/71,4,h4,設計
jp,https://jp.beautyblossom.kr/71,5,h3,TREATMENT
jp,https://jp.beautyblossom.kr/71,6,h4,施術
jp,https://jp.beautyblossom.kr/71,7,h3,CARE
jp,https://jp.beautyblossom.kr/71,8,h4,管理
jp,https://jp.beautyblossom.kr/71,9,h6,グローバルレベルを超えてあなたの特別な基準へ
jp,https://jp.beautyblossom.kr/71,10,h4,
jp,https://jp.beautyblossom.kr/71,11,h4,
jp,https://jp.beautyblossom.kr/71,12,h4,
jp,https://jp.beautyblossom.kr/71,13,h4,
jp,https://jp.beautyblossom.kr/71,14,h6,CONTACT
jp,https://jp.beautyblossom.kr/71,15,h6,LOCATION
jp,https://jp.beautyblossom.kr/71,16,h6,OFFICE HOUR
jp,https://jp.beautyblossom.kr/72,1,h3,施術時間
jp,https://jp.beautyblossom.kr/72,2,h3,麻酔の有無
jp,https://jp.beautyblossom.kr/72,3,h3,回復期間
jp,https://jp.beautyblossom.kr/72,4,h3,施術部位の選択
jp,https://jp.beautyblossom.kr/72,5,h6,✓ SFA チップ
jp,https://jp.beautyblossom.kr/72,6,h6,✓ ダイヤモンドチップ
jp,https://jp.beautyblossom.kr/72,7,h6,✓ DDR チップ
jp,https://jp.beautyblossom.kr/72,8,h3,グローバルレベルの品質
jp,https://jp.beautyblossom.kr/72,9,h3,正規品・適正量の徹底化
jp,https://jp.beautyblossom.kr/72,10,h3,一人一人に合わせた繊細ケア
jp,https://jp.beautyblossom.kr/72,11,h6,CONTACT
jp,https://jp.beautyblossom.kr/72,12,h6,LOCATION
jp,https://jp.beautyblossom.kr/72,13,h6,OFFICE HOUR
jp,https://jp.beautyblossom.kr/73,1,h3,エネルギー伝達
jp,https://jp.beautyblossom.kr/73,2,h3,施術時間
jp,https://jp.beautyblossom.kr/73,3,h3,回復期間
jp,https://jp.beautyblossom.kr/73,4,h3,安全性
jp,https://jp.beautyblossom.kr/73,5,h3,選択的治療
jp,https://jp.beautyblossom.kr/73,6,h3,迅速な回復
jp,https://jp.beautyblossom.kr/73,7,h3,高い効果
jp,https://jp.beautyblossom.kr/73,8,h3,ハイゾーン
jp,https://jp.beautyblossom.kr/73,9,h3,ローゾーン
jp,https://jp.beautyblossom.kr/73,10,h3,熱ダメージの最小化
jp,https://jp.beautyblossom.kr/73,11,h3,短いダウンタイム
jp,https://jp.beautyblossom.kr/73,12,h3,肌改善効果の持続性
jp,https://jp.beautyblossom.kr/73,13,h3,多様な肌の問題解決
jp,https://jp.beautyblossom.kr/73,14,h2,色素沈着改善ソリューション
jp,https://jp.beautyblossom.kr/73,15,h1,ピコシュアトーニング
jp,https://jp.beautyblossom.kr/73,16,h2,肌再生ソリューション
jp,https://jp.beautyblossom.kr/73,17,h1,ピコフォーカス
jp,https://jp.beautyblossom.kr/73,18,h2,正確なそばかす、シミのターゲティング
jp,https://jp.beautyblossom.kr/73,19,h1,ピコズームパス
jp,https://jp.beautyblossom.kr/73,20,h3,グローバルレベルの品質
jp,https://jp.beautyblossom.kr/73,21,h3,正規品・適正量の徹底化
jp,https://jp.beautyblossom.kr/73,22,h3,一人一人に合わせた繊細ケア
jp,https://jp.beautyblossom.kr/73,23,h6,CONTACT
jp,https://jp.beautyblossom.kr/73,24,h6,LOCATION
jp,https://jp.beautyblossom.kr/73,25,h6,OFFICE HOUR
jp,https://jp.beautyblossom.kr/74,1,h3,低価格
jp,https://jp.beautyblossom.kr/74,2,h3,施術時間
jp,https://jp.beautyblossom.kr/74,3,h3,痛み管理
jp,https://jp.beautyblossom.kr/74,4,h3,施術効果
jp,https://jp.beautyblossom.kr/74,5,h3,低刺激施術
jp,https://jp.beautyblossom.kr/74,6,h3,迅速な除去
jp,https://jp.beautyblossom.kr/74,7,h3,部位別カスタマイズ
jp,https://jp.beautyblossom.kr/74,8,h3,グローバルレベルの品質
jp,https://jp.beautyblossom.kr/74,9,h3,正規品・適正量の徹底化
jp,https://jp.beautyblossom.kr/74,10,h3,一人一人に合わせた繊細ケア
jp,https://jp.beautyblossom.kr/74,11,h6,CONTACT
jp,https://jp.beautyblossom.kr/74,12,h6,LOCATION
jp,https://jp.beautyblossom.kr/74,13,h6,OFFICE HOUR
jp,https://jp.beautyblossom.kr/75,1,h3,施術時間
jp,https://jp.beautyblossom.kr/75,2,h3,麻酔の有無
jp,https://jp.beautyblossom.kr/75,3,h3,回復期間
jp,https://jp.beautyblossom.kr/75,4,h3,施術効果
jp,https://jp.beautyblossom.kr/75,5,h3,痛みDOWN
jp,https://jp.beautyblossom.kr/75,6,h3,素早い効果
jp,https://jp.beautyblossom.kr/75,7,h3,ニキビ再発率低減
jp,https://jp.beautyblossom.kr/75,8,h3,皮脂調整
jp,https://jp.beautyblossom.kr/75,9,h3,グローバルレベルの品質
jp,https://jp.beautyblossom.kr/75,10,h3,正規品・適正量の徹底化
jp,https://jp.beautyblossom.kr/75,11,h3,一人一人に合わせた繊細ケア
jp,https://jp.beautyblossom.kr/75,12,h6,CONTACT
jp,https://jp.beautyblossom.kr/75,13,h6,LOCATION
jp,https://jp.beautyblossom.kr/75,14,h6,OFFICE HOUR
jp,https://jp.beautyblossom.kr/76,1,h3,デュアル波長
jp,https://jp.beautyblossom.kr/76,2,h3,痛み管理
jp,https://jp.beautyblossom.kr/76,3,h3,施術効果
jp,https://jp.beautyblossom.kr/76,4,h3,回復期間
jp,https://jp.beautyblossom.kr/76,5,h3,痛みが少ない
jp,https://jp.beautyblossom.kr/76,6,h3,素早い効果
jp,https://jp.beautyblossom.kr/76,7,h3,ニキビの色素改善
jp,https://jp.beautyblossom.kr/76,8,h3,日常生活即復帰
jp,https://jp.beautyblossom.kr/76,9,h3,グローバルレベルの品質
jp,https://jp.beautyblossom.kr/76,10,h3,正規品・適正量の徹底化
jp,https://jp.beautyblossom.kr/76,11,h3,一人一人に合わせた繊細ケア
jp,https://jp.beautyblossom.kr/76,12,h6,CONTACT
jp,https://jp.beautyblossom.kr/76,13,h6,LOCATION
jp,https://jp.beautyblossom.kr/76,14,h6,OFFICE HOUR
jp,https://jp.beautyblossom.kr/99,1,h4,
jp,https://jp.beautyblossom.kr/99,2,h4,
jp,https://jp.beautyblossom.kr/99,3,h4,
jp,https://jp.beautyblossom.kr/99,4,h3,グローバルレベルの品質
jp,https://jp.beautyblossom.kr/99,5,h3,正規品・適正量の徹底化
jp,https://jp.beautyblossom.kr/99,6,h3,一人一人に合わせた繊細ケア
jp,https://jp.beautyblossom.kr/99,7,h6,CONTACT
jp,https://jp.beautyblossom.kr/99,8,h6,LOCATION
jp,https://jp.beautyblossom.kr/99,9,h6,OFFICE HOUR
jp,https://jp.beautyblossom.kr/LDM,1,h3,施術時間
jp,https://jp.beautyblossom.kr/LDM,2,h3,麻酔の有無
jp,https://jp.beautyblossom.kr/LDM,3,h3,回復期間
jp,https://jp.beautyblossom.kr/LDM,4,h3,効果の持続
jp,https://jp.beautyblossom.kr/LDM,5,h3,グローバルレベルの品質
jp,https://jp.beautyblossom.kr/LDM,6,h3,正規品・適正量の徹底化
jp,https://jp.beautyblossom.kr/LDM,7,h3,一人一人に合わせた繊細ケア
jp,https://jp.beautyblossom.kr/LDM,8,h6,CONTACT
jp,https://jp.beautyblossom.kr/LDM,9,h6,LOCATION
jp,https://jp.beautyblossom.kr/LDM,10,h6,OFFICE HOUR
jp,https://jp.beautyblossom.kr/Sculptra,1,h3,施術時間
jp,https://jp.beautyblossom.kr/Sculptra,2,h3,麻酔の有無
jp,https://jp.beautyblossom.kr/Sculptra,3,h3,回復期間
jp,https://jp.beautyblossom.kr/Sculptra,4,h3,効果持続
jp,https://jp.beautyblossom.kr/Sculptra,5,h3,段階的なボリューム回復
jp,https://jp.beautyblossom.kr/Sculptra,6,h3,肌の弾力改善
jp,https://jp.beautyblossom.kr/Sculptra,7,h3,長く続く効果
jp,https://jp.beautyblossom.kr/Sculptra,8,h3,検証された安全性
jp,https://jp.beautyblossom.kr/Sculptra,9,h3,広範囲な適用部位
jp,https://jp.beautyblossom.kr/Sculptra,10,h3,自然な変化
jp,https://jp.beautyblossom.kr/Sculptra,11,h3,グローバルレベルの品質
jp,https://jp.beautyblossom.kr/Sculptra,12,h3,正規品・適正量の徹底化
jp,https://jp.beautyblossom.kr/Sculptra,13,h3,一人一人に合わせた繊細ケア
jp,https://jp.beautyblossom.kr/Sculptra,14,h6,CONTACT
jp,https://jp.beautyblossom.kr/Sculptra,15,h6,LOCATION
jp,https://jp.beautyblossom.kr/Sculptra,16,h6,OFFICE HOUR
jp,https://jp.beautyblossom.kr/XERF,1,h1,Fit theDepth.XERF
jp,https://jp.beautyblossom.kr/XERF,2,h2,Meet the instrumentof depth.
jp,https://jp.beautyblossom.kr/XERF,3,h2,2つの周波数が肌の奥へ 流れる|
jp,https://jp.beautyblossom.kr/XERF,4,h2,1台で広がるマルチ
jp,https://jp.beautyblossom.kr/XERF,5,h2,4つのエフェクター、4つのキメ
jp,https://jp.beautyblossom.kr/XERF,6,h2,高周波、深く考えるならザーフと言って
jp,https://jp.beautyblossom.kr/XERF,7,h2,Fit myMoment.
jp,https://jp.beautyblossom.kr/XERF,8,h3,施術案内
jp,https://jp.beautyblossom.kr/XERF,9,h6,CONTACT
jp,https://jp.beautyblossom.kr/XERF,10,h6,LOCATION
jp,https://jp.beautyblossom.kr/XERF,11,h6,OFFICE HOUR
jp,https://jp.beautyblossom.kr/alltite,1,h1,LIFT & TIGHTENたるみには、Alltite
jp,https://jp.beautyblossom.kr/alltite,2,h2,たるみに、即時リフティング
jp,https://jp.beautyblossom.kr/alltite,3,h2,ついに誕生した新技術、DLTD®
jp,https://jp.beautyblossom.kr/alltite,4,h3,17倍のエネルギー
jp,https://jp.beautyblossom.kr/alltite,5,h3,集中誘電加熱
jp,https://jp.beautyblossom.kr/alltite,6,h3,クーリング冷却技術
jp,https://jp.beautyblossom.kr/alltite,7,h2,表皮は守り、深部だけを加熱する
jp,https://jp.beautyblossom.kr/alltite,8,h2,真皮下部にエネルギーを集中
jp,https://jp.beautyblossom.kr/alltite,9,h4,浅い層でエネルギー消失
jp,https://jp.beautyblossom.kr/alltite,10,h4,真皮下部にエネルギー存在
jp,https://jp.beautyblossom.kr/alltite,11,h2,Alltiteの効果
jp,https://jp.beautyblossom.kr/alltite,12,h3,即時リフティング
jp,https://jp.beautyblossom.kr/alltite,13,h3,痛み・ダウンタイム最小化
jp,https://jp.beautyblossom.kr/alltite,14,h3,よりパワフルなリフティング
jp,https://jp.beautyblossom.kr/alltite,15,h3,肌のハリ・弾力を強化
jp,https://jp.beautyblossom.kr/alltite,16,h2,精密に設計された機器
jp,https://jp.beautyblossom.kr/alltite,17,h2,部位別カスタムリフティング
jp,https://jp.beautyblossom.kr/alltite,18,h2,何が違うのか？
jp,https://jp.beautyblossom.kr/alltite,19,h2,たるみにはAlltite
jp,https://jp.beautyblossom.kr/alltite,20,h2,#施術部位気になる部位そのまま
jp,https://jp.beautyblossom.kr/alltite,21,h2,お悩み別に、思いのままカスタム
jp,https://jp.beautyblossom.kr/alltite,22,h2,#おすすめ対象こんな方へ
jp,https://jp.beautyblossom.kr/alltite,23,h2,施術情報を一目で
jp,https://jp.beautyblossom.kr/alltite,24,h2,よくある質問
jp,https://jp.beautyblossom.kr/alltite,25,h6,CONTACT
jp,https://jp.beautyblossom.kr/alltite,26,h6,LOCATION
jp,https://jp.beautyblossom.kr/alltite,27,h6,OFFICE HOUR
jp,https://jp.beautyblossom.kr/dca-injection,1,h1,"脂肪細胞を破壊する
				注射の新基準"
jp,https://jp.beautyblossom.kr/dca-injection,2,h2,なかなか落ちない二重あごにお悩みですか？
jp,https://jp.beautyblossom.kr/dca-injection,3,h3,遺伝的要因
jp,https://jp.beautyblossom.kr/dca-injection,4,h3,体重増加
jp,https://jp.beautyblossom.kr/dca-injection,5,h3,医学的·加齢要因
jp,https://jp.beautyblossom.kr/dca-injection,6,h2,VIVLE(DCA注射剤)とは？
jp,https://jp.beautyblossom.kr/dca-injection,7,h2,なぜDCA注射剤なのか？
jp,https://jp.beautyblossom.kr/dca-injection,8,h3,半永久的な脂肪細胞除去
jp,https://jp.beautyblossom.kr/dca-injection,9,h3,コラーゲン·ハリの改善
jp,https://jp.beautyblossom.kr/dca-injection,10,h3,ノーステロイド · ノーリバウンド
jp,https://jp.beautyblossom.kr/dca-injection,11,h3,FDA承認の検証済み成分
jp,https://jp.beautyblossom.kr/dca-injection,12,h2,DCA(デオキシコール酸)の脂肪分解メカニズム
jp,https://jp.beautyblossom.kr/dca-injection,13,h4,膜に結合
jp,https://jp.beautyblossom.kr/dca-injection,14,h4,細胞膜の破壊
jp,https://jp.beautyblossom.kr/dca-injection,15,h4,脂肪除去 + コラーゲン
jp,https://jp.beautyblossom.kr/dca-injection,16,h2,脂肪分解 VS 脂肪細胞破壊、何が違う？
jp,https://jp.beautyblossom.kr/dca-injection,17,h3,脂肪分解注射
jp,https://jp.beautyblossom.kr/dca-injection,18,h3,脂肪細胞破壊注射(DCA)
jp,https://jp.beautyblossom.kr/dca-injection,19,h2,ひと目でわかる効果タイムライン
jp,https://jp.beautyblossom.kr/dca-injection,20,h2,VIVLE
jp,https://jp.beautyblossom.kr/dca-injection,21,h2,施術情報をひと目で
jp,https://jp.beautyblossom.kr/dca-injection,22,h2,Before & After
jp,https://jp.beautyblossom.kr/dca-injection,23,h2,こんな方におすすめ
jp,https://jp.beautyblossom.kr/dca-injection,24,h3,顎下だけ脂肪が多い方
jp,https://jp.beautyblossom.kr/dca-injection,25,h3,顎·首のラインの境界があいまいな方
jp,https://jp.beautyblossom.kr/dca-injection,26,h3,印象がぼやけて見える方
jp,https://jp.beautyblossom.kr/dca-injection,27,h3,手術が怖い方
jp,https://jp.beautyblossom.kr/dca-injection,28,h3,検証済み成分をお探しの方
jp,https://jp.beautyblossom.kr/dca-injection,29,h3,短いダウンタイムを望む方
jp,https://jp.beautyblossom.kr/dca-injection,30,h2,施術後の注意事項
jp,https://jp.beautyblossom.kr/dca-injection,31,h2,よくある質問
jp,https://jp.beautyblossom.kr/dca-injection,32,h6,CONTACT
jp,https://jp.beautyblossom.kr/dca-injection,33,h6,LOCATION
jp,https://jp.beautyblossom.kr/dca-injection,34,h6,OFFICE HOUR
jp,https://jp.beautyblossom.kr/diet-injection,1,h1,"NUVIJU
ニュービジュ
世界初の成分 · 人体に近いpHで設計した顎下脂肪改善注射"
jp,https://jp.beautyblossom.kr/diet-injection,2,h2,脂肪溶解注射、これからは成分を選べます
jp,https://jp.beautyblossom.kr/diet-injection,3,h2,こんな方におすすめです
jp,https://jp.beautyblossom.kr/diet-injection,4,h3,二重あごが気になる方
jp,https://jp.beautyblossom.kr/diet-injection,5,h3,ダイエットでも落ちない方
jp,https://jp.beautyblossom.kr/diet-injection,6,h3,痛みが心配だった方
jp,https://jp.beautyblossom.kr/diet-injection,7,h3,早く日常復帰したい方
jp,https://jp.beautyblossom.kr/diet-injection,8,h2,コール酸が脂肪細胞を溶かします
jp,https://jp.beautyblossom.kr/diet-injection,9,h4,顎下の脂肪細胞
jp,https://jp.beautyblossom.kr/diet-injection,10,h4,脂肪細胞を溶かします。
jp,https://jp.beautyblossom.kr/diet-injection,11,h4,自然に排出
jp,https://jp.beautyblossom.kr/diet-injection,12,h4,フェイスラインがすっきり
jp,https://jp.beautyblossom.kr/diet-injection,13,h2,数字で見る変化
jp,https://jp.beautyblossom.kr/diet-injection,14,h2,施術前と後、変わったフェイスライン
jp,https://jp.beautyblossom.kr/diet-injection,15,h2,脂肪は分解し、負担は抑える
jp,https://jp.beautyblossom.kr/diet-injection,16,h2,腫れも内出血も、多くは一週間以内に
jp,https://jp.beautyblossom.kr/diet-injection,17,h2,体に近いpHで快適に
jp,https://jp.beautyblossom.kr/diet-injection,18,h2,よくあるご質問
jp,https://jp.beautyblossom.kr/diet-injection,19,h2,施術後のケアについて
jp,https://jp.beautyblossom.kr/diet-injection,20,h4,冷やして鎮静
jp,https://jp.beautyblossom.kr/diet-injection,21,h4,強い圧迫・マッサージは控える
jp,https://jp.beautyblossom.kr/diet-injection,22,h4,当日のサウナ・飲酒・激しい運動は控える
jp,https://jp.beautyblossom.kr/diet-injection,23,h4,異常があれば医療スタッフに相談
jp,https://jp.beautyblossom.kr/diet-injection,24,h6,CONTACT
jp,https://jp.beautyblossom.kr/diet-injection,25,h6,LOCATION
jp,https://jp.beautyblossom.kr/diet-injection,26,h6,OFFICE HOUR
jp,https://jp.beautyblossom.kr/fortra-quattro,1,h1,FORTRAQUATTRO
jp,https://jp.beautyblossom.kr/fortra-quattro,2,h2,3波長チタニウムリフティングに940nmを加えた4波長
jp,https://jp.beautyblossom.kr/fortra-quattro,3,h2,波長が深さを決める
jp,https://jp.beautyblossom.kr/fortra-quattro,4,h2,より深く、より快適に
jp,https://jp.beautyblossom.kr/fortra-quattro,5,h4,広くターゲッティングする940nm
jp,https://jp.beautyblossom.kr/fortra-quattro,6,h4,強力コンタクトクーリング
jp,https://jp.beautyblossom.kr/fortra-quattro,7,h4,広い照射面積
jp,https://jp.beautyblossom.kr/fortra-quattro,8,h2,2つのモード、目的に合わせたエネルギー伝達
jp,https://jp.beautyblossom.kr/fortra-quattro,9,h3,Intensive
jp,https://jp.beautyblossom.kr/fortra-quattro,10,h3,Dynamic
jp,https://jp.beautyblossom.kr/fortra-quattro,11,h2,チタニウムの3効果に、もう一つを加える
jp,https://jp.beautyblossom.kr/fortra-quattro,12,h4,たるんだ肌のリフティング
jp,https://jp.beautyblossom.kr/fortra-quattro,13,h4,タイトニング・シワ
jp,https://jp.beautyblossom.kr/fortra-quattro,14,h4,澄んだトーン・毛穴
jp,https://jp.beautyblossom.kr/fortra-quattro,15,h4,Vライン整理
jp,https://jp.beautyblossom.kr/fortra-quattro,16,h2,こんな方におすすめ
jp,https://jp.beautyblossom.kr/fortra-quattro,17,h2,ビューティーブラッサムならではのリフティング設計
jp,https://jp.beautyblossom.kr/fortra-quattro,18,h4,1:1オーダーメイドパラメーター設計
jp,https://jp.beautyblossom.kr/fortra-quattro,19,h4,複合施術の組み合わせ運用
jp,https://jp.beautyblossom.kr/fortra-quattro,20,h4,施術後のアフターケア
jp,https://jp.beautyblossom.kr/fortra-quattro,21,h2,施術後の注意事項
jp,https://jp.beautyblossom.kr/fortra-quattro,22,h2,よくある質問
jp,https://jp.beautyblossom.kr/fortra-quattro,23,h6,CONTACT
jp,https://jp.beautyblossom.kr/fortra-quattro,24,h6,LOCATION
jp,https://jp.beautyblossom.kr/fortra-quattro,25,h6,OFFICE HOUR
jp,https://jp.beautyblossom.kr/hilo-wave,1,h1,WAVE into your skin肌環境を変える、新たな基準 — HILO WAVE
jp,https://jp.beautyblossom.kr/hilo-wave,2,h2,肌が良くなるコラーゲン注射HILO WAVE
jp,https://jp.beautyblossom.kr/hilo-wave,3,h2,刺激ではなく『調節』で肌環境を変える
jp,https://jp.beautyblossom.kr/hilo-wave,4,h2,HILO WAVEの効果
jp,https://jp.beautyblossom.kr/hilo-wave,5,h4,Bio-Stimulation
jp,https://jp.beautyblossom.kr/hilo-wave,6,h4,抗酸化・抗炎症
jp,https://jp.beautyblossom.kr/hilo-wave,7,h4,ハリ・トーン
jp,https://jp.beautyblossom.kr/hilo-wave,8,h4,抗線維化
jp,https://jp.beautyblossom.kr/hilo-wave,9,h2,痛みもダウンタイムも最小限
jp,https://jp.beautyblossom.kr/hilo-wave,10,h3,副作用を最小限に
jp,https://jp.beautyblossom.kr/hilo-wave,11,h3,痛みを最小限に
jp,https://jp.beautyblossom.kr/hilo-wave,12,h3,ダウンタイムを最小限に
jp,https://jp.beautyblossom.kr/hilo-wave,13,h2,施術情報まとめ
jp,https://jp.beautyblossom.kr/hilo-wave,14,h2,HILO WAVE キーポイント
jp,https://jp.beautyblossom.kr/hilo-wave,15,h3,"More HA, Less Crosslinking"
jp,https://jp.beautyblossom.kr/hilo-wave,16,h3,Diffusion + Retention
jp,https://jp.beautyblossom.kr/hilo-wave,17,h3,Skin Quality + Volume
jp,https://jp.beautyblossom.kr/hilo-wave,18,h3,EBD コンバイン可能
jp,https://jp.beautyblossom.kr/hilo-wave,19,h2,科学的根拠に裏付けられた肌再生
jp,https://jp.beautyblossom.kr/hilo-wave,20,h2,こんな方におすすめ
jp,https://jp.beautyblossom.kr/hilo-wave,21,h2,施術後の注意事項
jp,https://jp.beautyblossom.kr/hilo-wave,22,h2,よくある質問
jp,https://jp.beautyblossom.kr/hilo-wave,23,h6,CONTACT
jp,https://jp.beautyblossom.kr/hilo-wave,24,h6,LOCATION
jp,https://jp.beautyblossom.kr/hilo-wave,25,h6,OFFICE HOUR
jp,https://jp.beautyblossom.kr/home,1,h6,あなたの日常に輝きを
jp,https://jp.beautyblossom.kr/home,2,h6,あなたの日常に輝きを
jp,https://jp.beautyblossom.kr/home,3,h6,あなたの日常に輝きを
jp,https://jp.beautyblossom.kr/home,4,h6,あなたの日常に輝きを
jp,https://jp.beautyblossom.kr/home,5,h6,あなたの日常に輝きを
jp,https://jp.beautyblossom.kr/home,6,h6,あなたの日常に輝きを
jp,https://jp.beautyblossom.kr/home,7,h6,あなたの日常に輝きを
jp,https://jp.beautyblossom.kr/home,8,h6,あなたの日常に輝きを
jp,https://jp.beautyblossom.kr/home,9,h6,あなたの日常に輝きを
jp,https://jp.beautyblossom.kr/home,10,h6,あなたの日常に輝きを
jp,https://jp.beautyblossom.kr/home,11,h6,イベント
jp,https://jp.beautyblossom.kr/home,12,h4,
jp,https://jp.beautyblossom.kr/home,13,h4,
jp,https://jp.beautyblossom.kr/home,14,h4,
jp,https://jp.beautyblossom.kr/home,15,h4,
jp,https://jp.beautyblossom.kr/home,16,h4,
jp,https://jp.beautyblossom.kr/home,17,h4,
jp,https://jp.beautyblossom.kr/home,18,h4,
jp,https://jp.beautyblossom.kr/home,19,h4,
jp,https://jp.beautyblossom.kr/home,20,h4,
jp,https://jp.beautyblossom.kr/home,21,h4,
jp,https://jp.beautyblossom.kr/home,22,h4,
jp,https://jp.beautyblossom.kr/home,23,h4,
jp,https://jp.beautyblossom.kr/home,24,h4,
jp,https://jp.beautyblossom.kr/home,25,h4,
jp,https://jp.beautyblossom.kr/home,26,h4,
jp,https://jp.beautyblossom.kr/home,27,h4,
jp,https://jp.beautyblossom.kr/home,28,h4,
jp,https://jp.beautyblossom.kr/home,29,h4,
jp,https://jp.beautyblossom.kr/home,30,h4,
jp,https://jp.beautyblossom.kr/home,31,h4,
jp,https://jp.beautyblossom.kr/home,32,h4,
jp,https://jp.beautyblossom.kr/home,33,h4,
jp,https://jp.beautyblossom.kr/home,34,h4,
jp,https://jp.beautyblossom.kr/home,35,h4,
jp,https://jp.beautyblossom.kr/home,36,h4,
jp,https://jp.beautyblossom.kr/home,37,h4,
jp,https://jp.beautyblossom.kr/home,38,h4,
jp,https://jp.beautyblossom.kr/home,39,h4,
jp,https://jp.beautyblossom.kr/home,40,h4,
jp,https://jp.beautyblossom.kr/home,41,h4,
jp,https://jp.beautyblossom.kr/home,42,h4,
jp,https://jp.beautyblossom.kr/home,43,h4,
jp,https://jp.beautyblossom.kr/home,44,h4,
jp,https://jp.beautyblossom.kr/home,45,h4,
jp,https://jp.beautyblossom.kr/home,46,h4,
jp,https://jp.beautyblossom.kr/home,47,h6,ビューティーブロッサム YouTube
jp,https://jp.beautyblossom.kr/home,48,h4,
jp,https://jp.beautyblossom.kr/home,49,h4,
jp,https://jp.beautyblossom.kr/home,50,h4,
jp,https://jp.beautyblossom.kr/home,51,h4,
jp,https://jp.beautyblossom.kr/home,52,h4,
jp,https://jp.beautyblossom.kr/home,53,h4,
jp,https://jp.beautyblossom.kr/home,54,h4,
jp,https://jp.beautyblossom.kr/home,55,h4,
jp,https://jp.beautyblossom.kr/home,56,h4,
jp,https://jp.beautyblossom.kr/home,57,h4,
jp,https://jp.beautyblossom.kr/home,58,h4,
jp,https://jp.beautyblossom.kr/home,59,h4,
jp,https://jp.beautyblossom.kr/home,60,h4,
jp,https://jp.beautyblossom.kr/home,61,h4,
jp,https://jp.beautyblossom.kr/home,62,h4,
jp,https://jp.beautyblossom.kr/home,63,h4,
jp,https://jp.beautyblossom.kr/home,64,h4,
jp,https://jp.beautyblossom.kr/home,65,h4,
jp,https://jp.beautyblossom.kr/home,66,h4,
jp,https://jp.beautyblossom.kr/home,67,h4,
jp,https://jp.beautyblossom.kr/home,68,h4,
jp,https://jp.beautyblossom.kr/home,69,h4,
jp,https://jp.beautyblossom.kr/home,70,h4,
jp,https://jp.beautyblossom.kr/home,71,h4,
jp,https://jp.beautyblossom.kr/home,72,h4,
jp,https://jp.beautyblossom.kr/home,73,h4,
jp,https://jp.beautyblossom.kr/home,74,h4,
jp,https://jp.beautyblossom.kr/home,75,h4,
jp,https://jp.beautyblossom.kr/home,76,h4,
jp,https://jp.beautyblossom.kr/home,77,h4,
jp,https://jp.beautyblossom.kr/home,78,h4,
jp,https://jp.beautyblossom.kr/home,79,h4,
jp,https://jp.beautyblossom.kr/home,80,h4,
jp,https://jp.beautyblossom.kr/home,81,h4,
jp,https://jp.beautyblossom.kr/home,82,h4,
jp,https://jp.beautyblossom.kr/home,83,h4,
jp,https://jp.beautyblossom.kr/home,84,h4,
jp,https://jp.beautyblossom.kr/home,85,h4,
jp,https://jp.beautyblossom.kr/home,86,h4,
jp,https://jp.beautyblossom.kr/home,87,h4,
jp,https://jp.beautyblossom.kr/home,88,h4,
jp,https://jp.beautyblossom.kr/home,89,h6,ビューティーブロッサム Media & Stars
jp,https://jp.beautyblossom.kr/home,90,h4,
jp,https://jp.beautyblossom.kr/home,91,h4,
jp,https://jp.beautyblossom.kr/home,92,h4,
jp,https://jp.beautyblossom.kr/home,93,h4,
jp,https://jp.beautyblossom.kr/home,94,h4,
jp,https://jp.beautyblossom.kr/home,95,h4,
jp,https://jp.beautyblossom.kr/home,96,h4,
jp,https://jp.beautyblossom.kr/home,97,h4,
jp,https://jp.beautyblossom.kr/home,98,h4,
jp,https://jp.beautyblossom.kr/home,99,h4,
jp,https://jp.beautyblossom.kr/home,100,h4,
jp,https://jp.beautyblossom.kr/home,101,h4,
jp,https://jp.beautyblossom.kr/home,102,h6,肌に関する豊富な知識とテクニックで
jp,https://jp.beautyblossom.kr/home,103,h6,お客様の美しさをデザインします。
jp,https://jp.beautyblossom.kr/home,104,h6,グローバルレベルの
jp,https://jp.beautyblossom.kr/home,105,h6,スキンケアソリューションで
jp,https://jp.beautyblossom.kr/home,106,h6,お客様にしかない美しさを引き出します。
jp,https://jp.beautyblossom.kr/home,107,h6,肌に関する豊富な知識とテクニックで
jp,https://jp.beautyblossom.kr/home,108,h6,お客様の美しさをデザインします。
jp,https://jp.beautyblossom.kr/home,109,h6,グローバルレベルの
jp,https://jp.beautyblossom.kr/home,110,h6,スキンケアソリューションで
jp,https://jp.beautyblossom.kr/home,111,h6,お客様にしかない
jp,https://jp.beautyblossom.kr/home,112,h6,美しさを引き出します。
jp,https://jp.beautyblossom.kr/home,113,h6,ビューティーブロッサム Signature
jp,https://jp.beautyblossom.kr/home,114,h2,ビュマカセ リフティング
jp,https://jp.beautyblossom.kr/home,115,h2,ビュマカセ 色素
jp,https://jp.beautyblossom.kr/home,116,h2,ビュマカセ ボディ
jp,https://jp.beautyblossom.kr/home,117,h2,スキンケア
jp,https://jp.beautyblossom.kr/home,118,h2,プチ
jp,https://jp.beautyblossom.kr/home,119,h4,
jp,https://jp.beautyblossom.kr/home,120,h4,
jp,https://jp.beautyblossom.kr/home,121,h4,
jp,https://jp.beautyblossom.kr/home,122,h4,
jp,https://jp.beautyblossom.kr/home,123,h4,
jp,https://jp.beautyblossom.kr/home,124,h6,ビューティーブロッサム
jp,https://jp.beautyblossom.kr/home,125,h6,スペース
jp,https://jp.beautyblossom.kr/home,126,h4,
jp,https://jp.beautyblossom.kr/home,127,h4,
jp,https://jp.beautyblossom.kr/home,128,h4,
jp,https://jp.beautyblossom.kr/home,129,h4,
jp,https://jp.beautyblossom.kr/home,130,h4,
jp,https://jp.beautyblossom.kr/home,131,h4,
jp,https://jp.beautyblossom.kr/home,132,h4,
jp,https://jp.beautyblossom.kr/home,133,h4,
jp,https://jp.beautyblossom.kr/home,134,h4,
jp,https://jp.beautyblossom.kr/home,135,h4,
jp,https://jp.beautyblossom.kr/home,136,h4,
jp,https://jp.beautyblossom.kr/home,137,h4,
jp,https://jp.beautyblossom.kr/home,138,h4,
jp,https://jp.beautyblossom.kr/home,139,h4,
jp,https://jp.beautyblossom.kr/home,140,h4,
jp,https://jp.beautyblossom.kr/home,141,h4,
jp,https://jp.beautyblossom.kr/home,142,h4,
jp,https://jp.beautyblossom.kr/home,143,h4,
jp,https://jp.beautyblossom.kr/home,144,h4,
jp,https://jp.beautyblossom.kr/home,145,h4,
jp,https://jp.beautyblossom.kr/home,146,h4,
jp,https://jp.beautyblossom.kr/home,147,h4,
jp,https://jp.beautyblossom.kr/home,148,h4,
jp,https://jp.beautyblossom.kr/home,149,h4,
jp,https://jp.beautyblossom.kr/home,150,h4,
jp,https://jp.beautyblossom.kr/home,151,h4,
jp,https://jp.beautyblossom.kr/home,152,h4,
jp,https://jp.beautyblossom.kr/home,153,h4,
jp,https://jp.beautyblossom.kr/home,154,h4,
jp,https://jp.beautyblossom.kr/home,155,h4,
jp,https://jp.beautyblossom.kr/home,156,h4,
jp,https://jp.beautyblossom.kr/home,157,h4,
jp,https://jp.beautyblossom.kr/home,158,h4,
jp,https://jp.beautyblossom.kr/home,159,h4,
jp,https://jp.beautyblossom.kr/home,160,h4,
jp,https://jp.beautyblossom.kr/home,161,h4,
jp,https://jp.beautyblossom.kr/home,162,h4,
jp,https://jp.beautyblossom.kr/home,163,h4,
jp,https://jp.beautyblossom.kr/home,164,h4,
jp,https://jp.beautyblossom.kr/home,165,h4,
jp,https://jp.beautyblossom.kr/home,166,h4,
jp,https://jp.beautyblossom.kr/home,167,h4,
jp,https://jp.beautyblossom.kr/home,168,h6,ビューティーブロッサム
jp,https://jp.beautyblossom.kr/home,169,h6,ハイライト
jp,https://jp.beautyblossom.kr/home,170,h6,CONTACT
jp,https://jp.beautyblossom.kr/home,171,h6,LOCATION
jp,https://jp.beautyblossom.kr/home,172,h6,OFFICE HOUR
jp,https://jp.beautyblossom.kr/ligament-lift,1,h1,崩れたフェイスラインをもう一度立て直す、
jp,https://jp.beautyblossom.kr/ligament-lift,2,h2,リガメントリフト
jp,https://jp.beautyblossom.kr/ligament-lift,3,h2,なぜリガメントリフトなのか
jp,https://jp.beautyblossom.kr/ligament-lift,4,h2,"なぜある部分は
				深くくぼみ、,
				ある部分は盛り上がるのか"
jp,https://jp.beautyblossom.kr/ligament-lift,5,h2,このように作用します
jp,https://jp.beautyblossom.kr/ligament-lift,6,h2,顔を支える外側の支持靭帯
jp,https://jp.beautyblossom.kr/ligament-lift,7,h2,こんな変化をもたらします
jp,https://jp.beautyblossom.kr/ligament-lift,8,h2,よくある質問
jp,https://jp.beautyblossom.kr/ligament-lift,9,h2,"あなたの顔の構造、,
			ビューティーブロッサムが再設計します"
jp,https://jp.beautyblossom.kr/ligament-lift,10,h6,CONTACT
jp,https://jp.beautyblossom.kr/ligament-lift,11,h6,LOCATION
jp,https://jp.beautyblossom.kr/ligament-lift,12,h6,OFFICE HOUR
jp,https://jp.beautyblossom.kr/re2o,1,h1,Skin toSkin.Re2O
jp,https://jp.beautyblossom.kr/re2o,2,h2,失われた真皮の素材を取り戻す
jp,https://jp.beautyblossom.kr/re2o,3,h4,コラーゲン (Collagen)
jp,https://jp.beautyblossom.kr/re2o,4,h4,エラスチン (Elastin)
jp,https://jp.beautyblossom.kr/re2o,5,h4,ヒアルロン酸含有GAG
jp,https://jp.beautyblossom.kr/re2o,6,h4,その他ECM成分
jp,https://jp.beautyblossom.kr/re2o,7,h2,ECMが肌の中へ浸透する
jp,https://jp.beautyblossom.kr/re2o,8,h2,誘導から直接補充へ
jp,https://jp.beautyblossom.kr/re2o,9,h2,1つの施術で、10の変化
jp,https://jp.beautyblossom.kr/re2o,10,h2,一つの原料、二つの密度
jp,https://jp.beautyblossom.kr/re2o,11,h2,私の肌に本物の肌を満たす
jp,https://jp.beautyblossom.kr/re2o,12,h6,CONTACT
jp,https://jp.beautyblossom.kr/re2o,13,h6,LOCATION
jp,https://jp.beautyblossom.kr/re2o,14,h6,OFFICE HOUR
jp,https://jp.beautyblossom.kr/skinvive,1,h1,肌に直接注入するヒアルロン酸
jp,https://jp.beautyblossom.kr/skinvive,2,h2,年齢とともに減少するヒアルロン酸
jp,https://jp.beautyblossom.kr/skinvive,3,h2,スキンバイブとは?
jp,https://jp.beautyblossom.kr/skinvive,4,h2,スキンバイブが選ばれる理由
jp,https://jp.beautyblossom.kr/skinvive,5,h3,6か月持続
jp,https://jp.beautyblossom.kr/skinvive,6,h3,FDA承認のHA製剤
jp,https://jp.beautyblossom.kr/skinvive,7,h3,痛みが少ない
jp,https://jp.beautyblossom.kr/skinvive,8,h3,ダウンタイム最小
jp,https://jp.beautyblossom.kr/skinvive,9,h2,スキンバイブの効果
jp,https://jp.beautyblossom.kr/skinvive,10,h2,臨床で確認された結果
jp,https://jp.beautyblossom.kr/skinvive,11,h4,ASRS反応率
jp,https://jp.beautyblossom.kr/skinvive,12,h4,AFLS反応率
jp,https://jp.beautyblossom.kr/skinvive,13,h4,効果持続
jp,https://jp.beautyblossom.kr/skinvive,14,h2,施術情報をひと目で
jp,https://jp.beautyblossom.kr/skinvive,15,h2,施術前後の比較
jp,https://jp.beautyblossom.kr/skinvive,16,h2,こんな方におすすめ
jp,https://jp.beautyblossom.kr/skinvive,17,h2,施術後の注意事項
jp,https://jp.beautyblossom.kr/skinvive,18,h2,よくある質問
jp,https://jp.beautyblossom.kr/skinvive,19,h6,CONTACT
jp,https://jp.beautyblossom.kr/skinvive,20,h6,LOCATION
jp,https://jp.beautyblossom.kr/skinvive,21,h6,OFFICE HOUR
jp,https://jp.beautyblossom.kr/special-offers,1,h6,CONTACT
jp,https://jp.beautyblossom.kr/special-offers,2,h6,LOCATION
jp,https://jp.beautyblossom.kr/special-offers,3,h6,OFFICE HOUR
jp,https://jp.beautyblossom.kr/thread-lifting,1,h1,根本から満たし直す スローエイジングソリューション
jp,https://jp.beautyblossom.kr/thread-lifting,2,h2,1種類の糸だけで進める施術それで十分でしたか?
jp,https://jp.beautyblossom.kr/thread-lifting,3,h2,肌のキメを再び目覚めさせるデュアルラインナップの始まり -ビューティーブロッサム 糸リフト
jp,https://jp.beautyblossom.kr/thread-lifting,4,h2,皮膚層まで考慮した精密な設計ビューティーブロッサム 糸リフトの原理
jp,https://jp.beautyblossom.kr/thread-lifting,5,h3,顔面組織固定用糸 食薬処許可 4等級医療機器 ガイドラインに沿った施術進行
jp,https://jp.beautyblossom.kr/thread-lifting,6,h2,部位・目的別オーダーメイド設計ビューティーブロッサム 糸リフト ラインナップ
jp,https://jp.beautyblossom.kr/thread-lifting,7,h3,ミント・エピティコン デュアルラインナップ保有で、改善部位と肌状態に合わせた オーダーメイドコンビ設計による 繊細な糸リフトを提案します。
jp,https://jp.beautyblossom.kr/thread-lifting,8,h2,糸リフト部位別ラインナップビューティーブロッサム施術部位ご案内
jp,https://jp.beautyblossom.kr/thread-lifting,9,h2,なぜビューティーブロッサムの糸リフトなのかデュアルラインナップの差別化ポイント
jp,https://jp.beautyblossom.kr/thread-lifting,10,h2,糸リフト相乗効果一緒に検討するとよい施術
jp,https://jp.beautyblossom.kr/thread-lifting,11,h2,糸リフト Q&A
jp,https://jp.beautyblossom.kr/thread-lifting,12,h3,ミントリフトとエピティコンはどんな違いがありますか?
jp,https://jp.beautyblossom.kr/thread-lifting,13,h3,糸リフトの効果はどのくらい持続しますか?
jp,https://jp.beautyblossom.kr/thread-lifting,14,h3,私にはどの糸ラインナップが適していますか?
jp,https://jp.beautyblossom.kr/thread-lifting,15,h3,糸リフトの痛みと麻酔はどのように進められますか?
jp,https://jp.beautyblossom.kr/thread-lifting,16,h3,糸リフト後にどのような副作用が現れる可能性がありますか?
jp,https://jp.beautyblossom.kr/thread-lifting,17,h3,ディンプル(えくぼ現象)はなぜ生じますか?
jp,https://jp.beautyblossom.kr/thread-lifting,18,h3,施術後の日常復帰と回復期間は?
jp,https://jp.beautyblossom.kr/thread-lifting,19,h3,溶ける糸 vs 溶けない糸、どちらが良いですか?
jp,https://jp.beautyblossom.kr/thread-lifting,20,h3,施術費用はどうなりますか?
jp,https://jp.beautyblossom.kr/thread-lifting,21,h6,CONTACT
jp,https://jp.beautyblossom.kr/thread-lifting,22,h6,LOCATION
jp,https://jp.beautyblossom.kr/thread-lifting,23,h6,OFFICE HOUR
cn,https://cn.beautyblossom.kr/,1,h6,让您的每一天都闪耀，
cn,https://cn.beautyblossom.kr/,2,h6,让您的每一天都闪耀，
cn,https://cn.beautyblossom.kr/,3,h6,让您的每一天都闪耀，
cn,https://cn.beautyblossom.kr/,4,h6,让您的每一天都闪耀，
cn,https://cn.beautyblossom.kr/,5,h6,让您的每一天都闪耀，
cn,https://cn.beautyblossom.kr/,6,h6,让您的每一天都闪耀，
cn,https://cn.beautyblossom.kr/,7,h6,让您的每一天都闪耀，
cn,https://cn.beautyblossom.kr/,8,h6,让您的每一天都闪耀，
cn,https://cn.beautyblossom.kr/,9,h6,让您的每一天都闪耀，
cn,https://cn.beautyblossom.kr/,10,h6,让您的每一天都闪耀，
cn,https://cn.beautyblossom.kr/,11,h6,优惠活动
cn,https://cn.beautyblossom.kr/,12,h4,
cn,https://cn.beautyblossom.kr/,13,h4,
cn,https://cn.beautyblossom.kr/,14,h4,
cn,https://cn.beautyblossom.kr/,15,h4,
cn,https://cn.beautyblossom.kr/,16,h4,
cn,https://cn.beautyblossom.kr/,17,h4,
cn,https://cn.beautyblossom.kr/,18,h4,
cn,https://cn.beautyblossom.kr/,19,h4,
cn,https://cn.beautyblossom.kr/,20,h4,
cn,https://cn.beautyblossom.kr/,21,h4,
cn,https://cn.beautyblossom.kr/,22,h4,
cn,https://cn.beautyblossom.kr/,23,h4,
cn,https://cn.beautyblossom.kr/,24,h4,
cn,https://cn.beautyblossom.kr/,25,h4,
cn,https://cn.beautyblossom.kr/,26,h4,
cn,https://cn.beautyblossom.kr/,27,h4,
cn,https://cn.beautyblossom.kr/,28,h4,
cn,https://cn.beautyblossom.kr/,29,h4,
cn,https://cn.beautyblossom.kr/,30,h4,
cn,https://cn.beautyblossom.kr/,31,h4,
cn,https://cn.beautyblossom.kr/,32,h4,
cn,https://cn.beautyblossom.kr/,33,h4,
cn,https://cn.beautyblossom.kr/,34,h4,
cn,https://cn.beautyblossom.kr/,35,h4,
cn,https://cn.beautyblossom.kr/,36,h4,
cn,https://cn.beautyblossom.kr/,37,h4,
cn,https://cn.beautyblossom.kr/,38,h4,
cn,https://cn.beautyblossom.kr/,39,h4,
cn,https://cn.beautyblossom.kr/,40,h4,
cn,https://cn.beautyblossom.kr/,41,h4,
cn,https://cn.beautyblossom.kr/,42,h4,
cn,https://cn.beautyblossom.kr/,43,h4,
cn,https://cn.beautyblossom.kr/,44,h6,BEAUTY BLOSSOM YouTube
cn,https://cn.beautyblossom.kr/,45,h4,
cn,https://cn.beautyblossom.kr/,46,h4,
cn,https://cn.beautyblossom.kr/,47,h4,
cn,https://cn.beautyblossom.kr/,48,h4,
cn,https://cn.beautyblossom.kr/,49,h4,
cn,https://cn.beautyblossom.kr/,50,h4,
cn,https://cn.beautyblossom.kr/,51,h4,
cn,https://cn.beautyblossom.kr/,52,h4,
cn,https://cn.beautyblossom.kr/,53,h4,
cn,https://cn.beautyblossom.kr/,54,h4,
cn,https://cn.beautyblossom.kr/,55,h4,
cn,https://cn.beautyblossom.kr/,56,h4,
cn,https://cn.beautyblossom.kr/,57,h4,
cn,https://cn.beautyblossom.kr/,58,h4,
cn,https://cn.beautyblossom.kr/,59,h4,
cn,https://cn.beautyblossom.kr/,60,h4,
cn,https://cn.beautyblossom.kr/,61,h4,
cn,https://cn.beautyblossom.kr/,62,h4,
cn,https://cn.beautyblossom.kr/,63,h4,
cn,https://cn.beautyblossom.kr/,64,h4,
cn,https://cn.beautyblossom.kr/,65,h4,
cn,https://cn.beautyblossom.kr/,66,h4,
cn,https://cn.beautyblossom.kr/,67,h4,
cn,https://cn.beautyblossom.kr/,68,h4,
cn,https://cn.beautyblossom.kr/,69,h4,
cn,https://cn.beautyblossom.kr/,70,h4,
cn,https://cn.beautyblossom.kr/,71,h4,
cn,https://cn.beautyblossom.kr/,72,h4,
cn,https://cn.beautyblossom.kr/,73,h4,
cn,https://cn.beautyblossom.kr/,74,h4,
cn,https://cn.beautyblossom.kr/,75,h4,
cn,https://cn.beautyblossom.kr/,76,h4,
cn,https://cn.beautyblossom.kr/,77,h4,
cn,https://cn.beautyblossom.kr/,78,h4,
cn,https://cn.beautyblossom.kr/,79,h4,
cn,https://cn.beautyblossom.kr/,80,h4,
cn,https://cn.beautyblossom.kr/,81,h4,
cn,https://cn.beautyblossom.kr/,82,h4,
cn,https://cn.beautyblossom.kr/,83,h4,
cn,https://cn.beautyblossom.kr/,84,h4,
cn,https://cn.beautyblossom.kr/,85,h4,
cn,https://cn.beautyblossom.kr/,86,h4,
cn,https://cn.beautyblossom.kr/,87,h4,
cn,https://cn.beautyblossom.kr/,88,h4,
cn,https://cn.beautyblossom.kr/,89,h4,
cn,https://cn.beautyblossom.kr/,90,h4,
cn,https://cn.beautyblossom.kr/,91,h4,
cn,https://cn.beautyblossom.kr/,92,h4,
cn,https://cn.beautyblossom.kr/,93,h6,BEAUTY BLOSSOM 媒体与明星
cn,https://cn.beautyblossom.kr/,94,h4,
cn,https://cn.beautyblossom.kr/,95,h4,
cn,https://cn.beautyblossom.kr/,96,h4,
cn,https://cn.beautyblossom.kr/,97,h4,
cn,https://cn.beautyblossom.kr/,98,h4,
cn,https://cn.beautyblossom.kr/,99,h4,
cn,https://cn.beautyblossom.kr/,100,h4,
cn,https://cn.beautyblossom.kr/,101,h4,
cn,https://cn.beautyblossom.kr/,102,h4,
cn,https://cn.beautyblossom.kr/,103,h4,
cn,https://cn.beautyblossom.kr/,104,h4,
cn,https://cn.beautyblossom.kr/,105,h6,以深谙肌肤的细腻技艺
cn,https://cn.beautyblossom.kr/,106,h6,精心雕琢您的美丽
cn,https://cn.beautyblossom.kr/,107,h6,以国际标准的皮肤科方案
cn,https://cn.beautyblossom.kr/,108,h6,成就专属于您的美丽
cn,https://cn.beautyblossom.kr/,109,h6,以国际标准的皮肤科方案
cn,https://cn.beautyblossom.kr/,110,h6,成就专属于您的美丽
cn,https://cn.beautyblossom.kr/,111,h6,以深谙肌肤的细腻技艺
cn,https://cn.beautyblossom.kr/,112,h6,精心雕琢您的美丽
cn,https://cn.beautyblossom.kr/,113,h6,BEAUTY BLOSSOM
cn,https://cn.beautyblossom.kr/,114,h6,丽朵定制招牌项目
cn,https://cn.beautyblossom.kr/,115,h2,定制提升
cn,https://cn.beautyblossom.kr/,116,h2,定制色素
cn,https://cn.beautyblossom.kr/,117,h2,定制身材
cn,https://cn.beautyblossom.kr/,118,h2,肌肤护理
cn,https://cn.beautyblossom.kr/,119,h2,微整
cn,https://cn.beautyblossom.kr/,120,h4,
cn,https://cn.beautyblossom.kr/,121,h4,
cn,https://cn.beautyblossom.kr/,122,h4,
cn,https://cn.beautyblossom.kr/,123,h4,
cn,https://cn.beautyblossom.kr/,124,h4,
cn,https://cn.beautyblossom.kr/,125,h6,BEAUTY BLOSSOM
cn,https://cn.beautyblossom.kr/,126,h6,医院空间
cn,https://cn.beautyblossom.kr/,127,h4,
cn,https://cn.beautyblossom.kr/,128,h4,
cn,https://cn.beautyblossom.kr/,129,h4,
cn,https://cn.beautyblossom.kr/,130,h4,
cn,https://cn.beautyblossom.kr/,131,h4,
cn,https://cn.beautyblossom.kr/,132,h4,
cn,https://cn.beautyblossom.kr/,133,h4,
cn,https://cn.beautyblossom.kr/,134,h4,
cn,https://cn.beautyblossom.kr/,135,h4,
cn,https://cn.beautyblossom.kr/,136,h4,
cn,https://cn.beautyblossom.kr/,137,h4,
cn,https://cn.beautyblossom.kr/,138,h4,
cn,https://cn.beautyblossom.kr/,139,h4,
cn,https://cn.beautyblossom.kr/,140,h4,
cn,https://cn.beautyblossom.kr/,141,h4,
cn,https://cn.beautyblossom.kr/,142,h4,
cn,https://cn.beautyblossom.kr/,143,h4,
cn,https://cn.beautyblossom.kr/,144,h4,
cn,https://cn.beautyblossom.kr/,145,h4,
cn,https://cn.beautyblossom.kr/,146,h4,
cn,https://cn.beautyblossom.kr/,147,h4,
cn,https://cn.beautyblossom.kr/,148,h4,
cn,https://cn.beautyblossom.kr/,149,h6,BEAUTY BLOSSOM
cn,https://cn.beautyblossom.kr/,150,h6,亮点
cn,https://cn.beautyblossom.kr/,151,h6,联系方式
cn,https://cn.beautyblossom.kr/,152,h6,位置信息
cn,https://cn.beautyblossom.kr/,153,h6,诊疗时间
cn,https://cn.beautyblossom.kr/,154,h3,扫描二维码添加微信
cn,https://cn.beautyblossom.kr/,155,h3,ID: BBS20250102
cn,https://cn.beautyblossom.kr/100,1,h4,
cn,https://cn.beautyblossom.kr/100,2,h4,
cn,https://cn.beautyblossom.kr/100,3,h4,
cn,https://cn.beautyblossom.kr/100,4,h3,全球标准品质
cn,https://cn.beautyblossom.kr/100,5,h3,正品・精准剂量
cn,https://cn.beautyblossom.kr/100,6,h3,个性化定制护理
cn,https://cn.beautyblossom.kr/100,7,h6,联系方式
cn,https://cn.beautyblossom.kr/100,8,h6,位置信息
cn,https://cn.beautyblossom.kr/100,9,h6,诊疗时间
cn,https://cn.beautyblossom.kr/100,10,h3,扫描二维码添加微信
cn,https://cn.beautyblossom.kr/100,11,h3,ID: BBS20250102
cn,https://cn.beautyblossom.kr/101,1,h4,
cn,https://cn.beautyblossom.kr/101,2,h4,
cn,https://cn.beautyblossom.kr/101,3,h4,
cn,https://cn.beautyblossom.kr/101,4,h4,
cn,https://cn.beautyblossom.kr/101,5,h4,
cn,https://cn.beautyblossom.kr/101,6,h4,
cn,https://cn.beautyblossom.kr/101,7,h4,
cn,https://cn.beautyblossom.kr/101,8,h3,全面皮肤检测
cn,https://cn.beautyblossom.kr/101,9,h3,先进检测技术
cn,https://cn.beautyblossom.kr/101,10,h3,3D 建模与预测
cn,https://cn.beautyblossom.kr/101,11,h3,AI数据分析
cn,https://cn.beautyblossom.kr/101,12,h4,采用结构光技术， 精准追踪面部体积与轮廓变化
cn,https://cn.beautyblossom.kr/101,13,h4,高精度3D建模
cn,https://cn.beautyblossom.kr/101,14,h4,通过智能算法，自动识别并追踪皮肤变化
cn,https://cn.beautyblossom.kr/101,15,h4,5台摄像头，在数秒内完成多重拍摄
cn,https://cn.beautyblossom.kr/101,16,h3,全球标准品质
cn,https://cn.beautyblossom.kr/101,17,h3,正品・精准剂量
cn,https://cn.beautyblossom.kr/101,18,h3,个性化定制护理
cn,https://cn.beautyblossom.kr/101,19,h6,联系方式
cn,https://cn.beautyblossom.kr/101,20,h6,位置信息
cn,https://cn.beautyblossom.kr/101,21,h6,诊疗时间
cn,https://cn.beautyblossom.kr/101,22,h3,扫描二维码添加微信
cn,https://cn.beautyblossom.kr/101,23,h3,ID: BBS20250102
cn,https://cn.beautyblossom.kr/108,1,h3,治疗时间
cn,https://cn.beautyblossom.kr/108,2,h3,麻醉方式
cn,https://cn.beautyblossom.kr/108,3,h3,恢复期
cn,https://cn.beautyblossom.kr/108,4,h3,维持时间
cn,https://cn.beautyblossom.kr/108,5,h3,全球标准品质
cn,https://cn.beautyblossom.kr/108,6,h3,正品・精准剂量
cn,https://cn.beautyblossom.kr/108,7,h3,个性化定制护理
cn,https://cn.beautyblossom.kr/108,8,h6,联系方式
cn,https://cn.beautyblossom.kr/108,9,h6,位置信息
cn,https://cn.beautyblossom.kr/108,10,h6,诊疗时间
cn,https://cn.beautyblossom.kr/108,11,h3,扫描二维码添加微信
cn,https://cn.beautyblossom.kr/108,12,h3,ID: BBS20250102
cn,https://cn.beautyblossom.kr/110,1,h3,治疗时间
cn,https://cn.beautyblossom.kr/110,2,h3,推荐周期
cn,https://cn.beautyblossom.kr/110,3,h3,疼痛情况
cn,https://cn.beautyblossom.kr/110,4,h3,恢复期
cn,https://cn.beautyblossom.kr/110,5,h3,去角质护理
cn,https://cn.beautyblossom.kr/110,6,h3,增强皮肤屏障
cn,https://cn.beautyblossom.kr/110,7,h3,改善弹性
cn,https://cn.beautyblossom.kr/110,8,h3,低刺激护理
cn,https://cn.beautyblossom.kr/110,9,h3,全球标准品质
cn,https://cn.beautyblossom.kr/110,10,h3,正品・精准剂量
cn,https://cn.beautyblossom.kr/110,11,h3,个性化定制护理
cn,https://cn.beautyblossom.kr/110,12,h6,联系方式
cn,https://cn.beautyblossom.kr/110,13,h6,位置信息
cn,https://cn.beautyblossom.kr/110,14,h6,诊疗时间
cn,https://cn.beautyblossom.kr/110,15,h3,扫描二维码添加微信
cn,https://cn.beautyblossom.kr/110,16,h3,ID: BBS20250102
cn,https://cn.beautyblossom.kr/111,1,h3,治疗时间
cn,https://cn.beautyblossom.kr/111,2,h3,是否麻醉
cn,https://cn.beautyblossom.kr/111,3,h3,恢复期
cn,https://cn.beautyblossom.kr/111,4,h3,护理效果
cn,https://cn.beautyblossom.kr/111,5,h3,去角质
cn,https://cn.beautyblossom.kr/111,6,h3,增强屏障
cn,https://cn.beautyblossom.kr/111,7,h3,舒缓皮肤
cn,https://cn.beautyblossom.kr/111,8,h3,增强弹性
cn,https://cn.beautyblossom.kr/111,9,h3,全球标准品质
cn,https://cn.beautyblossom.kr/111,10,h3,正品・精准剂量
cn,https://cn.beautyblossom.kr/111,11,h3,个性化定制护理
cn,https://cn.beautyblossom.kr/111,12,h6,联系方式
cn,https://cn.beautyblossom.kr/111,13,h6,位置信息
cn,https://cn.beautyblossom.kr/111,14,h6,诊疗时间
cn,https://cn.beautyblossom.kr/111,15,h3,扫描二维码添加微信
cn,https://cn.beautyblossom.kr/111,16,h3,ID: BBS20250102
cn,https://cn.beautyblossom.kr/112,1,h4,气体麻醉注意事项
cn,https://cn.beautyblossom.kr/112,2,h4,[DCA 脂肪分解注射] 术后注意事项
cn,https://cn.beautyblossom.kr/112,3,h4,肉毒素注意事项
cn,https://cn.beautyblossom.kr/112,4,h4,Beauty Fit、Blossom Fit、雕塑注射注意事项
cn,https://cn.beautyblossom.kr/112,5,h4,玻尿酸填充注意事项
cn,https://cn.beautyblossom.kr/112,6,h4,黄金微针注意事项
cn,https://cn.beautyblossom.kr/112,7,h4,紧致提升激光注意事项
cn,https://cn.beautyblossom.kr/112,8,h4,皮秒聚焦与ZoomPass注意事项
cn,https://cn.beautyblossom.kr/112,9,h4,皮肤补水注射注意事项
cn,https://cn.beautyblossom.kr/112,10,h4,埋线提升注意事项
cn,https://cn.beautyblossom.kr/112,11,h6,联系方式
cn,https://cn.beautyblossom.kr/112,12,h6,位置信息
cn,https://cn.beautyblossom.kr/112,13,h6,诊疗时间
cn,https://cn.beautyblossom.kr/112,14,h3,扫描二维码添加微信
cn,https://cn.beautyblossom.kr/112,15,h3,ID: BBS20250102
cn,https://cn.beautyblossom.kr/114,1,h3,治疗时间
cn,https://cn.beautyblossom.kr/114,2,h3,麻醉方式
cn,https://cn.beautyblossom.kr/114,3,h3,恢复期
cn,https://cn.beautyblossom.kr/114,4,h3,效果持续
cn,https://cn.beautyblossom.kr/114,5,h2,胶原蛋白再生
cn,https://cn.beautyblossom.kr/114,6,h2,补水
cn,https://cn.beautyblossom.kr/114,7,h3,自然效果
cn,https://cn.beautyblossom.kr/114,8,h3,皮肤再生
cn,https://cn.beautyblossom.kr/114,9,h3,长效维持
cn,https://cn.beautyblossom.kr/114,10,h3,安全性
cn,https://cn.beautyblossom.kr/114,11,h3,广泛应用
cn,https://cn.beautyblossom.kr/114,12,h3,可联合治疗
cn,https://cn.beautyblossom.kr/114,13,h3,全球标准品质
cn,https://cn.beautyblossom.kr/114,14,h3,正品・精准剂量
cn,https://cn.beautyblossom.kr/114,15,h3,个性化定制护理
cn,https://cn.beautyblossom.kr/114,16,h6,联系方式
cn,https://cn.beautyblossom.kr/114,17,h6,位置信息
cn,https://cn.beautyblossom.kr/114,18,h6,诊疗时间
cn,https://cn.beautyblossom.kr/114,19,h3,扫描二维码添加微信
cn,https://cn.beautyblossom.kr/114,20,h3,ID: BBS20250102
cn,https://cn.beautyblossom.kr/115,1,h3,治疗时间
cn,https://cn.beautyblossom.kr/115,2,h3,恢复时间
cn,https://cn.beautyblossom.kr/115,3,h3,维持期
cn,https://cn.beautyblossom.kr/115,4,h3,副作用
cn,https://cn.beautyblossom.kr/115,5,h3,弹力与皱纹改善
cn,https://cn.beautyblossom.kr/115,6,h3,生物相容性PDO成分
cn,https://cn.beautyblossom.kr/115,7,h3,持续效果
cn,https://cn.beautyblossom.kr/115,8,h3,舒适的治疗体验
cn,https://cn.beautyblossom.kr/115,9,h3,创新技术
cn,https://cn.beautyblossom.kr/115,10,h3,验证的安全性
cn,https://cn.beautyblossom.kr/115,11,h3,全球标准品质
cn,https://cn.beautyblossom.kr/115,12,h3,正品・精准剂量
cn,https://cn.beautyblossom.kr/115,13,h3,个性化定制护理
cn,https://cn.beautyblossom.kr/115,14,h6,联系方式
cn,https://cn.beautyblossom.kr/115,15,h6,位置信息
cn,https://cn.beautyblossom.kr/115,16,h6,诊疗时间
cn,https://cn.beautyblossom.kr/115,17,h3,扫描二维码添加微信
cn,https://cn.beautyblossom.kr/115,18,h3,ID: BBS20250102
cn,https://cn.beautyblossom.kr/116,1,h3,治疗时间
cn,https://cn.beautyblossom.kr/116,2,h3,麻醉方式
cn,https://cn.beautyblossom.kr/116,3,h3,恢复期
cn,https://cn.beautyblossom.kr/116,4,h3,效果持续时间
cn,https://cn.beautyblossom.kr/116,5,h3,全球标准品质
cn,https://cn.beautyblossom.kr/116,6,h3,正品・精准剂量
cn,https://cn.beautyblossom.kr/116,7,h3,个性化定制护理
cn,https://cn.beautyblossom.kr/116,8,h6,联系方式
cn,https://cn.beautyblossom.kr/116,9,h6,位置信息
cn,https://cn.beautyblossom.kr/116,10,h6,诊疗时间
cn,https://cn.beautyblossom.kr/116,11,h3,扫描二维码添加微信
cn,https://cn.beautyblossom.kr/116,12,h3,ID: BBS20250102
cn,https://cn.beautyblossom.kr/117,1,h3,核心成分
cn,https://cn.beautyblossom.kr/117,2,h3,独特优势
cn,https://cn.beautyblossom.kr/117,3,h3,恢复期
cn,https://cn.beautyblossom.kr/117,4,h3,特点
cn,https://cn.beautyblossom.kr/117,5,h3,深层补水
cn,https://cn.beautyblossom.kr/117,6,h3,皮肤再生
cn,https://cn.beautyblossom.kr/117,7,h3,增强弹性
cn,https://cn.beautyblossom.kr/117,8,h3,快速效果
cn,https://cn.beautyblossom.kr/117,9,h3,全球标准品质
cn,https://cn.beautyblossom.kr/117,10,h3,正品・精准剂量
cn,https://cn.beautyblossom.kr/117,11,h3,个性化定制护理
cn,https://cn.beautyblossom.kr/117,12,h6,联系方式
cn,https://cn.beautyblossom.kr/117,13,h6,位置信息
cn,https://cn.beautyblossom.kr/117,14,h6,诊疗时间
cn,https://cn.beautyblossom.kr/117,15,h3,扫描二维码添加微信
cn,https://cn.beautyblossom.kr/117,16,h3,ID: BBS20250102
cn,https://cn.beautyblossom.kr/118,1,h3,治疗时间
cn,https://cn.beautyblossom.kr/118,2,h3,麻醉
cn,https://cn.beautyblossom.kr/118,3,h3,恢复期
cn,https://cn.beautyblossom.kr/118,4,h3,建议周期
cn,https://cn.beautyblossom.kr/118,5,h3,改善肤色
cn,https://cn.beautyblossom.kr/118,6,h3,毛孔护理
cn,https://cn.beautyblossom.kr/118,7,h3,舒缓皮肤
cn,https://cn.beautyblossom.kr/118,8,h3,补水
cn,https://cn.beautyblossom.kr/118,9,h3,全球标准品质
cn,https://cn.beautyblossom.kr/118,10,h3,正品・精准剂量
cn,https://cn.beautyblossom.kr/118,11,h3,个性化定制护理
cn,https://cn.beautyblossom.kr/118,12,h6,联系方式
cn,https://cn.beautyblossom.kr/118,13,h6,位置信息
cn,https://cn.beautyblossom.kr/118,14,h6,诊疗时间
cn,https://cn.beautyblossom.kr/118,15,h3,扫描二维码添加微信
cn,https://cn.beautyblossom.kr/118,16,h3,ID: BBS20250102
cn,https://cn.beautyblossom.kr/119,1,h3,施术时间
cn,https://cn.beautyblossom.kr/119,2,h3,麻醉方式
cn,https://cn.beautyblossom.kr/119,3,h3,恢复期
cn,https://cn.beautyblossom.kr/119,4,h3,持续时间
cn,https://cn.beautyblossom.kr/119,5,h3,DNA再生
cn,https://cn.beautyblossom.kr/119,6,h3,增强弹性
cn,https://cn.beautyblossom.kr/119,7,h3,美白效果
cn,https://cn.beautyblossom.kr/119,8,h3,疤痕改善
cn,https://cn.beautyblossom.kr/119,9,h3,全球标准品质
cn,https://cn.beautyblossom.kr/119,10,h3,正品・精准剂量
cn,https://cn.beautyblossom.kr/119,11,h3,个性化定制护理
cn,https://cn.beautyblossom.kr/119,12,h6,联系方式
cn,https://cn.beautyblossom.kr/119,13,h6,位置信息
cn,https://cn.beautyblossom.kr/119,14,h6,诊疗时间
cn,https://cn.beautyblossom.kr/119,15,h3,扫描二维码添加微信
cn,https://cn.beautyblossom.kr/119,16,h3,ID: BBS20250102
cn,https://cn.beautyblossom.kr/120,1,h3,治疗时间
cn,https://cn.beautyblossom.kr/120,2,h3,治疗周期
cn,https://cn.beautyblossom.kr/120,3,h3,建议次数
cn,https://cn.beautyblossom.kr/120,4,h3,持续时间
cn,https://cn.beautyblossom.kr/120,5,h3,皮肤再生
cn,https://cn.beautyblossom.kr/120,6,h3,提升弹性
cn,https://cn.beautyblossom.kr/120,7,h3,改善皱纹
cn,https://cn.beautyblossom.kr/120,8,h3,增强保湿
cn,https://cn.beautyblossom.kr/120,9,h3,全球标准品质
cn,https://cn.beautyblossom.kr/120,10,h3,正品・精准剂量
cn,https://cn.beautyblossom.kr/120,11,h3,个性化定制护理
cn,https://cn.beautyblossom.kr/120,12,h6,联系方式
cn,https://cn.beautyblossom.kr/120,13,h6,位置信息
cn,https://cn.beautyblossom.kr/120,14,h6,诊疗时间
cn,https://cn.beautyblossom.kr/120,15,h3,扫描二维码添加微信
cn,https://cn.beautyblossom.kr/120,16,h3,ID: BBS20250102
cn,https://cn.beautyblossom.kr/121,1,h3,治疗时间
cn,https://cn.beautyblossom.kr/121,2,h3,麻醉方式
cn,https://cn.beautyblossom.kr/121,3,h3,恢复期
cn,https://cn.beautyblossom.kr/121,4,h3,持续时间
cn,https://cn.beautyblossom.kr/121,5,h3,个性化咨询
cn,https://cn.beautyblossom.kr/121,6,h3,自助洁面
cn,https://cn.beautyblossom.kr/121,7,h3,麻醉
cn,https://cn.beautyblossom.kr/121,8,h3,全球标准品质
cn,https://cn.beautyblossom.kr/121,9,h3,正品・精准剂量
cn,https://cn.beautyblossom.kr/121,10,h3,个性化定制护理
cn,https://cn.beautyblossom.kr/121,11,h6,联系方式
cn,https://cn.beautyblossom.kr/121,12,h6,位置信息
cn,https://cn.beautyblossom.kr/121,13,h6,诊疗时间
cn,https://cn.beautyblossom.kr/121,14,h3,扫描二维码添加微信
cn,https://cn.beautyblossom.kr/121,15,h3,ID: BBS20250102
cn,https://cn.beautyblossom.kr/122,1,h3,手术时间
cn,https://cn.beautyblossom.kr/122,2,h3,麻醉方式
cn,https://cn.beautyblossom.kr/122,3,h3,推荐周期
cn,https://cn.beautyblossom.kr/122,4,h3,持续时间
cn,https://cn.beautyblossom.kr/122,5,h3,安全性得到证实
cn,https://cn.beautyblossom.kr/122,6,h3,全球品牌
cn,https://cn.beautyblossom.kr/122,7,h3,微球形CaHA成分
cn,https://cn.beautyblossom.kr/122,8,h3,全球标准品质
cn,https://cn.beautyblossom.kr/122,9,h3,正品・精准剂量
cn,https://cn.beautyblossom.kr/122,10,h3,个性化定制护理
cn,https://cn.beautyblossom.kr/122,11,h6,联系方式
cn,https://cn.beautyblossom.kr/122,12,h6,位置信息
cn,https://cn.beautyblossom.kr/122,13,h6,诊疗时间
cn,https://cn.beautyblossom.kr/122,14,h3,扫描二维码添加微信
cn,https://cn.beautyblossom.kr/122,15,h3,ID: BBS20250102
cn,https://cn.beautyblossom.kr/123,1,h3,治疗时间
cn,https://cn.beautyblossom.kr/123,2,h3,麻醉方式
cn,https://cn.beautyblossom.kr/123,3,h3,恢复期
cn,https://cn.beautyblossom.kr/123,4,h3,维持时间
cn,https://cn.beautyblossom.kr/123,5,h3,肌肤光泽
cn,https://cn.beautyblossom.kr/123,6,h3,抗皱
cn,https://cn.beautyblossom.kr/123,7,h3,肤色改善
cn,https://cn.beautyblossom.kr/123,8,h3,真皮密度增加
cn,https://cn.beautyblossom.kr/123,9,h3,全球标准品质
cn,https://cn.beautyblossom.kr/123,10,h3,正品・精准剂量
cn,https://cn.beautyblossom.kr/123,11,h3,个性化定制护理
cn,https://cn.beautyblossom.kr/123,12,h6,联系方式
cn,https://cn.beautyblossom.kr/123,13,h6,位置信息
cn,https://cn.beautyblossom.kr/123,14,h6,诊疗时间
cn,https://cn.beautyblossom.kr/123,15,h3,扫描二维码添加微信
cn,https://cn.beautyblossom.kr/123,16,h3,ID: BBS20250102
cn,https://cn.beautyblossom.kr/124,1,h3,施术时间
cn,https://cn.beautyblossom.kr/124,2,h3,是否需要麻醉
cn,https://cn.beautyblossom.kr/124,3,h3,恢复期
cn,https://cn.beautyblossom.kr/124,4,h3,恢复期
cn,https://cn.beautyblossom.kr/124,5,h3,精细治疗
cn,https://cn.beautyblossom.kr/124,6,h3,最小负担
cn,https://cn.beautyblossom.kr/124,7,h3,安全管理
cn,https://cn.beautyblossom.kr/124,8,h3,干净无瑕的肌肤
cn,https://cn.beautyblossom.kr/124,9,h3,痣
cn,https://cn.beautyblossom.kr/124,10,h3,老年斑
cn,https://cn.beautyblossom.kr/124,11,h3,皮赘
cn,https://cn.beautyblossom.kr/124,12,h3,扁平疣
cn,https://cn.beautyblossom.kr/124,13,h3,粟粒疹/脂肪粒
cn,https://cn.beautyblossom.kr/124,14,h2,常见问题
cn,https://cn.beautyblossom.kr/124,15,h3,全球标准品质
cn,https://cn.beautyblossom.kr/124,16,h3,正品・精准剂量
cn,https://cn.beautyblossom.kr/124,17,h3,个性化定制护理
cn,https://cn.beautyblossom.kr/124,18,h6,联系方式
cn,https://cn.beautyblossom.kr/124,19,h6,位置信息
cn,https://cn.beautyblossom.kr/124,20,h6,诊疗时间
cn,https://cn.beautyblossom.kr/124,21,h3,扫描二维码添加微信
cn,https://cn.beautyblossom.kr/124,22,h3,ID: BBS20250102
cn,https://cn.beautyblossom.kr/125,1,h3,咨询方式
cn,https://cn.beautyblossom.kr/125,2,h3,咨询时间
cn,https://cn.beautyblossom.kr/125,3,h3,管理周期
cn,https://cn.beautyblossom.kr/125,4,h3,管理效果
cn,https://cn.beautyblossom.kr/125,5,h3,全球瞩目的解决方案
cn,https://cn.beautyblossom.kr/125,6,h3,每周一次简便管理
cn,https://cn.beautyblossom.kr/125,7,h3,提升饱腹感
cn,https://cn.beautyblossom.kr/125,8,h3,定制化程序
cn,https://cn.beautyblossom.kr/125,9,h3,体重管理
cn,https://cn.beautyblossom.kr/125,10,h3,健康改善
cn,https://cn.beautyblossom.kr/125,11,h3,生活改善
cn,https://cn.beautyblossom.kr/125,12,h3,定期管理
cn,https://cn.beautyblossom.kr/125,13,h3,全球标准品质
cn,https://cn.beautyblossom.kr/125,14,h3,正品・精准剂量
cn,https://cn.beautyblossom.kr/125,15,h3,个性化定制护理
cn,https://cn.beautyblossom.kr/125,16,h6,联系方式
cn,https://cn.beautyblossom.kr/125,17,h6,位置信息
cn,https://cn.beautyblossom.kr/125,18,h6,诊疗时间
cn,https://cn.beautyblossom.kr/125,19,h3,扫描二维码添加微信
cn,https://cn.beautyblossom.kr/125,20,h3,ID: BBS20250102
cn,https://cn.beautyblossom.kr/126,1,h3,治疗时间
cn,https://cn.beautyblossom.kr/126,2,h3,是否需要麻醉
cn,https://cn.beautyblossom.kr/126,3,h3,恢复期
cn,https://cn.beautyblossom.kr/126,4,h3,护理方式
cn,https://cn.beautyblossom.kr/126,5,h3,胎盘输液
cn,https://cn.beautyblossom.kr/126,6,h3,维生素输液
cn,https://cn.beautyblossom.kr/126,7,h3,白玉输液
cn,https://cn.beautyblossom.kr/126,8,h3,灰姑娘输液
cn,https://cn.beautyblossom.kr/126,9,h3,甘草输液
cn,https://cn.beautyblossom.kr/126,10,h3,大蒜输液
cn,https://cn.beautyblossom.kr/126,11,h3,全球标准品质
cn,https://cn.beautyblossom.kr/126,12,h3,正品・精准剂量
cn,https://cn.beautyblossom.kr/126,13,h3,个性化定制护理
cn,https://cn.beautyblossom.kr/126,14,h6,联系方式
cn,https://cn.beautyblossom.kr/126,15,h6,位置信息
cn,https://cn.beautyblossom.kr/126,16,h6,诊疗时间
cn,https://cn.beautyblossom.kr/126,17,h3,扫描二维码添加微信
cn,https://cn.beautyblossom.kr/126,18,h3,ID: BBS20250102
cn,https://cn.beautyblossom.kr/127,1,h3,局部麻醉
cn,https://cn.beautyblossom.kr/127,2,h3,睡眠麻醉
cn,https://cn.beautyblossom.kr/127,3,h3,全身麻醉
cn,https://cn.beautyblossom.kr/127,4,h3,Beauty Blossom 的睡眠麻醉是什么？
cn,https://cn.beautyblossom.kr/127,5,h4,遵循正品・定量・精准原则
cn,https://cn.beautyblossom.kr/127,6,h4,个性化定制治疗
cn,https://cn.beautyblossom.kr/127,7,h3,全球标准品质
cn,https://cn.beautyblossom.kr/127,8,h3,正品・精准剂量
cn,https://cn.beautyblossom.kr/127,9,h3,个性化定制护理
cn,https://cn.beautyblossom.kr/127,10,h6,联系方式
cn,https://cn.beautyblossom.kr/127,11,h6,位置信息
cn,https://cn.beautyblossom.kr/127,12,h6,诊疗时间
cn,https://cn.beautyblossom.kr/127,13,h3,扫描二维码添加微信
cn,https://cn.beautyblossom.kr/127,14,h3,ID: BBS20250102
cn,https://cn.beautyblossom.kr/129,1,h3,保湿效果
cn,https://cn.beautyblossom.kr/129,2,h3,水光效果
cn,https://cn.beautyblossom.kr/129,3,h3,皮肤保护
cn,https://cn.beautyblossom.kr/129,4,h3,抗衰老
cn,https://cn.beautyblossom.kr/129,5,h2,水毒素护肤解决方案
cn,https://cn.beautyblossom.kr/129,6,h3,全球标准品质
cn,https://cn.beautyblossom.kr/129,7,h3,正品・精准剂量
cn,https://cn.beautyblossom.kr/129,8,h3,个性化定制护理
cn,https://cn.beautyblossom.kr/129,9,h6,联系方式
cn,https://cn.beautyblossom.kr/129,10,h6,位置信息
cn,https://cn.beautyblossom.kr/129,11,h6,诊疗时间
cn,https://cn.beautyblossom.kr/129,12,h3,扫描二维码添加微信
cn,https://cn.beautyblossom.kr/129,13,h3,ID: BBS20250102
cn,https://cn.beautyblossom.kr/130,1,h3,天然成分
cn,https://cn.beautyblossom.kr/130,2,h3,传递到真皮层
cn,https://cn.beautyblossom.kr/130,3,h3,快速恢复日常生活
cn,https://cn.beautyblossom.kr/130,4,h3,适用于所有肤质
cn,https://cn.beautyblossom.kr/130,5,h3,改善痤疮
cn,https://cn.beautyblossom.kr/130,6,h3,色素·美白
cn,https://cn.beautyblossom.kr/130,7,h3,弹性·改善皱纹
cn,https://cn.beautyblossom.kr/130,8,h3,皮肤再生
cn,https://cn.beautyblossom.kr/130,9,h3,全球标准品质
cn,https://cn.beautyblossom.kr/130,10,h3,正品・精准剂量
cn,https://cn.beautyblossom.kr/130,11,h3,个性化定制护理
cn,https://cn.beautyblossom.kr/130,12,h6,联系方式
cn,https://cn.beautyblossom.kr/130,13,h6,位置信息
cn,https://cn.beautyblossom.kr/130,14,h6,诊疗时间
cn,https://cn.beautyblossom.kr/130,15,h3,扫描二维码添加微信
cn,https://cn.beautyblossom.kr/130,16,h3,ID: BBS20250102
cn,https://cn.beautyblossom.kr/132,1,h6,联系方式
cn,https://cn.beautyblossom.kr/132,2,h6,位置信息
cn,https://cn.beautyblossom.kr/132,3,h6,诊疗时间
cn,https://cn.beautyblossom.kr/132,4,h3,扫描二维码添加微信
cn,https://cn.beautyblossom.kr/132,5,h3,ID: BBS20250102
cn,https://cn.beautyblossom.kr/134,1,h6,联系方式
cn,https://cn.beautyblossom.kr/134,2,h6,位置信息
cn,https://cn.beautyblossom.kr/134,3,h6,诊疗时间
cn,https://cn.beautyblossom.kr/134,4,h3,扫描二维码添加微信
cn,https://cn.beautyblossom.kr/134,5,h3,ID: BBS20250102
cn,https://cn.beautyblossom.kr/17,1,h6,BEAUTY BLOSSOM 介绍
cn,https://cn.beautyblossom.kr/17,2,h6,以只属于你的特别标准，超越全球水平的技术。
cn,https://cn.beautyblossom.kr/17,3,h6,遵循全球标准的医疗服务
cn,https://cn.beautyblossom.kr/17,4,h6,正品药物与精准剂量使用
cn,https://cn.beautyblossom.kr/17,5,h6,个性化诊疗与细致护理
cn,https://cn.beautyblossom.kr/17,6,h6,遵循全球标准的医疗服务
cn,https://cn.beautyblossom.kr/17,7,h6,正品药物与精准剂量使用
cn,https://cn.beautyblossom.kr/17,8,h6,个性化诊疗与细致护理
cn,https://cn.beautyblossom.kr/17,9,h6,联系方式
cn,https://cn.beautyblossom.kr/17,10,h6,位置信息
cn,https://cn.beautyblossom.kr/17,11,h6,诊疗时间
cn,https://cn.beautyblossom.kr/17,12,h3,扫描二维码添加微信
cn,https://cn.beautyblossom.kr/17,13,h3,ID: BBS20250102
cn,https://cn.beautyblossom.kr/1733202604,1,h3,疗程时间
cn,https://cn.beautyblossom.kr/1733202604,2,h3,是否麻醉
cn,https://cn.beautyblossom.kr/1733202604,3,h3,恢复期
cn,https://cn.beautyblossom.kr/1733202604,4,h3,效果维持
cn,https://cn.beautyblossom.kr/1733202604,5,h3,肩部线条柔化
cn,https://cn.beautyblossom.kr/1733202604,6,h3,纤细肩部塑形
cn,https://cn.beautyblossom.kr/1733202604,7,h3,曲线强调效果
cn,https://cn.beautyblossom.kr/1733202604,8,h3,改善着装与比例
cn,https://cn.beautyblossom.kr/1733202604,9,h3,非手术疗程
cn,https://cn.beautyblossom.kr/1733202604,10,h3,定制化设计
cn,https://cn.beautyblossom.kr/1733202604,11,h3,全球标准品质
cn,https://cn.beautyblossom.kr/1733202604,12,h3,正品・精准剂量
cn,https://cn.beautyblossom.kr/1733202604,13,h3,个性化定制护理
cn,https://cn.beautyblossom.kr/1733202604,14,h6,联系方式
cn,https://cn.beautyblossom.kr/1733202604,15,h6,位置信息
cn,https://cn.beautyblossom.kr/1733202604,16,h6,诊疗时间
cn,https://cn.beautyblossom.kr/1733202604,17,h3,扫描二维码添加微信
cn,https://cn.beautyblossom.kr/1733202604,18,h3,ID: BBS20250102
cn,https://cn.beautyblossom.kr/18,1,h6,医生团队介绍
cn,https://cn.beautyblossom.kr/18,2,h6,联系方式
cn,https://cn.beautyblossom.kr/18,3,h6,位置信息
cn,https://cn.beautyblossom.kr/18,4,h6,诊疗时间
cn,https://cn.beautyblossom.kr/18,5,h3,扫描二维码添加微信
cn,https://cn.beautyblossom.kr/18,6,h3,ID: BBS20250102
cn,https://cn.beautyblossom.kr/1877097296,1,h1,Density
cn,https://cn.beautyblossom.kr/1877097296,2,h2,"Beyond Thermage,超越热玛吉的韩国第五代高频射频提升"
cn,https://cn.beautyblossom.kr/1877097296,3,h3,强效 双极射频
cn,https://cn.beautyblossom.kr/1877097296,4,h3,误差更小，能量更均匀实时阻抗反馈
cn,https://cn.beautyblossom.kr/1877097296,5,h3,皮肤感受到的细腻呵护5级冷却强度调节
cn,https://cn.beautyblossom.kr/1877097296,6,h3,更大的电极面积，更宽更深ALPHA TIP (Mono × Bi)
cn,https://cn.beautyblossom.kr/1877097296,7,h3,同样的Density，不同的效果——探头的区别是什么？
cn,https://cn.beautyblossom.kr/1877097296,8,h4,Alpha探头
cn,https://cn.beautyblossom.kr/1877097296,9,h4,High探头
cn,https://cn.beautyblossom.kr/1877097296,10,h4,Classic探头
cn,https://cn.beautyblossom.kr/1877097296,11,h3,疗程介绍
cn,https://cn.beautyblossom.kr/1877097296,12,h6,联系方式
cn,https://cn.beautyblossom.kr/1877097296,13,h6,位置信息
cn,https://cn.beautyblossom.kr/1877097296,14,h6,诊疗时间
cn,https://cn.beautyblossom.kr/1877097296,15,h3,扫描二维码添加微信
cn,https://cn.beautyblossom.kr/1877097296,16,h3,ID: BBS20250102
cn,https://cn.beautyblossom.kr/19,1,h6,"首尔特别市麻浦区阳华路66, MediOne Medical Center 5楼, 6楼"
cn,https://cn.beautyblossom.kr/19,2,h6,营业时间
cn,https://cn.beautyblossom.kr/19,3,h6,联系方式
cn,https://cn.beautyblossom.kr/19,4,h6,位置信息
cn,https://cn.beautyblossom.kr/19,5,h6,诊疗时间
cn,https://cn.beautyblossom.kr/19,6,h3,扫描二维码添加微信
cn,https://cn.beautyblossom.kr/19,7,h3,ID: BBS20250102
cn,https://cn.beautyblossom.kr/20,1,h6,联系方式
cn,https://cn.beautyblossom.kr/20,2,h6,位置信息
cn,https://cn.beautyblossom.kr/20,3,h6,诊疗时间
cn,https://cn.beautyblossom.kr/20,4,h3,扫描二维码添加微信
cn,https://cn.beautyblossom.kr/20,5,h3,ID: BBS20250102
cn,https://cn.beautyblossom.kr/219975382,1,h1,PREMIUM EQUIPMENT
cn,https://cn.beautyblossom.kr/219975382,2,h2,最佳方案，最高品质的设备
cn,https://cn.beautyblossom.kr/219975382,3,h6,联系方式
cn,https://cn.beautyblossom.kr/219975382,4,h6,位置信息
cn,https://cn.beautyblossom.kr/219975382,5,h6,诊疗时间
cn,https://cn.beautyblossom.kr/219975382,6,h3,扫描二维码添加微信
cn,https://cn.beautyblossom.kr/219975382,7,h3,ID: BBS20250102
cn,https://cn.beautyblossom.kr/22,1,h6,联系方式
cn,https://cn.beautyblossom.kr/22,2,h6,位置信息
cn,https://cn.beautyblossom.kr/22,3,h6,诊疗时间
cn,https://cn.beautyblossom.kr/22,4,h3,扫描二维码添加微信
cn,https://cn.beautyblossom.kr/22,5,h3,ID: BBS20250102
cn,https://cn.beautyblossom.kr/23,1,h6,联系方式
cn,https://cn.beautyblossom.kr/23,2,h6,位置信息
cn,https://cn.beautyblossom.kr/23,3,h6,诊疗时间
cn,https://cn.beautyblossom.kr/23,4,h3,扫描二维码添加微信
cn,https://cn.beautyblossom.kr/23,5,h3,ID: BBS20250102
cn,https://cn.beautyblossom.kr/24,1,h6,联系方式
cn,https://cn.beautyblossom.kr/24,2,h6,位置信息
cn,https://cn.beautyblossom.kr/24,3,h6,诊疗时间
cn,https://cn.beautyblossom.kr/24,4,h3,扫描二维码添加微信
cn,https://cn.beautyblossom.kr/24,5,h3,ID: BBS20250102
cn,https://cn.beautyblossom.kr/25,1,h6,联系方式
cn,https://cn.beautyblossom.kr/25,2,h6,位置信息
cn,https://cn.beautyblossom.kr/25,3,h6,诊疗时间
cn,https://cn.beautyblossom.kr/25,4,h3,扫描二维码添加微信
cn,https://cn.beautyblossom.kr/25,5,h3,ID: BBS20250102
cn,https://cn.beautyblossom.kr/26,1,h6,联系方式
cn,https://cn.beautyblossom.kr/26,2,h6,位置信息
cn,https://cn.beautyblossom.kr/26,3,h6,诊疗时间
cn,https://cn.beautyblossom.kr/26,4,h3,扫描二维码添加微信
cn,https://cn.beautyblossom.kr/26,5,h3,ID: BBS20250102
cn,https://cn.beautyblossom.kr/264387169,1,h1,LinearZ
cn,https://cn.beautyblossom.kr/264387169,2,h2,"Beyond HIFU,以线·点双模式打造的定制提升"
cn,https://cn.beautyblossom.kr/264387169,3,h4,线型 & 点型
cn,https://cn.beautyblossom.kr/264387169,4,h3,线与点：双重超声波模式
cn,https://cn.beautyblossom.kr/264387169,5,h3,1.5mm~13mm0.5mm精准深度调节
cn,https://cn.beautyblossom.kr/264387169,6,h3,疼痛更少，速度更快治疗速度提升62%
cn,https://cn.beautyblossom.kr/264387169,7,h3,安全可靠经食品药品监督管理局批准的正品探头
cn,https://cn.beautyblossom.kr/264387169,8,h3,针对各皮肤层的定制设计4种探头
cn,https://cn.beautyblossom.kr/264387169,9,h4,ACCU BASIC
cn,https://cn.beautyblossom.kr/264387169,10,h4,ACCU ESSENTIAL
cn,https://cn.beautyblossom.kr/264387169,11,h4,ACCU CORE
cn,https://cn.beautyblossom.kr/264387169,12,h4,CONTOUR
cn,https://cn.beautyblossom.kr/264387169,13,h3,施術案内
cn,https://cn.beautyblossom.kr/264387169,14,h6,联系方式
cn,https://cn.beautyblossom.kr/264387169,15,h6,位置信息
cn,https://cn.beautyblossom.kr/264387169,16,h6,诊疗时间
cn,https://cn.beautyblossom.kr/264387169,17,h3,扫描二维码添加微信
cn,https://cn.beautyblossom.kr/264387169,18,h3,ID: BBS20250102
cn,https://cn.beautyblossom.kr/28,1,h3,施术时间
cn,https://cn.beautyblossom.kr/28,2,h3,疼痛程度
cn,https://cn.beautyblossom.kr/28,3,h3,恢复期
cn,https://cn.beautyblossom.kr/28,4,h3,麻醉方式
cn,https://cn.beautyblossom.kr/28,5,h6,Botox效果
cn,https://cn.beautyblossom.kr/28,6,h2,韩国产 Botox
cn,https://cn.beautyblossom.kr/28,7,h2,Coretox
cn,https://cn.beautyblossom.kr/28,8,h2,德国产 Xeomin（西马）
cn,https://cn.beautyblossom.kr/28,9,h2,美国产 Allergan（保妥适）
cn,https://cn.beautyblossom.kr/28,10,h3,全球标准品质
cn,https://cn.beautyblossom.kr/28,11,h3,正品・精准剂量
cn,https://cn.beautyblossom.kr/28,12,h3,个性化定制护理
cn,https://cn.beautyblossom.kr/28,13,h6,联系方式
cn,https://cn.beautyblossom.kr/28,14,h6,位置信息
cn,https://cn.beautyblossom.kr/28,15,h6,诊疗时间
cn,https://cn.beautyblossom.kr/28,16,h3,扫描二维码添加微信
cn,https://cn.beautyblossom.kr/28,17,h3,ID: BBS20250102
cn,https://cn.beautyblossom.kr/29,1,h3,治疗时间
cn,https://cn.beautyblossom.kr/29,2,h3,疼痛程度
cn,https://cn.beautyblossom.kr/29,3,h3,恢复期
cn,https://cn.beautyblossom.kr/29,4,h3,麻醉方法
cn,https://cn.beautyblossom.kr/29,5,h6,玻尿酸
cn,https://cn.beautyblossom.kr/29,6,h2,韩国产 Atiere
cn,https://cn.beautyblossom.kr/29,7,h2,韩国产 Rejuviel
cn,https://cn.beautyblossom.kr/29,8,h2,瑞典产 Restylane（瑞兰）
cn,https://cn.beautyblossom.kr/29,9,h2,美国产 Juvederm（乔雅登）
cn,https://cn.beautyblossom.kr/29,10,h2,瑞士产 Belotero（保柔缇）
cn,https://cn.beautyblossom.kr/29,11,h3,全球标准品质
cn,https://cn.beautyblossom.kr/29,12,h3,正品・精准剂量
cn,https://cn.beautyblossom.kr/29,13,h3,个性化定制护理
cn,https://cn.beautyblossom.kr/29,14,h6,联系方式
cn,https://cn.beautyblossom.kr/29,15,h6,位置信息
cn,https://cn.beautyblossom.kr/29,16,h6,诊疗时间
cn,https://cn.beautyblossom.kr/29,17,h3,扫描二维码添加微信
cn,https://cn.beautyblossom.kr/29,18,h3,ID: BBS20250102
cn,https://cn.beautyblossom.kr/30,1,h3,治疗时间
cn,https://cn.beautyblossom.kr/30,2,h3,麻醉方式
cn,https://cn.beautyblossom.kr/30,3,h3,简单施术
cn,https://cn.beautyblossom.kr/30,4,h6,眼部 睛彩针
cn,https://cn.beautyblossom.kr/30,5,h3,全球标准品质
cn,https://cn.beautyblossom.kr/30,6,h3,正品・精准剂量
cn,https://cn.beautyblossom.kr/30,7,h3,个性化定制护理
cn,https://cn.beautyblossom.kr/30,8,h6,联系方式
cn,https://cn.beautyblossom.kr/30,9,h6,位置信息
cn,https://cn.beautyblossom.kr/30,10,h6,诊疗时间
cn,https://cn.beautyblossom.kr/30,11,h3,扫描二维码添加微信
cn,https://cn.beautyblossom.kr/30,12,h3,ID: BBS20250102
cn,https://cn.beautyblossom.kr/31,1,h3,协同效应
cn,https://cn.beautyblossom.kr/31,2,h3,效果
cn,https://cn.beautyblossom.kr/31,3,h3,便捷性
cn,https://cn.beautyblossom.kr/31,4,h3,满意度
cn,https://cn.beautyblossom.kr/31,5,h6,美眼提升套餐效果
cn,https://cn.beautyblossom.kr/31,6,h3,综合改善
cn,https://cn.beautyblossom.kr/31,7,h3,协同增效
cn,https://cn.beautyblossom.kr/31,8,h3,个性化方案
cn,https://cn.beautyblossom.kr/31,9,h3,时间效率
cn,https://cn.beautyblossom.kr/31,10,h3,全球标准品质
cn,https://cn.beautyblossom.kr/31,11,h3,正品・精准剂量
cn,https://cn.beautyblossom.kr/31,12,h3,个性化定制护理
cn,https://cn.beautyblossom.kr/31,13,h6,联系方式
cn,https://cn.beautyblossom.kr/31,14,h6,位置信息
cn,https://cn.beautyblossom.kr/31,15,h6,诊疗时间
cn,https://cn.beautyblossom.kr/31,16,h3,扫描二维码添加微信
cn,https://cn.beautyblossom.kr/31,17,h3,ID: BBS20250102
cn,https://cn.beautyblossom.kr/32,1,h3,治疗时间
cn,https://cn.beautyblossom.kr/32,2,h3,麻醉方式
cn,https://cn.beautyblossom.kr/32,3,h3,恢复期
cn,https://cn.beautyblossom.kr/32,4,h3,持续时间
cn,https://cn.beautyblossom.kr/32,5,h6,皱纹橡皮擦的效果
cn,https://cn.beautyblossom.kr/32,6,h3,全球标准品质
cn,https://cn.beautyblossom.kr/32,7,h3,正品・精准剂量
cn,https://cn.beautyblossom.kr/32,8,h3,个性化定制护理
cn,https://cn.beautyblossom.kr/32,9,h6,联系方式
cn,https://cn.beautyblossom.kr/32,10,h6,位置信息
cn,https://cn.beautyblossom.kr/32,11,h6,诊疗时间
cn,https://cn.beautyblossom.kr/32,12,h3,扫描二维码添加微信
cn,https://cn.beautyblossom.kr/32,13,h3,ID: BBS20250102
cn,https://cn.beautyblossom.kr/33,1,h3,简便施术
cn,https://cn.beautyblossom.kr/33,2,h3,鼻梁 + 鼻尖
cn,https://cn.beautyblossom.kr/33,3,h3,提升支撑力
cn,https://cn.beautyblossom.kr/33,4,h3,自然塑形
cn,https://cn.beautyblossom.kr/33,5,h3,个性化调整
cn,https://cn.beautyblossom.kr/33,6,h3,长效维持
cn,https://cn.beautyblossom.kr/33,7,h3,自然塑形
cn,https://cn.beautyblossom.kr/33,8,h3,微创施术
cn,https://cn.beautyblossom.kr/33,9,h3,安全性
cn,https://cn.beautyblossom.kr/33,10,h3,快速的治疗和恢复
cn,https://cn.beautyblossom.kr/33,11,h3,自然的效果
cn,https://cn.beautyblossom.kr/33,12,h3,持久的效果
cn,https://cn.beautyblossom.kr/33,13,h6,强大的牵引力
cn,https://cn.beautyblossom.kr/33,14,h6,精细的治疗
cn,https://cn.beautyblossom.kr/33,15,h3,混合塑形
cn,https://cn.beautyblossom.kr/33,16,h3,立体感
cn,https://cn.beautyblossom.kr/33,17,h3,双效改善
cn,https://cn.beautyblossom.kr/33,18,h3,丰盈效果
cn,https://cn.beautyblossom.kr/33,19,h3,全球标准品质
cn,https://cn.beautyblossom.kr/33,20,h3,正品・精准剂量
cn,https://cn.beautyblossom.kr/33,21,h3,个性化定制护理
cn,https://cn.beautyblossom.kr/33,22,h6,联系方式
cn,https://cn.beautyblossom.kr/33,23,h6,位置信息
cn,https://cn.beautyblossom.kr/33,24,h6,诊疗时间
cn,https://cn.beautyblossom.kr/33,25,h3,扫描二维码添加微信
cn,https://cn.beautyblossom.kr/33,26,h3,ID: BBS20250102
cn,https://cn.beautyblossom.kr/34,1,h4,Hey! Recently we were working on a project for ..
cn,https://cn.beautyblossom.kr/34,2,h4,A new project is an opportunity to create something unique.
cn,https://cn.beautyblossom.kr/34,3,h4,We look forward to working with you on your next project
cn,https://cn.beautyblossom.kr/34,4,h4,Style Tiles are always a good option to show work in progress!
cn,https://cn.beautyblossom.kr/34,5,h4,You can check the attachment for a full view..
cn,https://cn.beautyblossom.kr/34,6,h4,This is a proposal to add value to a crowdfunding listing page
cn,https://cn.beautyblossom.kr/34,7,h4,Clients easily understand them
cn,https://cn.beautyblossom.kr/34,8,h4,we have a lot of fun during this phase.
cn,https://cn.beautyblossom.kr/34,9,h4,Hey! Recently we were working on a project for ..
cn,https://cn.beautyblossom.kr/34,10,h4,A new project is an opportunity to create something unique.
cn,https://cn.beautyblossom.kr/34,11,h4,We look forward to working with you on your next project
cn,https://cn.beautyblossom.kr/34,12,h4,Style Tiles are always a good option to show work in progress!
cn,https://cn.beautyblossom.kr/34,13,h4,You can check the attachment for a full view..
cn,https://cn.beautyblossom.kr/34,14,h4,This is a proposal to add value to a crowdfunding listing page
cn,https://cn.beautyblossom.kr/34,15,h4,Clients easily understand them
cn,https://cn.beautyblossom.kr/34,16,h4,we have a lot of fun during this phase.
cn,https://cn.beautyblossom.kr/34,17,h4,Hey! Recently we were working on a project for ..
cn,https://cn.beautyblossom.kr/34,18,h4,A new project is an opportunity to create something unique.
cn,https://cn.beautyblossom.kr/34,19,h4,We look forward to working with you on your next project
cn,https://cn.beautyblossom.kr/34,20,h4,Style Tiles are always a good option to show work in progress!
cn,https://cn.beautyblossom.kr/34,21,h3,글로벌 스탠다드 퀄리티
cn,https://cn.beautyblossom.kr/34,22,h3,정품・정량 철칙
cn,https://cn.beautyblossom.kr/34,23,h3,맞춤형 디테일 케어
cn,https://cn.beautyblossom.kr/34,24,h6,联系方式
cn,https://cn.beautyblossom.kr/34,25,h6,位置信息
cn,https://cn.beautyblossom.kr/34,26,h6,诊疗时间
cn,https://cn.beautyblossom.kr/34,27,h3,扫描二维码添加微信
cn,https://cn.beautyblossom.kr/34,28,h3,ID: BBS20250102
cn,https://cn.beautyblossom.kr/35,1,h3,简单的
cn,https://cn.beautyblossom.kr/35,2,h3,促进循环
cn,https://cn.beautyblossom.kr/35,3,h3,脂肪分解
cn,https://cn.beautyblossom.kr/35,4,h3,清晰的
cn,https://cn.beautyblossom.kr/35,5,h6,Beauty Fit 注射
cn,https://cn.beautyblossom.kr/35,6,h6,Blossom Fit 注射
cn,https://cn.beautyblossom.kr/35,7,h3,全球标准品质
cn,https://cn.beautyblossom.kr/35,8,h3,正品・精准剂量
cn,https://cn.beautyblossom.kr/35,9,h3,个性化定制护理
cn,https://cn.beautyblossom.kr/35,10,h6,联系方式
cn,https://cn.beautyblossom.kr/35,11,h6,位置信息
cn,https://cn.beautyblossom.kr/35,12,h6,诊疗时间
cn,https://cn.beautyblossom.kr/35,13,h3,扫描二维码添加微信
cn,https://cn.beautyblossom.kr/35,14,h3,ID: BBS20250102
cn,https://cn.beautyblossom.kr/36,1,h3,治疗时间
cn,https://cn.beautyblossom.kr/36,2,h3,恢复期
cn,https://cn.beautyblossom.kr/36,3,h3,自然
cn,https://cn.beautyblossom.kr/36,4,h3,无痕
cn,https://cn.beautyblossom.kr/36,5,h3,全球标准品质
cn,https://cn.beautyblossom.kr/36,6,h3,正品・精准剂量
cn,https://cn.beautyblossom.kr/36,7,h3,个性化定制护理
cn,https://cn.beautyblossom.kr/36,8,h6,联系方式
cn,https://cn.beautyblossom.kr/36,9,h6,位置信息
cn,https://cn.beautyblossom.kr/36,10,h6,诊疗时间
cn,https://cn.beautyblossom.kr/36,11,h3,扫描二维码添加微信
cn,https://cn.beautyblossom.kr/36,12,h3,ID: BBS20250102
cn,https://cn.beautyblossom.kr/37,1,h3,施术时间
cn,https://cn.beautyblossom.kr/37,2,h3,麻醉情况
cn,https://cn.beautyblossom.kr/37,3,h3,恢复期
cn,https://cn.beautyblossom.kr/37,4,h3,精准改善
cn,https://cn.beautyblossom.kr/37,5,h3,液态型
cn,https://cn.beautyblossom.kr/37,6,h3,粉末型
cn,https://cn.beautyblossom.kr/37,7,h3,请与专业医疗团队咨询后决定
cn,https://cn.beautyblossom.kr/37,8,h3,全球标准品质
cn,https://cn.beautyblossom.kr/37,9,h3,正品・精准剂量
cn,https://cn.beautyblossom.kr/37,10,h3,个性化定制护理
cn,https://cn.beautyblossom.kr/37,11,h6,联系方式
cn,https://cn.beautyblossom.kr/37,12,h6,位置信息
cn,https://cn.beautyblossom.kr/37,13,h6,诊疗时间
cn,https://cn.beautyblossom.kr/37,14,h3,扫描二维码添加微信
cn,https://cn.beautyblossom.kr/37,15,h3,ID: BBS20250102
cn,https://cn.beautyblossom.kr/39,1,h3,Precision Diagnosis | 精准诊断
cn,https://cn.beautyblossom.kr/39,2,h3,Customized Design | 定制设计
cn,https://cn.beautyblossom.kr/39,3,h3,Layered Treatment | 分层治疗
cn,https://cn.beautyblossom.kr/39,4,h3,Continuous Care | 持续护理
cn,https://cn.beautyblossom.kr/39,5,h4,
cn,https://cn.beautyblossom.kr/39,6,h4,
cn,https://cn.beautyblossom.kr/39,7,h4,
cn,https://cn.beautyblossom.kr/39,8,h4,
cn,https://cn.beautyblossom.kr/39,9,h6,联系方式
cn,https://cn.beautyblossom.kr/39,10,h6,位置信息
cn,https://cn.beautyblossom.kr/39,11,h6,诊疗时间
cn,https://cn.beautyblossom.kr/39,12,h3,扫描二维码添加微信
cn,https://cn.beautyblossom.kr/39,13,h3,ID: BBS20250102
cn,https://cn.beautyblossom.kr/3D,1,h4,
cn,https://cn.beautyblossom.kr/3D,2,h4,
cn,https://cn.beautyblossom.kr/3D,3,h4,
cn,https://cn.beautyblossom.kr/3D,4,h4,
cn,https://cn.beautyblossom.kr/3D,5,h4,
cn,https://cn.beautyblossom.kr/3D,6,h4,
cn,https://cn.beautyblossom.kr/3D,7,h4,
cn,https://cn.beautyblossom.kr/3D,8,h4,
cn,https://cn.beautyblossom.kr/3D,9,h4,
cn,https://cn.beautyblossom.kr/3D,10,h4,
cn,https://cn.beautyblossom.kr/3D,11,h4,
cn,https://cn.beautyblossom.kr/3D,12,h3,全球标准品质
cn,https://cn.beautyblossom.kr/3D,13,h3,正品・精准剂量
cn,https://cn.beautyblossom.kr/3D,14,h3,个性化定制护理
cn,https://cn.beautyblossom.kr/3D,15,h6,联系方式
cn,https://cn.beautyblossom.kr/3D,16,h6,位置信息
cn,https://cn.beautyblossom.kr/3D,17,h6,诊疗时间
cn,https://cn.beautyblossom.kr/3D,18,h3,扫描二维码添加微信
cn,https://cn.beautyblossom.kr/3D,19,h3,ID: BBS20250102
cn,https://cn.beautyblossom.kr/40,1,h3,治疗时间
cn,https://cn.beautyblossom.kr/40,2,h3,麻醉方式
cn,https://cn.beautyblossom.kr/40,3,h3,恢复期
cn,https://cn.beautyblossom.kr/40,4,h3,效果持续时间
cn,https://cn.beautyblossom.kr/40,5,h3,全球标准品质
cn,https://cn.beautyblossom.kr/40,6,h3,正品・精准剂量
cn,https://cn.beautyblossom.kr/40,7,h3,个性化定制护理
cn,https://cn.beautyblossom.kr/40,8,h6,联系方式
cn,https://cn.beautyblossom.kr/40,9,h6,位置信息
cn,https://cn.beautyblossom.kr/40,10,h6,诊疗时间
cn,https://cn.beautyblossom.kr/40,11,h3,扫描二维码添加微信
cn,https://cn.beautyblossom.kr/40,12,h3,ID: BBS20250102
cn,https://cn.beautyblossom.kr/40b,1,h3,治疗时间
cn,https://cn.beautyblossom.kr/40b,2,h3,麻醉情况
cn,https://cn.beautyblossom.kr/40b,3,h3,恢复期
cn,https://cn.beautyblossom.kr/40b,4,h3,持续时间
cn,https://cn.beautyblossom.kr/40b,5,h6,✓ 准确的目标定位
cn,https://cn.beautyblossom.kr/40b,6,h6,✓ 即刻提升
cn,https://cn.beautyblossom.kr/40b,7,h6,✓ 持续效果
cn,https://cn.beautyblossom.kr/40b,8,h3,全球标准品质
cn,https://cn.beautyblossom.kr/40b,9,h3,正品・精准剂量
cn,https://cn.beautyblossom.kr/40b,10,h3,个性化定制护理
cn,https://cn.beautyblossom.kr/40b,11,h6,联系方式
cn,https://cn.beautyblossom.kr/40b,12,h6,位置信息
cn,https://cn.beautyblossom.kr/40b,13,h6,诊疗时间
cn,https://cn.beautyblossom.kr/40b,14,h3,扫描二维码添加微信
cn,https://cn.beautyblossom.kr/40b,15,h3,ID: BBS20250102
cn,https://cn.beautyblossom.kr/41,1,h3,治疗时间
cn,https://cn.beautyblossom.kr/41,2,h3,是否麻醉
cn,https://cn.beautyblossom.kr/41,3,h3,恢复期
cn,https://cn.beautyblossom.kr/41,4,h3,持续时间
cn,https://cn.beautyblossom.kr/41,5,h6,✓ 精确的能量传递
cn,https://cn.beautyblossom.kr/41,6,h6,✓ 强效胶原蛋白再生
cn,https://cn.beautyblossom.kr/41,7,h6,✓ 舒适的施术体验
cn,https://cn.beautyblossom.kr/41,8,h3,全球标准品质
cn,https://cn.beautyblossom.kr/41,9,h3,正品・精准剂量
cn,https://cn.beautyblossom.kr/41,10,h3,个性化定制护理
cn,https://cn.beautyblossom.kr/41,11,h6,联系方式
cn,https://cn.beautyblossom.kr/41,12,h6,位置信息
cn,https://cn.beautyblossom.kr/41,13,h6,诊疗时间
cn,https://cn.beautyblossom.kr/41,14,h3,扫描二维码添加微信
cn,https://cn.beautyblossom.kr/41,15,h3,ID: BBS20250102
cn,https://cn.beautyblossom.kr/42,1,h3,施术时间
cn,https://cn.beautyblossom.kr/42,2,h3,恢复期间
cn,https://cn.beautyblossom.kr/42,3,h3,紧致效果
cn,https://cn.beautyblossom.kr/42,4,h3,建议周期
cn,https://cn.beautyblossom.kr/42,5,h4,
cn,https://cn.beautyblossom.kr/42,6,h4,
cn,https://cn.beautyblossom.kr/42,7,h4,
cn,https://cn.beautyblossom.kr/42,8,h3,均匀传热至
cn,https://cn.beautyblossom.kr/42,9,h3,皮肤组织
cn,https://cn.beautyblossom.kr/42,10,h3,胶原蛋白持续
cn,https://cn.beautyblossom.kr/42,11,h3,重塑效果
cn,https://cn.beautyblossom.kr/42,12,h3,提升及
cn,https://cn.beautyblossom.kr/42,13,h3,紧致效果
cn,https://cn.beautyblossom.kr/42,14,h3,改善皮肤
cn,https://cn.beautyblossom.kr/42,15,h3,弹性效果
cn,https://cn.beautyblossom.kr/42,16,h3,全球标准品质
cn,https://cn.beautyblossom.kr/42,17,h3,正品・精准剂量
cn,https://cn.beautyblossom.kr/42,18,h3,个性化定制护理
cn,https://cn.beautyblossom.kr/42,19,h6,联系方式
cn,https://cn.beautyblossom.kr/42,20,h6,位置信息
cn,https://cn.beautyblossom.kr/42,21,h6,诊疗时间
cn,https://cn.beautyblossom.kr/42,22,h3,扫描二维码添加微信
cn,https://cn.beautyblossom.kr/42,23,h3,ID: BBS20250102
cn,https://cn.beautyblossom.kr/43,1,h3,施术时间
cn,https://cn.beautyblossom.kr/43,2,h3,麻醉与否
cn,https://cn.beautyblossom.kr/43,3,h3,恢复期间
cn,https://cn.beautyblossom.kr/43,4,h3,持续时间
cn,https://cn.beautyblossom.kr/43,5,h3,为年轻肌肤
cn,https://cn.beautyblossom.kr/43,6,h3,促进胶原蛋白生成
cn,https://cn.beautyblossom.kr/43,7,h3,无需手术简便
cn,https://cn.beautyblossom.kr/43,8,h3,长久维持效果
cn,https://cn.beautyblossom.kr/43,9,h3,下垂脸颊、双下巴
cn,https://cn.beautyblossom.kr/43,10,h3,脂肪减少效果
cn,https://cn.beautyblossom.kr/43,11,h3,明亮光滑肌肤
cn,https://cn.beautyblossom.kr/43,12,h3,肤色提亮效果
cn,https://cn.beautyblossom.kr/43,13,h3,全球标准品质
cn,https://cn.beautyblossom.kr/43,14,h3,正品・精准剂量
cn,https://cn.beautyblossom.kr/43,15,h3,个性化定制护理
cn,https://cn.beautyblossom.kr/43,16,h6,联系方式
cn,https://cn.beautyblossom.kr/43,17,h6,位置信息
cn,https://cn.beautyblossom.kr/43,18,h6,诊疗时间
cn,https://cn.beautyblossom.kr/43,19,h3,扫描二维码添加微信
cn,https://cn.beautyblossom.kr/43,20,h3,ID: BBS20250102
cn,https://cn.beautyblossom.kr/44,1,h3,施术时间
cn,https://cn.beautyblossom.kr/44,2,h3,麻醉与否
cn,https://cn.beautyblossom.kr/44,3,h3,恢复期间
cn,https://cn.beautyblossom.kr/44,4,h3,定制施术
cn,https://cn.beautyblossom.kr/44,5,h3,全球标准品质
cn,https://cn.beautyblossom.kr/44,6,h3,正品・精准剂量
cn,https://cn.beautyblossom.kr/44,7,h3,个性化定制护理
cn,https://cn.beautyblossom.kr/44,8,h6,联系方式
cn,https://cn.beautyblossom.kr/44,9,h6,位置信息
cn,https://cn.beautyblossom.kr/44,10,h6,诊疗时间
cn,https://cn.beautyblossom.kr/44,11,h3,扫描二维码添加微信
cn,https://cn.beautyblossom.kr/44,12,h3,ID: BBS20250102
cn,https://cn.beautyblossom.kr/45,1,h3,施术时间
cn,https://cn.beautyblossom.kr/45,2,h3,麻醉方法
cn,https://cn.beautyblossom.kr/45,3,h3,恢复期间
cn,https://cn.beautyblossom.kr/45,4,h3,施术周期
cn,https://cn.beautyblossom.kr/45,5,h3,照射到皮肤表面
cn,https://cn.beautyblossom.kr/45,6,h3,转化为热能
cn,https://cn.beautyblossom.kr/45,7,h3,转化的热能促进
cn,https://cn.beautyblossom.kr/45,8,h3,皮肤内组织凝固
cn,https://cn.beautyblossom.kr/45,9,h3,组织恢复过程中
cn,https://cn.beautyblossom.kr/45,10,h3,组织凝固效果
cn,https://cn.beautyblossom.kr/45,11,h3,胶原蛋白再生
cn,https://cn.beautyblossom.kr/45,12,h3,持续改善效果
cn,https://cn.beautyblossom.kr/45,13,h3,全球标准品质
cn,https://cn.beautyblossom.kr/45,14,h3,正品・精准剂量
cn,https://cn.beautyblossom.kr/45,15,h3,个性化定制护理
cn,https://cn.beautyblossom.kr/45,16,h6,联系方式
cn,https://cn.beautyblossom.kr/45,17,h6,位置信息
cn,https://cn.beautyblossom.kr/45,18,h6,诊疗时间
cn,https://cn.beautyblossom.kr/45,19,h3,扫描二维码添加微信
cn,https://cn.beautyblossom.kr/45,20,h3,ID: BBS20250102
cn,https://cn.beautyblossom.kr/47,1,h3,具备高度按脱毛设备应用
cn,https://cn.beautyblossom.kr/47,2,h3,女性隐私保护
cn,https://cn.beautyblossom.kr/47,3,h3,智能冷却系统
cn,https://cn.beautyblossom.kr/47,4,h3,一对一定制激光脱毛
cn,https://cn.beautyblossom.kr/47,5,h3,卫生的非接触方式
cn,https://cn.beautyblossom.kr/47,6,h3,强效的冷却效果
cn,https://cn.beautyblossom.kr/47,7,h3,优化的定制功率调节
cn,https://cn.beautyblossom.kr/47,8,h3,柔滑光泽的皮肤
cn,https://cn.beautyblossom.kr/47,9,h3,全球标准品质
cn,https://cn.beautyblossom.kr/47,10,h3,正品・精准剂量
cn,https://cn.beautyblossom.kr/47,11,h3,个性化定制护理
cn,https://cn.beautyblossom.kr/47,12,h6,联系方式
cn,https://cn.beautyblossom.kr/47,13,h6,位置信息
cn,https://cn.beautyblossom.kr/47,14,h6,诊疗时间
cn,https://cn.beautyblossom.kr/47,15,h3,扫描二维码添加微信
cn,https://cn.beautyblossom.kr/47,16,h3,ID: BBS20250102
cn,https://cn.beautyblossom.kr/48,1,h3,具备高度按脱毛设备应用
cn,https://cn.beautyblossom.kr/48,2,h3,男性隐私保护
cn,https://cn.beautyblossom.kr/48,3,h3,智能冷却系统
cn,https://cn.beautyblossom.kr/48,4,h3,一对一定制激光脱毛
cn,https://cn.beautyblossom.kr/48,5,h3,卫生的非接触方式
cn,https://cn.beautyblossom.kr/48,6,h3,强效的冷却效果
cn,https://cn.beautyblossom.kr/48,7,h3,优化的定制功率调节
cn,https://cn.beautyblossom.kr/48,8,h3,柔滑光泽的皮肤
cn,https://cn.beautyblossom.kr/48,9,h3,全球标准品质
cn,https://cn.beautyblossom.kr/48,10,h3,正品・精准剂量
cn,https://cn.beautyblossom.kr/48,11,h3,个性化定制护理
cn,https://cn.beautyblossom.kr/48,12,h6,联系方式
cn,https://cn.beautyblossom.kr/48,13,h6,位置信息
cn,https://cn.beautyblossom.kr/48,14,h6,诊疗时间
cn,https://cn.beautyblossom.kr/48,15,h3,扫描二维码添加微信
cn,https://cn.beautyblossom.kr/48,16,h3,ID: BBS20250102
cn,https://cn.beautyblossom.kr/50,1,h3,DIAGNOSIS
cn,https://cn.beautyblossom.kr/50,2,h4,诊断
cn,https://cn.beautyblossom.kr/50,3,h3,DESIGN
cn,https://cn.beautyblossom.kr/50,4,h4,设计
cn,https://cn.beautyblossom.kr/50,5,h3,TREATMENT
cn,https://cn.beautyblossom.kr/50,6,h4,治疗
cn,https://cn.beautyblossom.kr/50,7,h3,CARE
cn,https://cn.beautyblossom.kr/50,8,h4,护理
cn,https://cn.beautyblossom.kr/50,9,h6,超越全球标准，
cn,https://cn.beautyblossom.kr/50,10,h6,以您独特的标准
cn,https://cn.beautyblossom.kr/50,11,h4,
cn,https://cn.beautyblossom.kr/50,12,h4,
cn,https://cn.beautyblossom.kr/50,13,h4,
cn,https://cn.beautyblossom.kr/50,14,h4,
cn,https://cn.beautyblossom.kr/50,15,h4,
cn,https://cn.beautyblossom.kr/50,16,h6,联系方式
cn,https://cn.beautyblossom.kr/50,17,h6,位置信息
cn,https://cn.beautyblossom.kr/50,18,h6,诊疗时间
cn,https://cn.beautyblossom.kr/50,19,h3,扫描二维码添加微信
cn,https://cn.beautyblossom.kr/50,20,h3,ID: BBS20250102
cn,https://cn.beautyblossom.kr/51,1,h3,治疗时间
cn,https://cn.beautyblossom.kr/51,2,h3,治疗部位
cn,https://cn.beautyblossom.kr/51,3,h3,恢复期
cn,https://cn.beautyblossom.kr/51,4,h3,维持时间
cn,https://cn.beautyblossom.kr/51,5,h3,小腿线条
cn,https://cn.beautyblossom.kr/51,6,h3,斜方肌改善
cn,https://cn.beautyblossom.kr/51,7,h3,手臂线条
cn,https://cn.beautyblossom.kr/51,8,h3,大腿线条
cn,https://cn.beautyblossom.kr/51,9,h3,自由选择剂量
cn,https://cn.beautyblossom.kr/51,10,h3,不限部位的治疗
cn,https://cn.beautyblossom.kr/51,11,h3,灵活的治疗周期
cn,https://cn.beautyblossom.kr/51,12,h3,医师1:1定制咨询
cn,https://cn.beautyblossom.kr/51,13,h3,安全正品治疗
cn,https://cn.beautyblossom.kr/51,14,h3,全球标准品质
cn,https://cn.beautyblossom.kr/51,15,h3,正品・精准剂量
cn,https://cn.beautyblossom.kr/51,16,h3,个性化定制护理
cn,https://cn.beautyblossom.kr/51,17,h6,联系方式
cn,https://cn.beautyblossom.kr/51,18,h6,位置信息
cn,https://cn.beautyblossom.kr/51,19,h6,诊疗时间
cn,https://cn.beautyblossom.kr/51,20,h3,扫描二维码添加微信
cn,https://cn.beautyblossom.kr/51,21,h3,ID: BBS20250102
cn,https://cn.beautyblossom.kr/52,1,h3,治疗时间
cn,https://cn.beautyblossom.kr/52,2,h3,个性化方案
cn,https://cn.beautyblossom.kr/52,3,h3,恢复期
cn,https://cn.beautyblossom.kr/52,4,h3,维持时间
cn,https://cn.beautyblossom.kr/52,5,h3,快速治疗
cn,https://cn.beautyblossom.kr/52,6,h3,个性化治疗
cn,https://cn.beautyblossom.kr/52,7,h3,快速恢复
cn,https://cn.beautyblossom.kr/52,8,h6,身体肉毒素效果
cn,https://cn.beautyblossom.kr/52,9,h3,全球标准品质
cn,https://cn.beautyblossom.kr/52,10,h3,正品・精准剂量
cn,https://cn.beautyblossom.kr/52,11,h3,个性化定制护理
cn,https://cn.beautyblossom.kr/52,12,h6,联系方式
cn,https://cn.beautyblossom.kr/52,13,h6,位置信息
cn,https://cn.beautyblossom.kr/52,14,h6,诊疗时间
cn,https://cn.beautyblossom.kr/52,15,h3,扫描二维码添加微信
cn,https://cn.beautyblossom.kr/52,16,h3,ID: BBS20250102
cn,https://cn.beautyblossom.kr/53,1,h3,시술 시간
cn,https://cn.beautyblossom.kr/53,2,h3,마취 방법
cn,https://cn.beautyblossom.kr/53,3,h3,안전성
cn,https://cn.beautyblossom.kr/53,4,h3,회복 기간
cn,https://cn.beautyblossom.kr/53,5,h6,바디필러 효과
cn,https://cn.beautyblossom.kr/53,6,h3,글로벌 스탠다드 퀄리티
cn,https://cn.beautyblossom.kr/53,7,h3,정품・정량 철칙
cn,https://cn.beautyblossom.kr/53,8,h3,맞춤형 디테일 케어
cn,https://cn.beautyblossom.kr/53,9,h6,联系方式
cn,https://cn.beautyblossom.kr/53,10,h6,位置信息
cn,https://cn.beautyblossom.kr/53,11,h6,诊疗时间
cn,https://cn.beautyblossom.kr/53,12,h3,扫描二维码添加微信
cn,https://cn.beautyblossom.kr/53,13,h3,ID: BBS20250102
cn,https://cn.beautyblossom.kr/54,1,h3,治疗时间
cn,https://cn.beautyblossom.kr/54,2,h3,治疗周期
cn,https://cn.beautyblossom.kr/54,3,h3,恢复期
cn,https://cn.beautyblossom.kr/54,4,h3,维持时间
cn,https://cn.beautyblossom.kr/54,5,h6,Body Beauty Fit 溶脂针
cn,https://cn.beautyblossom.kr/54,6,h6,Body Blossom Fit溶脂针
cn,https://cn.beautyblossom.kr/54,7,h6,丽朵身体溶脂针
cn,https://cn.beautyblossom.kr/54,8,h3,全球标准品质
cn,https://cn.beautyblossom.kr/54,9,h3,正品・精准剂量
cn,https://cn.beautyblossom.kr/54,10,h3,个性化定制护理
cn,https://cn.beautyblossom.kr/54,11,h6,联系方式
cn,https://cn.beautyblossom.kr/54,12,h6,位置信息
cn,https://cn.beautyblossom.kr/54,13,h6,诊疗时间
cn,https://cn.beautyblossom.kr/54,14,h3,扫描二维码添加微信
cn,https://cn.beautyblossom.kr/54,15,h3,ID: BBS20250102
cn,https://cn.beautyblossom.kr/55,1,h3,治疗时间
cn,https://cn.beautyblossom.kr/55,2,h3,是否需要麻醉
cn,https://cn.beautyblossom.kr/55,3,h3,恢复期
cn,https://cn.beautyblossom.kr/55,4,h3,淤青与出血
cn,https://cn.beautyblossom.kr/55,5,h6,身体雕刻针
cn,https://cn.beautyblossom.kr/55,6,h3,脂肪与肌肉减少
cn,https://cn.beautyblossom.kr/55,7,h3,快速效果 & 短暂恢复期
cn,https://cn.beautyblossom.kr/55,8,h3,减肥协同效果
cn,https://cn.beautyblossom.kr/55,9,h1,身体特色治疗指南
cn,https://cn.beautyblossom.kr/55,10,h3,全球标准品质
cn,https://cn.beautyblossom.kr/55,11,h3,正品・精准剂量
cn,https://cn.beautyblossom.kr/55,12,h3,个性化定制护理
cn,https://cn.beautyblossom.kr/55,13,h6,联系方式
cn,https://cn.beautyblossom.kr/55,14,h6,位置信息
cn,https://cn.beautyblossom.kr/55,15,h6,诊疗时间
cn,https://cn.beautyblossom.kr/55,16,h3,扫描二维码添加微信
cn,https://cn.beautyblossom.kr/55,17,h3,ID: BBS20250102
cn,https://cn.beautyblossom.kr/56,1,h3,极超短波
cn,https://cn.beautyblossom.kr/56,2,h3,冷波技术
cn,https://cn.beautyblossom.kr/56,3,h3,治疗时间
cn,https://cn.beautyblossom.kr/56,4,h3,推荐周期
cn,https://cn.beautyblossom.kr/56,5,h3,胶原蛋白生成
cn,https://cn.beautyblossom.kr/56,6,h3,脂肪分解
cn,https://cn.beautyblossom.kr/56,7,h3,皮肤紧致
cn,https://cn.beautyblossom.kr/56,8,h3,全球标准品质
cn,https://cn.beautyblossom.kr/56,9,h3,正品・精准剂量
cn,https://cn.beautyblossom.kr/56,10,h3,个性化定制护理
cn,https://cn.beautyblossom.kr/56,11,h6,联系方式
cn,https://cn.beautyblossom.kr/56,12,h6,位置信息
cn,https://cn.beautyblossom.kr/56,13,h6,诊疗时间
cn,https://cn.beautyblossom.kr/56,14,h3,扫描二维码添加微信
cn,https://cn.beautyblossom.kr/56,15,h3,ID: BBS20250102
cn,https://cn.beautyblossom.kr/57,1,h3,治疗时间
cn,https://cn.beautyblossom.kr/57,2,h3,是否需要麻醉
cn,https://cn.beautyblossom.kr/57,3,h3,推荐周期
cn,https://cn.beautyblossom.kr/57,4,h3,维持时间
cn,https://cn.beautyblossom.kr/57,5,h6,身体Inmode效果
cn,https://cn.beautyblossom.kr/57,6,h3,选择性去除
cn,https://cn.beautyblossom.kr/57,7,h3,多余脂肪
cn,https://cn.beautyblossom.kr/57,8,h3,身体线条矫正
cn,https://cn.beautyblossom.kr/57,9,h3,改善橙皮组织
cn,https://cn.beautyblossom.kr/57,10,h3,增加皮肤弹性
cn,https://cn.beautyblossom.kr/57,11,h3,胶原重塑
cn,https://cn.beautyblossom.kr/57,12,h3,安全治疗
cn,https://cn.beautyblossom.kr/57,13,h3,实时温度检测
cn,https://cn.beautyblossom.kr/57,14,h6,✓ 真空 (Vacuum)
cn,https://cn.beautyblossom.kr/57,15,h6,✓ 射频能量(RF)
cn,https://cn.beautyblossom.kr/57,16,h6,✓ 高电压电刺激(HVP)
cn,https://cn.beautyblossom.kr/57,17,h3,全球标准品质
cn,https://cn.beautyblossom.kr/57,18,h3,正品・精准剂量
cn,https://cn.beautyblossom.kr/57,19,h3,个性化定制护理
cn,https://cn.beautyblossom.kr/57,20,h6,联系方式
cn,https://cn.beautyblossom.kr/57,21,h6,位置信息
cn,https://cn.beautyblossom.kr/57,22,h6,诊疗时间
cn,https://cn.beautyblossom.kr/57,23,h3,扫描二维码添加微信
cn,https://cn.beautyblossom.kr/57,24,h3,ID: BBS20250102
cn,https://cn.beautyblossom.kr/58,1,h3,治疗时间
cn,https://cn.beautyblossom.kr/58,2,h3,效果显现
cn,https://cn.beautyblossom.kr/58,3,h3,恢复期
cn,https://cn.beautyblossom.kr/58,4,h3,持续时间
cn,https://cn.beautyblossom.kr/58,5,h3,减少出汗
cn,https://cn.beautyblossom.kr/58,6,h3,抑制过多出汗
cn,https://cn.beautyblossom.kr/58,7,h3,保持皮肤清洁
cn,https://cn.beautyblossom.kr/58,8,h3,缓解汗臭
cn,https://cn.beautyblossom.kr/58,9,h3,简便治疗
cn,https://cn.beautyblossom.kr/58,10,h3,短时间治疗
cn,https://cn.beautyblossom.kr/58,11,h3,安全治疗
cn,https://cn.beautyblossom.kr/58,12,h3,最小化副作用
cn,https://cn.beautyblossom.kr/58,13,h3,全球标准品质
cn,https://cn.beautyblossom.kr/58,14,h3,正品・精准剂量
cn,https://cn.beautyblossom.kr/58,15,h3,个性化定制护理
cn,https://cn.beautyblossom.kr/58,16,h6,联系方式
cn,https://cn.beautyblossom.kr/58,17,h6,位置信息
cn,https://cn.beautyblossom.kr/58,18,h6,诊疗时间
cn,https://cn.beautyblossom.kr/58,19,h3,扫描二维码添加微信
cn,https://cn.beautyblossom.kr/58,20,h3,ID: BBS20250102
cn,https://cn.beautyblossom.kr/60,1,h3,皮肤护理
cn,https://cn.beautyblossom.kr/60,2,h3,油脂管理
cn,https://cn.beautyblossom.kr/60,3,h3,水分管理
cn,https://cn.beautyblossom.kr/60,4,h3,皮肤再生
cn,https://cn.beautyblossom.kr/60,5,h6,配方
cn,https://cn.beautyblossom.kr/60,6,h6,皮肤促进剂
cn,https://cn.beautyblossom.kr/60,7,h3,全球标准品质
cn,https://cn.beautyblossom.kr/60,8,h3,正品・精准剂量
cn,https://cn.beautyblossom.kr/60,9,h3,个性化定制护理
cn,https://cn.beautyblossom.kr/60,10,h6,联系方式
cn,https://cn.beautyblossom.kr/60,11,h6,位置信息
cn,https://cn.beautyblossom.kr/60,12,h6,诊疗时间
cn,https://cn.beautyblossom.kr/60,13,h3,扫描二维码添加微信
cn,https://cn.beautyblossom.kr/60,14,h3,ID: BBS20250102
cn,https://cn.beautyblossom.kr/61,1,h3,平行超声波
cn,https://cn.beautyblossom.kr/61,2,h3,四重频率
cn,https://cn.beautyblossom.kr/61,3,h3,胶原蛋白生成
cn,https://cn.beautyblossom.kr/61,4,h3,保湿强化
cn,https://cn.beautyblossom.kr/61,5,h3,V线提拉
cn,https://cn.beautyblossom.kr/61,6,h3,胶原蛋白再生
cn,https://cn.beautyblossom.kr/61,7,h3,皮肤再生
cn,https://cn.beautyblossom.kr/61,8,h3,无痛管理
cn,https://cn.beautyblossom.kr/61,9,h3,全球标准品质
cn,https://cn.beautyblossom.kr/61,10,h3,正品・精准剂量
cn,https://cn.beautyblossom.kr/61,11,h3,个性化定制护理
cn,https://cn.beautyblossom.kr/61,12,h6,联系方式
cn,https://cn.beautyblossom.kr/61,13,h6,位置信息
cn,https://cn.beautyblossom.kr/61,14,h6,诊疗时间
cn,https://cn.beautyblossom.kr/61,15,h3,扫描二维码添加微信
cn,https://cn.beautyblossom.kr/61,16,h3,ID: BBS20250102
cn,https://cn.beautyblossom.kr/62,1,h3,选择性治疗
cn,https://cn.beautyblossom.kr/62,2,h3,改善痤疮
cn,https://cn.beautyblossom.kr/62,3,h3,治疗次数
cn,https://cn.beautyblossom.kr/62,4,h3,保持时长
cn,https://cn.beautyblossom.kr/62,5,h3,痘痘改善
cn,https://cn.beautyblossom.kr/62,6,h3,调节皮脂
cn,https://cn.beautyblossom.kr/62,7,h3,收缩毛孔
cn,https://cn.beautyblossom.kr/62,8,h3,抑制复发
cn,https://cn.beautyblossom.kr/62,9,h3,全球标准品质
cn,https://cn.beautyblossom.kr/62,10,h3,正品・精准剂量
cn,https://cn.beautyblossom.kr/62,11,h3,个性化定制护理
cn,https://cn.beautyblossom.kr/62,12,h6,联系方式
cn,https://cn.beautyblossom.kr/62,13,h6,位置信息
cn,https://cn.beautyblossom.kr/62,14,h6,诊疗时间
cn,https://cn.beautyblossom.kr/62,15,h3,扫描二维码添加微信
cn,https://cn.beautyblossom.kr/62,16,h3,ID: BBS20250102
cn,https://cn.beautyblossom.kr/63,1,h3,全球标准品质
cn,https://cn.beautyblossom.kr/63,2,h3,正品・精准剂量
cn,https://cn.beautyblossom.kr/63,3,h3,个性化定制护理
cn,https://cn.beautyblossom.kr/63,4,h6,联系方式
cn,https://cn.beautyblossom.kr/63,5,h6,位置信息
cn,https://cn.beautyblossom.kr/63,6,h6,诊疗时间
cn,https://cn.beautyblossom.kr/63,7,h3,扫描二维码添加微信
cn,https://cn.beautyblossom.kr/63,8,h3,ID: BBS20250102
cn,https://cn.beautyblossom.kr/64,1,h3,低刺激
cn,https://cn.beautyblossom.kr/64,2,h3,营养供给
cn,https://cn.beautyblossom.kr/64,3,h3,治疗时间
cn,https://cn.beautyblossom.kr/64,4,h3,恢复期
cn,https://cn.beautyblossom.kr/64,5,h3,天然去角质
cn,https://cn.beautyblossom.kr/64,6,h3,改善皮肤问题
cn,https://cn.beautyblossom.kr/64,7,h3,营养供给
cn,https://cn.beautyblossom.kr/64,8,h3,皮肤再生
cn,https://cn.beautyblossom.kr/64,9,h3,全球标准品质
cn,https://cn.beautyblossom.kr/64,10,h3,正品・精准剂量
cn,https://cn.beautyblossom.kr/64,11,h3,个性化定制护理
cn,https://cn.beautyblossom.kr/64,12,h6,联系方式
cn,https://cn.beautyblossom.kr/64,13,h6,位置信息
cn,https://cn.beautyblossom.kr/64,14,h6,诊疗时间
cn,https://cn.beautyblossom.kr/64,15,h3,扫描二维码添加微信
cn,https://cn.beautyblossom.kr/64,16,h3,ID: BBS20250102
cn,https://cn.beautyblossom.kr/65,1,h3,低刺激
cn,https://cn.beautyblossom.kr/65,2,h3,解决方案
cn,https://cn.beautyblossom.kr/65,3,h3,治疗时间
cn,https://cn.beautyblossom.kr/65,4,h3,恢复期
cn,https://cn.beautyblossom.kr/65,5,h3,低刺激去角质
cn,https://cn.beautyblossom.kr/65,6,h3,清洁毛孔
cn,https://cn.beautyblossom.kr/65,7,h3,补水
cn,https://cn.beautyblossom.kr/65,8,h3,舒缓肌肤
cn,https://cn.beautyblossom.kr/65,9,h3,全球标准品质
cn,https://cn.beautyblossom.kr/65,10,h3,正品・精准剂量
cn,https://cn.beautyblossom.kr/65,11,h3,个性化定制护理
cn,https://cn.beautyblossom.kr/65,12,h6,联系方式
cn,https://cn.beautyblossom.kr/65,13,h6,位置信息
cn,https://cn.beautyblossom.kr/65,14,h6,诊疗时间
cn,https://cn.beautyblossom.kr/65,15,h3,扫描二维码添加微信
cn,https://cn.beautyblossom.kr/65,16,h3,ID: BBS20250102
cn,https://cn.beautyblossom.kr/66,1,h3,治疗时间
cn,https://cn.beautyblossom.kr/66,2,h3,护理周期
cn,https://cn.beautyblossom.kr/66,3,h3,疼痛强度
cn,https://cn.beautyblossom.kr/66,4,h3,恢复期
cn,https://cn.beautyblossom.kr/66,5,h3,深层护理
cn,https://cn.beautyblossom.kr/66,6,h3,美白效果
cn,https://cn.beautyblossom.kr/66,7,h3,改善弹性
cn,https://cn.beautyblossom.kr/66,8,h3,补水
cn,https://cn.beautyblossom.kr/66,9,h3,全球标准品质
cn,https://cn.beautyblossom.kr/66,10,h3,正品・精准剂量
cn,https://cn.beautyblossom.kr/66,11,h3,个性化定制护理
cn,https://cn.beautyblossom.kr/66,12,h6,联系方式
cn,https://cn.beautyblossom.kr/66,13,h6,位置信息
cn,https://cn.beautyblossom.kr/66,14,h6,诊疗时间
cn,https://cn.beautyblossom.kr/66,15,h3,扫描二维码添加微信
cn,https://cn.beautyblossom.kr/66,16,h3,ID: BBS20250102
cn,https://cn.beautyblossom.kr/67,1,h3,순환 개선
cn,https://cn.beautyblossom.kr/67,2,h3,심부 열효과
cn,https://cn.beautyblossom.kr/67,3,h3,면역 강화
cn,https://cn.beautyblossom.kr/67,4,h3,관리 주기
cn,https://cn.beautyblossom.kr/67,5,h3,붓기 개선
cn,https://cn.beautyblossom.kr/67,6,h3,탄력 강화
cn,https://cn.beautyblossom.kr/67,7,h3,피부 재생
cn,https://cn.beautyblossom.kr/67,8,h3,라인 개선
cn,https://cn.beautyblossom.kr/67,9,h3,글로벌 스탠다드 퀄리티
cn,https://cn.beautyblossom.kr/67,10,h3,정품・정량 철칙
cn,https://cn.beautyblossom.kr/67,11,h3,맞춤형 디테일 케어
cn,https://cn.beautyblossom.kr/67,12,h6,联系方式
cn,https://cn.beautyblossom.kr/67,13,h6,位置信息
cn,https://cn.beautyblossom.kr/67,14,h6,诊疗时间
cn,https://cn.beautyblossom.kr/67,15,h3,扫描二维码添加微信
cn,https://cn.beautyblossom.kr/67,16,h3,ID: BBS20250102
cn,https://cn.beautyblossom.kr/68,1,h3,舒缓皮肤
cn,https://cn.beautyblossom.kr/68,2,h3,补水
cn,https://cn.beautyblossom.kr/68,3,h3,增强屏障
cn,https://cn.beautyblossom.kr/68,4,h3,护理周期
cn,https://cn.beautyblossom.kr/68,5,h3,舒缓皮肤
cn,https://cn.beautyblossom.kr/68,6,h3,增强保湿
cn,https://cn.beautyblossom.kr/68,7,h3,再生效果
cn,https://cn.beautyblossom.kr/68,8,h3,痘痘护理
cn,https://cn.beautyblossom.kr/68,9,h3,全球标准品质
cn,https://cn.beautyblossom.kr/68,10,h3,正品・精准剂量
cn,https://cn.beautyblossom.kr/68,11,h3,个性化定制护理
cn,https://cn.beautyblossom.kr/68,12,h6,联系方式
cn,https://cn.beautyblossom.kr/68,13,h6,位置信息
cn,https://cn.beautyblossom.kr/68,14,h6,诊疗时间
cn,https://cn.beautyblossom.kr/68,15,h3,扫描二维码添加微信
cn,https://cn.beautyblossom.kr/68,16,h3,ID: BBS20250102
cn,https://cn.beautyblossom.kr/69,1,h3,专业诊疗
cn,https://cn.beautyblossom.kr/69,2,h3,分阶段护理
cn,https://cn.beautyblossom.kr/69,3,h3,防止复发
cn,https://cn.beautyblossom.kr/69,4,h3,护理周期
cn,https://cn.beautyblossom.kr/69,5,h3,炎症改善
cn,https://cn.beautyblossom.kr/69,6,h3,皮脂护理
cn,https://cn.beautyblossom.kr/69,7,h3,防止疤痕
cn,https://cn.beautyblossom.kr/69,8,h3,防止复发
cn,https://cn.beautyblossom.kr/69,9,h3,全球标准品质
cn,https://cn.beautyblossom.kr/69,10,h3,正品・精准剂量
cn,https://cn.beautyblossom.kr/69,11,h3,个性化定制护理
cn,https://cn.beautyblossom.kr/69,12,h6,联系方式
cn,https://cn.beautyblossom.kr/69,13,h6,位置信息
cn,https://cn.beautyblossom.kr/69,14,h6,诊疗时间
cn,https://cn.beautyblossom.kr/69,15,h3,扫描二维码添加微信
cn,https://cn.beautyblossom.kr/69,16,h3,ID: BBS20250102
cn,https://cn.beautyblossom.kr/71,1,h3,DIAGNOSIS
cn,https://cn.beautyblossom.kr/71,2,h4,诊断
cn,https://cn.beautyblossom.kr/71,3,h3,DESIGN
cn,https://cn.beautyblossom.kr/71,4,h4,设计
cn,https://cn.beautyblossom.kr/71,5,h3,TREATMENT
cn,https://cn.beautyblossom.kr/71,6,h4,治疗
cn,https://cn.beautyblossom.kr/71,7,h3,CARE
cn,https://cn.beautyblossom.kr/71,8,h4,管理
cn,https://cn.beautyblossom.kr/71,9,h6,超越全球标准，
cn,https://cn.beautyblossom.kr/71,10,h6,以您独特的标准
cn,https://cn.beautyblossom.kr/71,11,h4,
cn,https://cn.beautyblossom.kr/71,12,h4,
cn,https://cn.beautyblossom.kr/71,13,h4,
cn,https://cn.beautyblossom.kr/71,14,h4,
cn,https://cn.beautyblossom.kr/71,15,h6,联系方式
cn,https://cn.beautyblossom.kr/71,16,h6,位置信息
cn,https://cn.beautyblossom.kr/71,17,h6,诊疗时间
cn,https://cn.beautyblossom.kr/71,18,h3,扫描二维码添加微信
cn,https://cn.beautyblossom.kr/71,19,h3,ID: BBS20250102
cn,https://cn.beautyblossom.kr/72,1,h3,治疗时间
cn,https://cn.beautyblossom.kr/72,2,h3,麻醉方式
cn,https://cn.beautyblossom.kr/72,3,h3,恢复期
cn,https://cn.beautyblossom.kr/72,4,h3,治疗部位
cn,https://cn.beautyblossom.kr/72,5,h6,✓ SFA TIP
cn,https://cn.beautyblossom.kr/72,6,h6,✓ DIAMOND TIP
cn,https://cn.beautyblossom.kr/72,7,h3,全球标准品质
cn,https://cn.beautyblossom.kr/72,8,h3,正品・精准剂量
cn,https://cn.beautyblossom.kr/72,9,h3,个性化定制护理
cn,https://cn.beautyblossom.kr/72,10,h6,联系方式
cn,https://cn.beautyblossom.kr/72,11,h6,位置信息
cn,https://cn.beautyblossom.kr/72,12,h6,诊疗时间
cn,https://cn.beautyblossom.kr/72,13,h3,扫描二维码添加微信
cn,https://cn.beautyblossom.kr/72,14,h3,ID: BBS20250102
cn,https://cn.beautyblossom.kr/73,1,h3,能量传递
cn,https://cn.beautyblossom.kr/73,2,h3,治疗时间
cn,https://cn.beautyblossom.kr/73,3,h3,恢复期
cn,https://cn.beautyblossom.kr/73,4,h3,安全性
cn,https://cn.beautyblossom.kr/73,5,h3,选择性治疗
cn,https://cn.beautyblossom.kr/73,6,h3,快速修复
cn,https://cn.beautyblossom.kr/73,7,h3,高效率
cn,https://cn.beautyblossom.kr/73,8,h3,High Zone
cn,https://cn.beautyblossom.kr/73,9,h3,Low Zone
cn,https://cn.beautyblossom.kr/73,10,h3,热损伤最小化
cn,https://cn.beautyblossom.kr/73,11,h3,短暂恢复期
cn,https://cn.beautyblossom.kr/73,12,h3,皮肤改善效果持续
cn,https://cn.beautyblossom.kr/73,13,h3,解决多种皮肤问题
cn,https://cn.beautyblossom.kr/73,14,h3,全球标准品质
cn,https://cn.beautyblossom.kr/73,15,h3,正品・精准剂量
cn,https://cn.beautyblossom.kr/73,16,h3,个性化定制护理
cn,https://cn.beautyblossom.kr/73,17,h6,联系方式
cn,https://cn.beautyblossom.kr/73,18,h6,位置信息
cn,https://cn.beautyblossom.kr/73,19,h6,诊疗时间
cn,https://cn.beautyblossom.kr/73,20,h3,扫描二维码添加微信
cn,https://cn.beautyblossom.kr/73,21,h3,ID: BBS20250102
cn,https://cn.beautyblossom.kr/74,1,h3,低价
cn,https://cn.beautyblossom.kr/74,2,h3,治疗时间
cn,https://cn.beautyblossom.kr/74,3,h3,疼痛管理
cn,https://cn.beautyblossom.kr/74,4,h3,治疗效果
cn,https://cn.beautyblossom.kr/74,5,h3,低刺激治疗
cn,https://cn.beautyblossom.kr/74,6,h3,部位定制化方案
cn,https://cn.beautyblossom.kr/74,7,h3,个性化部位治疗
cn,https://cn.beautyblossom.kr/74,8,h3,全球标准品质
cn,https://cn.beautyblossom.kr/74,9,h3,正品・精准剂量
cn,https://cn.beautyblossom.kr/74,10,h3,个性化定制护理
cn,https://cn.beautyblossom.kr/74,11,h6,联系方式
cn,https://cn.beautyblossom.kr/74,12,h6,位置信息
cn,https://cn.beautyblossom.kr/74,13,h6,诊疗时间
cn,https://cn.beautyblossom.kr/74,14,h3,扫描二维码添加微信
cn,https://cn.beautyblossom.kr/74,15,h3,ID: BBS20250102
cn,https://cn.beautyblossom.kr/75,1,h3,施术时间
cn,https://cn.beautyblossom.kr/75,2,h3,是否需要麻醉
cn,https://cn.beautyblossom.kr/75,3,h3,恢复期
cn,https://cn.beautyblossom.kr/75,4,h3,施术效果
cn,https://cn.beautyblossom.kr/75,5,h3,疼痛感低
cn,https://cn.beautyblossom.kr/75,6,h3,效果快速
cn,https://cn.beautyblossom.kr/75,7,h3,降低痘痘复发率
cn,https://cn.beautyblossom.kr/75,8,h3,皮脂调节
cn,https://cn.beautyblossom.kr/75,9,h3,全球标准品质
cn,https://cn.beautyblossom.kr/75,10,h3,正品・精准剂量
cn,https://cn.beautyblossom.kr/75,11,h3,个性化定制护理
cn,https://cn.beautyblossom.kr/75,12,h6,联系方式
cn,https://cn.beautyblossom.kr/75,13,h6,位置信息
cn,https://cn.beautyblossom.kr/75,14,h6,诊疗时间
cn,https://cn.beautyblossom.kr/75,15,h3,扫描二维码添加微信
cn,https://cn.beautyblossom.kr/75,16,h3,ID: BBS20250102
cn,https://cn.beautyblossom.kr/76,1,h3,双波长
cn,https://cn.beautyblossom.kr/76,2,h3,疼痛管理
cn,https://cn.beautyblossom.kr/76,3,h3,施术效果
cn,https://cn.beautyblossom.kr/76,4,h3,恢复期
cn,https://cn.beautyblossom.kr/76,5,h3,疼痛感低
cn,https://cn.beautyblossom.kr/76,6,h3,效果快速
cn,https://cn.beautyblossom.kr/76,7,h3,改善痘痘色素
cn,https://cn.beautyblossom.kr/76,8,h3,可立即恢复日常生活
cn,https://cn.beautyblossom.kr/76,9,h3,全球标准品质
cn,https://cn.beautyblossom.kr/76,10,h3,正品・精准剂量
cn,https://cn.beautyblossom.kr/76,11,h3,个性化定制护理
cn,https://cn.beautyblossom.kr/76,12,h6,联系方式
cn,https://cn.beautyblossom.kr/76,13,h6,位置信息
cn,https://cn.beautyblossom.kr/76,14,h6,诊疗时间
cn,https://cn.beautyblossom.kr/76,15,h3,扫描二维码添加微信
cn,https://cn.beautyblossom.kr/76,16,h3,ID: BBS20250102
cn,https://cn.beautyblossom.kr/LDM,1,h3,治疗时间
cn,https://cn.beautyblossom.kr/LDM,2,h3,是否麻醉
cn,https://cn.beautyblossom.kr/LDM,3,h3,恢复期
cn,https://cn.beautyblossom.kr/LDM,4,h3,效果持续
cn,https://cn.beautyblossom.kr/LDM,5,h3,全球标准品质
cn,https://cn.beautyblossom.kr/LDM,6,h3,正品・精准剂量
cn,https://cn.beautyblossom.kr/LDM,7,h3,个性化定制护理
cn,https://cn.beautyblossom.kr/LDM,8,h6,联系方式
cn,https://cn.beautyblossom.kr/LDM,9,h6,位置信息
cn,https://cn.beautyblossom.kr/LDM,10,h6,诊疗时间
cn,https://cn.beautyblossom.kr/LDM,11,h3,扫描二维码添加微信
cn,https://cn.beautyblossom.kr/LDM,12,h3,ID: BBS20250102
cn,https://cn.beautyblossom.kr/Sculptra,1,h3,治疗时间
cn,https://cn.beautyblossom.kr/Sculptra,2,h3,是否麻醉
cn,https://cn.beautyblossom.kr/Sculptra,3,h3,恢复期
cn,https://cn.beautyblossom.kr/Sculptra,4,h3,效果维持
cn,https://cn.beautyblossom.kr/Sculptra,5,h3,渐进式体积恢复
cn,https://cn.beautyblossom.kr/Sculptra,6,h3,改善皮肤弹性
cn,https://cn.beautyblossom.kr/Sculptra,7,h3,持久效果
cn,https://cn.beautyblossom.kr/Sculptra,8,h3,验证的安全性
cn,https://cn.beautyblossom.kr/Sculptra,9,h3,广泛适用部位
cn,https://cn.beautyblossom.kr/Sculptra,10,h3,自然变化
cn,https://cn.beautyblossom.kr/Sculptra,11,h3,全球标准品质
cn,https://cn.beautyblossom.kr/Sculptra,12,h3,正品・精准剂量
cn,https://cn.beautyblossom.kr/Sculptra,13,h3,个性化定制护理
cn,https://cn.beautyblossom.kr/Sculptra,14,h6,联系方式
cn,https://cn.beautyblossom.kr/Sculptra,15,h6,位置信息
cn,https://cn.beautyblossom.kr/Sculptra,16,h6,诊疗时间
cn,https://cn.beautyblossom.kr/Sculptra,17,h3,扫描二维码添加微信
cn,https://cn.beautyblossom.kr/Sculptra,18,h3,ID: BBS20250102
cn,https://cn.beautyblossom.kr/XERF,1,h1,Fit theDepth.XERF
cn,https://cn.beautyblossom.kr/XERF,2,h2,Meet the instrumentof depth.
cn,https://cn.beautyblossom.kr/XERF,3,h2,双频率渗入肌肤深处|
cn,https://cn.beautyblossom.kr/XERF,4,h2,一台设备即可实现多层能量传递
cn,https://cn.beautyblossom.kr/XERF,5,h2,四款效应器，对应四种不同触感
cn,https://cn.beautyblossom.kr/XERF,6,h2,如果你在意电波拉提的作用深度，答案会是 XERF
cn,https://cn.beautyblossom.kr/XERF,7,h2,Fit myMoment.
cn,https://cn.beautyblossom.kr/XERF,8,h3,治疗指南
cn,https://cn.beautyblossom.kr/XERF,9,h6,联系方式
cn,https://cn.beautyblossom.kr/XERF,10,h6,位置信息
cn,https://cn.beautyblossom.kr/XERF,11,h6,诊疗时间
cn,https://cn.beautyblossom.kr/XERF,12,h3,扫描二维码添加微信
cn,https://cn.beautyblossom.kr/XERF,13,h3,ID: BBS20250102
cn,https://cn.beautyblossom.kr/alltite,1,h1,LIFT & TIGHTEN面部下垂，就选 Alltite
cn,https://cn.beautyblossom.kr/alltite,2,h2,面部下垂，即刻提拉
cn,https://cn.beautyblossom.kr/alltite,3,h2,全新技术，DLTD® 终于诞生
cn,https://cn.beautyblossom.kr/alltite,4,h3,17 倍能量
cn,https://cn.beautyblossom.kr/alltite,5,h3,集中介电加热
cn,https://cn.beautyblossom.kr/alltite,6,h3,冷却技术
cn,https://cn.beautyblossom.kr/alltite,7,h2,守护表皮，只加热深层
cn,https://cn.beautyblossom.kr/alltite,8,h2,将能量集中于真皮下层
cn,https://cn.beautyblossom.kr/alltite,9,h4,能量在浅层流失
cn,https://cn.beautyblossom.kr/alltite,10,h4,能量存续于真皮下层
cn,https://cn.beautyblossom.kr/alltite,11,h2,Alltite 效果
cn,https://cn.beautyblossom.kr/alltite,12,h3,即刻提拉
cn,https://cn.beautyblossom.kr/alltite,13,h3,疼痛与恢复期最小化
cn,https://cn.beautyblossom.kr/alltite,14,h3,更强的提拉
cn,https://cn.beautyblossom.kr/alltite,15,h3,增强肌肤弹力
cn,https://cn.beautyblossom.kr/alltite,16,h2,精密设计的设备
cn,https://cn.beautyblossom.kr/alltite,17,h2,分部位定制提拉
cn,https://cn.beautyblossom.kr/alltite,18,h2,有何不同？
cn,https://cn.beautyblossom.kr/alltite,19,h2,面部下垂，就选 Alltite
cn,https://cn.beautyblossom.kr/alltite,20,h2,#治疗部位直击你的困扰部位
cn,https://cn.beautyblossom.kr/alltite,21,h2,按困扰，随心定制
cn,https://cn.beautyblossom.kr/alltite,22,h2,#推荐对象适合这样的你
cn,https://cn.beautyblossom.kr/alltite,23,h2,治疗信息一览
cn,https://cn.beautyblossom.kr/alltite,24,h2,常见问题
cn,https://cn.beautyblossom.kr/alltite,25,h6,联系方式
cn,https://cn.beautyblossom.kr/alltite,26,h6,位置信息
cn,https://cn.beautyblossom.kr/alltite,27,h6,诊疗时间
cn,https://cn.beautyblossom.kr/alltite,28,h3,扫描二维码添加微信
cn,https://cn.beautyblossom.kr/alltite,29,h3,ID: BBS20250102
cn,https://cn.beautyblossom.kr/dca-injection,1,h1,"脂肪细胞破坏注射的
				新标准"
cn,https://cn.beautyblossom.kr/dca-injection,2,h2,难以消除的双下巴，正在苦恼吗？
cn,https://cn.beautyblossom.kr/dca-injection,3,h3,遗传因素
cn,https://cn.beautyblossom.kr/dca-injection,4,h3,体重增加
cn,https://cn.beautyblossom.kr/dca-injection,5,h3,医学·老化因素
cn,https://cn.beautyblossom.kr/dca-injection,6,h2,VIVLE（DCA注射剂）是什么？
cn,https://cn.beautyblossom.kr/dca-injection,7,h2,为什么选择DCA注射剂？
cn,https://cn.beautyblossom.kr/dca-injection,8,h3,长效脂肪细胞去除
cn,https://cn.beautyblossom.kr/dca-injection,9,h3,胶原蛋白·弹力改善
cn,https://cn.beautyblossom.kr/dca-injection,10,h3,无类固醇 · 无反弹
cn,https://cn.beautyblossom.kr/dca-injection,11,h3,FDA批准的验证成分
cn,https://cn.beautyblossom.kr/dca-injection,12,h2,DCA（去氧胆酸）的脂肪分解原理
cn,https://cn.beautyblossom.kr/dca-injection,13,h4,结合于细胞膜
cn,https://cn.beautyblossom.kr/dca-injection,14,h4,细胞膜破坏
cn,https://cn.beautyblossom.kr/dca-injection,15,h4,脂肪去除 + 胶原蛋白
cn,https://cn.beautyblossom.kr/dca-injection,16,h2,脂肪分解 VS 脂肪细胞破坏，有何不同？
cn,https://cn.beautyblossom.kr/dca-injection,17,h3,溶脂针
cn,https://cn.beautyblossom.kr/dca-injection,18,h3,脂肪细胞破坏注射（DCA）
cn,https://cn.beautyblossom.kr/dca-injection,19,h2,一目了然的效果时间线
cn,https://cn.beautyblossom.kr/dca-injection,20,h2,VIVLE
cn,https://cn.beautyblossom.kr/dca-injection,21,h2,施术信息一览
cn,https://cn.beautyblossom.kr/dca-injection,22,h2,Before & After
cn,https://cn.beautyblossom.kr/dca-injection,23,h2,推荐给这些人
cn,https://cn.beautyblossom.kr/dca-injection,24,h3,只有下巴脂肪多的人
cn,https://cn.beautyblossom.kr/dca-injection,25,h3,下巴·颈线界线模糊的人
cn,https://cn.beautyblossom.kr/dca-injection,26,h3,看起来印象迟钝的人
cn,https://cn.beautyblossom.kr/dca-injection,27,h3,害怕手术的人
cn,https://cn.beautyblossom.kr/dca-injection,28,h3,寻找验证成分的人
cn,https://cn.beautyblossom.kr/dca-injection,29,h3,希望恢复期短的人
cn,https://cn.beautyblossom.kr/dca-injection,30,h2,施术后注意事项
cn,https://cn.beautyblossom.kr/dca-injection,31,h2,常见问题
cn,https://cn.beautyblossom.kr/dca-injection,32,h6,联系方式
cn,https://cn.beautyblossom.kr/dca-injection,33,h6,位置信息
cn,https://cn.beautyblossom.kr/dca-injection,34,h6,诊疗时间
cn,https://cn.beautyblossom.kr/dca-injection,35,h3,扫描二维码添加微信
cn,https://cn.beautyblossom.kr/dca-injection,36,h3,ID: BBS20250102
cn,https://cn.beautyblossom.kr/diet-injection,1,h1,"NUVIJU

全球首创成分 · 以接近人体pH值设计的颏下脂肪改善注射"
cn,https://cn.beautyblossom.kr/diet-injection,2,h2,溶脂针，现在可以选择成分了
cn,https://cn.beautyblossom.kr/diet-injection,3,h2,推荐给这些人
cn,https://cn.beautyblossom.kr/diet-injection,4,h3,为双下巴困扰
cn,https://cn.beautyblossom.kr/diet-injection,5,h3,减肥也瘦不下来
cn,https://cn.beautyblossom.kr/diet-injection,6,h3,担心疼痛
cn,https://cn.beautyblossom.kr/diet-injection,7,h3,希望尽快回归日常
cn,https://cn.beautyblossom.kr/diet-injection,8,h2,胆酸溶解脂肪细胞，身体再自然代谢
cn,https://cn.beautyblossom.kr/diet-injection,9,h4,颏下脂肪细胞
cn,https://cn.beautyblossom.kr/diet-injection,10,h4,溶解脂肪细胞
cn,https://cn.beautyblossom.kr/diet-injection,11,h4,自然代谢
cn,https://cn.beautyblossom.kr/diet-injection,12,h4,下颌线更清晰
cn,https://cn.beautyblossom.kr/diet-injection,13,h2,用数字看变化
cn,https://cn.beautyblossom.kr/diet-injection,14,h2,施术前后，改变的下颌线
cn,https://cn.beautyblossom.kr/diet-injection,15,h2,分解脂肪，减轻负担
cn,https://cn.beautyblossom.kr/diet-injection,16,h2,肿胀与淤青，多在一周内消退
cn,https://cn.beautyblossom.kr/diet-injection,17,h2,接近人体的 pH 值，更舒适
cn,https://cn.beautyblossom.kr/diet-injection,18,h2,常见问题
cn,https://cn.beautyblossom.kr/diet-injection,19,h2,施术后护理指南
cn,https://cn.beautyblossom.kr/diet-injection,20,h4,冷敷镇静
cn,https://cn.beautyblossom.kr/diet-injection,21,h4,避免用力按压与按摩
cn,https://cn.beautyblossom.kr/diet-injection,22,h4,当天避免桑拿、饮酒与剧烈运动
cn,https://cn.beautyblossom.kr/diet-injection,23,h4,出现异常症状时请咨询医疗人员
cn,https://cn.beautyblossom.kr/diet-injection,24,h6,联系方式
cn,https://cn.beautyblossom.kr/diet-injection,25,h6,位置信息
cn,https://cn.beautyblossom.kr/diet-injection,26,h6,诊疗时间
cn,https://cn.beautyblossom.kr/diet-injection,27,h3,扫描二维码添加微信
cn,https://cn.beautyblossom.kr/diet-injection,28,h3,ID: BBS20250102
cn,https://cn.beautyblossom.kr/fortra-quattro,1,h1,FORTRAQUATTRO
cn,https://cn.beautyblossom.kr/fortra-quattro,2,h2,在三波长钛提拉上增加940nm的四波长
cn,https://cn.beautyblossom.kr/fortra-quattro,3,h2,波长决定深度
cn,https://cn.beautyblossom.kr/fortra-quattro,4,h2,更深入，更舒适
cn,https://cn.beautyblossom.kr/fortra-quattro,5,h4,广域靶向的940nm
cn,https://cn.beautyblossom.kr/fortra-quattro,6,h4,强力接触冷却
cn,https://cn.beautyblossom.kr/fortra-quattro,7,h4,宽广的照射面积
cn,https://cn.beautyblossom.kr/fortra-quattro,8,h2,两种模式，因目的而异的能量传递
cn,https://cn.beautyblossom.kr/fortra-quattro,9,h3,Intensive
cn,https://cn.beautyblossom.kr/fortra-quattro,10,h3,Dynamic
cn,https://cn.beautyblossom.kr/fortra-quattro,11,h2,在钛提拉三效果之上，再加一项
cn,https://cn.beautyblossom.kr/fortra-quattro,12,h4,提拉松弛肌肤
cn,https://cn.beautyblossom.kr/fortra-quattro,13,h4,紧致 · 皱纹
cn,https://cn.beautyblossom.kr/fortra-quattro,14,h4,明亮肤色 · 毛孔
cn,https://cn.beautyblossom.kr/fortra-quattro,15,h4,修饰V脸
cn,https://cn.beautyblossom.kr/fortra-quattro,16,h2,推荐给这样的您
cn,https://cn.beautyblossom.kr/fortra-quattro,17,h2,Beauty Blossom独有的提拉设计
cn,https://cn.beautyblossom.kr/fortra-quattro,18,h4,1:1定制参数设计
cn,https://cn.beautyblossom.kr/fortra-quattro,19,h4,复合治疗组合运用
cn,https://cn.beautyblossom.kr/fortra-quattro,20,h4,术后护理
cn,https://cn.beautyblossom.kr/fortra-quattro,21,h2,术后注意事项
cn,https://cn.beautyblossom.kr/fortra-quattro,22,h2,常见问题
cn,https://cn.beautyblossom.kr/fortra-quattro,23,h6,联系方式
cn,https://cn.beautyblossom.kr/fortra-quattro,24,h6,位置信息
cn,https://cn.beautyblossom.kr/fortra-quattro,25,h6,诊疗时间
cn,https://cn.beautyblossom.kr/fortra-quattro,26,h3,扫描二维码添加微信
cn,https://cn.beautyblossom.kr/fortra-quattro,27,h3,ID: BBS20250102
cn,https://cn.beautyblossom.kr/hilo-wave,1,h1,WAVE into your skin改变肌肤环境的全新标准 — HILO WAVE
cn,https://cn.beautyblossom.kr/hilo-wave,2,h2,让肌肤变好的胶原蛋白注射HILO WAVE
cn,https://cn.beautyblossom.kr/hilo-wave,3,h2,以“调控”而非刺激来改变肌肤环境
cn,https://cn.beautyblossom.kr/hilo-wave,4,h2,HILO WAVE 功效
cn,https://cn.beautyblossom.kr/hilo-wave,5,h4,Bio-Stimulation
cn,https://cn.beautyblossom.kr/hilo-wave,6,h4,抗氧化 · 抗炎
cn,https://cn.beautyblossom.kr/hilo-wave,7,h4,弹力 · 肤色
cn,https://cn.beautyblossom.kr/hilo-wave,8,h4,抗纤维化
cn,https://cn.beautyblossom.kr/hilo-wave,9,h2,疼痛与恢复期双重最小化
cn,https://cn.beautyblossom.kr/hilo-wave,10,h3,副作用最小化
cn,https://cn.beautyblossom.kr/hilo-wave,11,h3,疼痛最小化
cn,https://cn.beautyblossom.kr/hilo-wave,12,h3,恢复期最小化
cn,https://cn.beautyblossom.kr/hilo-wave,13,h2,治疗信息一览
cn,https://cn.beautyblossom.kr/hilo-wave,14,h2,HILO WAVE 核心要点
cn,https://cn.beautyblossom.kr/hilo-wave,15,h3,"More HA, Less Crosslinking"
cn,https://cn.beautyblossom.kr/hilo-wave,16,h3,Diffusion + Retention
cn,https://cn.beautyblossom.kr/hilo-wave,17,h3,Skin Quality + Volume
cn,https://cn.beautyblossom.kr/hilo-wave,18,h3,EBD 协同
cn,https://cn.beautyblossom.kr/hilo-wave,19,h2,以科学依据验证的肌肤再生
cn,https://cn.beautyblossom.kr/hilo-wave,20,h2,推荐人群
cn,https://cn.beautyblossom.kr/hilo-wave,21,h2,术后注意事项
cn,https://cn.beautyblossom.kr/hilo-wave,22,h2,常见问题
cn,https://cn.beautyblossom.kr/hilo-wave,23,h6,联系方式
cn,https://cn.beautyblossom.kr/hilo-wave,24,h6,位置信息
cn,https://cn.beautyblossom.kr/hilo-wave,25,h6,诊疗时间
cn,https://cn.beautyblossom.kr/hilo-wave,26,h3,扫描二维码添加微信
cn,https://cn.beautyblossom.kr/hilo-wave,27,h3,ID: BBS20250102
cn,https://cn.beautyblossom.kr/home,1,h6,让您的每一天都闪耀，
cn,https://cn.beautyblossom.kr/home,2,h6,让您的每一天都闪耀，
cn,https://cn.beautyblossom.kr/home,3,h6,让您的每一天都闪耀，
cn,https://cn.beautyblossom.kr/home,4,h6,让您的每一天都闪耀，
cn,https://cn.beautyblossom.kr/home,5,h6,让您的每一天都闪耀，
cn,https://cn.beautyblossom.kr/home,6,h6,让您的每一天都闪耀，
cn,https://cn.beautyblossom.kr/home,7,h6,让您的每一天都闪耀，
cn,https://cn.beautyblossom.kr/home,8,h6,让您的每一天都闪耀，
cn,https://cn.beautyblossom.kr/home,9,h6,让您的每一天都闪耀，
cn,https://cn.beautyblossom.kr/home,10,h6,让您的每一天都闪耀，
cn,https://cn.beautyblossom.kr/home,11,h6,优惠活动
cn,https://cn.beautyblossom.kr/home,12,h4,
cn,https://cn.beautyblossom.kr/home,13,h4,
cn,https://cn.beautyblossom.kr/home,14,h4,
cn,https://cn.beautyblossom.kr/home,15,h4,
cn,https://cn.beautyblossom.kr/home,16,h4,
cn,https://cn.beautyblossom.kr/home,17,h4,
cn,https://cn.beautyblossom.kr/home,18,h4,
cn,https://cn.beautyblossom.kr/home,19,h4,
cn,https://cn.beautyblossom.kr/home,20,h4,
cn,https://cn.beautyblossom.kr/home,21,h4,
cn,https://cn.beautyblossom.kr/home,22,h4,
cn,https://cn.beautyblossom.kr/home,23,h4,
cn,https://cn.beautyblossom.kr/home,24,h4,
cn,https://cn.beautyblossom.kr/home,25,h4,
cn,https://cn.beautyblossom.kr/home,26,h4,
cn,https://cn.beautyblossom.kr/home,27,h4,
cn,https://cn.beautyblossom.kr/home,28,h4,
cn,https://cn.beautyblossom.kr/home,29,h4,
cn,https://cn.beautyblossom.kr/home,30,h4,
cn,https://cn.beautyblossom.kr/home,31,h4,
cn,https://cn.beautyblossom.kr/home,32,h4,
cn,https://cn.beautyblossom.kr/home,33,h4,
cn,https://cn.beautyblossom.kr/home,34,h4,
cn,https://cn.beautyblossom.kr/home,35,h4,
cn,https://cn.beautyblossom.kr/home,36,h4,
cn,https://cn.beautyblossom.kr/home,37,h4,
cn,https://cn.beautyblossom.kr/home,38,h4,
cn,https://cn.beautyblossom.kr/home,39,h4,
cn,https://cn.beautyblossom.kr/home,40,h4,
cn,https://cn.beautyblossom.kr/home,41,h4,
cn,https://cn.beautyblossom.kr/home,42,h4,
cn,https://cn.beautyblossom.kr/home,43,h4,
cn,https://cn.beautyblossom.kr/home,44,h6,BEAUTY BLOSSOM YouTube
cn,https://cn.beautyblossom.kr/home,45,h4,
cn,https://cn.beautyblossom.kr/home,46,h4,
cn,https://cn.beautyblossom.kr/home,47,h4,
cn,https://cn.beautyblossom.kr/home,48,h4,
cn,https://cn.beautyblossom.kr/home,49,h4,
cn,https://cn.beautyblossom.kr/home,50,h4,
cn,https://cn.beautyblossom.kr/home,51,h4,
cn,https://cn.beautyblossom.kr/home,52,h4,
cn,https://cn.beautyblossom.kr/home,53,h4,
cn,https://cn.beautyblossom.kr/home,54,h4,
cn,https://cn.beautyblossom.kr/home,55,h4,
cn,https://cn.beautyblossom.kr/home,56,h4,
cn,https://cn.beautyblossom.kr/home,57,h4,
cn,https://cn.beautyblossom.kr/home,58,h4,
cn,https://cn.beautyblossom.kr/home,59,h4,
cn,https://cn.beautyblossom.kr/home,60,h4,
cn,https://cn.beautyblossom.kr/home,61,h4,
cn,https://cn.beautyblossom.kr/home,62,h4,
cn,https://cn.beautyblossom.kr/home,63,h4,
cn,https://cn.beautyblossom.kr/home,64,h4,
cn,https://cn.beautyblossom.kr/home,65,h4,
cn,https://cn.beautyblossom.kr/home,66,h4,
cn,https://cn.beautyblossom.kr/home,67,h4,
cn,https://cn.beautyblossom.kr/home,68,h4,
cn,https://cn.beautyblossom.kr/home,69,h4,
cn,https://cn.beautyblossom.kr/home,70,h4,
cn,https://cn.beautyblossom.kr/home,71,h4,
cn,https://cn.beautyblossom.kr/home,72,h4,
cn,https://cn.beautyblossom.kr/home,73,h4,
cn,https://cn.beautyblossom.kr/home,74,h4,
cn,https://cn.beautyblossom.kr/home,75,h4,
cn,https://cn.beautyblossom.kr/home,76,h4,
cn,https://cn.beautyblossom.kr/home,77,h4,
cn,https://cn.beautyblossom.kr/home,78,h4,
cn,https://cn.beautyblossom.kr/home,79,h4,
cn,https://cn.beautyblossom.kr/home,80,h4,
cn,https://cn.beautyblossom.kr/home,81,h4,
cn,https://cn.beautyblossom.kr/home,82,h4,
cn,https://cn.beautyblossom.kr/home,83,h4,
cn,https://cn.beautyblossom.kr/home,84,h4,
cn,https://cn.beautyblossom.kr/home,85,h4,
cn,https://cn.beautyblossom.kr/home,86,h4,
cn,https://cn.beautyblossom.kr/home,87,h4,
cn,https://cn.beautyblossom.kr/home,88,h4,
cn,https://cn.beautyblossom.kr/home,89,h4,
cn,https://cn.beautyblossom.kr/home,90,h4,
cn,https://cn.beautyblossom.kr/home,91,h4,
cn,https://cn.beautyblossom.kr/home,92,h4,
cn,https://cn.beautyblossom.kr/home,93,h6,BEAUTY BLOSSOM 媒体与明星
cn,https://cn.beautyblossom.kr/home,94,h4,
cn,https://cn.beautyblossom.kr/home,95,h4,
cn,https://cn.beautyblossom.kr/home,96,h4,
cn,https://cn.beautyblossom.kr/home,97,h4,
cn,https://cn.beautyblossom.kr/home,98,h4,
cn,https://cn.beautyblossom.kr/home,99,h4,
cn,https://cn.beautyblossom.kr/home,100,h4,
cn,https://cn.beautyblossom.kr/home,101,h4,
cn,https://cn.beautyblossom.kr/home,102,h4,
cn,https://cn.beautyblossom.kr/home,103,h4,
cn,https://cn.beautyblossom.kr/home,104,h4,
cn,https://cn.beautyblossom.kr/home,105,h6,以深谙肌肤的细腻技艺
cn,https://cn.beautyblossom.kr/home,106,h6,精心雕琢您的美丽
cn,https://cn.beautyblossom.kr/home,107,h6,以国际标准的皮肤科方案
cn,https://cn.beautyblossom.kr/home,108,h6,成就专属于您的美丽
cn,https://cn.beautyblossom.kr/home,109,h6,以国际标准的皮肤科方案
cn,https://cn.beautyblossom.kr/home,110,h6,成就专属于您的美丽
cn,https://cn.beautyblossom.kr/home,111,h6,以深谙肌肤的细腻技艺
cn,https://cn.beautyblossom.kr/home,112,h6,精心雕琢您的美丽
cn,https://cn.beautyblossom.kr/home,113,h6,BEAUTY BLOSSOM
cn,https://cn.beautyblossom.kr/home,114,h6,丽朵定制招牌项目
cn,https://cn.beautyblossom.kr/home,115,h2,定制提升
cn,https://cn.beautyblossom.kr/home,116,h2,定制色素
cn,https://cn.beautyblossom.kr/home,117,h2,定制身材
cn,https://cn.beautyblossom.kr/home,118,h2,肌肤护理
cn,https://cn.beautyblossom.kr/home,119,h2,微整
cn,https://cn.beautyblossom.kr/home,120,h4,
cn,https://cn.beautyblossom.kr/home,121,h4,
cn,https://cn.beautyblossom.kr/home,122,h4,
cn,https://cn.beautyblossom.kr/home,123,h4,
cn,https://cn.beautyblossom.kr/home,124,h4,
cn,https://cn.beautyblossom.kr/home,125,h6,BEAUTY BLOSSOM
cn,https://cn.beautyblossom.kr/home,126,h6,医院空间
cn,https://cn.beautyblossom.kr/home,127,h4,
cn,https://cn.beautyblossom.kr/home,128,h4,
cn,https://cn.beautyblossom.kr/home,129,h4,
cn,https://cn.beautyblossom.kr/home,130,h4,
cn,https://cn.beautyblossom.kr/home,131,h4,
cn,https://cn.beautyblossom.kr/home,132,h4,
cn,https://cn.beautyblossom.kr/home,133,h4,
cn,https://cn.beautyblossom.kr/home,134,h4,
cn,https://cn.beautyblossom.kr/home,135,h4,
cn,https://cn.beautyblossom.kr/home,136,h4,
cn,https://cn.beautyblossom.kr/home,137,h4,
cn,https://cn.beautyblossom.kr/home,138,h4,
cn,https://cn.beautyblossom.kr/home,139,h4,
cn,https://cn.beautyblossom.kr/home,140,h4,
cn,https://cn.beautyblossom.kr/home,141,h4,
cn,https://cn.beautyblossom.kr/home,142,h4,
cn,https://cn.beautyblossom.kr/home,143,h4,
cn,https://cn.beautyblossom.kr/home,144,h4,
cn,https://cn.beautyblossom.kr/home,145,h4,
cn,https://cn.beautyblossom.kr/home,146,h4,
cn,https://cn.beautyblossom.kr/home,147,h4,
cn,https://cn.beautyblossom.kr/home,148,h4,
cn,https://cn.beautyblossom.kr/home,149,h6,BEAUTY BLOSSOM
cn,https://cn.beautyblossom.kr/home,150,h6,亮点
cn,https://cn.beautyblossom.kr/home,151,h6,联系方式
cn,https://cn.beautyblossom.kr/home,152,h6,位置信息
cn,https://cn.beautyblossom.kr/home,153,h6,诊疗时间
cn,https://cn.beautyblossom.kr/home,154,h3,扫描二维码添加微信
cn,https://cn.beautyblossom.kr/home,155,h3,ID: BBS20250102
cn,https://cn.beautyblossom.kr/ligament-lift,1,h1,"重建下垂的面部线条,"
cn,https://cn.beautyblossom.kr/ligament-lift,2,h2,韧带提升
cn,https://cn.beautyblossom.kr/ligament-lift,3,h2,为何选择韧带提升
cn,https://cn.beautyblossom.kr/ligament-lift,4,h2,"为何有些部位
				凹陷,
				有些部位却凸起"
cn,https://cn.beautyblossom.kr/ligament-lift,5,h2,作用原理
cn,https://cn.beautyblossom.kr/ligament-lift,6,h2,支撑面部的外缘韧带
cn,https://cn.beautyblossom.kr/ligament-lift,7,h2,带来这些改变
cn,https://cn.beautyblossom.kr/ligament-lift,8,h2,常见问题
cn,https://cn.beautyblossom.kr/ligament-lift,9,h2,"您的面部结构,
			由 Beauty Blossom 重新设计"
cn,https://cn.beautyblossom.kr/ligament-lift,10,h6,联系方式
cn,https://cn.beautyblossom.kr/ligament-lift,11,h6,位置信息
cn,https://cn.beautyblossom.kr/ligament-lift,12,h6,诊疗时间
cn,https://cn.beautyblossom.kr/ligament-lift,13,h3,扫描二维码添加微信
cn,https://cn.beautyblossom.kr/ligament-lift,14,h3,ID: BBS20250102
cn,https://cn.beautyblossom.kr/re2o,1,h1,Skin toSkin.Re2O
cn,https://cn.beautyblossom.kr/re2o,2,h2,"将流失的真皮层""材料""重新补回"
cn,https://cn.beautyblossom.kr/re2o,3,h4,胶原蛋白 (Collagen)
cn,https://cn.beautyblossom.kr/re2o,4,h4,弹性蛋白 (Elastin)
cn,https://cn.beautyblossom.kr/re2o,5,h4,含透明质酸的 GAG
cn,https://cn.beautyblossom.kr/re2o,6,h4,其他 ECM 成分
cn,https://cn.beautyblossom.kr/re2o,7,h2,ECM渗透至肌肤深层
cn,https://cn.beautyblossom.kr/re2o,8,h2,"从""诱导生成""到""直接补充"""
cn,https://cn.beautyblossom.kr/re2o,9,h2,一次治疗，10 重改变
cn,https://cn.beautyblossom.kr/re2o,10,h2,一种原料，两种密度
cn,https://cn.beautyblossom.kr/re2o,11,h2,"为肌肤填入""真正的肌肤"""
cn,https://cn.beautyblossom.kr/re2o,12,h6,联系方式
cn,https://cn.beautyblossom.kr/re2o,13,h6,位置信息
cn,https://cn.beautyblossom.kr/re2o,14,h6,诊疗时间
cn,https://cn.beautyblossom.kr/re2o,15,h3,扫描二维码添加微信
cn,https://cn.beautyblossom.kr/re2o,16,h3,ID: BBS20250102
cn,https://cn.beautyblossom.kr/skinvive,1,h1,直接注入肌肤的玻尿酸
cn,https://cn.beautyblossom.kr/skinvive,2,h2,随着年龄增长而逐渐减少的玻尿酸
cn,https://cn.beautyblossom.kr/skinvive,3,h2,什么是长效水光针（SKINVIVE）?
cn,https://cn.beautyblossom.kr/skinvive,4,h2,选择长效水光针的理由
cn,https://cn.beautyblossom.kr/skinvive,5,h3,持续6个月
cn,https://cn.beautyblossom.kr/skinvive,6,h3,FDA认证HA制剂
cn,https://cn.beautyblossom.kr/skinvive,7,h3,疼痛感低
cn,https://cn.beautyblossom.kr/skinvive,8,h3,短暂的术后恢复期
cn,https://cn.beautyblossom.kr/skinvive,9,h2,长效水光针的效果
cn,https://cn.beautyblossom.kr/skinvive,10,h2,经临床验证的结果
cn,https://cn.beautyblossom.kr/skinvive,11,h4,ASRS反应率
cn,https://cn.beautyblossom.kr/skinvive,12,h4,AFLS反应率
cn,https://cn.beautyblossom.kr/skinvive,13,h4,效果持续
cn,https://cn.beautyblossom.kr/skinvive,14,h2,施术信息一览
cn,https://cn.beautyblossom.kr/skinvive,15,h2,施术前后对比
cn,https://cn.beautyblossom.kr/skinvive,16,h2,推荐给这些人
cn,https://cn.beautyblossom.kr/skinvive,17,h2,施术后注意事项
cn,https://cn.beautyblossom.kr/skinvive,18,h2,常见问题
cn,https://cn.beautyblossom.kr/skinvive,19,h6,联系方式
cn,https://cn.beautyblossom.kr/skinvive,20,h6,位置信息
cn,https://cn.beautyblossom.kr/skinvive,21,h6,诊疗时间
cn,https://cn.beautyblossom.kr/skinvive,22,h3,扫描二维码添加微信
cn,https://cn.beautyblossom.kr/skinvive,23,h3,ID: BBS20250102
cn,https://cn.beautyblossom.kr/special-offers,1,h6,联系方式
cn,https://cn.beautyblossom.kr/special-offers,2,h6,位置信息
cn,https://cn.beautyblossom.kr/special-offers,3,h6,诊疗时间
cn,https://cn.beautyblossom.kr/special-offers,4,h3,扫描二维码添加微信
cn,https://cn.beautyblossom.kr/special-offers,5,h3,ID: BBS20250102
cn,https://cn.beautyblossom.kr/thread-lifting,1,h1,从根本上解决延缓老化的 填充解决方案
cn,https://cn.beautyblossom.kr/thread-lifting,2,h2,仅使用一种线材进行的治疗就足够了吗?
cn,https://cn.beautyblossom.kr/thread-lifting,3,h2,重新唤醒肌肤纹理的双线产品组合的起点 -Beauty Blossom 丽朵皮肤科线雕拉提
cn,https://cn.beautyblossom.kr/thread-lifting,4,h2,考虑到皮肤层次的精密设计Beauty Blossom 线雕拉提的原理
cn,https://cn.beautyblossom.kr/thread-lifting,5,h3,面部组织固定线 韩国食药处许可 4级医疗器械 依据指导方案进行治疗
cn,https://cn.beautyblossom.kr/thread-lifting,6,h2,按照部位 · 需求客制化设计Beauty Blossom 丽朵皮肤科线雕拉提产品组合
cn,https://cn.beautyblossom.kr/thread-lifting,7,h3,通过持有 MINT · epiticon 双线产品组合，根据改善部位与肌肤状态进行定制组合设计，提供细致的线雕拉提方案。
cn,https://cn.beautyblossom.kr/thread-lifting,8,h2,线雕拉提 各部位产品组合Beauty Blossom治疗部位介绍
cn,https://cn.beautyblossom.kr/thread-lifting,9,h2,为什么选择 Beauty Blossom 丽朵皮肤科 线雕拉提双线产品组合的差异化
cn,https://cn.beautyblossom.kr/thread-lifting,10,h2,埋线提升的协同效果建议一同考虑的治疗
cn,https://cn.beautyblossom.kr/thread-lifting,11,h2,线雕拉提 Q&A
cn,https://cn.beautyblossom.kr/thread-lifting,12,h3,MINT Lift 与 epiticon 有什么区别?
cn,https://cn.beautyblossom.kr/thread-lifting,13,h3,埋线提升的效果可以维持多久?
cn,https://cn.beautyblossom.kr/thread-lifting,14,h3,哪种线材产品组合适合我?
cn,https://cn.beautyblossom.kr/thread-lifting,15,h3,埋线提升的疼痛与麻醉如何处理?
cn,https://cn.beautyblossom.kr/thread-lifting,16,h3,埋线提升后可能出现哪些不良反应?
cn,https://cn.beautyblossom.kr/thread-lifting,17,h3,凹陷(酒窝)现象为什么会发生?
cn,https://cn.beautyblossom.kr/thread-lifting,18,h3,治疗后何时可以恢复日常生活，恢复期多久?
cn,https://cn.beautyblossom.kr/thread-lifting,19,h3,可吸收线 vs 不可吸收线，哪个更好?
cn,https://cn.beautyblossom.kr/thread-lifting,20,h3,施术费用如何计算?
cn,https://cn.beautyblossom.kr/thread-lifting,21,h6,联系方式
cn,https://cn.beautyblossom.kr/thread-lifting,22,h6,位置信息
cn,https://cn.beautyblossom.kr/thread-lifting,23,h6,诊疗时间
cn,https://cn.beautyblossom.kr/thread-lifting,24,h3,扫描二维码添加微信
cn,https://cn.beautyblossom.kr/thread-lifting,25,h3,ID: BBS20250102
tw,https://tw.beautyblossom.kr/,1,h6,讓您的每一天綻放光彩
tw,https://tw.beautyblossom.kr/,2,h6,讓您的每一天綻放光彩
tw,https://tw.beautyblossom.kr/,3,h6,讓您的每一天綻放光彩
tw,https://tw.beautyblossom.kr/,4,h6,讓您的每一天綻放光彩
tw,https://tw.beautyblossom.kr/,5,h6,讓您的每一天綻放光彩
tw,https://tw.beautyblossom.kr/,6,h6,讓您的每一天綻放光彩
tw,https://tw.beautyblossom.kr/,7,h6,讓您的每一天綻放光彩
tw,https://tw.beautyblossom.kr/,8,h6,讓您的每一天綻放光彩
tw,https://tw.beautyblossom.kr/,9,h6,讓您的每一天綻放光彩
tw,https://tw.beautyblossom.kr/,10,h6,讓您的每一天綻放光彩
tw,https://tw.beautyblossom.kr/,11,h6,Beauty Blossom 活動
tw,https://tw.beautyblossom.kr/,12,h4,
tw,https://tw.beautyblossom.kr/,13,h4,
tw,https://tw.beautyblossom.kr/,14,h4,
tw,https://tw.beautyblossom.kr/,15,h4,
tw,https://tw.beautyblossom.kr/,16,h4,
tw,https://tw.beautyblossom.kr/,17,h4,
tw,https://tw.beautyblossom.kr/,18,h4,
tw,https://tw.beautyblossom.kr/,19,h4,
tw,https://tw.beautyblossom.kr/,20,h4,
tw,https://tw.beautyblossom.kr/,21,h4,
tw,https://tw.beautyblossom.kr/,22,h4,
tw,https://tw.beautyblossom.kr/,23,h4,
tw,https://tw.beautyblossom.kr/,24,h4,
tw,https://tw.beautyblossom.kr/,25,h4,
tw,https://tw.beautyblossom.kr/,26,h4,
tw,https://tw.beautyblossom.kr/,27,h4,
tw,https://tw.beautyblossom.kr/,28,h4,
tw,https://tw.beautyblossom.kr/,29,h4,
tw,https://tw.beautyblossom.kr/,30,h4,
tw,https://tw.beautyblossom.kr/,31,h4,
tw,https://tw.beautyblossom.kr/,32,h4,
tw,https://tw.beautyblossom.kr/,33,h4,
tw,https://tw.beautyblossom.kr/,34,h4,
tw,https://tw.beautyblossom.kr/,35,h4,
tw,https://tw.beautyblossom.kr/,36,h4,
tw,https://tw.beautyblossom.kr/,37,h4,
tw,https://tw.beautyblossom.kr/,38,h4,
tw,https://tw.beautyblossom.kr/,39,h4,
tw,https://tw.beautyblossom.kr/,40,h4,
tw,https://tw.beautyblossom.kr/,41,h4,
tw,https://tw.beautyblossom.kr/,42,h4,
tw,https://tw.beautyblossom.kr/,43,h4,
tw,https://tw.beautyblossom.kr/,44,h4,
tw,https://tw.beautyblossom.kr/,45,h4,
tw,https://tw.beautyblossom.kr/,46,h4,
tw,https://tw.beautyblossom.kr/,47,h6,Beauty Blossom Instagram
tw,https://tw.beautyblossom.kr/,48,h4,
tw,https://tw.beautyblossom.kr/,49,h4,
tw,https://tw.beautyblossom.kr/,50,h4,
tw,https://tw.beautyblossom.kr/,51,h4,
tw,https://tw.beautyblossom.kr/,52,h4,
tw,https://tw.beautyblossom.kr/,53,h4,
tw,https://tw.beautyblossom.kr/,54,h4,
tw,https://tw.beautyblossom.kr/,55,h4,
tw,https://tw.beautyblossom.kr/,56,h4,
tw,https://tw.beautyblossom.kr/,57,h4,
tw,https://tw.beautyblossom.kr/,58,h4,
tw,https://tw.beautyblossom.kr/,59,h4,
tw,https://tw.beautyblossom.kr/,60,h4,
tw,https://tw.beautyblossom.kr/,61,h6,媒體報導 & 明星
tw,https://tw.beautyblossom.kr/,62,h4,
tw,https://tw.beautyblossom.kr/,63,h4,
tw,https://tw.beautyblossom.kr/,64,h4,
tw,https://tw.beautyblossom.kr/,65,h4,
tw,https://tw.beautyblossom.kr/,66,h4,
tw,https://tw.beautyblossom.kr/,67,h4,
tw,https://tw.beautyblossom.kr/,68,h4,
tw,https://tw.beautyblossom.kr/,69,h4,
tw,https://tw.beautyblossom.kr/,70,h6,以了解肌膚的細膩手法為您設計專屬的美麗
tw,https://tw.beautyblossom.kr/,71,h6,以全球標準的皮膚科解決方案，成就專屬於您的美麗
tw,https://tw.beautyblossom.kr/,72,h6,以了解肌膚的細膩手法
tw,https://tw.beautyblossom.kr/,73,h6,為您設計專屬的美麗。
tw,https://tw.beautyblossom.kr/,74,h6,以全球標準的皮膚科解決方案，
tw,https://tw.beautyblossom.kr/,75,h6,成就專屬於您的美麗。
tw,https://tw.beautyblossom.kr/,76,h6,Beauty Blossom 特別診療
tw,https://tw.beautyblossom.kr/,77,h2,客製拉提
tw,https://tw.beautyblossom.kr/,78,h2,客製色素
tw,https://tw.beautyblossom.kr/,79,h2,客製體態
tw,https://tw.beautyblossom.kr/,80,h2,肌膚管理
tw,https://tw.beautyblossom.kr/,81,h2,微整形
tw,https://tw.beautyblossom.kr/,82,h4,
tw,https://tw.beautyblossom.kr/,83,h4,
tw,https://tw.beautyblossom.kr/,84,h4,
tw,https://tw.beautyblossom.kr/,85,h4,
tw,https://tw.beautyblossom.kr/,86,h4,
tw,https://tw.beautyblossom.kr/,87,h6,Beauty Blossom 空間
tw,https://tw.beautyblossom.kr/,88,h4,
tw,https://tw.beautyblossom.kr/,89,h4,
tw,https://tw.beautyblossom.kr/,90,h4,
tw,https://tw.beautyblossom.kr/,91,h4,
tw,https://tw.beautyblossom.kr/,92,h4,
tw,https://tw.beautyblossom.kr/,93,h4,
tw,https://tw.beautyblossom.kr/,94,h4,
tw,https://tw.beautyblossom.kr/,95,h4,
tw,https://tw.beautyblossom.kr/,96,h4,
tw,https://tw.beautyblossom.kr/,97,h4,
tw,https://tw.beautyblossom.kr/,98,h4,
tw,https://tw.beautyblossom.kr/,99,h4,
tw,https://tw.beautyblossom.kr/,100,h4,
tw,https://tw.beautyblossom.kr/,101,h4,
tw,https://tw.beautyblossom.kr/,102,h4,
tw,https://tw.beautyblossom.kr/,103,h4,
tw,https://tw.beautyblossom.kr/,104,h4,
tw,https://tw.beautyblossom.kr/,105,h4,
tw,https://tw.beautyblossom.kr/,106,h4,
tw,https://tw.beautyblossom.kr/,107,h4,
tw,https://tw.beautyblossom.kr/,108,h4,
tw,https://tw.beautyblossom.kr/,109,h4,
tw,https://tw.beautyblossom.kr/,110,h4,
tw,https://tw.beautyblossom.kr/,111,h4,
tw,https://tw.beautyblossom.kr/,112,h4,
tw,https://tw.beautyblossom.kr/,113,h4,
tw,https://tw.beautyblossom.kr/,114,h4,
tw,https://tw.beautyblossom.kr/,115,h4,
tw,https://tw.beautyblossom.kr/,116,h4,
tw,https://tw.beautyblossom.kr/,117,h4,
tw,https://tw.beautyblossom.kr/,118,h4,
tw,https://tw.beautyblossom.kr/,119,h4,
tw,https://tw.beautyblossom.kr/,120,h4,
tw,https://tw.beautyblossom.kr/,121,h4,
tw,https://tw.beautyblossom.kr/,122,h4,
tw,https://tw.beautyblossom.kr/,123,h4,
tw,https://tw.beautyblossom.kr/,124,h4,
tw,https://tw.beautyblossom.kr/,125,h4,
tw,https://tw.beautyblossom.kr/,126,h4,
tw,https://tw.beautyblossom.kr/,127,h4,
tw,https://tw.beautyblossom.kr/,128,h4,
tw,https://tw.beautyblossom.kr/,129,h4,
tw,https://tw.beautyblossom.kr/,130,h6,Beauty Blossom 主要項目
tw,https://tw.beautyblossom.kr/,131,h6,CONTACT
tw,https://tw.beautyblossom.kr/,132,h6,LOCATION
tw,https://tw.beautyblossom.kr/,133,h6,OFFICE HOUR
tw,https://tw.beautyblossom.kr/,134,h3,扫描二维码添加微信
tw,https://tw.beautyblossom.kr/,135,h3,ID: BBS20250102
tw,https://tw.beautyblossom.kr/110,1,h3,施術時間
tw,https://tw.beautyblossom.kr/110,2,h3,建議週期
tw,https://tw.beautyblossom.kr/110,3,h3,疼痛感
tw,https://tw.beautyblossom.kr/110,4,h3,恢復期
tw,https://tw.beautyblossom.kr/110,5,h3,角質護理
tw,https://tw.beautyblossom.kr/110,6,h3,肌膚屏障強化
tw,https://tw.beautyblossom.kr/110,7,h3,彈力改善
tw,https://tw.beautyblossom.kr/110,8,h3,低刺激護理
tw,https://tw.beautyblossom.kr/110,9,h3,全球標準品質
tw,https://tw.beautyblossom.kr/110,10,h3,正品・正量原則
tw,https://tw.beautyblossom.kr/110,11,h3,客製化細節護理
tw,https://tw.beautyblossom.kr/110,12,h6,CONTACT
tw,https://tw.beautyblossom.kr/110,13,h6,LOCATION
tw,https://tw.beautyblossom.kr/110,14,h6,OFFICE HOUR
tw,https://tw.beautyblossom.kr/110,15,h3,扫描二维码添加微信
tw,https://tw.beautyblossom.kr/110,16,h3,ID: BBS20250102
tw,https://tw.beautyblossom.kr/111,1,h3,施術時間
tw,https://tw.beautyblossom.kr/111,2,h3,是否麻醉
tw,https://tw.beautyblossom.kr/111,3,h3,恢復期
tw,https://tw.beautyblossom.kr/111,4,h3,管理效果
tw,https://tw.beautyblossom.kr/111,5,h3,角質去除
tw,https://tw.beautyblossom.kr/111,6,h3,屏障強化
tw,https://tw.beautyblossom.kr/111,7,h3,肌膚舒緩
tw,https://tw.beautyblossom.kr/111,8,h3,彈力提升
tw,https://tw.beautyblossom.kr/111,9,h3,全球標準品質
tw,https://tw.beautyblossom.kr/111,10,h3,正品・正量原則
tw,https://tw.beautyblossom.kr/111,11,h3,客製化細節護理
tw,https://tw.beautyblossom.kr/111,12,h6,CONTACT
tw,https://tw.beautyblossom.kr/111,13,h6,LOCATION
tw,https://tw.beautyblossom.kr/111,14,h6,OFFICE HOUR
tw,https://tw.beautyblossom.kr/111,15,h3,扫描二维码添加微信
tw,https://tw.beautyblossom.kr/111,16,h3,ID: BBS20250102
tw,https://tw.beautyblossom.kr/112,1,h4,DCA 溶脂針注意事項
tw,https://tw.beautyblossom.kr/112,2,h4,氣體麻醉前注意事項
tw,https://tw.beautyblossom.kr/112,3,h4,肉毒注意事項
tw,https://tw.beautyblossom.kr/112,4,h4,Beauty Fit、Blossom Fit、雕塑針注意事項
tw,https://tw.beautyblossom.kr/112,5,h4,玻尿酸注意事項
tw,https://tw.beautyblossom.kr/112,6,h4,Potenza黃金微針 注意事項
tw,https://tw.beautyblossom.kr/112,7,h4,拉提雷射注意事項
tw,https://tw.beautyblossom.kr/112,8,h4,PicoFocus皮秒雷射、ZoomPass注意事項
tw,https://tw.beautyblossom.kr/112,9,h4,水光針注意事項
tw,https://tw.beautyblossom.kr/112,10,h4,線雕拉提注意事項
tw,https://tw.beautyblossom.kr/112,11,h6,CONTACT
tw,https://tw.beautyblossom.kr/112,12,h6,LOCATION
tw,https://tw.beautyblossom.kr/112,13,h6,OFFICE HOUR
tw,https://tw.beautyblossom.kr/112,14,h3,扫描二维码添加微信
tw,https://tw.beautyblossom.kr/112,15,h3,ID: BBS20250102
tw,https://tw.beautyblossom.kr/114,1,h3,療程時間
tw,https://tw.beautyblossom.kr/114,2,h3,麻醉與否
tw,https://tw.beautyblossom.kr/114,3,h3,恢復期間
tw,https://tw.beautyblossom.kr/114,4,h3,效果持續
tw,https://tw.beautyblossom.kr/114,5,h2,膠原蛋白再生
tw,https://tw.beautyblossom.kr/114,6,h2,水分充填
tw,https://tw.beautyblossom.kr/114,7,h3,自然效果
tw,https://tw.beautyblossom.kr/114,8,h3,肌膚再生
tw,https://tw.beautyblossom.kr/114,9,h3,持久維持
tw,https://tw.beautyblossom.kr/114,10,h3,安全性
tw,https://tw.beautyblossom.kr/114,11,h3,多元應用
tw,https://tw.beautyblossom.kr/114,12,h3,可複合療程
tw,https://tw.beautyblossom.kr/114,13,h3,全球標準品質
tw,https://tw.beautyblossom.kr/114,14,h3,正品・正量原則
tw,https://tw.beautyblossom.kr/114,15,h3,客製化細節護理
tw,https://tw.beautyblossom.kr/114,16,h6,CONTACT
tw,https://tw.beautyblossom.kr/114,17,h6,LOCATION
tw,https://tw.beautyblossom.kr/114,18,h6,OFFICE HOUR
tw,https://tw.beautyblossom.kr/114,19,h3,扫描二维码添加微信
tw,https://tw.beautyblossom.kr/114,20,h3,ID: BBS20250102
tw,https://tw.beautyblossom.kr/115,1,h3,療程時間
tw,https://tw.beautyblossom.kr/115,2,h3,恢復期間
tw,https://tw.beautyblossom.kr/115,3,h3,維持期間
tw,https://tw.beautyblossom.kr/115,4,h3,副作用
tw,https://tw.beautyblossom.kr/115,5,h3,改善彈性與皺紋
tw,https://tw.beautyblossom.kr/115,6,h3,生物相容性 PDO 成分
tw,https://tw.beautyblossom.kr/115,7,h3,持續性效果
tw,https://tw.beautyblossom.kr/115,8,h3,舒適療程體驗
tw,https://tw.beautyblossom.kr/115,9,h3,創新技術力
tw,https://tw.beautyblossom.kr/115,10,h3,經驗證的安全性
tw,https://tw.beautyblossom.kr/115,11,h3,全球標準品質
tw,https://tw.beautyblossom.kr/115,12,h3,正品・正量原則
tw,https://tw.beautyblossom.kr/115,13,h3,客製化細節護理
tw,https://tw.beautyblossom.kr/115,14,h6,CONTACT
tw,https://tw.beautyblossom.kr/115,15,h6,LOCATION
tw,https://tw.beautyblossom.kr/115,16,h6,OFFICE HOUR
tw,https://tw.beautyblossom.kr/115,17,h3,扫描二维码添加微信
tw,https://tw.beautyblossom.kr/115,18,h3,ID: BBS20250102
tw,https://tw.beautyblossom.kr/116,1,h3,療程時間
tw,https://tw.beautyblossom.kr/116,2,h3,麻醉與否
tw,https://tw.beautyblossom.kr/116,3,h3,恢復期間
tw,https://tw.beautyblossom.kr/116,4,h3,維持期間
tw,https://tw.beautyblossom.kr/116,5,h3,全球標準品質
tw,https://tw.beautyblossom.kr/116,6,h3,正品・正量原則
tw,https://tw.beautyblossom.kr/116,7,h3,客製化細節護理
tw,https://tw.beautyblossom.kr/116,8,h6,CONTACT
tw,https://tw.beautyblossom.kr/116,9,h6,LOCATION
tw,https://tw.beautyblossom.kr/116,10,h6,OFFICE HOUR
tw,https://tw.beautyblossom.kr/116,11,h3,扫描二维码添加微信
tw,https://tw.beautyblossom.kr/116,12,h3,ID: BBS20250102
tw,https://tw.beautyblossom.kr/117,1,h3,核心成分
tw,https://tw.beautyblossom.kr/117,2,h3,差異化
tw,https://tw.beautyblossom.kr/117,3,h3,恢復期間
tw,https://tw.beautyblossom.kr/117,4,h3,特點
tw,https://tw.beautyblossom.kr/117,5,h3,深層保濕
tw,https://tw.beautyblossom.kr/117,6,h3,肌膚再生
tw,https://tw.beautyblossom.kr/117,7,h3,強化彈性
tw,https://tw.beautyblossom.kr/117,8,h3,快速見效
tw,https://tw.beautyblossom.kr/117,9,h3,全球標準品質
tw,https://tw.beautyblossom.kr/117,10,h3,正品・正量原則
tw,https://tw.beautyblossom.kr/117,11,h3,客製化細節護理
tw,https://tw.beautyblossom.kr/117,12,h6,CONTACT
tw,https://tw.beautyblossom.kr/117,13,h6,LOCATION
tw,https://tw.beautyblossom.kr/117,14,h6,OFFICE HOUR
tw,https://tw.beautyblossom.kr/117,15,h3,扫描二维码添加微信
tw,https://tw.beautyblossom.kr/117,16,h3,ID: BBS20250102
tw,https://tw.beautyblossom.kr/118,1,h3,療程時間
tw,https://tw.beautyblossom.kr/118,2,h3,麻醉與否
tw,https://tw.beautyblossom.kr/118,3,h3,恢復期間
tw,https://tw.beautyblossom.kr/118,4,h3,建議週期
tw,https://tw.beautyblossom.kr/118,5,h3,改善膚色
tw,https://tw.beautyblossom.kr/118,6,h3,毛孔護理
tw,https://tw.beautyblossom.kr/118,7,h3,鎮靜肌膚
tw,https://tw.beautyblossom.kr/118,8,h3,水分充填
tw,https://tw.beautyblossom.kr/118,9,h3,全球標準品質
tw,https://tw.beautyblossom.kr/118,10,h3,正品・正量原則
tw,https://tw.beautyblossom.kr/118,11,h3,客製化細節護理
tw,https://tw.beautyblossom.kr/118,12,h6,CONTACT
tw,https://tw.beautyblossom.kr/118,13,h6,LOCATION
tw,https://tw.beautyblossom.kr/118,14,h6,OFFICE HOUR
tw,https://tw.beautyblossom.kr/118,15,h3,扫描二维码添加微信
tw,https://tw.beautyblossom.kr/118,16,h3,ID: BBS20250102
tw,https://tw.beautyblossom.kr/119,1,h3,療程時間
tw,https://tw.beautyblossom.kr/119,2,h3,麻醉與否
tw,https://tw.beautyblossom.kr/119,3,h3,恢復期間
tw,https://tw.beautyblossom.kr/119,4,h3,維持期間
tw,https://tw.beautyblossom.kr/119,5,h3,DNA 再生
tw,https://tw.beautyblossom.kr/119,6,h3,強化彈性
tw,https://tw.beautyblossom.kr/119,7,h3,美白效果
tw,https://tw.beautyblossom.kr/119,8,h3,改善疤痕
tw,https://tw.beautyblossom.kr/119,9,h3,全球標準品質
tw,https://tw.beautyblossom.kr/119,10,h3,正品・正量原則
tw,https://tw.beautyblossom.kr/119,11,h3,客製化細節護理
tw,https://tw.beautyblossom.kr/119,12,h6,CONTACT
tw,https://tw.beautyblossom.kr/119,13,h6,LOCATION
tw,https://tw.beautyblossom.kr/119,14,h6,OFFICE HOUR
tw,https://tw.beautyblossom.kr/119,15,h3,扫描二维码添加微信
tw,https://tw.beautyblossom.kr/119,16,h3,ID: BBS20250102
tw,https://tw.beautyblossom.kr/120,1,h3,療程時間
tw,https://tw.beautyblossom.kr/120,2,h3,療程週期
tw,https://tw.beautyblossom.kr/120,3,h3,建議次數
tw,https://tw.beautyblossom.kr/120,4,h3,持續期間
tw,https://tw.beautyblossom.kr/120,5,h3,肌膚再生
tw,https://tw.beautyblossom.kr/120,6,h3,增進彈性
tw,https://tw.beautyblossom.kr/120,7,h3,改善皺紋
tw,https://tw.beautyblossom.kr/120,8,h3,強化保濕
tw,https://tw.beautyblossom.kr/120,9,h3,全球標準品質
tw,https://tw.beautyblossom.kr/120,10,h3,正品・正量原則
tw,https://tw.beautyblossom.kr/120,11,h3,客製化細節護理
tw,https://tw.beautyblossom.kr/120,12,h6,CONTACT
tw,https://tw.beautyblossom.kr/120,13,h6,LOCATION
tw,https://tw.beautyblossom.kr/120,14,h6,OFFICE HOUR
tw,https://tw.beautyblossom.kr/120,15,h3,扫描二维码添加微信
tw,https://tw.beautyblossom.kr/120,16,h3,ID: BBS20250102
tw,https://tw.beautyblossom.kr/121,1,h3,療程時間
tw,https://tw.beautyblossom.kr/121,2,h3,麻醉與否
tw,https://tw.beautyblossom.kr/121,3,h3,恢復期間
tw,https://tw.beautyblossom.kr/121,4,h3,維持期間
tw,https://tw.beautyblossom.kr/121,5,h3,客製諮詢
tw,https://tw.beautyblossom.kr/121,6,h3,自行洗臉
tw,https://tw.beautyblossom.kr/121,7,h3,麻醉
tw,https://tw.beautyblossom.kr/121,8,h3,全球標準品質
tw,https://tw.beautyblossom.kr/121,9,h3,正品・正量原則
tw,https://tw.beautyblossom.kr/121,10,h3,客製化細節護理
tw,https://tw.beautyblossom.kr/121,11,h6,CONTACT
tw,https://tw.beautyblossom.kr/121,12,h6,LOCATION
tw,https://tw.beautyblossom.kr/121,13,h6,OFFICE HOUR
tw,https://tw.beautyblossom.kr/121,14,h3,扫描二维码添加微信
tw,https://tw.beautyblossom.kr/121,15,h3,ID: BBS20250102
tw,https://tw.beautyblossom.kr/122,1,h3,治療時間
tw,https://tw.beautyblossom.kr/122,2,h3,麻醉與否
tw,https://tw.beautyblossom.kr/122,3,h3,建議週期
tw,https://tw.beautyblossom.kr/122,4,h3,持續期間
tw,https://tw.beautyblossom.kr/122,5,h3,驗證安全性
tw,https://tw.beautyblossom.kr/122,6,h3,全球品牌
tw,https://tw.beautyblossom.kr/122,7,h3,微球型態CaHA成分
tw,https://tw.beautyblossom.kr/122,8,h3,全球標準品質
tw,https://tw.beautyblossom.kr/122,9,h3,正品・正量原則
tw,https://tw.beautyblossom.kr/122,10,h3,客製化細節護理
tw,https://tw.beautyblossom.kr/122,11,h6,CONTACT
tw,https://tw.beautyblossom.kr/122,12,h6,LOCATION
tw,https://tw.beautyblossom.kr/122,13,h6,OFFICE HOUR
tw,https://tw.beautyblossom.kr/122,14,h3,扫描二维码添加微信
tw,https://tw.beautyblossom.kr/122,15,h3,ID: BBS20250102
tw,https://tw.beautyblossom.kr/123,1,h3,治療時間
tw,https://tw.beautyblossom.kr/123,2,h3,麻醉與否
tw,https://tw.beautyblossom.kr/123,3,h3,恢復期間
tw,https://tw.beautyblossom.kr/123,4,h3,維持期間
tw,https://tw.beautyblossom.kr/123,5,h3,肌膚光澤
tw,https://tw.beautyblossom.kr/123,6,h3,皺紋改善
tw,https://tw.beautyblossom.kr/123,7,h3,膚色改善
tw,https://tw.beautyblossom.kr/123,8,h3,真皮密度增加
tw,https://tw.beautyblossom.kr/123,9,h3,全球標準品質
tw,https://tw.beautyblossom.kr/123,10,h3,正品・正量原則
tw,https://tw.beautyblossom.kr/123,11,h3,客製化細節護理
tw,https://tw.beautyblossom.kr/123,12,h6,CONTACT
tw,https://tw.beautyblossom.kr/123,13,h6,LOCATION
tw,https://tw.beautyblossom.kr/123,14,h6,OFFICE HOUR
tw,https://tw.beautyblossom.kr/123,15,h3,扫描二维码添加微信
tw,https://tw.beautyblossom.kr/123,16,h3,ID: BBS20250102
tw,https://tw.beautyblossom.kr/124,1,h3,療程時間
tw,https://tw.beautyblossom.kr/124,2,h3,是否需麻醉
tw,https://tw.beautyblossom.kr/124,3,h3,恢復期
tw,https://tw.beautyblossom.kr/124,4,h3,恢復狀況
tw,https://tw.beautyblossom.kr/124,5,h3,精準施作
tw,https://tw.beautyblossom.kr/124,6,h3,負擔更小
tw,https://tw.beautyblossom.kr/124,7,h3,安全照護
tw,https://tw.beautyblossom.kr/124,8,h3,透亮肌膚
tw,https://tw.beautyblossom.kr/124,9,h3,痣
tw,https://tw.beautyblossom.kr/124,10,h3,脂漏性角化症
tw,https://tw.beautyblossom.kr/124,11,h3,皮膚贅生物
tw,https://tw.beautyblossom.kr/124,12,h3,扁平疣
tw,https://tw.beautyblossom.kr/124,13,h3,粟粒腫
tw,https://tw.beautyblossom.kr/124,14,h2,常見問題
tw,https://tw.beautyblossom.kr/124,15,h3,全球標準品質
tw,https://tw.beautyblossom.kr/124,16,h3,正品・正量原則
tw,https://tw.beautyblossom.kr/124,17,h3,客製化細節護理
tw,https://tw.beautyblossom.kr/124,18,h6,CONTACT
tw,https://tw.beautyblossom.kr/124,19,h6,LOCATION
tw,https://tw.beautyblossom.kr/124,20,h6,OFFICE HOUR
tw,https://tw.beautyblossom.kr/124,21,h3,扫描二维码添加微信
tw,https://tw.beautyblossom.kr/124,22,h3,ID: BBS20250102
tw,https://tw.beautyblossom.kr/125,1,h3,諮詢方式
tw,https://tw.beautyblossom.kr/125,2,h3,諮詢時間
tw,https://tw.beautyblossom.kr/125,3,h3,管理期間
tw,https://tw.beautyblossom.kr/125,4,h3,管理效果
tw,https://tw.beautyblossom.kr/125,5,h3,全球矚目方案
tw,https://tw.beautyblossom.kr/125,6,h3,每週1次輕鬆管理
tw,https://tw.beautyblossom.kr/125,7,h3,增進飽足感
tw,https://tw.beautyblossom.kr/125,8,h3,客製化療程
tw,https://tw.beautyblossom.kr/125,9,h3,體重管理
tw,https://tw.beautyblossom.kr/125,10,h3,健康改善
tw,https://tw.beautyblossom.kr/125,11,h3,生活改善
tw,https://tw.beautyblossom.kr/125,12,h3,定期管理
tw,https://tw.beautyblossom.kr/125,13,h3,全球標準品質
tw,https://tw.beautyblossom.kr/125,14,h3,正品・正量原則
tw,https://tw.beautyblossom.kr/125,15,h3,客製化細節護理
tw,https://tw.beautyblossom.kr/125,16,h6,CONTACT
tw,https://tw.beautyblossom.kr/125,17,h6,LOCATION
tw,https://tw.beautyblossom.kr/125,18,h6,OFFICE HOUR
tw,https://tw.beautyblossom.kr/125,19,h3,扫描二维码添加微信
tw,https://tw.beautyblossom.kr/125,20,h3,ID: BBS20250102
tw,https://tw.beautyblossom.kr/126,1,h3,療程時間
tw,https://tw.beautyblossom.kr/126,2,h3,麻醉與否
tw,https://tw.beautyblossom.kr/126,3,h3,恢復期間
tw,https://tw.beautyblossom.kr/126,4,h3,管理方式
tw,https://tw.beautyblossom.kr/126,5,h3,胎盤輸液點滴治療
tw,https://tw.beautyblossom.kr/126,6,h3,維生素輸液點滴治療
tw,https://tw.beautyblossom.kr/126,7,h3,白玉輸液點滴治療
tw,https://tw.beautyblossom.kr/126,8,h3,灰姑娘輸液點滴治療
tw,https://tw.beautyblossom.kr/126,9,h3,甘草輸液點滴治療
tw,https://tw.beautyblossom.kr/126,10,h3,大蒜輸液點滴治療
tw,https://tw.beautyblossom.kr/126,11,h3,全球標準品質
tw,https://tw.beautyblossom.kr/126,12,h3,正品・正量原則
tw,https://tw.beautyblossom.kr/126,13,h3,客製化細節護理
tw,https://tw.beautyblossom.kr/126,14,h6,CONTACT
tw,https://tw.beautyblossom.kr/126,15,h6,LOCATION
tw,https://tw.beautyblossom.kr/126,16,h6,OFFICE HOUR
tw,https://tw.beautyblossom.kr/126,17,h3,扫描二维码添加微信
tw,https://tw.beautyblossom.kr/126,18,h3,ID: BBS20250102
tw,https://tw.beautyblossom.kr/127,1,h3,局部麻醉
tw,https://tw.beautyblossom.kr/127,2,h3,舒眠麻醉
tw,https://tw.beautyblossom.kr/127,3,h3,全身麻醉
tw,https://tw.beautyblossom.kr/127,4,h3,Beauty Blossom 舒眠麻醉的特色？
tw,https://tw.beautyblossom.kr/127,5,h4,遵守正品·正量·正確施打
tw,https://tw.beautyblossom.kr/127,6,h4,個人化客製治療
tw,https://tw.beautyblossom.kr/127,7,h3,全球標準品質
tw,https://tw.beautyblossom.kr/127,8,h3,正品・正量原則
tw,https://tw.beautyblossom.kr/127,9,h3,客製化細節護理
tw,https://tw.beautyblossom.kr/127,10,h6,CONTACT
tw,https://tw.beautyblossom.kr/127,11,h6,LOCATION
tw,https://tw.beautyblossom.kr/127,12,h6,OFFICE HOUR
tw,https://tw.beautyblossom.kr/127,13,h3,扫描二维码添加微信
tw,https://tw.beautyblossom.kr/127,14,h3,ID: BBS20250102
tw,https://tw.beautyblossom.kr/129,1,h3,保濕效果
tw,https://tw.beautyblossom.kr/129,2,h3,水光效果
tw,https://tw.beautyblossom.kr/129,3,h3,肌膚防護
tw,https://tw.beautyblossom.kr/129,4,h3,抗老化
tw,https://tw.beautyblossom.kr/129,5,h2,水光煥膚護膚方案
tw,https://tw.beautyblossom.kr/129,6,h3,全球標準品質
tw,https://tw.beautyblossom.kr/129,7,h3,正品・正量原則
tw,https://tw.beautyblossom.kr/129,8,h3,客製化細節護理
tw,https://tw.beautyblossom.kr/129,9,h6,CONTACT
tw,https://tw.beautyblossom.kr/129,10,h6,LOCATION
tw,https://tw.beautyblossom.kr/129,11,h6,OFFICE HOUR
tw,https://tw.beautyblossom.kr/129,12,h3,扫描二维码添加微信
tw,https://tw.beautyblossom.kr/129,13,h3,ID: BBS20250102
tw,https://tw.beautyblossom.kr/130,1,h3,天然成分
tw,https://tw.beautyblossom.kr/130,2,h3,真皮層導入
tw,https://tw.beautyblossom.kr/130,3,h3,快速回歸日常
tw,https://tw.beautyblossom.kr/130,4,h3,適合所有膚質
tw,https://tw.beautyblossom.kr/130,5,h3,改善痘痘
tw,https://tw.beautyblossom.kr/130,6,h3,色素・亮白
tw,https://tw.beautyblossom.kr/130,7,h3,彈力・除皺
tw,https://tw.beautyblossom.kr/130,8,h3,肌膚再生
tw,https://tw.beautyblossom.kr/130,9,h3,全球標準品質
tw,https://tw.beautyblossom.kr/130,10,h3,正品・正量原則
tw,https://tw.beautyblossom.kr/130,11,h3,客製化細節護理
tw,https://tw.beautyblossom.kr/130,12,h6,CONTACT
tw,https://tw.beautyblossom.kr/130,13,h6,LOCATION
tw,https://tw.beautyblossom.kr/130,14,h6,OFFICE HOUR
tw,https://tw.beautyblossom.kr/130,15,h3,扫描二维码添加微信
tw,https://tw.beautyblossom.kr/130,16,h3,ID: BBS20250102
tw,https://tw.beautyblossom.kr/131,1,h4,
tw,https://tw.beautyblossom.kr/131,2,h4,
tw,https://tw.beautyblossom.kr/131,3,h4,
tw,https://tw.beautyblossom.kr/131,4,h3,全球標準品質
tw,https://tw.beautyblossom.kr/131,5,h3,正品・正量原則
tw,https://tw.beautyblossom.kr/131,6,h3,客製化細節護理
tw,https://tw.beautyblossom.kr/131,7,h6,CONTACT
tw,https://tw.beautyblossom.kr/131,8,h6,LOCATION
tw,https://tw.beautyblossom.kr/131,9,h6,OFFICE HOUR
tw,https://tw.beautyblossom.kr/131,10,h3,扫描二维码添加微信
tw,https://tw.beautyblossom.kr/131,11,h3,ID: BBS20250102
tw,https://tw.beautyblossom.kr/132,1,h4,
tw,https://tw.beautyblossom.kr/132,2,h4,
tw,https://tw.beautyblossom.kr/132,3,h4,
tw,https://tw.beautyblossom.kr/132,4,h4,
tw,https://tw.beautyblossom.kr/132,5,h4,
tw,https://tw.beautyblossom.kr/132,6,h4,
tw,https://tw.beautyblossom.kr/132,7,h4,
tw,https://tw.beautyblossom.kr/132,8,h4,
tw,https://tw.beautyblossom.kr/132,9,h4,
tw,https://tw.beautyblossom.kr/132,10,h4,
tw,https://tw.beautyblossom.kr/132,11,h4,
tw,https://tw.beautyblossom.kr/132,12,h3,全球標準品質
tw,https://tw.beautyblossom.kr/132,13,h3,正品・正量原則
tw,https://tw.beautyblossom.kr/132,14,h3,客製化細節護理
tw,https://tw.beautyblossom.kr/132,15,h6,CONTACT
tw,https://tw.beautyblossom.kr/132,16,h6,LOCATION
tw,https://tw.beautyblossom.kr/132,17,h6,OFFICE HOUR
tw,https://tw.beautyblossom.kr/132,18,h3,扫描二维码添加微信
tw,https://tw.beautyblossom.kr/132,19,h3,ID: BBS20250102
tw,https://tw.beautyblossom.kr/139,1,h3,療程時間
tw,https://tw.beautyblossom.kr/139,2,h3,麻醉與否
tw,https://tw.beautyblossom.kr/139,3,h3,恢復期間
tw,https://tw.beautyblossom.kr/139,4,h3,持續期間
tw,https://tw.beautyblossom.kr/139,5,h3,全球標準品質
tw,https://tw.beautyblossom.kr/139,6,h3,正品・正量原則
tw,https://tw.beautyblossom.kr/139,7,h3,客製化細節護理
tw,https://tw.beautyblossom.kr/139,8,h6,CONTACT
tw,https://tw.beautyblossom.kr/139,9,h6,LOCATION
tw,https://tw.beautyblossom.kr/139,10,h6,OFFICE HOUR
tw,https://tw.beautyblossom.kr/139,11,h3,扫描二维码添加微信
tw,https://tw.beautyblossom.kr/139,12,h3,ID: BBS20250102
tw,https://tw.beautyblossom.kr/140,1,h3,療程時間
tw,https://tw.beautyblossom.kr/140,2,h3,麻醉與否
tw,https://tw.beautyblossom.kr/140,3,h3,恢復期間
tw,https://tw.beautyblossom.kr/140,4,h3,效果持續
tw,https://tw.beautyblossom.kr/140,5,h3,漸進式體積恢復
tw,https://tw.beautyblossom.kr/140,6,h3,改善肌膚彈性
tw,https://tw.beautyblossom.kr/140,7,h3,持久效果
tw,https://tw.beautyblossom.kr/140,8,h3,經驗證的安全性
tw,https://tw.beautyblossom.kr/140,9,h3,廣泛應用部位
tw,https://tw.beautyblossom.kr/140,10,h3,自然變化
tw,https://tw.beautyblossom.kr/140,11,h3,全球標準品質
tw,https://tw.beautyblossom.kr/140,12,h3,正品・正量原則
tw,https://tw.beautyblossom.kr/140,13,h3,客製化細節護理
tw,https://tw.beautyblossom.kr/140,14,h6,CONTACT
tw,https://tw.beautyblossom.kr/140,15,h6,LOCATION
tw,https://tw.beautyblossom.kr/140,16,h6,OFFICE HOUR
tw,https://tw.beautyblossom.kr/140,17,h3,扫描二维码添加微信
tw,https://tw.beautyblossom.kr/140,18,h3,ID: BBS20250102
tw,https://tw.beautyblossom.kr/142,1,h3,治療時間
tw,https://tw.beautyblossom.kr/142,2,h3,麻醉與否
tw,https://tw.beautyblossom.kr/142,3,h3,恢復期間
tw,https://tw.beautyblossom.kr/142,4,h3,效果持續
tw,https://tw.beautyblossom.kr/142,5,h3,柔化肩線
tw,https://tw.beautyblossom.kr/142,6,h3,纖細肩膀
tw,https://tw.beautyblossom.kr/142,7,h3,強調曲線
tw,https://tw.beautyblossom.kr/142,8,h3,改善比例
tw,https://tw.beautyblossom.kr/142,9,h3,非手術療程
tw,https://tw.beautyblossom.kr/142,10,h3,客製設計
tw,https://tw.beautyblossom.kr/142,11,h3,全球標準品質
tw,https://tw.beautyblossom.kr/142,12,h3,正品・正量原則
tw,https://tw.beautyblossom.kr/142,13,h3,客製化細節護理
tw,https://tw.beautyblossom.kr/142,14,h6,CONTACT
tw,https://tw.beautyblossom.kr/142,15,h6,LOCATION
tw,https://tw.beautyblossom.kr/142,16,h6,OFFICE HOUR
tw,https://tw.beautyblossom.kr/142,17,h3,扫描二维码添加微信
tw,https://tw.beautyblossom.kr/142,18,h3,ID: BBS20250102
tw,https://tw.beautyblossom.kr/143,1,h4,Hey! Recently we were working on a project for ..
tw,https://tw.beautyblossom.kr/143,2,h4,A new project is an opportunity to create something unique.
tw,https://tw.beautyblossom.kr/143,3,h4,We look forward to working with you on your next project
tw,https://tw.beautyblossom.kr/143,4,h4,Style Tiles are always a good option to show work in progress!
tw,https://tw.beautyblossom.kr/143,5,h4,You can check the attachment for a full view..
tw,https://tw.beautyblossom.kr/143,6,h4,This is a proposal to add value to a crowdfunding listing page
tw,https://tw.beautyblossom.kr/143,7,h4,Clients easily understand them
tw,https://tw.beautyblossom.kr/143,8,h4,we have a lot of fun during this phase.
tw,https://tw.beautyblossom.kr/143,9,h4,Hey! Recently we were working on a project for ..
tw,https://tw.beautyblossom.kr/143,10,h4,A new project is an opportunity to create something unique.
tw,https://tw.beautyblossom.kr/143,11,h4,We look forward to working with you on your next project
tw,https://tw.beautyblossom.kr/143,12,h4,Style Tiles are always a good option to show work in progress!
tw,https://tw.beautyblossom.kr/143,13,h4,You can check the attachment for a full view..
tw,https://tw.beautyblossom.kr/143,14,h4,This is a proposal to add value to a crowdfunding listing page
tw,https://tw.beautyblossom.kr/143,15,h4,Clients easily understand them
tw,https://tw.beautyblossom.kr/143,16,h4,we have a lot of fun during this phase.
tw,https://tw.beautyblossom.kr/143,17,h4,Hey! Recently we were working on a project for ..
tw,https://tw.beautyblossom.kr/143,18,h4,A new project is an opportunity to create something unique.
tw,https://tw.beautyblossom.kr/143,19,h4,We look forward to working with you on your next project
tw,https://tw.beautyblossom.kr/143,20,h4,Style Tiles are always a good option to show work in progress!
tw,https://tw.beautyblossom.kr/143,21,h4,Hey! Recently we were working on a project for ..
tw,https://tw.beautyblossom.kr/143,22,h4,A new project is an opportunity to create something unique.
tw,https://tw.beautyblossom.kr/143,23,h4,We look forward to working with you on your next project
tw,https://tw.beautyblossom.kr/143,24,h4,Style Tiles are always a good option to show work in progress!
tw,https://tw.beautyblossom.kr/143,25,h4,You can check the attachment for a full view..
tw,https://tw.beautyblossom.kr/143,26,h4,This is a proposal to add value to a crowdfunding listing page
tw,https://tw.beautyblossom.kr/143,27,h4,Clients easily understand them
tw,https://tw.beautyblossom.kr/143,28,h4,we have a lot of fun during this phase.
tw,https://tw.beautyblossom.kr/143,29,h4,Hey! Recently we were working on a project for ..
tw,https://tw.beautyblossom.kr/143,30,h4,A new project is an opportunity to create something unique.
tw,https://tw.beautyblossom.kr/143,31,h4,We look forward to working with you on your next project
tw,https://tw.beautyblossom.kr/143,32,h4,Style Tiles are always a good option to show work in progress!
tw,https://tw.beautyblossom.kr/143,33,h4,You can check the attachment for a full view..
tw,https://tw.beautyblossom.kr/143,34,h4,This is a proposal to add value to a crowdfunding listing page
tw,https://tw.beautyblossom.kr/143,35,h4,Clients easily understand them
tw,https://tw.beautyblossom.kr/143,36,h4,we have a lot of fun during this phase.
tw,https://tw.beautyblossom.kr/143,37,h4,Hey! Recently we were working on a project for ..
tw,https://tw.beautyblossom.kr/143,38,h4,A new project is an opportunity to create something unique.
tw,https://tw.beautyblossom.kr/143,39,h4,We look forward to working with you on your next project
tw,https://tw.beautyblossom.kr/143,40,h4,Style Tiles are always a good option to show work in progress!
tw,https://tw.beautyblossom.kr/143,41,h3,포괄적 피부 분석
tw,https://tw.beautyblossom.kr/143,42,h3,첨단 측정 기술
tw,https://tw.beautyblossom.kr/143,43,h3,3D 모델링 및 예측
tw,https://tw.beautyblossom.kr/143,44,h3,AI 데이터 분석
tw,https://tw.beautyblossom.kr/143,45,h4,Hey! Recently we were working on a project for ..
tw,https://tw.beautyblossom.kr/143,46,h4,A new project is an opportunity to create something unique.
tw,https://tw.beautyblossom.kr/143,47,h4,We look forward to working with you on your next project
tw,https://tw.beautyblossom.kr/143,48,h4,Style Tiles are always a good option to show work in progress!
tw,https://tw.beautyblossom.kr/143,49,h4,You can check the attachment for a full view..
tw,https://tw.beautyblossom.kr/143,50,h4,This is a proposal to add value to a crowdfunding listing page
tw,https://tw.beautyblossom.kr/143,51,h4,Clients easily understand them
tw,https://tw.beautyblossom.kr/143,52,h4,we have a lot of fun during this phase.
tw,https://tw.beautyblossom.kr/143,53,h4,Hey! Recently we were working on a project for ..
tw,https://tw.beautyblossom.kr/143,54,h4,A new project is an opportunity to create something unique.
tw,https://tw.beautyblossom.kr/143,55,h4,We look forward to working with you on your next project
tw,https://tw.beautyblossom.kr/143,56,h4,Style Tiles are always a good option to show work in progress!
tw,https://tw.beautyblossom.kr/143,57,h4,You can check the attachment for a full view..
tw,https://tw.beautyblossom.kr/143,58,h4,This is a proposal to add value to a crowdfunding listing page
tw,https://tw.beautyblossom.kr/143,59,h4,Clients easily understand them
tw,https://tw.beautyblossom.kr/143,60,h4,we have a lot of fun during this phase.
tw,https://tw.beautyblossom.kr/143,61,h4,Hey! Recently we were working on a project for ..
tw,https://tw.beautyblossom.kr/143,62,h4,A new project is an opportunity to create something unique.
tw,https://tw.beautyblossom.kr/143,63,h4,We look forward to working with you on your next project
tw,https://tw.beautyblossom.kr/143,64,h4,Style Tiles are always a good option to show work in progress!
tw,https://tw.beautyblossom.kr/143,65,h3,全球標準品質
tw,https://tw.beautyblossom.kr/143,66,h3,正品・正量原則
tw,https://tw.beautyblossom.kr/143,67,h3,客製化細節護理
tw,https://tw.beautyblossom.kr/143,68,h6,CONTACT
tw,https://tw.beautyblossom.kr/143,69,h6,LOCATION
tw,https://tw.beautyblossom.kr/143,70,h6,OFFICE HOUR
tw,https://tw.beautyblossom.kr/143,71,h3,扫描二维码添加微信
tw,https://tw.beautyblossom.kr/143,72,h3,ID: BBS20250102
tw,https://tw.beautyblossom.kr/164216290,1,h1,PREMIUM EQUIPMENT
tw,https://tw.beautyblossom.kr/164216290,2,h2,最佳解決方案，最高品質的設備
tw,https://tw.beautyblossom.kr/164216290,3,h6,CONTACT
tw,https://tw.beautyblossom.kr/164216290,4,h6,LOCATION
tw,https://tw.beautyblossom.kr/164216290,5,h6,OFFICE HOUR
tw,https://tw.beautyblossom.kr/164216290,6,h3,扫描二维码添加微信
tw,https://tw.beautyblossom.kr/164216290,7,h3,ID: BBS20250102
tw,https://tw.beautyblossom.kr/17,1,h6,Beauty Blossom介紹
tw,https://tw.beautyblossom.kr/17,2,h6,超越全球標準，
tw,https://tw.beautyblossom.kr/17,3,h6,以您專屬的特別基準
tw,https://tw.beautyblossom.kr/17,4,h6,遵循全球標準的醫療服務
tw,https://tw.beautyblossom.kr/17,5,h6,正品藥物與精準定量使用
tw,https://tw.beautyblossom.kr/17,6,h6,客製化診療與細心方案
tw,https://tw.beautyblossom.kr/17,7,h6,CONTACT
tw,https://tw.beautyblossom.kr/17,8,h6,LOCATION
tw,https://tw.beautyblossom.kr/17,9,h6,OFFICE HOUR
tw,https://tw.beautyblossom.kr/17,10,h3,扫描二维码添加微信
tw,https://tw.beautyblossom.kr/17,11,h3,ID: BBS20250102
tw,https://tw.beautyblossom.kr/18,1,h6,醫療團隊介紹
tw,https://tw.beautyblossom.kr/18,2,h6,CONTACT
tw,https://tw.beautyblossom.kr/18,3,h6,LOCATION
tw,https://tw.beautyblossom.kr/18,4,h6,OFFICE HOUR
tw,https://tw.beautyblossom.kr/18,5,h3,扫描二维码添加微信
tw,https://tw.beautyblossom.kr/18,6,h3,ID: BBS20250102
tw,https://tw.beautyblossom.kr/19,1,h6,CONTACT
tw,https://tw.beautyblossom.kr/19,2,h6,LOCATION
tw,https://tw.beautyblossom.kr/19,3,h6,OFFICE HOUR
tw,https://tw.beautyblossom.kr/19,4,h3,扫描二维码添加微信
tw,https://tw.beautyblossom.kr/19,5,h3,ID: BBS20250102
tw,https://tw.beautyblossom.kr/1994371339,1,h1,LinearZ
tw,https://tw.beautyblossom.kr/1994371339,2,h2,"Beyond HIFU,線與點雙模式打造的客製化拉提"
tw,https://tw.beautyblossom.kr/1994371339,3,h4,線性模式 & 點狀模式
tw,https://tw.beautyblossom.kr/1994371339,4,h3,線與點，雙超音波模式
tw,https://tw.beautyblossom.kr/1994371339,5,h3,1.5mm～13mm0.5mm單位精準調整深度
tw,https://tw.beautyblossom.kr/1994371339,6,h3,疼痛更少，速度更快療程速度提升62%
tw,https://tw.beautyblossom.kr/1994371339,7,h3,安全且經驗證食藥署核准原廠探頭
tw,https://tw.beautyblossom.kr/1994371339,8,h3,依肌膚分層設計4款探頭
tw,https://tw.beautyblossom.kr/1994371339,9,h4,ACCU BASIC
tw,https://tw.beautyblossom.kr/1994371339,10,h4,ACCU ESSENTIAL
tw,https://tw.beautyblossom.kr/1994371339,11,h4,ACCU CORE
tw,https://tw.beautyblossom.kr/1994371339,12,h4,CONTOUR
tw,https://tw.beautyblossom.kr/1994371339,13,h3,療程說明
tw,https://tw.beautyblossom.kr/1994371339,14,h6,CONTACT
tw,https://tw.beautyblossom.kr/1994371339,15,h6,LOCATION
tw,https://tw.beautyblossom.kr/1994371339,16,h6,OFFICE HOUR
tw,https://tw.beautyblossom.kr/1994371339,17,h3,扫描二维码添加微信
tw,https://tw.beautyblossom.kr/1994371339,18,h3,ID: BBS20250102
tw,https://tw.beautyblossom.kr/20,1,h6,CONTACT
tw,https://tw.beautyblossom.kr/20,2,h6,LOCATION
tw,https://tw.beautyblossom.kr/20,3,h6,OFFICE HOUR
tw,https://tw.beautyblossom.kr/20,4,h3,扫描二维码添加微信
tw,https://tw.beautyblossom.kr/20,5,h3,ID: BBS20250102
tw,https://tw.beautyblossom.kr/22,1,h6,CONTACT
tw,https://tw.beautyblossom.kr/22,2,h6,LOCATION
tw,https://tw.beautyblossom.kr/22,3,h6,OFFICE HOUR
tw,https://tw.beautyblossom.kr/22,4,h3,扫描二维码添加微信
tw,https://tw.beautyblossom.kr/22,5,h3,ID: BBS20250102
tw,https://tw.beautyblossom.kr/24,1,h6,CONTACT
tw,https://tw.beautyblossom.kr/24,2,h6,LOCATION
tw,https://tw.beautyblossom.kr/24,3,h6,OFFICE HOUR
tw,https://tw.beautyblossom.kr/24,4,h3,扫描二维码添加微信
tw,https://tw.beautyblossom.kr/24,5,h3,ID: BBS20250102
tw,https://tw.beautyblossom.kr/25,1,h6,CONTACT
tw,https://tw.beautyblossom.kr/25,2,h6,LOCATION
tw,https://tw.beautyblossom.kr/25,3,h6,OFFICE HOUR
tw,https://tw.beautyblossom.kr/25,4,h3,扫描二维码添加微信
tw,https://tw.beautyblossom.kr/25,5,h3,ID: BBS20250102
tw,https://tw.beautyblossom.kr/26,1,h6,CONTACT
tw,https://tw.beautyblossom.kr/26,2,h6,LOCATION
tw,https://tw.beautyblossom.kr/26,3,h6,OFFICE HOUR
tw,https://tw.beautyblossom.kr/26,4,h3,扫描二维码添加微信
tw,https://tw.beautyblossom.kr/26,5,h3,ID: BBS20250102
tw,https://tw.beautyblossom.kr/28,1,h3,治療時間
tw,https://tw.beautyblossom.kr/28,2,h3,疼痛程度
tw,https://tw.beautyblossom.kr/28,3,h3,恢復期間
tw,https://tw.beautyblossom.kr/28,4,h3,麻醉方式
tw,https://tw.beautyblossom.kr/28,5,h6,肉毒桿菌效果
tw,https://tw.beautyblossom.kr/28,6,h2,國產肉毒桿菌
tw,https://tw.beautyblossom.kr/28,7,h2,Coretox
tw,https://tw.beautyblossom.kr/28,8,h2,德國天使肉毒 Xeomin
tw,https://tw.beautyblossom.kr/28,9,h2,美國保妥適 Allergan
tw,https://tw.beautyblossom.kr/28,10,h3,全球標準品質
tw,https://tw.beautyblossom.kr/28,11,h3,正品・正量原則
tw,https://tw.beautyblossom.kr/28,12,h3,客製化細節護理
tw,https://tw.beautyblossom.kr/28,13,h6,CONTACT
tw,https://tw.beautyblossom.kr/28,14,h6,LOCATION
tw,https://tw.beautyblossom.kr/28,15,h6,OFFICE HOUR
tw,https://tw.beautyblossom.kr/28,16,h3,扫描二维码添加微信
tw,https://tw.beautyblossom.kr/28,17,h3,ID: BBS20250102
tw,https://tw.beautyblossom.kr/29,1,h3,治療時間
tw,https://tw.beautyblossom.kr/29,2,h3,疼痛程度
tw,https://tw.beautyblossom.kr/29,3,h3,恢復期間
tw,https://tw.beautyblossom.kr/29,4,h3,麻醉方式
tw,https://tw.beautyblossom.kr/29,5,h6,玻尿酸效果
tw,https://tw.beautyblossom.kr/29,6,h2,韓國產 Attier
tw,https://tw.beautyblossom.kr/29,7,h2,韓國產 Rejuviel
tw,https://tw.beautyblossom.kr/29,8,h2,瑞典瑞絲朗 Restylane
tw,https://tw.beautyblossom.kr/29,9,h2,美國喬雅登 Juvederm
tw,https://tw.beautyblossom.kr/29,10,h2,瑞士保柔緹 Belotero
tw,https://tw.beautyblossom.kr/29,11,h3,全球標準品質
tw,https://tw.beautyblossom.kr/29,12,h3,正品・正量原則
tw,https://tw.beautyblossom.kr/29,13,h3,客製化細節護理
tw,https://tw.beautyblossom.kr/29,14,h6,CONTACT
tw,https://tw.beautyblossom.kr/29,15,h6,LOCATION
tw,https://tw.beautyblossom.kr/29,16,h6,OFFICE HOUR
tw,https://tw.beautyblossom.kr/29,17,h3,扫描二维码添加微信
tw,https://tw.beautyblossom.kr/29,18,h3,ID: BBS20250102
tw,https://tw.beautyblossom.kr/30,1,h3,治療時間
tw,https://tw.beautyblossom.kr/30,2,h3,麻醉方式
tw,https://tw.beautyblossom.kr/30,3,h3,簡便治療
tw,https://tw.beautyblossom.kr/30,4,h3,全球標準品質
tw,https://tw.beautyblossom.kr/30,5,h3,正品・正量原則
tw,https://tw.beautyblossom.kr/30,6,h3,客製化細節護理
tw,https://tw.beautyblossom.kr/30,7,h6,CONTACT
tw,https://tw.beautyblossom.kr/30,8,h6,LOCATION
tw,https://tw.beautyblossom.kr/30,9,h6,OFFICE HOUR
tw,https://tw.beautyblossom.kr/30,10,h3,扫描二维码添加微信
tw,https://tw.beautyblossom.kr/30,11,h3,ID: BBS20250102
tw,https://tw.beautyblossom.kr/31,1,h3,協同
tw,https://tw.beautyblossom.kr/31,2,h3,效果
tw,https://tw.beautyblossom.kr/31,3,h3,便利性
tw,https://tw.beautyblossom.kr/31,4,h3,滿意度
tw,https://tw.beautyblossom.kr/31,5,h6,美眸解決方案 效果
tw,https://tw.beautyblossom.kr/31,6,h3,全面改善
tw,https://tw.beautyblossom.kr/31,7,h3,協同效果
tw,https://tw.beautyblossom.kr/31,8,h3,客製治療
tw,https://tw.beautyblossom.kr/31,9,h3,時間效率
tw,https://tw.beautyblossom.kr/31,10,h3,全球標準品質
tw,https://tw.beautyblossom.kr/31,11,h3,正品・正量原則
tw,https://tw.beautyblossom.kr/31,12,h3,客製化細節護理
tw,https://tw.beautyblossom.kr/31,13,h6,CONTACT
tw,https://tw.beautyblossom.kr/31,14,h6,LOCATION
tw,https://tw.beautyblossom.kr/31,15,h6,OFFICE HOUR
tw,https://tw.beautyblossom.kr/31,16,h3,扫描二维码添加微信
tw,https://tw.beautyblossom.kr/31,17,h3,ID: BBS20250102
tw,https://tw.beautyblossom.kr/32,1,h3,治療時間
tw,https://tw.beautyblossom.kr/32,2,h3,麻醉與否
tw,https://tw.beautyblossom.kr/32,3,h3,恢復期間
tw,https://tw.beautyblossom.kr/32,4,h3,持續期間
tw,https://tw.beautyblossom.kr/32,5,h6,除皺神器效果
tw,https://tw.beautyblossom.kr/32,6,h3,全球標準品質
tw,https://tw.beautyblossom.kr/32,7,h3,正品・正量原則
tw,https://tw.beautyblossom.kr/32,8,h3,客製化細節護理
tw,https://tw.beautyblossom.kr/32,9,h6,CONTACT
tw,https://tw.beautyblossom.kr/32,10,h6,LOCATION
tw,https://tw.beautyblossom.kr/32,11,h6,OFFICE HOUR
tw,https://tw.beautyblossom.kr/32,12,h3,扫描二维码添加微信
tw,https://tw.beautyblossom.kr/32,13,h3,ID: BBS20250102
tw,https://tw.beautyblossom.kr/33,1,h3,簡便
tw,https://tw.beautyblossom.kr/33,2,h3,鼻樑 + 鼻尖
tw,https://tw.beautyblossom.kr/33,3,h3,支撐力
tw,https://tw.beautyblossom.kr/33,4,h3,自然
tw,https://tw.beautyblossom.kr/33,5,h6,美珠鼻 | 空氣鼻效果
tw,https://tw.beautyblossom.kr/33,6,h3,客製修飾
tw,https://tw.beautyblossom.kr/33,7,h3,持久效果
tw,https://tw.beautyblossom.kr/33,8,h3,自然
tw,https://tw.beautyblossom.kr/33,9,h3,微創
tw,https://tw.beautyblossom.kr/33,10,h3,安全性
tw,https://tw.beautyblossom.kr/33,11,h3,快速治療與恢復
tw,https://tw.beautyblossom.kr/33,12,h3,自然效果
tw,https://tw.beautyblossom.kr/33,13,h3,持久效果
tw,https://tw.beautyblossom.kr/33,14,h6,強力牽引力
tw,https://tw.beautyblossom.kr/33,15,h6,精準療程
tw,https://tw.beautyblossom.kr/33,16,h3,複合式
tw,https://tw.beautyblossom.kr/33,17,h3,立體豐盈
tw,https://tw.beautyblossom.kr/33,18,h3,同步改善
tw,https://tw.beautyblossom.kr/33,19,h3,豐富效果
tw,https://tw.beautyblossom.kr/33,20,h3,全球標準品質
tw,https://tw.beautyblossom.kr/33,21,h3,正品・正量原則
tw,https://tw.beautyblossom.kr/33,22,h3,客製化細節護理
tw,https://tw.beautyblossom.kr/33,23,h6,CONTACT
tw,https://tw.beautyblossom.kr/33,24,h6,LOCATION
tw,https://tw.beautyblossom.kr/33,25,h6,OFFICE HOUR
tw,https://tw.beautyblossom.kr/33,26,h3,扫描二维码添加微信
tw,https://tw.beautyblossom.kr/33,27,h3,ID: BBS20250102
tw,https://tw.beautyblossom.kr/34,1,h4,Hey! Recently we were working on a project for ..
tw,https://tw.beautyblossom.kr/34,2,h4,A new project is an opportunity to create something unique.
tw,https://tw.beautyblossom.kr/34,3,h4,We look forward to working with you on your next project
tw,https://tw.beautyblossom.kr/34,4,h4,Style Tiles are always a good option to show work in progress!
tw,https://tw.beautyblossom.kr/34,5,h4,You can check the attachment for a full view..
tw,https://tw.beautyblossom.kr/34,6,h4,This is a proposal to add value to a crowdfunding listing page
tw,https://tw.beautyblossom.kr/34,7,h4,Clients easily understand them
tw,https://tw.beautyblossom.kr/34,8,h4,we have a lot of fun during this phase.
tw,https://tw.beautyblossom.kr/34,9,h4,Hey! Recently we were working on a project for ..
tw,https://tw.beautyblossom.kr/34,10,h4,A new project is an opportunity to create something unique.
tw,https://tw.beautyblossom.kr/34,11,h4,We look forward to working with you on your next project
tw,https://tw.beautyblossom.kr/34,12,h4,Style Tiles are always a good option to show work in progress!
tw,https://tw.beautyblossom.kr/34,13,h4,You can check the attachment for a full view..
tw,https://tw.beautyblossom.kr/34,14,h4,This is a proposal to add value to a crowdfunding listing page
tw,https://tw.beautyblossom.kr/34,15,h4,Clients easily understand them
tw,https://tw.beautyblossom.kr/34,16,h4,we have a lot of fun during this phase.
tw,https://tw.beautyblossom.kr/34,17,h4,Hey! Recently we were working on a project for ..
tw,https://tw.beautyblossom.kr/34,18,h4,A new project is an opportunity to create something unique.
tw,https://tw.beautyblossom.kr/34,19,h4,We look forward to working with you on your next project
tw,https://tw.beautyblossom.kr/34,20,h4,Style Tiles are always a good option to show work in progress!
tw,https://tw.beautyblossom.kr/34,21,h3,글로벌 스탠다드 퀄리티
tw,https://tw.beautyblossom.kr/34,22,h3,정품・정량 철칙
tw,https://tw.beautyblossom.kr/34,23,h3,맞춤형 디테일 케어
tw,https://tw.beautyblossom.kr/34,24,h6,CONTACT
tw,https://tw.beautyblossom.kr/34,25,h6,LOCATION
tw,https://tw.beautyblossom.kr/34,26,h6,OFFICE HOUR
tw,https://tw.beautyblossom.kr/34,27,h3,扫描二维码添加微信
tw,https://tw.beautyblossom.kr/34,28,h3,ID: BBS20250102
tw,https://tw.beautyblossom.kr/35,1,h3,簡便
tw,https://tw.beautyblossom.kr/35,2,h3,促進循環
tw,https://tw.beautyblossom.kr/35,3,h3,溶脂
tw,https://tw.beautyblossom.kr/35,4,h3,清晰
tw,https://tw.beautyblossom.kr/35,5,h6,Beauty Fit注射
tw,https://tw.beautyblossom.kr/35,6,h6,Blossom Fit注射
tw,https://tw.beautyblossom.kr/35,7,h3,全球標準品質
tw,https://tw.beautyblossom.kr/35,8,h3,正品・正量原則
tw,https://tw.beautyblossom.kr/35,9,h3,客製化細節護理
tw,https://tw.beautyblossom.kr/35,10,h6,CONTACT
tw,https://tw.beautyblossom.kr/35,11,h6,LOCATION
tw,https://tw.beautyblossom.kr/35,12,h6,OFFICE HOUR
tw,https://tw.beautyblossom.kr/35,13,h3,扫描二维码添加微信
tw,https://tw.beautyblossom.kr/35,14,h3,ID: BBS20250102
tw,https://tw.beautyblossom.kr/36,1,h3,治療時間
tw,https://tw.beautyblossom.kr/36,2,h3,恢復期間
tw,https://tw.beautyblossom.kr/36,3,h3,自然
tw,https://tw.beautyblossom.kr/36,4,h3,無疤痕
tw,https://tw.beautyblossom.kr/36,5,h6,雕塑針效果
tw,https://tw.beautyblossom.kr/36,6,h3,全球標準品質
tw,https://tw.beautyblossom.kr/36,7,h3,正品・正量原則
tw,https://tw.beautyblossom.kr/36,8,h3,客製化細節護理
tw,https://tw.beautyblossom.kr/36,9,h6,CONTACT
tw,https://tw.beautyblossom.kr/36,10,h6,LOCATION
tw,https://tw.beautyblossom.kr/36,11,h6,OFFICE HOUR
tw,https://tw.beautyblossom.kr/36,12,h3,扫描二维码添加微信
tw,https://tw.beautyblossom.kr/36,13,h3,ID: BBS20250102
tw,https://tw.beautyblossom.kr/37,1,h3,治療時間
tw,https://tw.beautyblossom.kr/37,2,h3,麻醉與否
tw,https://tw.beautyblossom.kr/37,3,h3,恢復期間
tw,https://tw.beautyblossom.kr/37,4,h3,精準
tw,https://tw.beautyblossom.kr/37,5,h6,溶解劑注射效果
tw,https://tw.beautyblossom.kr/37,6,h3,液態型
tw,https://tw.beautyblossom.kr/37,7,h3,粉末型
tw,https://tw.beautyblossom.kr/37,8,h3,與專業醫療團隊諮詢後決定
tw,https://tw.beautyblossom.kr/37,9,h3,全球標準品質
tw,https://tw.beautyblossom.kr/37,10,h3,正品・正量原則
tw,https://tw.beautyblossom.kr/37,11,h3,客製化細節護理
tw,https://tw.beautyblossom.kr/37,12,h6,CONTACT
tw,https://tw.beautyblossom.kr/37,13,h6,LOCATION
tw,https://tw.beautyblossom.kr/37,14,h6,OFFICE HOUR
tw,https://tw.beautyblossom.kr/37,15,h3,扫描二维码添加微信
tw,https://tw.beautyblossom.kr/37,16,h3,ID: BBS20250102
tw,https://tw.beautyblossom.kr/374234055,1,h1,Density
tw,https://tw.beautyblossom.kr/374234055,2,h2,"Beyond Thermage,超越鳳凰電波的韓國第五代高頻電波"
tw,https://tw.beautyblossom.kr/374234055,3,h3,強效 雙極電波
tw,https://tw.beautyblossom.kr/374234055,4,h3,誤差更小，能量更均勻即時阻抗反饋
tw,https://tw.beautyblossom.kr/374234055,5,h3,皮膚感受到的細膩呵護5級冷卻強度調節
tw,https://tw.beautyblossom.kr/374234055,6,h3,更大的電極面積，更寬更深ALPHA TIP (Mono × Bi)
tw,https://tw.beautyblossom.kr/374234055,7,h3,同樣的Density，不同的效果——探頭的區別是什麼？
tw,https://tw.beautyblossom.kr/374234055,8,h4,Alpha探頭
tw,https://tw.beautyblossom.kr/374234055,9,h4,High探頭
tw,https://tw.beautyblossom.kr/374234055,10,h4,Classic探頭
tw,https://tw.beautyblossom.kr/374234055,11,h3,治療指南
tw,https://tw.beautyblossom.kr/374234055,12,h6,CONTACT
tw,https://tw.beautyblossom.kr/374234055,13,h6,LOCATION
tw,https://tw.beautyblossom.kr/374234055,14,h6,OFFICE HOUR
tw,https://tw.beautyblossom.kr/374234055,15,h3,扫描二维码添加微信
tw,https://tw.beautyblossom.kr/374234055,16,h3,ID: BBS20250102
tw,https://tw.beautyblossom.kr/39,1,h3,Precision Diagnosis | 精密診斷
tw,https://tw.beautyblossom.kr/39,2,h3,Customized Design | 客製設計
tw,https://tw.beautyblossom.kr/39,3,h3,Layered Treatment | 療程進行
tw,https://tw.beautyblossom.kr/39,4,h3,Continuous Care | 恢復·管理
tw,https://tw.beautyblossom.kr/39,5,h4,
tw,https://tw.beautyblossom.kr/39,6,h4,
tw,https://tw.beautyblossom.kr/39,7,h4,
tw,https://tw.beautyblossom.kr/39,8,h4,
tw,https://tw.beautyblossom.kr/39,9,h6,CONTACT
tw,https://tw.beautyblossom.kr/39,10,h6,LOCATION
tw,https://tw.beautyblossom.kr/39,11,h6,OFFICE HOUR
tw,https://tw.beautyblossom.kr/39,12,h3,扫描二维码添加微信
tw,https://tw.beautyblossom.kr/39,13,h3,ID: BBS20250102
tw,https://tw.beautyblossom.kr/40,1,h3,治療時間
tw,https://tw.beautyblossom.kr/40,2,h3,麻醉與否
tw,https://tw.beautyblossom.kr/40,3,h3,恢復期間
tw,https://tw.beautyblossom.kr/40,4,h3,持續期間
tw,https://tw.beautyblossom.kr/40,5,h3,全球標準品質
tw,https://tw.beautyblossom.kr/40,6,h3,正品・正量原則
tw,https://tw.beautyblossom.kr/40,7,h3,客製化細節護理
tw,https://tw.beautyblossom.kr/40,8,h6,CONTACT
tw,https://tw.beautyblossom.kr/40,9,h6,LOCATION
tw,https://tw.beautyblossom.kr/40,10,h6,OFFICE HOUR
tw,https://tw.beautyblossom.kr/40,11,h3,扫描二维码添加微信
tw,https://tw.beautyblossom.kr/40,12,h3,ID: BBS20250102
tw,https://tw.beautyblossom.kr/400,1,h3,시술 시간
tw,https://tw.beautyblossom.kr/400,2,h3,마취 여부
tw,https://tw.beautyblossom.kr/400,3,h3,회복 기간
tw,https://tw.beautyblossom.kr/400,4,h3,지속 기간
tw,https://tw.beautyblossom.kr/400,5,h6,✓ 정확한 타겟팅
tw,https://tw.beautyblossom.kr/400,6,h6,✓ 즉각적인 리프팅
tw,https://tw.beautyblossom.kr/400,7,h6,✓ 지속되는 효과
tw,https://tw.beautyblossom.kr/400,8,h3,全球標準品質
tw,https://tw.beautyblossom.kr/400,9,h3,正品・正量原則
tw,https://tw.beautyblossom.kr/400,10,h3,客製化細節護理
tw,https://tw.beautyblossom.kr/400,11,h6,CONTACT
tw,https://tw.beautyblossom.kr/400,12,h6,LOCATION
tw,https://tw.beautyblossom.kr/400,13,h6,OFFICE HOUR
tw,https://tw.beautyblossom.kr/400,14,h3,扫描二维码添加微信
tw,https://tw.beautyblossom.kr/400,15,h3,ID: BBS20250102
tw,https://tw.beautyblossom.kr/41,1,h3,治療時間
tw,https://tw.beautyblossom.kr/41,2,h3,麻醉與否
tw,https://tw.beautyblossom.kr/41,3,h3,恢復期間
tw,https://tw.beautyblossom.kr/41,4,h3,持續期間
tw,https://tw.beautyblossom.kr/41,5,h6,✓ 精準能量傳遞
tw,https://tw.beautyblossom.kr/41,6,h6,✓ 強效膠原蛋白再生
tw,https://tw.beautyblossom.kr/41,7,h6,✓ 舒適療程體驗
tw,https://tw.beautyblossom.kr/41,8,h3,全球標準品質
tw,https://tw.beautyblossom.kr/41,9,h3,正品・正量原則
tw,https://tw.beautyblossom.kr/41,10,h3,客製化細節護理
tw,https://tw.beautyblossom.kr/41,11,h6,CONTACT
tw,https://tw.beautyblossom.kr/41,12,h6,LOCATION
tw,https://tw.beautyblossom.kr/41,13,h6,OFFICE HOUR
tw,https://tw.beautyblossom.kr/41,14,h3,扫描二维码添加微信
tw,https://tw.beautyblossom.kr/41,15,h3,ID: BBS20250102
tw,https://tw.beautyblossom.kr/42,1,h3,療程時間
tw,https://tw.beautyblossom.kr/42,2,h3,恢復期間
tw,https://tw.beautyblossom.kr/42,3,h3,緊緻
tw,https://tw.beautyblossom.kr/42,4,h3,建議週期
tw,https://tw.beautyblossom.kr/42,5,h4,
tw,https://tw.beautyblossom.kr/42,6,h4,
tw,https://tw.beautyblossom.kr/42,7,h4,
tw,https://tw.beautyblossom.kr/42,8,h3,均勻傳遞熱能
tw,https://tw.beautyblossom.kr/42,9,h3,至肌膚組織
tw,https://tw.beautyblossom.kr/42,10,h3,膠原蛋白持續
tw,https://tw.beautyblossom.kr/42,11,h3,重塑效果
tw,https://tw.beautyblossom.kr/42,12,h3,拉提及
tw,https://tw.beautyblossom.kr/42,13,h3,緊緻效果
tw,https://tw.beautyblossom.kr/42,14,h3,肌膚彈性
tw,https://tw.beautyblossom.kr/42,15,h3,改善效果
tw,https://tw.beautyblossom.kr/42,16,h3,全球標準品質
tw,https://tw.beautyblossom.kr/42,17,h3,正品・正量原則
tw,https://tw.beautyblossom.kr/42,18,h3,客製化細節護理
tw,https://tw.beautyblossom.kr/42,19,h6,CONTACT
tw,https://tw.beautyblossom.kr/42,20,h6,LOCATION
tw,https://tw.beautyblossom.kr/42,21,h6,OFFICE HOUR
tw,https://tw.beautyblossom.kr/42,22,h3,扫描二维码添加微信
tw,https://tw.beautyblossom.kr/42,23,h3,ID: BBS20250102
tw,https://tw.beautyblossom.kr/43,1,h3,療程時間
tw,https://tw.beautyblossom.kr/43,2,h3,麻醉與否
tw,https://tw.beautyblossom.kr/43,3,h3,恢復期間
tw,https://tw.beautyblossom.kr/43,4,h3,持續期間
tw,https://tw.beautyblossom.kr/43,5,h3,為逆齡肌膚
tw,https://tw.beautyblossom.kr/43,6,h3,促進膠原蛋白生成
tw,https://tw.beautyblossom.kr/43,7,h3,無需手術輕鬆
tw,https://tw.beautyblossom.kr/43,8,h3,長效維持期間
tw,https://tw.beautyblossom.kr/43,9,h3,鬆弛臉頰、雙下巴
tw,https://tw.beautyblossom.kr/43,10,h3,脂肪減少效果
tw,https://tw.beautyblossom.kr/43,11,h3,明亮光滑肌膚
tw,https://tw.beautyblossom.kr/43,12,h3,膚色提亮效果
tw,https://tw.beautyblossom.kr/43,13,h3,全球標準品質
tw,https://tw.beautyblossom.kr/43,14,h3,正品・正量原則
tw,https://tw.beautyblossom.kr/43,15,h3,客製化細節護理
tw,https://tw.beautyblossom.kr/43,16,h6,CONTACT
tw,https://tw.beautyblossom.kr/43,17,h6,LOCATION
tw,https://tw.beautyblossom.kr/43,18,h6,OFFICE HOUR
tw,https://tw.beautyblossom.kr/43,19,h3,扫描二维码添加微信
tw,https://tw.beautyblossom.kr/43,20,h3,ID: BBS20250102
tw,https://tw.beautyblossom.kr/44,1,h3,療程時間
tw,https://tw.beautyblossom.kr/44,2,h3,麻醉與否
tw,https://tw.beautyblossom.kr/44,3,h3,恢復期間
tw,https://tw.beautyblossom.kr/44,4,h3,客製化療程
tw,https://tw.beautyblossom.kr/44,5,h3,全球標準品質
tw,https://tw.beautyblossom.kr/44,6,h3,正品・正量原則
tw,https://tw.beautyblossom.kr/44,7,h3,客製化細節護理
tw,https://tw.beautyblossom.kr/44,8,h6,CONTACT
tw,https://tw.beautyblossom.kr/44,9,h6,LOCATION
tw,https://tw.beautyblossom.kr/44,10,h6,OFFICE HOUR
tw,https://tw.beautyblossom.kr/44,11,h3,扫描二维码添加微信
tw,https://tw.beautyblossom.kr/44,12,h3,ID: BBS20250102
tw,https://tw.beautyblossom.kr/45,1,h3,療程時間
tw,https://tw.beautyblossom.kr/45,2,h3,麻醉方式
tw,https://tw.beautyblossom.kr/45,3,h3,恢復期間
tw,https://tw.beautyblossom.kr/45,4,h3,療程週期
tw,https://tw.beautyblossom.kr/45,5,h3,照射於肌膚表面
tw,https://tw.beautyblossom.kr/45,6,h3,轉換為熱能
tw,https://tw.beautyblossom.kr/45,7,h3,轉換的熱能
tw,https://tw.beautyblossom.kr/45,8,h3,使肌膚內部組織凝固
tw,https://tw.beautyblossom.kr/45,9,h3,組織恢復過程中
tw,https://tw.beautyblossom.kr/45,10,h3,組織凝固效果
tw,https://tw.beautyblossom.kr/45,11,h3,膠原蛋白再生
tw,https://tw.beautyblossom.kr/45,12,h3,持續改善效果
tw,https://tw.beautyblossom.kr/45,13,h3,全球標準品質
tw,https://tw.beautyblossom.kr/45,14,h3,正品・正量原則
tw,https://tw.beautyblossom.kr/45,15,h3,客製化細節護理
tw,https://tw.beautyblossom.kr/45,16,h6,CONTACT
tw,https://tw.beautyblossom.kr/45,17,h6,LOCATION
tw,https://tw.beautyblossom.kr/45,18,h6,OFFICE HOUR
tw,https://tw.beautyblossom.kr/45,19,h3,扫描二维码添加微信
tw,https://tw.beautyblossom.kr/45,20,h3,ID: BBS20250102
tw,https://tw.beautyblossom.kr/47,1,h3,高階除毛設備使用
tw,https://tw.beautyblossom.kr/47,2,h3,徹底保護隱私
tw,https://tw.beautyblossom.kr/47,3,h3,智慧型肌膚冷卻系統
tw,https://tw.beautyblossom.kr/47,4,h3,一對一客製化雷射除毛
tw,https://tw.beautyblossom.kr/47,5,h3,衛生的非接觸方式
tw,https://tw.beautyblossom.kr/47,6,h3,強力的冷卻效果
tw,https://tw.beautyblossom.kr/47,7,h3,最佳化的客製化能量調整
tw,https://tw.beautyblossom.kr/47,8,h3,柔嫩且光滑的肌膚
tw,https://tw.beautyblossom.kr/47,9,h3,全球標準品質
tw,https://tw.beautyblossom.kr/47,10,h3,正品・正量原則
tw,https://tw.beautyblossom.kr/47,11,h3,客製化細節護理
tw,https://tw.beautyblossom.kr/47,12,h6,CONTACT
tw,https://tw.beautyblossom.kr/47,13,h6,LOCATION
tw,https://tw.beautyblossom.kr/47,14,h6,OFFICE HOUR
tw,https://tw.beautyblossom.kr/47,15,h3,扫描二维码添加微信
tw,https://tw.beautyblossom.kr/47,16,h3,ID: BBS20250102
tw,https://tw.beautyblossom.kr/48,1,h3,프리미엄 제모 장비 적용
tw,https://tw.beautyblossom.kr/48,2,h3,철저한 프라이버시 보호
tw,https://tw.beautyblossom.kr/48,3,h3,피부 보호 스마트 쿨링
tw,https://tw.beautyblossom.kr/48,4,h3,1:1 맞춤형 레이저 제모
tw,https://tw.beautyblossom.kr/48,5,h3,衛生的非接觸方式
tw,https://tw.beautyblossom.kr/48,6,h3,強力的冷卻效果
tw,https://tw.beautyblossom.kr/48,7,h3,最佳化的客製化能量調整
tw,https://tw.beautyblossom.kr/48,8,h3,柔嫩且光滑的肌膚
tw,https://tw.beautyblossom.kr/48,9,h3,全球標準品質
tw,https://tw.beautyblossom.kr/48,10,h3,正品・正量原則
tw,https://tw.beautyblossom.kr/48,11,h3,客製化細節護理
tw,https://tw.beautyblossom.kr/48,12,h6,CONTACT
tw,https://tw.beautyblossom.kr/48,13,h6,LOCATION
tw,https://tw.beautyblossom.kr/48,14,h6,OFFICE HOUR
tw,https://tw.beautyblossom.kr/48,15,h3,扫描二维码添加微信
tw,https://tw.beautyblossom.kr/48,16,h3,ID: BBS20250102
tw,https://tw.beautyblossom.kr/50,1,h3,DIAGNOSIS
tw,https://tw.beautyblossom.kr/50,2,h4,診斷
tw,https://tw.beautyblossom.kr/50,3,h3,DESIGN
tw,https://tw.beautyblossom.kr/50,4,h4,設計
tw,https://tw.beautyblossom.kr/50,5,h3,TREATMENT
tw,https://tw.beautyblossom.kr/50,6,h4,療程
tw,https://tw.beautyblossom.kr/50,7,h3,CARE
tw,https://tw.beautyblossom.kr/50,8,h4,護理
tw,https://tw.beautyblossom.kr/50,9,h4,
tw,https://tw.beautyblossom.kr/50,10,h4,
tw,https://tw.beautyblossom.kr/50,11,h4,
tw,https://tw.beautyblossom.kr/50,12,h4,
tw,https://tw.beautyblossom.kr/50,13,h4,
tw,https://tw.beautyblossom.kr/50,14,h4,
tw,https://tw.beautyblossom.kr/50,15,h6,CONTACT
tw,https://tw.beautyblossom.kr/50,16,h6,LOCATION
tw,https://tw.beautyblossom.kr/50,17,h6,OFFICE HOUR
tw,https://tw.beautyblossom.kr/50,18,h3,扫描二维码添加微信
tw,https://tw.beautyblossom.kr/50,19,h3,ID: BBS20250102
tw,https://tw.beautyblossom.kr/51,1,h3,療程時間
tw,https://tw.beautyblossom.kr/51,2,h3,療程部位
tw,https://tw.beautyblossom.kr/51,3,h3,恢復期間
tw,https://tw.beautyblossom.kr/51,4,h3,持續期間
tw,https://tw.beautyblossom.kr/51,5,h3,小腿線條
tw,https://tw.beautyblossom.kr/51,6,h3,斜方肌改善
tw,https://tw.beautyblossom.kr/51,7,h3,手臂線條
tw,https://tw.beautyblossom.kr/51,8,h3,大腿線條
tw,https://tw.beautyblossom.kr/51,9,h3,自由選擇劑量
tw,https://tw.beautyblossom.kr/51,10,h3,部位無限制療程
tw,https://tw.beautyblossom.kr/51,11,h3,自由療程期間
tw,https://tw.beautyblossom.kr/51,12,h3,醫療團隊1:1客製化諮詢
tw,https://tw.beautyblossom.kr/51,13,h3,安全正品療程
tw,https://tw.beautyblossom.kr/51,14,h3,全球標準品質
tw,https://tw.beautyblossom.kr/51,15,h3,正品・正量原則
tw,https://tw.beautyblossom.kr/51,16,h3,客製化細節護理
tw,https://tw.beautyblossom.kr/51,17,h6,CONTACT
tw,https://tw.beautyblossom.kr/51,18,h6,LOCATION
tw,https://tw.beautyblossom.kr/51,19,h6,OFFICE HOUR
tw,https://tw.beautyblossom.kr/51,20,h3,扫描二维码添加微信
tw,https://tw.beautyblossom.kr/51,21,h3,ID: BBS20250102
tw,https://tw.beautyblossom.kr/52,1,h3,療程時間
tw,https://tw.beautyblossom.kr/52,2,h3,客製化設計
tw,https://tw.beautyblossom.kr/52,3,h3,恢復期間
tw,https://tw.beautyblossom.kr/52,4,h3,持續期間
tw,https://tw.beautyblossom.kr/52,5,h3,快速療程
tw,https://tw.beautyblossom.kr/52,6,h3,客製化療程
tw,https://tw.beautyblossom.kr/52,7,h3,快速回歸日常
tw,https://tw.beautyblossom.kr/52,8,h6,身體肉毒效果
tw,https://tw.beautyblossom.kr/52,9,h3,全球標準品質
tw,https://tw.beautyblossom.kr/52,10,h3,正品・正量原則
tw,https://tw.beautyblossom.kr/52,11,h3,客製化細節護理
tw,https://tw.beautyblossom.kr/52,12,h6,CONTACT
tw,https://tw.beautyblossom.kr/52,13,h6,LOCATION
tw,https://tw.beautyblossom.kr/52,14,h6,OFFICE HOUR
tw,https://tw.beautyblossom.kr/52,15,h3,扫描二维码添加微信
tw,https://tw.beautyblossom.kr/52,16,h3,ID: BBS20250102
tw,https://tw.beautyblossom.kr/54,1,h3,治療時間
tw,https://tw.beautyblossom.kr/54,2,h3,治療週期
tw,https://tw.beautyblossom.kr/54,3,h3,恢復期間
tw,https://tw.beautyblossom.kr/54,4,h3,持續期間
tw,https://tw.beautyblossom.kr/54,5,h6,Body Beauty Fit 溶脂針
tw,https://tw.beautyblossom.kr/54,6,h6,Body Blossom Fit 溶脂針
tw,https://tw.beautyblossom.kr/54,7,h6,身體美麗Fit | 花漾Fit 溶脂針
tw,https://tw.beautyblossom.kr/54,8,h6,Body Beauty Fit | Blossom Fit注射效果
tw,https://tw.beautyblossom.kr/54,9,h3,全球標準品質
tw,https://tw.beautyblossom.kr/54,10,h3,正品・正量原則
tw,https://tw.beautyblossom.kr/54,11,h3,客製化細節護理
tw,https://tw.beautyblossom.kr/54,12,h6,CONTACT
tw,https://tw.beautyblossom.kr/54,13,h6,LOCATION
tw,https://tw.beautyblossom.kr/54,14,h6,OFFICE HOUR
tw,https://tw.beautyblossom.kr/54,15,h3,扫描二维码添加微信
tw,https://tw.beautyblossom.kr/54,16,h3,ID: BBS20250102
tw,https://tw.beautyblossom.kr/55,1,h3,治療時間
tw,https://tw.beautyblossom.kr/55,2,h3,麻醉與否
tw,https://tw.beautyblossom.kr/55,3,h3,恢復期間
tw,https://tw.beautyblossom.kr/55,4,h3,瘀青、出血
tw,https://tw.beautyblossom.kr/55,5,h6,身體雕塑針效果
tw,https://tw.beautyblossom.kr/55,6,h3,脂肪 & 肌肉減少
tw,https://tw.beautyblossom.kr/55,7,h3,快速見效 & 短暫恢復
tw,https://tw.beautyblossom.kr/55,8,h3,減重協同效果
tw,https://tw.beautyblossom.kr/55,9,h1,身體專項療程指南
tw,https://tw.beautyblossom.kr/55,10,h3,全球標準品質
tw,https://tw.beautyblossom.kr/55,11,h3,正品・正量原則
tw,https://tw.beautyblossom.kr/55,12,h3,客製化細節護理
tw,https://tw.beautyblossom.kr/55,13,h6,CONTACT
tw,https://tw.beautyblossom.kr/55,14,h6,LOCATION
tw,https://tw.beautyblossom.kr/55,15,h6,OFFICE HOUR
tw,https://tw.beautyblossom.kr/55,16,h3,扫描二维码添加微信
tw,https://tw.beautyblossom.kr/55,17,h3,ID: BBS20250102
tw,https://tw.beautyblossom.kr/56,1,h3,極超短波
tw,https://tw.beautyblossom.kr/56,2,h3,冷卻波
tw,https://tw.beautyblossom.kr/56,3,h3,治療時間
tw,https://tw.beautyblossom.kr/56,4,h3,建議週期
tw,https://tw.beautyblossom.kr/56,5,h3,膠原蛋白生成
tw,https://tw.beautyblossom.kr/56,6,h3,脂肪分解
tw,https://tw.beautyblossom.kr/56,7,h3,肌膚緊緻
tw,https://tw.beautyblossom.kr/56,8,h3,全球標準品質
tw,https://tw.beautyblossom.kr/56,9,h3,正品・正量原則
tw,https://tw.beautyblossom.kr/56,10,h3,客製化細節護理
tw,https://tw.beautyblossom.kr/56,11,h6,CONTACT
tw,https://tw.beautyblossom.kr/56,12,h6,LOCATION
tw,https://tw.beautyblossom.kr/56,13,h6,OFFICE HOUR
tw,https://tw.beautyblossom.kr/56,14,h3,扫描二维码添加微信
tw,https://tw.beautyblossom.kr/56,15,h3,ID: BBS20250102
tw,https://tw.beautyblossom.kr/57,1,h3,治療時間
tw,https://tw.beautyblossom.kr/57,2,h3,麻醉與否
tw,https://tw.beautyblossom.kr/57,3,h3,建議週期
tw,https://tw.beautyblossom.kr/57,4,h3,維持期間
tw,https://tw.beautyblossom.kr/57,5,h6,身體Inmode效果
tw,https://tw.beautyblossom.kr/57,6,h3,多餘脂肪
tw,https://tw.beautyblossom.kr/57,7,h3,選擇性去除
tw,https://tw.beautyblossom.kr/57,8,h3,身體線條矯正
tw,https://tw.beautyblossom.kr/57,9,h3,橘皮組織改善
tw,https://tw.beautyblossom.kr/57,10,h3,肌膚彈力增加
tw,https://tw.beautyblossom.kr/57,11,h3,膠原蛋白重塑
tw,https://tw.beautyblossom.kr/57,12,h3,安全療程
tw,https://tw.beautyblossom.kr/57,13,h3,即時溫度檢測
tw,https://tw.beautyblossom.kr/57,14,h6,✓ 真空 (Vacuum)
tw,https://tw.beautyblossom.kr/57,15,h6,✓ 射頻能量(RF)
tw,https://tw.beautyblossom.kr/57,16,h6,✓ 高電壓電刺激(HVP)
tw,https://tw.beautyblossom.kr/57,17,h3,全球標準品質
tw,https://tw.beautyblossom.kr/57,18,h3,正品・正量原則
tw,https://tw.beautyblossom.kr/57,19,h3,客製化細節護理
tw,https://tw.beautyblossom.kr/57,20,h6,CONTACT
tw,https://tw.beautyblossom.kr/57,21,h6,LOCATION
tw,https://tw.beautyblossom.kr/57,22,h6,OFFICE HOUR
tw,https://tw.beautyblossom.kr/57,23,h3,扫描二维码添加微信
tw,https://tw.beautyblossom.kr/57,24,h3,ID: BBS20250102
tw,https://tw.beautyblossom.kr/58,1,h3,治療時間
tw,https://tw.beautyblossom.kr/58,2,h3,效果顯現
tw,https://tw.beautyblossom.kr/58,3,h3,恢復期間
tw,https://tw.beautyblossom.kr/58,4,h3,持續期間
tw,https://tw.beautyblossom.kr/58,5,h3,減少汗液分泌
tw,https://tw.beautyblossom.kr/58,6,h3,抑制過度出汗
tw,https://tw.beautyblossom.kr/58,7,h3,維持肌膚清潔
tw,https://tw.beautyblossom.kr/58,8,h3,緩解汗味
tw,https://tw.beautyblossom.kr/58,9,h3,簡便療程
tw,https://tw.beautyblossom.kr/58,10,h3,短時療程
tw,https://tw.beautyblossom.kr/58,11,h3,安全治療
tw,https://tw.beautyblossom.kr/58,12,h3,副作用最小化
tw,https://tw.beautyblossom.kr/58,13,h3,全球標準品質
tw,https://tw.beautyblossom.kr/58,14,h3,正品・正量原則
tw,https://tw.beautyblossom.kr/58,15,h3,客製化細節護理
tw,https://tw.beautyblossom.kr/58,16,h6,CONTACT
tw,https://tw.beautyblossom.kr/58,17,h6,LOCATION
tw,https://tw.beautyblossom.kr/58,18,h6,OFFICE HOUR
tw,https://tw.beautyblossom.kr/58,19,h3,扫描二维码添加微信
tw,https://tw.beautyblossom.kr/58,20,h3,ID: BBS20250102
tw,https://tw.beautyblossom.kr/60,1,h3,肌膚護理
tw,https://tw.beautyblossom.kr/60,2,h3,皮脂管理
tw,https://tw.beautyblossom.kr/60,3,h3,水分管理
tw,https://tw.beautyblossom.kr/60,4,h3,肌膚再生
tw,https://tw.beautyblossom.kr/60,5,h6,配方
tw,https://tw.beautyblossom.kr/60,6,h6,肌膚增能注射
tw,https://tw.beautyblossom.kr/60,7,h3,全球標準品質
tw,https://tw.beautyblossom.kr/60,8,h3,正品・正量原則
tw,https://tw.beautyblossom.kr/60,9,h3,客製化細節護理
tw,https://tw.beautyblossom.kr/60,10,h6,CONTACT
tw,https://tw.beautyblossom.kr/60,11,h6,LOCATION
tw,https://tw.beautyblossom.kr/60,12,h6,OFFICE HOUR
tw,https://tw.beautyblossom.kr/60,13,h3,扫描二维码添加微信
tw,https://tw.beautyblossom.kr/60,14,h3,ID: BBS20250102
tw,https://tw.beautyblossom.kr/61,1,h3,平行超音波
tw,https://tw.beautyblossom.kr/61,2,h3,四重頻率
tw,https://tw.beautyblossom.kr/61,3,h3,膠原蛋白生成
tw,https://tw.beautyblossom.kr/61,4,h3,保濕強化
tw,https://tw.beautyblossom.kr/61,5,h3,V 臉線拉提
tw,https://tw.beautyblossom.kr/61,6,h3,膠原蛋白再生
tw,https://tw.beautyblossom.kr/61,7,h3,肌膚修復
tw,https://tw.beautyblossom.kr/61,8,h3,無痛管理
tw,https://tw.beautyblossom.kr/61,9,h3,全球標準品質
tw,https://tw.beautyblossom.kr/61,10,h3,正品・正量原則
tw,https://tw.beautyblossom.kr/61,11,h3,客製化細節護理
tw,https://tw.beautyblossom.kr/61,12,h6,CONTACT
tw,https://tw.beautyblossom.kr/61,13,h6,LOCATION
tw,https://tw.beautyblossom.kr/61,14,h6,OFFICE HOUR
tw,https://tw.beautyblossom.kr/61,15,h3,扫描二维码添加微信
tw,https://tw.beautyblossom.kr/61,16,h3,ID: BBS20250102
tw,https://tw.beautyblossom.kr/62,1,h3,選擇性治療
tw,https://tw.beautyblossom.kr/62,2,h3,痘痘改善
tw,https://tw.beautyblossom.kr/62,3,h3,施術次數
tw,https://tw.beautyblossom.kr/62,4,h3,維持期間
tw,https://tw.beautyblossom.kr/62,5,h3,痘痘改善
tw,https://tw.beautyblossom.kr/62,6,h3,皮脂調節
tw,https://tw.beautyblossom.kr/62,7,h3,毛孔縮小
tw,https://tw.beautyblossom.kr/62,8,h3,抑制復發
tw,https://tw.beautyblossom.kr/62,9,h3,全球標準品質
tw,https://tw.beautyblossom.kr/62,10,h3,正品・正量原則
tw,https://tw.beautyblossom.kr/62,11,h3,客製化細節護理
tw,https://tw.beautyblossom.kr/62,12,h6,CONTACT
tw,https://tw.beautyblossom.kr/62,13,h6,LOCATION
tw,https://tw.beautyblossom.kr/62,14,h6,OFFICE HOUR
tw,https://tw.beautyblossom.kr/62,15,h3,扫描二维码添加微信
tw,https://tw.beautyblossom.kr/62,16,h3,ID: BBS20250102
tw,https://tw.beautyblossom.kr/63,1,h3,全球標準品質
tw,https://tw.beautyblossom.kr/63,2,h3,正品・正量原則
tw,https://tw.beautyblossom.kr/63,3,h3,客製化細節護理
tw,https://tw.beautyblossom.kr/63,4,h6,CONTACT
tw,https://tw.beautyblossom.kr/63,5,h6,LOCATION
tw,https://tw.beautyblossom.kr/63,6,h6,OFFICE HOUR
tw,https://tw.beautyblossom.kr/63,7,h3,扫描二维码添加微信
tw,https://tw.beautyblossom.kr/63,8,h3,ID: BBS20250102
tw,https://tw.beautyblossom.kr/64,1,h3,低刺激
tw,https://tw.beautyblossom.kr/64,2,h3,營養補給
tw,https://tw.beautyblossom.kr/64,3,h3,施術時間
tw,https://tw.beautyblossom.kr/64,4,h3,恢復期
tw,https://tw.beautyblossom.kr/64,5,h3,天然煥膚
tw,https://tw.beautyblossom.kr/64,6,h3,改善肌膚問題
tw,https://tw.beautyblossom.kr/64,7,h3,營養補給
tw,https://tw.beautyblossom.kr/64,8,h3,肌膚再生
tw,https://tw.beautyblossom.kr/64,9,h3,全球標準品質
tw,https://tw.beautyblossom.kr/64,10,h3,正品・正量原則
tw,https://tw.beautyblossom.kr/64,11,h3,客製化細節護理
tw,https://tw.beautyblossom.kr/64,12,h6,CONTACT
tw,https://tw.beautyblossom.kr/64,13,h6,LOCATION
tw,https://tw.beautyblossom.kr/64,14,h6,OFFICE HOUR
tw,https://tw.beautyblossom.kr/64,15,h3,扫描二维码添加微信
tw,https://tw.beautyblossom.kr/64,16,h3,ID: BBS20250102
tw,https://tw.beautyblossom.kr/65,1,h3,低刺激
tw,https://tw.beautyblossom.kr/65,2,h3,護理配方
tw,https://tw.beautyblossom.kr/65,3,h3,施術時間
tw,https://tw.beautyblossom.kr/65,4,h3,恢復期
tw,https://tw.beautyblossom.kr/65,5,h3,低刺激煥膚
tw,https://tw.beautyblossom.kr/65,6,h3,毛孔清潔
tw,https://tw.beautyblossom.kr/65,7,h3,水分補給
tw,https://tw.beautyblossom.kr/65,8,h3,肌膚舒緩
tw,https://tw.beautyblossom.kr/65,9,h3,全球標準品質
tw,https://tw.beautyblossom.kr/65,10,h3,正品・正量原則
tw,https://tw.beautyblossom.kr/65,11,h3,客製化細節護理
tw,https://tw.beautyblossom.kr/65,12,h6,CONTACT
tw,https://tw.beautyblossom.kr/65,13,h6,LOCATION
tw,https://tw.beautyblossom.kr/65,14,h6,OFFICE HOUR
tw,https://tw.beautyblossom.kr/65,15,h3,扫描二维码添加微信
tw,https://tw.beautyblossom.kr/65,16,h3,ID: BBS20250102
tw,https://tw.beautyblossom.kr/66,1,h3,療程時間
tw,https://tw.beautyblossom.kr/66,2,h3,建議管理週期
tw,https://tw.beautyblossom.kr/66,3,h3,疼痛程度
tw,https://tw.beautyblossom.kr/66,4,h3,恢復期
tw,https://tw.beautyblossom.kr/66,5,h3,深層護理
tw,https://tw.beautyblossom.kr/66,6,h3,亮白效果
tw,https://tw.beautyblossom.kr/66,7,h3,彈力改善
tw,https://tw.beautyblossom.kr/66,8,h3,補水保濕
tw,https://tw.beautyblossom.kr/66,9,h3,全球標準品質
tw,https://tw.beautyblossom.kr/66,10,h3,正品・正量原則
tw,https://tw.beautyblossom.kr/66,11,h3,客製化細節護理
tw,https://tw.beautyblossom.kr/66,12,h6,CONTACT
tw,https://tw.beautyblossom.kr/66,13,h6,LOCATION
tw,https://tw.beautyblossom.kr/66,14,h6,OFFICE HOUR
tw,https://tw.beautyblossom.kr/66,15,h3,扫描二维码添加微信
tw,https://tw.beautyblossom.kr/66,16,h3,ID: BBS20250102
tw,https://tw.beautyblossom.kr/68,1,h3,肌膚舒緩
tw,https://tw.beautyblossom.kr/68,2,h3,補水保濕
tw,https://tw.beautyblossom.kr/68,3,h3,屏障強化
tw,https://tw.beautyblossom.kr/68,4,h3,建議管理週期
tw,https://tw.beautyblossom.kr/68,5,h3,肌膚舒緩
tw,https://tw.beautyblossom.kr/68,6,h3,加強保濕
tw,https://tw.beautyblossom.kr/68,7,h3,再生效果
tw,https://tw.beautyblossom.kr/68,8,h3,問題肌護理
tw,https://tw.beautyblossom.kr/68,9,h3,全球標準品質
tw,https://tw.beautyblossom.kr/68,10,h3,正品・正量原則
tw,https://tw.beautyblossom.kr/68,11,h3,客製化細節護理
tw,https://tw.beautyblossom.kr/68,12,h6,CONTACT
tw,https://tw.beautyblossom.kr/68,13,h6,LOCATION
tw,https://tw.beautyblossom.kr/68,14,h6,OFFICE HOUR
tw,https://tw.beautyblossom.kr/68,15,h3,扫描二维码添加微信
tw,https://tw.beautyblossom.kr/68,16,h3,ID: BBS20250102
tw,https://tw.beautyblossom.kr/69,1,h3,專業診療
tw,https://tw.beautyblossom.kr/69,2,h3,分階段管理
tw,https://tw.beautyblossom.kr/69,3,h3,預防復發
tw,https://tw.beautyblossom.kr/69,4,h3,管理期間
tw,https://tw.beautyblossom.kr/69,5,h3,改善發炎
tw,https://tw.beautyblossom.kr/69,6,h3,皮脂管理
tw,https://tw.beautyblossom.kr/69,7,h3,預防疤痕
tw,https://tw.beautyblossom.kr/69,8,h3,防止復發
tw,https://tw.beautyblossom.kr/69,9,h3,全球標準品質
tw,https://tw.beautyblossom.kr/69,10,h3,正品・正量原則
tw,https://tw.beautyblossom.kr/69,11,h3,客製化細節護理
tw,https://tw.beautyblossom.kr/69,12,h6,CONTACT
tw,https://tw.beautyblossom.kr/69,13,h6,LOCATION
tw,https://tw.beautyblossom.kr/69,14,h6,OFFICE HOUR
tw,https://tw.beautyblossom.kr/69,15,h3,扫描二维码添加微信
tw,https://tw.beautyblossom.kr/69,16,h3,ID: BBS20250102
tw,https://tw.beautyblossom.kr/71,1,h4,
tw,https://tw.beautyblossom.kr/71,2,h4,
tw,https://tw.beautyblossom.kr/71,3,h4,
tw,https://tw.beautyblossom.kr/71,4,h6,CONTACT
tw,https://tw.beautyblossom.kr/71,5,h6,LOCATION
tw,https://tw.beautyblossom.kr/71,6,h6,OFFICE HOUR
tw,https://tw.beautyblossom.kr/71,7,h3,扫描二维码添加微信
tw,https://tw.beautyblossom.kr/71,8,h3,ID: BBS20250102
tw,https://tw.beautyblossom.kr/72,1,h3,療程時間
tw,https://tw.beautyblossom.kr/72,2,h3,麻醉與否
tw,https://tw.beautyblossom.kr/72,3,h3,恢復期間
tw,https://tw.beautyblossom.kr/72,4,h3,部位選擇
tw,https://tw.beautyblossom.kr/72,5,h3,全球標準品質
tw,https://tw.beautyblossom.kr/72,6,h3,正品・正量原則
tw,https://tw.beautyblossom.kr/72,7,h3,客製化細節護理
tw,https://tw.beautyblossom.kr/72,8,h6,CONTACT
tw,https://tw.beautyblossom.kr/72,9,h6,LOCATION
tw,https://tw.beautyblossom.kr/72,10,h6,OFFICE HOUR
tw,https://tw.beautyblossom.kr/72,11,h3,扫描二维码添加微信
tw,https://tw.beautyblossom.kr/72,12,h3,ID: BBS20250102
tw,https://tw.beautyblossom.kr/73,1,h3,能量傳遞
tw,https://tw.beautyblossom.kr/73,2,h3,療程時間
tw,https://tw.beautyblossom.kr/73,3,h3,恢復期間
tw,https://tw.beautyblossom.kr/73,4,h3,安全性
tw,https://tw.beautyblossom.kr/73,5,h3,選擇性治療
tw,https://tw.beautyblossom.kr/73,6,h3,快速恢復
tw,https://tw.beautyblossom.kr/73,7,h3,高效能
tw,https://tw.beautyblossom.kr/73,8,h3,High Zone
tw,https://tw.beautyblossom.kr/73,9,h3,Low Zone
tw,https://tw.beautyblossom.kr/73,10,h3,最小化熱損傷
tw,https://tw.beautyblossom.kr/73,11,h3,短恢復期
tw,https://tw.beautyblossom.kr/73,12,h3,肌膚改善效果持續性
tw,https://tw.beautyblossom.kr/73,13,h3,解決多種肌膚問題
tw,https://tw.beautyblossom.kr/73,14,h2,色素沉澱改善方案
tw,https://tw.beautyblossom.kr/73,15,h1,PicoSure Toning
tw,https://tw.beautyblossom.kr/73,16,h2,肌膚再生方案
tw,https://tw.beautyblossom.kr/73,17,h1,PicoFocus
tw,https://tw.beautyblossom.kr/73,18,h2,精準鎖定曬斑雀斑
tw,https://tw.beautyblossom.kr/73,19,h1,Pico Zoom Pass
tw,https://tw.beautyblossom.kr/73,20,h3,全球標準品質
tw,https://tw.beautyblossom.kr/73,21,h3,正品・正量原則
tw,https://tw.beautyblossom.kr/73,22,h3,客製化細節護理
tw,https://tw.beautyblossom.kr/73,23,h6,CONTACT
tw,https://tw.beautyblossom.kr/73,24,h6,LOCATION
tw,https://tw.beautyblossom.kr/73,25,h6,OFFICE HOUR
tw,https://tw.beautyblossom.kr/73,26,h3,扫描二维码添加微信
tw,https://tw.beautyblossom.kr/73,27,h3,ID: BBS20250102
tw,https://tw.beautyblossom.kr/74,1,h3,價格
tw,https://tw.beautyblossom.kr/74,2,h3,療程時間
tw,https://tw.beautyblossom.kr/74,3,h3,疼痛管理
tw,https://tw.beautyblossom.kr/74,4,h3,療程效果
tw,https://tw.beautyblossom.kr/74,5,h3,低刺激療程
tw,https://tw.beautyblossom.kr/74,6,h3,快速去除
tw,https://tw.beautyblossom.kr/74,7,h3,依部位客製化
tw,https://tw.beautyblossom.kr/74,8,h3,全球標準品質
tw,https://tw.beautyblossom.kr/74,9,h3,正品・正量原則
tw,https://tw.beautyblossom.kr/74,10,h3,客製化細節護理
tw,https://tw.beautyblossom.kr/74,11,h6,CONTACT
tw,https://tw.beautyblossom.kr/74,12,h6,LOCATION
tw,https://tw.beautyblossom.kr/74,13,h6,OFFICE HOUR
tw,https://tw.beautyblossom.kr/74,14,h3,扫描二维码添加微信
tw,https://tw.beautyblossom.kr/74,15,h3,ID: BBS20250102
tw,https://tw.beautyblossom.kr/75,1,h3,療程時間
tw,https://tw.beautyblossom.kr/75,2,h3,麻醉與否
tw,https://tw.beautyblossom.kr/75,3,h3,恢復期間
tw,https://tw.beautyblossom.kr/75,4,h3,療程效果
tw,https://tw.beautyblossom.kr/75,5,h3,疼痛少
tw,https://tw.beautyblossom.kr/75,6,h3,快速見效
tw,https://tw.beautyblossom.kr/75,7,h3,降低痘痘復發率
tw,https://tw.beautyblossom.kr/75,8,h3,皮脂調節
tw,https://tw.beautyblossom.kr/75,9,h3,全球標準品質
tw,https://tw.beautyblossom.kr/75,10,h3,正品・正量原則
tw,https://tw.beautyblossom.kr/75,11,h3,客製化細節護理
tw,https://tw.beautyblossom.kr/75,12,h6,CONTACT
tw,https://tw.beautyblossom.kr/75,13,h6,LOCATION
tw,https://tw.beautyblossom.kr/75,14,h6,OFFICE HOUR
tw,https://tw.beautyblossom.kr/75,15,h3,扫描二维码添加微信
tw,https://tw.beautyblossom.kr/75,16,h3,ID: BBS20250102
tw,https://tw.beautyblossom.kr/76,1,h3,雙波長
tw,https://tw.beautyblossom.kr/76,2,h3,疼痛管理
tw,https://tw.beautyblossom.kr/76,3,h3,療程效果
tw,https://tw.beautyblossom.kr/76,4,h3,恢復期間
tw,https://tw.beautyblossom.kr/76,5,h3,疼痛少
tw,https://tw.beautyblossom.kr/76,6,h3,快速見效
tw,https://tw.beautyblossom.kr/76,7,h3,痘痘色素改善
tw,https://tw.beautyblossom.kr/76,8,h3,立即可正常生活
tw,https://tw.beautyblossom.kr/76,9,h3,全球標準品質
tw,https://tw.beautyblossom.kr/76,10,h3,正品・正量原則
tw,https://tw.beautyblossom.kr/76,11,h3,客製化細節護理
tw,https://tw.beautyblossom.kr/76,12,h6,CONTACT
tw,https://tw.beautyblossom.kr/76,13,h6,LOCATION
tw,https://tw.beautyblossom.kr/76,14,h6,OFFICE HOUR
tw,https://tw.beautyblossom.kr/76,15,h3,扫描二维码添加微信
tw,https://tw.beautyblossom.kr/76,16,h3,ID: BBS20250102
tw,https://tw.beautyblossom.kr/LDM,1,h3,療程時間
tw,https://tw.beautyblossom.kr/LDM,2,h3,麻醉與否
tw,https://tw.beautyblossom.kr/LDM,3,h3,恢復期
tw,https://tw.beautyblossom.kr/LDM,4,h3,效果維持
tw,https://tw.beautyblossom.kr/LDM,5,h3,全球標準品質
tw,https://tw.beautyblossom.kr/LDM,6,h3,正品・正量原則
tw,https://tw.beautyblossom.kr/LDM,7,h3,客製化細節護理
tw,https://tw.beautyblossom.kr/LDM,8,h6,CONTACT
tw,https://tw.beautyblossom.kr/LDM,9,h6,LOCATION
tw,https://tw.beautyblossom.kr/LDM,10,h6,OFFICE HOUR
tw,https://tw.beautyblossom.kr/LDM,11,h3,扫描二维码添加微信
tw,https://tw.beautyblossom.kr/LDM,12,h3,ID: BBS20250102
tw,https://tw.beautyblossom.kr/XERF,1,h1,Fit theDepth.XERF
tw,https://tw.beautyblossom.kr/XERF,2,h2,Meet the instrumentof depth.
tw,https://tw.beautyblossom.kr/XERF,3,h2,雙頻率滲入肌膚 深處|
tw,https://tw.beautyblossom.kr/XERF,4,h2,一台設備實現多層傳遞
tw,https://tw.beautyblossom.kr/XERF,5,h2,四款效應器，四種質感
tw,https://tw.beautyblossom.kr/XERF,6,h2,電波拉提，如果你在意深度的話，答案會是 XERF
tw,https://tw.beautyblossom.kr/XERF,7,h2,Fit myMoment.
tw,https://tw.beautyblossom.kr/XERF,8,h3,治療指南
tw,https://tw.beautyblossom.kr/XERF,9,h6,CONTACT
tw,https://tw.beautyblossom.kr/XERF,10,h6,LOCATION
tw,https://tw.beautyblossom.kr/XERF,11,h6,OFFICE HOUR
tw,https://tw.beautyblossom.kr/XERF,12,h3,扫描二维码添加微信
tw,https://tw.beautyblossom.kr/XERF,13,h3,ID: BBS20250102
tw,https://tw.beautyblossom.kr/alltite,1,h1,LIFT & TIGHTEN臉部下垂，就選 Alltite
tw,https://tw.beautyblossom.kr/alltite,2,h2,臉部下垂，即刻拉提
tw,https://tw.beautyblossom.kr/alltite,3,h2,全新技術，DLTD® 終於誕生
tw,https://tw.beautyblossom.kr/alltite,4,h3,17 倍能量
tw,https://tw.beautyblossom.kr/alltite,5,h3,聚焦介電加熱
tw,https://tw.beautyblossom.kr/alltite,6,h3,冷卻技術
tw,https://tw.beautyblossom.kr/alltite,7,h2,守護肌膚表皮，只於深層加熱
tw,https://tw.beautyblossom.kr/alltite,8,h2,將能量集中於真皮下層
tw,https://tw.beautyblossom.kr/alltite,9,h4,能量在淺層流失
tw,https://tw.beautyblossom.kr/alltite,10,h4,能量作用於真皮下層
tw,https://tw.beautyblossom.kr/alltite,11,h2,Alltite 效果
tw,https://tw.beautyblossom.kr/alltite,12,h3,即刻拉提
tw,https://tw.beautyblossom.kr/alltite,13,h3,降低疼痛感，縮短恢復期
tw,https://tw.beautyblossom.kr/alltite,14,h3,更強的拉提
tw,https://tw.beautyblossom.kr/alltite,15,h3,增強肌膚彈力
tw,https://tw.beautyblossom.kr/alltite,16,h2,精密設計的設備
tw,https://tw.beautyblossom.kr/alltite,17,h2,分部位客製拉提
tw,https://tw.beautyblossom.kr/alltite,18,h2,有何不同？
tw,https://tw.beautyblossom.kr/alltite,19,h2,臉部下垂，就選 Alltite
tw,https://tw.beautyblossom.kr/alltite,20,h2,#適用部位依困擾精準改善
tw,https://tw.beautyblossom.kr/alltite,21,h2,依困擾，隨心客製
tw,https://tw.beautyblossom.kr/alltite,22,h2,#推薦對象適合這樣的你
tw,https://tw.beautyblossom.kr/alltite,23,h2,療程資訊一覽
tw,https://tw.beautyblossom.kr/alltite,24,h2,常見問題
tw,https://tw.beautyblossom.kr/alltite,25,h6,CONTACT
tw,https://tw.beautyblossom.kr/alltite,26,h6,LOCATION
tw,https://tw.beautyblossom.kr/alltite,27,h6,OFFICE HOUR
tw,https://tw.beautyblossom.kr/alltite,28,h3,扫描二维码添加微信
tw,https://tw.beautyblossom.kr/alltite,29,h3,ID: BBS20250102
tw,https://tw.beautyblossom.kr/dca-injection,1,h1,"脂肪細胞破壞注射的
				新標準"
tw,https://tw.beautyblossom.kr/dca-injection,2,h2,正在煩惱難以消除的雙下巴嗎？
tw,https://tw.beautyblossom.kr/dca-injection,3,h3,遺傳因素
tw,https://tw.beautyblossom.kr/dca-injection,4,h3,體重增加
tw,https://tw.beautyblossom.kr/dca-injection,5,h3,醫學·老化因素
tw,https://tw.beautyblossom.kr/dca-injection,6,h2,VIVLE（DCA溶脂針）是什麼？
tw,https://tw.beautyblossom.kr/dca-injection,7,h2,為什麼選擇DCA溶脂針？
tw,https://tw.beautyblossom.kr/dca-injection,8,h3,長效脂肪細胞去除
tw,https://tw.beautyblossom.kr/dca-injection,9,h3,膠原蛋白·彈力改善
tw,https://tw.beautyblossom.kr/dca-injection,10,h3,無類固醇 · 無反彈
tw,https://tw.beautyblossom.kr/dca-injection,11,h3,FDA核准的驗證成分
tw,https://tw.beautyblossom.kr/dca-injection,12,h2,DCA（去氧膽酸）的脂肪分解原理
tw,https://tw.beautyblossom.kr/dca-injection,13,h4,結合於細胞膜
tw,https://tw.beautyblossom.kr/dca-injection,14,h4,細胞膜破壞
tw,https://tw.beautyblossom.kr/dca-injection,15,h4,脂肪去除 + 膠原蛋白
tw,https://tw.beautyblossom.kr/dca-injection,16,h2,脂肪分解 VS 脂肪細胞破壞，有何不同？
tw,https://tw.beautyblossom.kr/dca-injection,17,h3,溶脂針
tw,https://tw.beautyblossom.kr/dca-injection,18,h3,脂肪細胞破壞注射（DCA）
tw,https://tw.beautyblossom.kr/dca-injection,19,h2,一眼看懂效果變化
tw,https://tw.beautyblossom.kr/dca-injection,20,h2,VIVLE
tw,https://tw.beautyblossom.kr/dca-injection,21,h2,施術資訊一覽
tw,https://tw.beautyblossom.kr/dca-injection,22,h2,Before & After
tw,https://tw.beautyblossom.kr/dca-injection,23,h2,推薦給這些人
tw,https://tw.beautyblossom.kr/dca-injection,24,h3,只有下巴脂肪多的人
tw,https://tw.beautyblossom.kr/dca-injection,25,h3,下巴·頸部界線模糊的人
tw,https://tw.beautyblossom.kr/dca-injection,26,h3,看起來印象遲鈍的人
tw,https://tw.beautyblossom.kr/dca-injection,27,h3,害怕手術的人
tw,https://tw.beautyblossom.kr/dca-injection,28,h3,尋找驗證成分的人
tw,https://tw.beautyblossom.kr/dca-injection,29,h3,希望恢復期短的人
tw,https://tw.beautyblossom.kr/dca-injection,30,h2,施術後注意事項
tw,https://tw.beautyblossom.kr/dca-injection,31,h2,常見問題
tw,https://tw.beautyblossom.kr/dca-injection,32,h6,CONTACT
tw,https://tw.beautyblossom.kr/dca-injection,33,h6,LOCATION
tw,https://tw.beautyblossom.kr/dca-injection,34,h6,OFFICE HOUR
tw,https://tw.beautyblossom.kr/dca-injection,35,h3,扫描二维码添加微信
tw,https://tw.beautyblossom.kr/dca-injection,36,h3,ID: BBS20250102
tw,https://tw.beautyblossom.kr/diet-injection,1,h1,"NUVIJU

世界首創成分，採用接近人體 pH 設計的雙下巴脂肪改善注射。"
tw,https://tw.beautyblossom.kr/diet-injection,2,h2,溶脂針，現在可以選擇成分了
tw,https://tw.beautyblossom.kr/diet-injection,3,h2,推薦給這些人
tw,https://tw.beautyblossom.kr/diet-injection,4,h3,為雙下巴困擾
tw,https://tw.beautyblossom.kr/diet-injection,5,h3,減肥也瘦不下來
tw,https://tw.beautyblossom.kr/diet-injection,6,h3,擔心疼痛
tw,https://tw.beautyblossom.kr/diet-injection,7,h3,希望盡快回歸日常
tw,https://tw.beautyblossom.kr/diet-injection,8,h2,膽酸溶解脂肪細胞，身體再自然代謝
tw,https://tw.beautyblossom.kr/diet-injection,9,h4,下巴脂肪細胞
tw,https://tw.beautyblossom.kr/diet-injection,10,h4,溶解脂肪細胞
tw,https://tw.beautyblossom.kr/diet-injection,11,h4,自然代謝
tw,https://tw.beautyblossom.kr/diet-injection,12,h4,下顎線更清晰
tw,https://tw.beautyblossom.kr/diet-injection,13,h2,用數字看變化
tw,https://tw.beautyblossom.kr/diet-injection,14,h2,施術前後，改變的下顎線
tw,https://tw.beautyblossom.kr/diet-injection,15,h2,分解脂肪，減輕負擔
tw,https://tw.beautyblossom.kr/diet-injection,16,h2,腫脹與瘀青，多在一週內消退
tw,https://tw.beautyblossom.kr/diet-injection,17,h2,接近人體的 pH 值，更加舒適
tw,https://tw.beautyblossom.kr/diet-injection,18,h2,常見問題
tw,https://tw.beautyblossom.kr/diet-injection,19,h2,施術後護理指南
tw,https://tw.beautyblossom.kr/diet-injection,20,h4,冷敷鎮靜
tw,https://tw.beautyblossom.kr/diet-injection,21,h4,避免用力按壓與按摩
tw,https://tw.beautyblossom.kr/diet-injection,22,h4,當天避免三溫暖、飲酒與劇烈運動
tw,https://tw.beautyblossom.kr/diet-injection,23,h4,出現異常症狀時請諮詢醫療人員
tw,https://tw.beautyblossom.kr/diet-injection,24,h6,CONTACT
tw,https://tw.beautyblossom.kr/diet-injection,25,h6,LOCATION
tw,https://tw.beautyblossom.kr/diet-injection,26,h6,OFFICE HOUR
tw,https://tw.beautyblossom.kr/diet-injection,27,h3,扫描二维码添加微信
tw,https://tw.beautyblossom.kr/diet-injection,28,h3,ID: BBS20250102
tw,https://tw.beautyblossom.kr/fortra-quattro,1,h1,FORTRAQUATTRO
tw,https://tw.beautyblossom.kr/fortra-quattro,2,h2,在三波長鈦拉提上增加940nm的四波長
tw,https://tw.beautyblossom.kr/fortra-quattro,3,h2,波長決定深度
tw,https://tw.beautyblossom.kr/fortra-quattro,4,h2,更深入，更舒適
tw,https://tw.beautyblossom.kr/fortra-quattro,5,h4,廣域靶向的940nm
tw,https://tw.beautyblossom.kr/fortra-quattro,6,h4,強力接觸冷卻
tw,https://tw.beautyblossom.kr/fortra-quattro,7,h4,寬廣的照射面積
tw,https://tw.beautyblossom.kr/fortra-quattro,8,h2,兩種模式，因目的而異的能量傳遞
tw,https://tw.beautyblossom.kr/fortra-quattro,9,h3,Intensive
tw,https://tw.beautyblossom.kr/fortra-quattro,10,h3,Dynamic
tw,https://tw.beautyblossom.kr/fortra-quattro,11,h2,在鈦拉提三效果之上，再加一項
tw,https://tw.beautyblossom.kr/fortra-quattro,12,h4,提拉鬆弛肌膚
tw,https://tw.beautyblossom.kr/fortra-quattro,13,h4,緊緻 · 皺紋
tw,https://tw.beautyblossom.kr/fortra-quattro,14,h4,明亮膚色 · 毛孔
tw,https://tw.beautyblossom.kr/fortra-quattro,15,h4,修飾V臉
tw,https://tw.beautyblossom.kr/fortra-quattro,16,h2,推薦給這樣的您
tw,https://tw.beautyblossom.kr/fortra-quattro,17,h2,Beauty Blossom獨有的拉提設計
tw,https://tw.beautyblossom.kr/fortra-quattro,18,h4,1:1客製化參數設計
tw,https://tw.beautyblossom.kr/fortra-quattro,19,h4,複合療程組合運用
tw,https://tw.beautyblossom.kr/fortra-quattro,20,h4,術後護理
tw,https://tw.beautyblossom.kr/fortra-quattro,21,h2,術後注意事項
tw,https://tw.beautyblossom.kr/fortra-quattro,22,h2,常見問題
tw,https://tw.beautyblossom.kr/fortra-quattro,23,h6,CONTACT
tw,https://tw.beautyblossom.kr/fortra-quattro,24,h6,LOCATION
tw,https://tw.beautyblossom.kr/fortra-quattro,25,h6,OFFICE HOUR
tw,https://tw.beautyblossom.kr/fortra-quattro,26,h3,扫描二维码添加微信
tw,https://tw.beautyblossom.kr/fortra-quattro,27,h3,ID: BBS20250102
tw,https://tw.beautyblossom.kr/hilo-wave,1,h1,WAVE into your skin改變肌膚環境的全新標準 — HILO WAVE
tw,https://tw.beautyblossom.kr/hilo-wave,2,h2,讓肌膚變好的膠原蛋白注射HILO WAVE
tw,https://tw.beautyblossom.kr/hilo-wave,3,h2,以「調節」而非刺激來改變肌膚環境
tw,https://tw.beautyblossom.kr/hilo-wave,4,h2,HILO WAVE 功效
tw,https://tw.beautyblossom.kr/hilo-wave,5,h4,Bio-Stimulation
tw,https://tw.beautyblossom.kr/hilo-wave,6,h4,抗氧化 · 抗發炎
tw,https://tw.beautyblossom.kr/hilo-wave,7,h4,彈力 · 膚色
tw,https://tw.beautyblossom.kr/hilo-wave,8,h4,抗纖維化
tw,https://tw.beautyblossom.kr/hilo-wave,9,h2,疼痛與恢復期雙重最小化
tw,https://tw.beautyblossom.kr/hilo-wave,10,h3,副作用最小化
tw,https://tw.beautyblossom.kr/hilo-wave,11,h3,疼痛最小化
tw,https://tw.beautyblossom.kr/hilo-wave,12,h3,恢復期最小化
tw,https://tw.beautyblossom.kr/hilo-wave,13,h2,療程資訊一覽
tw,https://tw.beautyblossom.kr/hilo-wave,14,h2,HILO WAVE 核心重點
tw,https://tw.beautyblossom.kr/hilo-wave,15,h3,"More HA, Less Crosslinking"
tw,https://tw.beautyblossom.kr/hilo-wave,16,h3,Diffusion + Retention
tw,https://tw.beautyblossom.kr/hilo-wave,17,h3,Skin Quality + Volume
tw,https://tw.beautyblossom.kr/hilo-wave,18,h3,EBD 協同效果
tw,https://tw.beautyblossom.kr/hilo-wave,19,h2,以科學依據驗證的肌膚再生
tw,https://tw.beautyblossom.kr/hilo-wave,20,h2,推薦對象
tw,https://tw.beautyblossom.kr/hilo-wave,21,h2,術後注意事項
tw,https://tw.beautyblossom.kr/hilo-wave,22,h2,常見問題
tw,https://tw.beautyblossom.kr/hilo-wave,23,h6,CONTACT
tw,https://tw.beautyblossom.kr/hilo-wave,24,h6,LOCATION
tw,https://tw.beautyblossom.kr/hilo-wave,25,h6,OFFICE HOUR
tw,https://tw.beautyblossom.kr/hilo-wave,26,h3,扫描二维码添加微信
tw,https://tw.beautyblossom.kr/hilo-wave,27,h3,ID: BBS20250102
tw,https://tw.beautyblossom.kr/home,1,h6,讓您的每一天綻放光彩
tw,https://tw.beautyblossom.kr/home,2,h6,讓您的每一天綻放光彩
tw,https://tw.beautyblossom.kr/home,3,h6,讓您的每一天綻放光彩
tw,https://tw.beautyblossom.kr/home,4,h6,讓您的每一天綻放光彩
tw,https://tw.beautyblossom.kr/home,5,h6,讓您的每一天綻放光彩
tw,https://tw.beautyblossom.kr/home,6,h6,讓您的每一天綻放光彩
tw,https://tw.beautyblossom.kr/home,7,h6,讓您的每一天綻放光彩
tw,https://tw.beautyblossom.kr/home,8,h6,讓您的每一天綻放光彩
tw,https://tw.beautyblossom.kr/home,9,h6,讓您的每一天綻放光彩
tw,https://tw.beautyblossom.kr/home,10,h6,讓您的每一天綻放光彩
tw,https://tw.beautyblossom.kr/home,11,h6,Beauty Blossom 活動
tw,https://tw.beautyblossom.kr/home,12,h4,
tw,https://tw.beautyblossom.kr/home,13,h4,
tw,https://tw.beautyblossom.kr/home,14,h4,
tw,https://tw.beautyblossom.kr/home,15,h4,
tw,https://tw.beautyblossom.kr/home,16,h4,
tw,https://tw.beautyblossom.kr/home,17,h4,
tw,https://tw.beautyblossom.kr/home,18,h4,
tw,https://tw.beautyblossom.kr/home,19,h4,
tw,https://tw.beautyblossom.kr/home,20,h4,
tw,https://tw.beautyblossom.kr/home,21,h4,
tw,https://tw.beautyblossom.kr/home,22,h4,
tw,https://tw.beautyblossom.kr/home,23,h4,
tw,https://tw.beautyblossom.kr/home,24,h4,
tw,https://tw.beautyblossom.kr/home,25,h4,
tw,https://tw.beautyblossom.kr/home,26,h4,
tw,https://tw.beautyblossom.kr/home,27,h4,
tw,https://tw.beautyblossom.kr/home,28,h4,
tw,https://tw.beautyblossom.kr/home,29,h4,
tw,https://tw.beautyblossom.kr/home,30,h4,
tw,https://tw.beautyblossom.kr/home,31,h4,
tw,https://tw.beautyblossom.kr/home,32,h4,
tw,https://tw.beautyblossom.kr/home,33,h4,
tw,https://tw.beautyblossom.kr/home,34,h4,
tw,https://tw.beautyblossom.kr/home,35,h4,
tw,https://tw.beautyblossom.kr/home,36,h4,
tw,https://tw.beautyblossom.kr/home,37,h4,
tw,https://tw.beautyblossom.kr/home,38,h4,
tw,https://tw.beautyblossom.kr/home,39,h4,
tw,https://tw.beautyblossom.kr/home,40,h4,
tw,https://tw.beautyblossom.kr/home,41,h4,
tw,https://tw.beautyblossom.kr/home,42,h4,
tw,https://tw.beautyblossom.kr/home,43,h4,
tw,https://tw.beautyblossom.kr/home,44,h4,
tw,https://tw.beautyblossom.kr/home,45,h4,
tw,https://tw.beautyblossom.kr/home,46,h4,
tw,https://tw.beautyblossom.kr/home,47,h6,Beauty Blossom Instagram
tw,https://tw.beautyblossom.kr/home,48,h4,
tw,https://tw.beautyblossom.kr/home,49,h4,
tw,https://tw.beautyblossom.kr/home,50,h4,
tw,https://tw.beautyblossom.kr/home,51,h4,
tw,https://tw.beautyblossom.kr/home,52,h4,
tw,https://tw.beautyblossom.kr/home,53,h4,
tw,https://tw.beautyblossom.kr/home,54,h4,
tw,https://tw.beautyblossom.kr/home,55,h4,
tw,https://tw.beautyblossom.kr/home,56,h4,
tw,https://tw.beautyblossom.kr/home,57,h4,
tw,https://tw.beautyblossom.kr/home,58,h4,
tw,https://tw.beautyblossom.kr/home,59,h4,
tw,https://tw.beautyblossom.kr/home,60,h4,
tw,https://tw.beautyblossom.kr/home,61,h6,媒體報導 & 明星
tw,https://tw.beautyblossom.kr/home,62,h4,
tw,https://tw.beautyblossom.kr/home,63,h4,
tw,https://tw.beautyblossom.kr/home,64,h4,
tw,https://tw.beautyblossom.kr/home,65,h4,
tw,https://tw.beautyblossom.kr/home,66,h4,
tw,https://tw.beautyblossom.kr/home,67,h4,
tw,https://tw.beautyblossom.kr/home,68,h4,
tw,https://tw.beautyblossom.kr/home,69,h4,
tw,https://tw.beautyblossom.kr/home,70,h6,以了解肌膚的細膩手法為您設計專屬的美麗
tw,https://tw.beautyblossom.kr/home,71,h6,以全球標準的皮膚科解決方案，成就專屬於您的美麗
tw,https://tw.beautyblossom.kr/home,72,h6,以了解肌膚的細膩手法
tw,https://tw.beautyblossom.kr/home,73,h6,為您設計專屬的美麗。
tw,https://tw.beautyblossom.kr/home,74,h6,以全球標準的皮膚科解決方案，
tw,https://tw.beautyblossom.kr/home,75,h6,成就專屬於您的美麗。
tw,https://tw.beautyblossom.kr/home,76,h6,Beauty Blossom 特別診療
tw,https://tw.beautyblossom.kr/home,77,h2,客製拉提
tw,https://tw.beautyblossom.kr/home,78,h2,客製色素
tw,https://tw.beautyblossom.kr/home,79,h2,客製體態
tw,https://tw.beautyblossom.kr/home,80,h2,肌膚管理
tw,https://tw.beautyblossom.kr/home,81,h2,微整形
tw,https://tw.beautyblossom.kr/home,82,h4,
tw,https://tw.beautyblossom.kr/home,83,h4,
tw,https://tw.beautyblossom.kr/home,84,h4,
tw,https://tw.beautyblossom.kr/home,85,h4,
tw,https://tw.beautyblossom.kr/home,86,h4,
tw,https://tw.beautyblossom.kr/home,87,h6,Beauty Blossom 空間
tw,https://tw.beautyblossom.kr/home,88,h4,
tw,https://tw.beautyblossom.kr/home,89,h4,
tw,https://tw.beautyblossom.kr/home,90,h4,
tw,https://tw.beautyblossom.kr/home,91,h4,
tw,https://tw.beautyblossom.kr/home,92,h4,
tw,https://tw.beautyblossom.kr/home,93,h4,
tw,https://tw.beautyblossom.kr/home,94,h4,
tw,https://tw.beautyblossom.kr/home,95,h4,
tw,https://tw.beautyblossom.kr/home,96,h4,
tw,https://tw.beautyblossom.kr/home,97,h4,
tw,https://tw.beautyblossom.kr/home,98,h4,
tw,https://tw.beautyblossom.kr/home,99,h4,
tw,https://tw.beautyblossom.kr/home,100,h4,
tw,https://tw.beautyblossom.kr/home,101,h4,
tw,https://tw.beautyblossom.kr/home,102,h4,
tw,https://tw.beautyblossom.kr/home,103,h4,
tw,https://tw.beautyblossom.kr/home,104,h4,
tw,https://tw.beautyblossom.kr/home,105,h4,
tw,https://tw.beautyblossom.kr/home,106,h4,
tw,https://tw.beautyblossom.kr/home,107,h4,
tw,https://tw.beautyblossom.kr/home,108,h4,
tw,https://tw.beautyblossom.kr/home,109,h4,
tw,https://tw.beautyblossom.kr/home,110,h4,
tw,https://tw.beautyblossom.kr/home,111,h4,
tw,https://tw.beautyblossom.kr/home,112,h4,
tw,https://tw.beautyblossom.kr/home,113,h4,
tw,https://tw.beautyblossom.kr/home,114,h4,
tw,https://tw.beautyblossom.kr/home,115,h4,
tw,https://tw.beautyblossom.kr/home,116,h4,
tw,https://tw.beautyblossom.kr/home,117,h4,
tw,https://tw.beautyblossom.kr/home,118,h4,
tw,https://tw.beautyblossom.kr/home,119,h4,
tw,https://tw.beautyblossom.kr/home,120,h4,
tw,https://tw.beautyblossom.kr/home,121,h4,
tw,https://tw.beautyblossom.kr/home,122,h4,
tw,https://tw.beautyblossom.kr/home,123,h4,
tw,https://tw.beautyblossom.kr/home,124,h4,
tw,https://tw.beautyblossom.kr/home,125,h4,
tw,https://tw.beautyblossom.kr/home,126,h4,
tw,https://tw.beautyblossom.kr/home,127,h4,
tw,https://tw.beautyblossom.kr/home,128,h4,
tw,https://tw.beautyblossom.kr/home,129,h4,
tw,https://tw.beautyblossom.kr/home,130,h6,Beauty Blossom 主要項目
tw,https://tw.beautyblossom.kr/home,131,h6,CONTACT
tw,https://tw.beautyblossom.kr/home,132,h6,LOCATION
tw,https://tw.beautyblossom.kr/home,133,h6,OFFICE HOUR
tw,https://tw.beautyblossom.kr/home,134,h3,扫描二维码添加微信
tw,https://tw.beautyblossom.kr/home,135,h3,ID: BBS20250102
tw,https://tw.beautyblossom.kr/ligament-lift,1,h1,"重建下垂的面部線條,"
tw,https://tw.beautyblossom.kr/ligament-lift,2,h2,韌帶拉提
tw,https://tw.beautyblossom.kr/ligament-lift,3,h2,為何選擇韌帶拉提
tw,https://tw.beautyblossom.kr/ligament-lift,4,h2,"為何有些部位
				凹陷,
				有些部位卻凸起"
tw,https://tw.beautyblossom.kr/ligament-lift,5,h2,作用原理
tw,https://tw.beautyblossom.kr/ligament-lift,6,h2,支撐臉部的外緣韌帶
tw,https://tw.beautyblossom.kr/ligament-lift,7,h2,帶來這些改變
tw,https://tw.beautyblossom.kr/ligament-lift,8,h2,常見問題
tw,https://tw.beautyblossom.kr/ligament-lift,9,h2,"您的臉部結構,
			由 Beauty Blossom 重新設計"
tw,https://tw.beautyblossom.kr/ligament-lift,10,h6,CONTACT
tw,https://tw.beautyblossom.kr/ligament-lift,11,h6,LOCATION
tw,https://tw.beautyblossom.kr/ligament-lift,12,h6,OFFICE HOUR
tw,https://tw.beautyblossom.kr/ligament-lift,13,h3,扫描二维码添加微信
tw,https://tw.beautyblossom.kr/ligament-lift,14,h3,ID: BBS20250102
tw,https://tw.beautyblossom.kr/re2o,1,h1,Skin toSkin.Re2O
tw,https://tw.beautyblossom.kr/re2o,2,h2,把流失的真皮結構重新補回
tw,https://tw.beautyblossom.kr/re2o,3,h4,膠原蛋白 (Collagen)
tw,https://tw.beautyblossom.kr/re2o,4,h4,彈性蛋白 (Elastin)
tw,https://tw.beautyblossom.kr/re2o,5,h4,含透明質酸的 GAG
tw,https://tw.beautyblossom.kr/re2o,6,h4,其他 ECM 成分
tw,https://tw.beautyblossom.kr/re2o,7,h2,ECM滲透入皮膚深層
tw,https://tw.beautyblossom.kr/re2o,8,h2,從誘導到直接補充
tw,https://tw.beautyblossom.kr/re2o,9,h2,一次療程，10 種變化
tw,https://tw.beautyblossom.kr/re2o,10,h2,一種原料，兩種密度
tw,https://tw.beautyblossom.kr/re2o,11,h2,為肌膚填入真正的肌膚
tw,https://tw.beautyblossom.kr/re2o,12,h6,CONTACT
tw,https://tw.beautyblossom.kr/re2o,13,h6,LOCATION
tw,https://tw.beautyblossom.kr/re2o,14,h6,OFFICE HOUR
tw,https://tw.beautyblossom.kr/re2o,15,h3,扫描二维码添加微信
tw,https://tw.beautyblossom.kr/re2o,16,h3,ID: BBS20250102
tw,https://tw.beautyblossom.kr/skinvive,1,h1,直接注入肌膚的透明質酸（HA）
tw,https://tw.beautyblossom.kr/skinvive,2,h2,隨年齡增長而減少的透明質酸
tw,https://tw.beautyblossom.kr/skinvive,3,h2,什麼是SKINVIVE？
tw,https://tw.beautyblossom.kr/skinvive,4,h2,選擇SKINVIVE的理由
tw,https://tw.beautyblossom.kr/skinvive,5,h3,持續6個月
tw,https://tw.beautyblossom.kr/skinvive,6,h3,FDA認證HA製劑
tw,https://tw.beautyblossom.kr/skinvive,7,h3,疼痛感低
tw,https://tw.beautyblossom.kr/skinvive,8,h3,恢復期極短
tw,https://tw.beautyblossom.kr/skinvive,9,h2,SKINVIVE的效果
tw,https://tw.beautyblossom.kr/skinvive,10,h2,經臨床驗證的結果
tw,https://tw.beautyblossom.kr/skinvive,11,h4,ASRS反應率
tw,https://tw.beautyblossom.kr/skinvive,12,h4,AFLS反應率
tw,https://tw.beautyblossom.kr/skinvive,13,h4,效果持續
tw,https://tw.beautyblossom.kr/skinvive,14,h2,療程資訊一覽
tw,https://tw.beautyblossom.kr/skinvive,15,h2,施術前後對比
tw,https://tw.beautyblossom.kr/skinvive,16,h2,推薦給這些人
tw,https://tw.beautyblossom.kr/skinvive,17,h2,施術後注意事項
tw,https://tw.beautyblossom.kr/skinvive,18,h2,常見問題
tw,https://tw.beautyblossom.kr/skinvive,19,h6,CONTACT
tw,https://tw.beautyblossom.kr/skinvive,20,h6,LOCATION
tw,https://tw.beautyblossom.kr/skinvive,21,h6,OFFICE HOUR
tw,https://tw.beautyblossom.kr/skinvive,22,h3,扫描二维码添加微信
tw,https://tw.beautyblossom.kr/skinvive,23,h3,ID: BBS20250102
tw,https://tw.beautyblossom.kr/special-offers,1,h6,CONTACT
tw,https://tw.beautyblossom.kr/special-offers,2,h6,LOCATION
tw,https://tw.beautyblossom.kr/special-offers,3,h6,OFFICE HOUR
tw,https://tw.beautyblossom.kr/special-offers,4,h3,扫描二维码添加微信
tw,https://tw.beautyblossom.kr/special-offers,5,h3,ID: BBS20250102
tw,https://tw.beautyblossom.kr/thread-lifting,1,h1,從根本重新填補的 慢齡抗老方案
tw,https://tw.beautyblossom.kr/thread-lifting,2,h2,僅使用一種線材進行的療程就足夠了嗎?
tw,https://tw.beautyblossom.kr/thread-lifting,3,h2,重新喚醒肌膚紋理的雙線材組合的起點 -Beauty Blossom 埋線拉提
tw,https://tw.beautyblossom.kr/thread-lifting,4,h2,細緻考量肌膚層次的精準設計Beauty Blossom 埋線拉提的原理
tw,https://tw.beautyblossom.kr/thread-lifting,5,h3,臉部拉提固定線 韓國食藥處許可 4級醫療機器 依照指引進行療程施作
tw,https://tw.beautyblossom.kr/thread-lifting,6,h2,依部位 · 需求客製化設計Beauty Blossom 埋線拉提組合
tw,https://tw.beautyblossom.kr/thread-lifting,7,h3,透過持有 MINT · epiticon 雙線材組合，根據改善部位與肌膚狀態進行客製化組合設計，提供細緻的埋線拉提方案。
tw,https://tw.beautyblossom.kr/thread-lifting,8,h2,埋線拉提 各部位產品組合Beauty Blossom療程部位介紹
tw,https://tw.beautyblossom.kr/thread-lifting,9,h2,為什麼選擇 Beauty Blossom 埋線拉提雙線材組合的差異化
tw,https://tw.beautyblossom.kr/thread-lifting,10,h2,埋線拉提的加乘效果建議一同考慮的療程
tw,https://tw.beautyblossom.kr/thread-lifting,11,h2,埋線拉提 Q&A
tw,https://tw.beautyblossom.kr/thread-lifting,12,h3,MINT Lift 與 epiticon 有什麼區別?
tw,https://tw.beautyblossom.kr/thread-lifting,13,h3,埋線拉提的效果可以維持多久?
tw,https://tw.beautyblossom.kr/thread-lifting,14,h3,哪種線材產品組合適合我?
tw,https://tw.beautyblossom.kr/thread-lifting,15,h3,埋線拉提的疼痛與麻醉如何處理?
tw,https://tw.beautyblossom.kr/thread-lifting,16,h3,埋線拉提後可能出現哪些不良反應?
tw,https://tw.beautyblossom.kr/thread-lifting,17,h3,凹陷(酒窩)現象為什麼會發生?
tw,https://tw.beautyblossom.kr/thread-lifting,18,h3,療程後何時可以恢復日常生活，恢復期多久?
tw,https://tw.beautyblossom.kr/thread-lifting,19,h3,可吸收線材 vs 不可吸收線材，哪個更好?
tw,https://tw.beautyblossom.kr/thread-lifting,20,h3,療程費用如何計算?
tw,https://tw.beautyblossom.kr/thread-lifting,21,h6,CONTACT
tw,https://tw.beautyblossom.kr/thread-lifting,22,h6,LOCATION
tw,https://tw.beautyblossom.kr/thread-lifting,23,h6,OFFICE HOUR
tw,https://tw.beautyblossom.kr/thread-lifting,24,h3,扫描二维码添加微信
tw,https://tw.beautyblossom.kr/thread-lifting,25,h3,ID: BBS20250102
