site,url,status,html_lang,bytes,evidence,title_count,title,description,canonical,source_hreflang_count,code_widget_count,jsonld_parse_errors
kr,https://beautyblossom.kr/,200,ko,1300779,pages\kr\18496df68c41b0d9.json,1,홍대피부과ㅣ합정피부과ㅣ뷰티블라썸의원,"홍대피부과, 합정피부과, 홍대보톡스, 홍대필러, 홍대리프팅, 홍대울쎄라, 홍대써마지, 홍대리쥬란, 홍대스킨부스터, 홍대뷰티블라썸, 홍대피부관리",https://beautyblossom.kr/,0,4,0
kr,https://beautyblossom.kr/110,200,ko,717889,pages\kr\23935875420a18ec.json,1,홍대 라라필 | 홍대 LHA필링 | 뷰티블라썸의원,"홍대입구역 9번출구, 합정역 3번출구, 홍대라라필, 합정라라필, 라라필, LHA필링, 모공정화, 피지관리, 각질관리, 피부결개선, 민감성피부, 홍대피부과",https://beautyblossom.kr/110,0,6,0
kr,https://beautyblossom.kr/111,200,ko,644959,pages\kr\2f31be96be88d97e.json,1,홍대 필링 | 홍대 피부관리 | 뷰티블라썸의원,"홍대입구역 9번출구, 합정역 3번출구, 홍대필링, 홍대피부관리, 합정필링, 아쿠아필, 블랙필, 라라필, 물톡스, 여드름관리, 수분관리, 화이트닝, 홍대피부과",https://beautyblossom.kr/111,0,5,0
kr,https://beautyblossom.kr/112,200,ko,522259,pages\kr\57c8439a0609d9b5.json,1,홍대피부과 시술주의사항 | 뷰티블라썸의원,"홍대입구역 9번출구, 합정역 3번출구, 홍대피부과, 합정피부과, 시술주의사항, 시술전후관리, 보톡스주의사항, 리프팅주의사항, 뷰티블라썸의원",https://beautyblossom.kr/112,0,1,0
kr,https://beautyblossom.kr/114,200,ko,733673,pages\kr\651e33f107004236.json,1,홍대 쥬베룩 | 홍대 스킨부스터 | 뷰티블라썸의원,"홍대입구역 9번출구, 합정역 3번출구, 홍대쥬베룩, 홍대스킨부스터, 합정쥬베룩, 쥬베룩볼륨, 쥬베룩스킨, 콜라겐재생, 피부탄력, 잔주름개선, 모공개선, 홍대피부과",https://beautyblossom.kr/114,0,6,0
kr,https://beautyblossom.kr/115,200,ko,735004,pages\kr\ad8b6f5024f54828.json,1,홍대 울트라콜 | 홍대 콜라겐부스터 | 뷰티블라썸의원,"홍대입구역 9번출구, 합정역 3번출구, 홍대울트라콜, 합정울트라콜, 콜라겐부스터, 콜라겐생성, 피부탄력, 볼륨개선, 동안시술, 스킨부스터, 홍대피부과",https://beautyblossom.kr/115,0,5,0
kr,https://beautyblossom.kr/116,200,ko,737593,pages\kr\ddb5e170f86e0a19.json,1,홍대 리쥬란 |홍대 스킨부스터 | 뷰티블라썸의원,"홍대입구역 9번출구, 합정역 3번출구, 합정리쥬란, 홍대리쥬란, 리쥬란힐러, 리쥬란HB, 피부재생, PDRN주사, 연어주사, 피부탄력, 수분개선, 합정피부과",https://beautyblossom.kr/116,0,5,0
kr,https://beautyblossom.kr/117,200,ko,724599,pages\kr\df6defc8e14e8b45.json,1,홍대 릴리이드 | 홍대 스킨부스터 | 뷰티블라썸의원,"홍대입구역 9번출구, 합정역 3번출구, 홍대릴리이드, 합정릴리이드, 릴리이드, 스킨부스터, 피부재생, 피부탄력, 피부결개선, 민감성피부, 홍대피부과",https://beautyblossom.kr/117,0,6,0
kr,https://beautyblossom.kr/118,200,ko,731598,pages\kr\9cfee414f3fc049f.json,1,홍대 엑소힐러 | 홍대 엑소좀 | 뷰티블라썸의원,"홍대입구역 9번출구, 합정역 3번출구, 홍대엑소힐러, 합정엑소힐러, 엑소힐러, 엑소좀, 피부재생, 피부장벽회복, 스킨부스터, 피부탄력, 피부결개선, 홍대피부과",https://beautyblossom.kr/118,0,6,0
kr,https://beautyblossom.kr/119,200,ko,696433,pages\kr\61fe1bf79de59d54.json,1,홍대 연어주사 | 홍대 PDRN주사 | 뷰티블라썸의원,"홍대입구역 9번출구, 합정역 3번출구, 홍대연어주사, 홍대PDRN, 합정연어주사, 연어주사, PDRN주사, 피부재생, 수분주사, 피부탄력, 피부결개선, 홍대피부과",https://beautyblossom.kr/119,0,5,0
kr,https://beautyblossom.kr/120,200,ko,739435,pages\kr\bf17eed43dd8899b.json,1,홍대 리즈네 | 홍대 스킨부스터 | 뷰티블라썸의원,"홍대입구역 9번출구, 합정역 3번출구, 홍대리즈네, 합정리즈네, 리즈네, 스킨부스터, 피부재생, 수분개선, 피부탄력, 피부결개선, 홍대피부과",https://beautyblossom.kr/120,0,6,0
kr,https://beautyblossom.kr/121,200,ko,739683,pages\kr\35a8b6ac65db6392.json,1,홍대 물광주사 | 홍대 수분주사 | 뷰티블라썸의원,"홍대입구역 9번출구, 합정역 3번출구, 홍대물광주사, 홍대수분주사, 합정물광주사, 물광주사, 수분주사, 물광피부, 피부윤기, 건조피부, 피부결개선, 홍대피부과",https://beautyblossom.kr/121,0,6,0
kr,https://beautyblossom.kr/122,200,ko,745994,pages\kr\0c6d1ceba558eaab.json,1,홍대 레디어스 | 홍대 볼륨리프팅 | 뷰티블라썸의원,"홍대입구역 9번출구, 합정역 3번출구, 홍대레디어스, 합정레디어스, 레디어스, 콜라겐부스터, 볼륨리프팅, 콜라겐생성, 피부탄력, 볼륨개선, 홍대피부과",https://beautyblossom.kr/122,0,6,0
kr,https://beautyblossom.kr/123,200,ko,710445,pages\kr\805903a1e487c5e5.json,1,홍대 필로가 | 홍대 스킨부스터 | 뷰티블라썸의원,"홍대입구역 9번출구, 합정역 3번출구, 홍대필로가, 합정필로가, 필로가, 스킨부스터, 피부재생, 수분개선, 피부탄력, 피부결개선, 영양주사, 홍대피부과",https://beautyblossom.kr/123,0,7,0
kr,https://beautyblossom.kr/124,200,ko,659517,pages\kr\a28a59c38b79bcc7.json,1,홍대 점제거 | 홍대 점빼기 | 뷰티블라썸의원,"홍대입구역 9번출구, 합정역 3번출구, 홍대점제거, 홍대점빼기, 합정점제거, 레이저점제거, 사마귀제거, 쥐젖제거, 점제거비용, 점제거피부과, 홍대피부과",https://beautyblossom.kr/124,0,6,0
kr,https://beautyblossom.kr/125,200,ko,716393,pages\kr\3e338703e9384c23.json,1,홍대 다이어트 | 홍대 비만치료 | 뷰티블라썸의원,"홍대입구역 9번출구, 합정역 3번출구, 홍대다이어트, 홍대비만치료, 합정다이어트, 위고비, 마운자로, 삭센다, 다이어트주사, 체중감량, 식욕억제제, 비만약처방, 홍대피부과",https://beautyblossom.kr/125,0,6,0
kr,https://beautyblossom.kr/126,200,ko,650844,pages\kr\a37ba70bcfd43f42.json,1,홍대 수액 | 홍대 영양수액 | 뷰티블라썸의원,"홍대입구역 9번출구, 합정역 3번출구, 홍대수액, 홍대영양수액, 합정수액, 피로회복주사, 비타민수액, 면역력주사, 감기수액, 백옥주사, 신데렐라주사, 홍대피부과",https://beautyblossom.kr/126,0,6,0
kr,https://beautyblossom.kr/127,200,ko,679216,pages\kr\832b4cc513bf5668.json,1,홍대 수면마취 | 홍대 수면시술 | 뷰티블라썸의원,"홍대입구역 9번출구, 합정역 3번출구, 홍대수면마취, 홍대수면시술, 합정수면마취, 수면마취피부과, 무통시술, 수면리프팅, 편안한시술, 통증없는시술, 홍대피부과",https://beautyblossom.kr/127,0,6,0
kr,https://beautyblossom.kr/129,200,ko,697282,pages\kr\ed02bbbdb0a3b2e4.json,2,홍대 물톡스ㅣ홍대 스킨보톡스ㅣ뷰티블라썸의원 | 모던 카드 디자인,"홍대입구역 9번출구, 합정역 3번출구, 홍대물톡스, 홍대스킨보톡스, 합정물톡스, 물톡스, 스킨보톡스, 모공축소, 피지조절, 피부결개선, 유분관리, 홍대피부과",https://beautyblossom.kr/129,0,6,0
kr,https://beautyblossom.kr/130,200,ko,725781,pages\kr\bcf640b6c09f4523.json,2,홍대 연예인필러ㅣ홍대 볼륨필러ㅣ뷰티블라썸의원 | 피부 시술 비교 테이블,"홍대입구역 9번출구, 합정역 3번출구, 홍대연예인필러, 홍대볼륨필러, 합정필러, 뉴연예인필, 얼굴볼륨, 윤곽필러, 볼필러, 이마필러, 턱필러, 홍대피부과",https://beautyblossom.kr/130,0,6,0
kr,https://beautyblossom.kr/131,200,ko,877368,pages\kr\547696d2d06467d3.json,6,홍대 가스마취ㅣ홍대 웃음가스마취ㅣ뷰티블라썸의원 | 비수면 가스마취 혜택 | Porter 웃음 진정기 특징 | 비수면 가스마취 혜택 | 수면마취와 비수면 가스마취 비교 | 가스마취 종류 비교,"홍대입구역 9번출구, 합정역 3번출구, 홍대가스마취, 홍대웃음가스, 합정가스마취, 비수면마취, 웃음가스마취, 진정마취, 무통시술, 통증완화, 빠른회복, 홍대피부과",https://beautyblossom.kr/131,0,8,0
kr,https://beautyblossom.kr/132,200,ko,862680,pages\kr\c21d6b24281be2b6.json,5,홍대 피부진단 | 홍대 피부분석 | 뷰티블라썸의원 | AI 빅데이터 분석 - 피부 진단 시스템 | EVE V MUSE 리포트 안내 | 피부 분석 솔루션 | 진료 과정,"홍대입구역 9번출구, 합정역 3번출구, 홍대피부진단, 홍대피부분석, 합정피부진단, 3D피부진단기, 피부상태분석, 모공진단, 색소진단, 주름분석, 맞춤피부관리, 홍대피부과 | AI 빅데이터 분석, 3D 고해상도 이미지, 개인별 맞춤 리포트, 전후 비교, 진단 결과 자동 기록 기능 | 글래스모피즘 피부 분석 솔루션",https://beautyblossom.kr/132,0,8,0
kr,https://beautyblossom.kr/139,200,ko,1095962,pages\kr\733215157202804c.json,9,홍대 소프웨이브 | 홍대 소프웨이브리프팅 | 뷰티블라썸의원 | 소프웨이브 시술 정보 | 시술 전후 비교 | 시술 전후 비교 | 시술 전후 비교 | 시술 전후 비교 | 시술 전후 비교 | 시술 전후 비교 | 시술 전후 비교,"홍대입구역 9번출구, 합정역 3번출구, 홍대소프웨이브, 합정소프웨이브, 소프웨이브리프팅, 초음파리프팅, 피부탄력, 주름개선, 콜라겐생성, 홍대피부과",https://beautyblossom.kr/139,0,16,0
kr,https://beautyblossom.kr/140,200,ko,946396,pages\kr\937d12917d59e54a.json,8,홍대 스컬트라 | 홍대 콜라겐주사 | 뷰티블라썸의원 | 스컬트라 효과 | 비메오 영상 - 수정됨 | 스컬트라 텍스트 박스 | 비메오 영상 1 | 스컬트라 vs 필러 비교 | 스컬트라 FAQ - 자주 묻는 질문 | 스컬트라 시술 정보,"홍대입구역 9번출구, 합정역 3번출구, 홍대스컬트라, 홍대콜라겐주사, 합정스컬트라, 스컬트라리프팅, 콜라겐생성, 볼륨개선, 피부탄력, 동안주사, 홍대피부과 | 스컬트라 시술에 대한 자주 묻는 질문과 답변. 시술 횟수, 효과, 부작용, 적합한 대상 등에 대한 전문적인 정보를 확인하세요.",https://beautyblossom.kr/140,0,13,0
kr,https://beautyblossom.kr/141,200,ko,932238,pages\kr\09f46f6b5af50406.json,6,홍대 LDM | 홍대 물방울리프팅 | 뷰티블라썸의원 | 스컬트라 텍스트 박스 | Thermage Features | 스킨케어 프로그램 - 주름 타이트닝 리프팅 여드름 민감성 피부 치료 | 피부 관리 솔루션 | 수술 후 주의사항,"홍대입구역 9번출구, 합정역 3번출구, 홍대LDM, 홍대물방울리프팅, 합정LDM, LDM리프팅, 피부탄력, 피부재생, 피부진정, 수분관리, 민감성피부, 홍대피부과 | 전문 스킨케어 프로그램 A1-A13: 주름 타이트닝 리프팅, 피부 재생 안티에이징, 민감성 피부, 여드름 치료, 시술 후 케어까지 맞춤형 솔루션 | 피부 관리 솔루션 - 미백, 재생, 타이트닝, 여드름, 피부장벽개선, 리프팅 | 수술 후 주의사항 - 운동, 항생제 복용, 정액검사, 소독, 피임 관련 안내",https://beautyblossom.kr/141,0,11,0
kr,https://beautyblossom.kr/142,200,ko,837757,pages\kr\4af4360cfb55f5f9.json,3,홍대 어깨필러 | 홍대 직각어깨 | 뷰티블라썸의원 | 어깨필러 vs 보톡스 | 스컬트라 FAQ - 자주 묻는 질문,"홍대입구역 9번출구, 합정역 3번출구, 홍대어깨필러, 합정어깨필러, 직각어깨, 쇄골필러, 목선교정, 어깨라인, 바디필러, 홍대피부과 | 어깨필러와 보톡스의 차이점 비교 | 스컬트라 시술에 대한 자주 묻는 질문과 답변. 시술 횟수, 효과, 부작용, 적합한 대상 등에 대한 전문적인 정보를 확인하세요.",https://beautyblossom.kr/142,0,11,0
kr,https://beautyblossom.kr/143,200,ko,951557,pages\kr\3794661f5395c8ce.json,3,합정 Eve V 피부진단 | 3D 피부분석 · 맞춤 진단 | 뷰티블라썸 | 피부 분석 시스템 | 3D 피부 진단 혜택,합정역 바로 앞 뷰티블라썸피부과의 Eve V 피부진단기는 3D 촬영을 통해 모공·주름·색소·탄력 등 피부 상태를 정밀하게 분석하는 첨단 피부분석 시스템입니다. 객관적인 진단 데이터를 바탕으로 개인 피부에 맞춘 맞춤 시술과 관리 방향을 설계합니다.,https://beautyblossom.kr/143,0,4,0
kr,https://beautyblossom.kr/149,200,ko,352595,pages\kr\a72b5fe2f647d49b.json,1,홍대피부과ㅣ합정피부과ㅣ뷰티블라썸의원,"홍대피부과, 합정피부과, 홍대보톡스, 홍대필러, 홍대리프팅, 홍대울쎄라, 홍대써마지, 홍대리쥬란, 홍대스킨부스터, 홍대뷰티블라썸, 홍대피부관리",https://beautyblossom.kr/149,0,0,0
kr,https://beautyblossom.kr/152,200,ko,385785,pages\kr\2db4896956211c73.json,1,홍대피부과 장비소개ㅣ정품장비 보유ㅣ뷰티블라썸의원,"대입구역 9번출구, 합정역 3번출구, 홍대피부과, 합정피부과, 울쎄라, 써마지, 소프웨이브, 포텐자, 덴서티, 리니어지, 인모드, 온다, 정품장비, 뷰티블라썸의원",https://beautyblossom.kr/152,0,1,0
kr,https://beautyblossom.kr/153,200,ko,377897,pages\kr\73d63e33d035d019.json,1,홍대 덴서티 | 홍대 고주파리프팅 | 뷰티블라썸의원,"홍대입구역 9번출구, 합정역 3번출구, 홍대덴서티, 홍대고주파리프팅, 합정덴서티, 덴서티리프팅, 듀얼고주파, 피부탄력, 처짐개선, 리프팅레이저, 홍대피부과",https://beautyblossom.kr/153,0,2,0
kr,https://beautyblossom.kr/154,200,ko,390510,pages\kr\df63c3a5635a2dcf.json,1,홍대 리니어지 | 홍대 하이푸리프팅 | 뷰티블라썸의원,"홍대입구역 9번출구, 합정역 3번출구, 홍대리니어지, 홍대하이푸, 합정리니어지, 리니어지리프팅, HIFU리프팅, 초음파리프팅, 듀얼리프팅, 피부탄력, 홍대피부과",https://beautyblossom.kr/154,0,2,0
kr,https://beautyblossom.kr/155,200,ko,418560,pages\kr\ba37e2e2e611e28d.json,1,홍대 세르프 XERF |고주파리프팅 | 뷰티블라썸의원,"홍대입구역 9번출구, 합정역 3번출구, 홍대세르프, 홍대모노폴라RF, 홍대고주파리프팅, 합정세르프, 합정고주파, 세르프XERF, 듀얼주파수RF, 스킨핏팅고주파, 뷰티블라썸의원",https://beautyblossom.kr/155,0,2,0
kr,https://beautyblossom.kr/16,200,ko,302831,pages\kr\3406660efbcccba2.json,1,홍대피부과ㅣ합정피부과ㅣ뷰티블라썸의원 소개,"홍대입구역 9번출구, 합정역 3번출구, 홍대피부과, 합정피부과, 뷰티블라썸의원, 의료진소개, 보유장비, 오시는길, 진료시간, 합정역피부과, 홍대입구역피부과, 홍대피부과추천",https://beautyblossom.kr/16,0,0,0
kr,https://beautyblossom.kr/17,200,ko,770452,pages\kr\c8480570df89cf7f.json,1,뷰티블라썸의원 소개ㅣ홍대 합정 피부과ㅣ정품 맞춤시술,"홍대입구역 9번출구, 합정역 3번출구, 홍대피부과, 합정피부과, 뷰티블라썸의원, 정품장비, 맞춤시술, 프리미엄피부과, 홍대피부과추천, 합정역피부과, 홍대입구역피부과",https://beautyblossom.kr/17,0,1,0
kr,https://beautyblossom.kr/18,200,ko,1001622,pages\kr\02baba08eb79f128.json,1,홍대피부과 의료진ㅣ합정피부과ㅣ뷰티블라썸의원,"홍대입구역 9번출구, 합정역 3번출구, 홍대피부과, 합정피부과, 의료진소개, 1:1맞춤진료, 직접시술, 경험많은의료진, 뷰티블라썸의원, 홍대피부과추천",https://beautyblossom.kr/18,0,1,0
kr,https://beautyblossom.kr/19,200,ko,530275,pages\kr\df2ade34b07f2b98.json,1,홍대피부과 오시는길ㅣ합정역 3번출구 1분ㅣ뷰티블라썸의원,"홍대입구역 9번출구, 합정역 3번출구, 홍대피부과, 합정피부과, 마포구양화로66, 메디원메디컬센터, 합정역피부과, 홍대입구역피부과, 진료시간, 뷰티블라썸의원",https://beautyblossom.kr/19,0,2,0
kr,https://beautyblossom.kr/20,200,ko,502040,pages\kr\e509fac6203d31be.json,1,홍대피부과 공지사항ㅣ뷰티블라썸의원,"홍대입구역 9번출구, 합정역 3번출구, 홍대피부과, 합정피부과, 뷰티블라썸의원, 공지사항, 진료안내, 휴진안내",https://beautyblossom.kr/20,0,0,0
kr,https://beautyblossom.kr/22,200,ko,502741,pages\kr\b7afb6dcbf4048d2.json,1,홍대피부과 이벤트ㅣ시술할인ㅣ뷰티블라썸의원,"홍대입구역 9번출구, 합정역 3번출구, 홍대피부과, 합정피부과, 피부과이벤트, 시술할인, 보톡스이벤트, 필러이벤트, 리프팅이벤트, 뷰티블라썸의원",https://beautyblossom.kr/22,0,1,0
kr,https://beautyblossom.kr/24,200,ko,477216,pages\kr\7f7d1d6d6b3dbd07.json,1,홍대피부과 신규시술ㅣ뷰티블라썸의원,"홍대입구역 9번출구, 합정역 3번출구, 홍대피부과, 합정피부과, 신규시술, 최신시술, 뷰티블라썸의원",https://beautyblossom.kr/24,0,0,0
kr,https://beautyblossom.kr/25,200,ko,544021,pages\kr\763549be7bec2e0b.json,1,홍대피부과 전후사진ㅣ시술결과ㅣ뷰티블라썸의원,"홍대입구역 9번출구, 합정역 3번출구, 홍대피부과, 합정피부과, 전후사진, 시술전후, 보톡스전후, 리프팅전후, 뷰티블라썸의원",https://beautyblossom.kr/25,0,1,0
kr,https://beautyblossom.kr/26,200,ko,506921,pages\kr\d802bfbbad463e8e.json,1,홍대피부과 시술후기ㅣ리얼후기ㅣ뷰티블라썸의원,"홍대입구역 9번출구, 합정역 3번출구, 홍대피부과, 합정피부과, 시술후기, 리얼후기, 보톡스후기, 필러후기, 리프팅후기, 뷰티블라썸의원",https://beautyblossom.kr/26,0,0,0
kr,https://beautyblossom.kr/27,200,ko,302783,pages\kr\0f1db5180e0ea69b.json,1,홍대 쁘띠시술ㅣ홍대 보톡스필러ㅣ뷰티블라썸의원,"홍대입구역 9번출구, 합정역 3번출구, 홍대쁘띠시술, 홍대보톡스, 홍대필러, 합정보톡스, 합정필러, 스킨보톡스, 윤곽주사, 조각주사, 코필러, 입술필러, 홍대피부과",https://beautyblossom.kr/27,0,0,0
kr,https://beautyblossom.kr/28,200,ko,719051,pages\kr\aeef7ba2a75b749a.json,2,홍대 보톡스 | 홍대 스킨보톡스 | 뷰티블라썸의원 | 보톡스 시술 부위,"홍대입구역 9번출구, 합정역 3번출구, 홍대보톡스, 홍대스킨보톡스, 합정보톡스, 이마보톡스, 미간보톡스, 눈가보톡스, 턱보톡스, 윤곽보톡스, 사각턱보톡스, 정품보톡스, 앨러간보톡스, 제오민, 홍대피부과",https://beautyblossom.kr/28,0,6,0
kr,https://beautyblossom.kr/29,200,ko,712429,pages\kr\f3aa6ef68c84354c.json,1,홍대 필러 | 홍대 입술필러 | 뷰티블라썸의원,"홍대입구역 9번출구, 합정역 3번출구, 홍대필러, 합정필러, 입술필러, 팔자필러, 볼필러, 턱필러, 코필러, 이마필러, 정품필러, 홍대피부과",https://beautyblossom.kr/29,0,5,0
kr,https://beautyblossom.kr/30,200,ko,633435,pages\kr\b91ad4a887f1c94b.json,1,홍대 다크서클 | 홍대 눈밑주사 | 뷰티블라썸의원,"홍대입구역 9번출구, 합정역 3번출구, 홍대다크서클, 홍대눈밑주사, 합정다크서클, 합정눈밑주사, 눈밑꺼짐, 눈가피로개선, 다크서클주사, 아이리셋주사, 홍대피부과",https://beautyblossom.kr/30,0,4,0
kr,https://beautyblossom.kr/31,200,ko,683961,pages\kr\556c48206007c0b0.json,1,홍대 눈가리프팅 | 홍대 눈밑탄력 | 뷰티블라썸의원,"홍대입구역 9번출구, 합정역 3번출구, 홍대눈가리프팅, 홍대눈밑탄력, 합정눈가리프팅, 눈가주름, 눈밑처짐, 눈가탄력, 눈밑볼륨, 아이업패키지, 홍대피부과",https://beautyblossom.kr/31,0,5,0
kr,https://beautyblossom.kr/32,200,ko,671847,pages\kr\ffce359d028a3876.json,1,홍대 주름제거 | 홍대 주름시술 | 뷰티블라썸의원,"홍대입구역 9번출구, 합정역 3번출구, 홍대주름제거, 홍대주름시술, 합정주름제거, 이마주름, 팔자주름, 미간주름, 목주름, 잔주름개선, 주름지우개, 홍대피부과",https://beautyblossom.kr/32,0,4,0
kr,https://beautyblossom.kr/33,200,ko,803191,pages\kr\cdd0a27f2cc76cd6.json,1,홍대 코필러 | 홍대 코실리프팅 | 뷰티블라썸의원,"홍대입구역 9번출구, 합정역 3번출구, 홍대코필러, 홍대코실리프팅, 합정코필러, 코끝성형, 콧대필러, 코라인교정, 미쥬코, 홍대피부과",https://beautyblossom.kr/33,0,7,0
kr,https://beautyblossom.kr/34,200,ko,646355,pages\kr\a6f07f674982fb57.json,1,홍대 스킨부스터ㅣ홍대 피부재생ㅣ뷰티블라썸의원,"홍대입구역 9번출구, 합정역 3번출구, 홍대스킨부스터, 홍대피부재생, 합정스킨부스터, 리쥬란, 쥬베룩, 스컬트라, 물광주사, 엑소힐러, 연어주사, 홍대피부과",https://beautyblossom.kr/34,0,2,0
kr,https://beautyblossom.kr/35,200,ko,727825,pages\kr\af16cd45a9cbde32.json,1,홍대 지방분해주사 | 홍대 체형관리 | 뷰티블라썸의원,"홍대입구역 9번출구, 합정역 3번출구, 홍대지방분해주사, 홍대체형관리, 합정지방분해주사, 바디라인, 복부지방, 팔뚝살, 허벅지살, 뷰티핏주사, 블라썸핏주사, 홍대피부과",https://beautyblossom.kr/35,0,4,0
kr,https://beautyblossom.kr/36,200,ko,671927,pages\kr\b256376747b62bde.json,1,홍대 조각주사 | 홍대 윤곽주사 | 뷰티블라썸의원,"홍대입구역 9번출구, 합정역 3번출구, 홍대조각주사, 홍대윤곽주사, 합정조각주사, 얼굴윤곽, 턱라인, 이중턱, 볼살, 지방분해, 브이라인, 홍대피부과",https://beautyblossom.kr/36,0,4,0
kr,https://beautyblossom.kr/37,200,ko,679114,pages\kr\668fb77cda80c123.json,1,홍대 필러녹이기 | 홍대 필러제거 | 뷰티블라썸의원,"홍대입구역 9번출구, 합정역 3번출구, 홍대필러녹이기, 홍대필러제거, 합정필러녹이기, 필러녹이는주사, 필러부작용, 필러뭉침, 히알루론, 필러교정, 홍대피부과",https://beautyblossom.kr/37,0,5,0
kr,https://beautyblossom.kr/39,200,ko,777387,pages\kr\4e2128de322e3dc9.json,3,홍대 리프팅 | 홍대 맞춤리프팅 | 뷰티블라썸의원 | 퍼스널 레이어드 리프팅 | 의료장비 전문 솔루션,"홍대입구역 9번출구, 합정역 3번출구, 홍대리프팅, 홍대맞춤리프팅, 합정리프팅, 소프웨이브, 써마지, 울쎄라, 온다, 피부탄력, 처짐개선, 퍼스널레이어드리프팅, 홍대피부과 | 프리미엄 의료장비 솔루션을 제공합니다.",https://beautyblossom.kr/39,0,5,0
kr,https://beautyblossom.kr/40,200,ko,996024,pages\kr\052b90e89d3eea06.json,1,홍대 울쎄라프라임 | 홍대 리프팅 | 뷰티블라썸의원,"홍대입구역 9번출구, 합정역 3번출구, 홍대울쎄라프라임, 합정울쎄라프라임, 울쎄라피프라임, 초음파리프팅, 페이스리프팅, 턱선리프팅, 피부탄력, 처짐개선, 홍대피부과",https://beautyblossom.kr/40,0,9,0
kr,https://beautyblossom.kr/400,200,ko,710331,pages\kr\af02e0d91e0391f4.json,1,홍대 울쎄라 | 홍대 초음파리프팅 | 뷰티블라썸의원,"홍대입구역 9번출구, 합정역 3번출구, 홍대울쎄라, 홍대초음파리프팅, 합정울쎄라, 울쎄라리프팅, 울쎄라프라임, SMAS리프팅, 피부탄력, 처짐개선, 홍대피부과",https://beautyblossom.kr/400,0,4,0
kr,https://beautyblossom.kr/41,200,ko,1123644,pages\kr\2b9108c1d269764d.json,1,홍대 써마지 | 홍대 써마지FLX | 뷰티블라썸의원,"홍대입구역 9번출구, 합정역 3번출구, 홍대써마지, 홍대써마지FLX, 합정써마지, 써마지리프팅, 고주파리프팅, 피부탄력, 콜라겐리프팅, 정품써마지, 홍대피부과",https://beautyblossom.kr/41,0,11,0
kr,https://beautyblossom.kr/42,200,ko,733252,pages\kr\2945f2051fc75657.json,1,홍대 온다 | 홍대 온다리프팅 | 뷰티블라썸의원,"홍대입구역 9번출구, 합정역 3번출구, 홍대온다, 홍대온다리프팅, 합정온다, 온다리프팅, 마이크로웨이브, 바디리프팅, 지방감소, 턱선리프팅, 이중턱, 홍대피부과",https://beautyblossom.kr/42,0,5,0
kr,https://beautyblossom.kr/43,200,ko,702276,pages\kr\1e5dc0aed05475b4.json,1,홍대 인모드 | 홍대 인모드리프팅 | 뷰티블라썸의원,"홍대입구역 9번출구, 합정역 3번출구, 홍대인모드, 홍대인모드리프팅, 합정인모드, 인모드리프팅, 고주파리프팅, 지방리프팅, 비수술리프팅, 턱선탄력, 홍대피부과",https://beautyblossom.kr/43,0,5,0
kr,https://beautyblossom.kr/44,200,ko,823606,pages\kr\83f87d8e23dc1e65.json,1,홍대 슈링크 | 홍대 슈링크유니버스 | 뷰티블라썸의원,"홍대입구역 9번출구, 합정역 3번출구, 홍대슈링크, 홍대슈링크유니버스, 합정슈링크, 슈링크리프팅, 초음파리프팅, 피부타이트닝, 얼굴탄력, 처짐개선, 홍대피부과",https://beautyblossom.kr/44,0,4,0
kr,https://beautyblossom.kr/45,200,ko,749640,pages\kr\287b64dfff71d1ab.json,1,홍대 볼뉴머 | 홍대 볼뉴머리프팅 | 뷰티블라썸의원,"홍대입구역 9번출구, 합정역 3번출구, 홍대볼뉴머, 합정볼뉴머, 볼뉴머리프팅, 고주파리프팅, 볼륨리프팅, 볼탄력, 얼굴볼륨, 피부탄력, 홍대피부과",https://beautyblossom.kr/45,0,6,0
kr,https://beautyblossom.kr/47,200,ko,629150,pages\kr\1b518ca5384f3677.json,1,홍대 제모 | 홍대 레이저제모 | 뷰티블라썸의원,"홍대입구역 9번출구, 합정역 3번출구, 홍대제모, 홍대레이저제모, 합정제모, 여성제모, 겨드랑이제모, 팔제모, 다리제모, 얼굴제모, 전신제모, 홍대피부과",https://beautyblossom.kr/47,0,5,0
kr,https://beautyblossom.kr/48,200,ko,629865,pages\kr\c968717e34c64495.json,1,홍대 남자제모 | 홍대 수염제모 | 뷰티블라썸의원,"홍대입구역 9번출구, 합정역 3번출구, 홍대남자제모, 홍대수염제모, 합정남자제모, 남성제모, 수염제모, 가슴제모, 다리제모, 팔제모, 남자레이저제모, 홍대피부과",https://beautyblossom.kr/48,0,5,0
kr,https://beautyblossom.kr/50,200,ko,681124,pages\kr\b9670b1172b5dc18.json,1,홍대 바디슬림 | 홍대 체형관리 | 뷰티블라썸의원,"홍대입구역 9번출구, 합정역 3번출구, 홍대바디슬림, 홍대체형관리, 합정바디슬림, 바디라인, 지방관리, 복부비만, 허벅지살, 팔뚝살, 바디리프팅, 홍대피부과",https://beautyblossom.kr/50,0,3,0
kr,https://beautyblossom.kr/51,200,ko,757313,pages\kr\0d998af009dd5010.json,1,홍대 승모근보톡스 | 홍대 종아리보톡스 | 뷰티블라썸의원,"홍대입구역 9번출구, 합정역 3번출구, 홍대승모근보톡스, 홍대종아리보톡스, 합정승모근보톡스, 라인톡스, 바디보톡스, 팔보톡스, 직각어깨, 바디라인, 홍대피부과",https://beautyblossom.kr/51,0,6,0
kr,https://beautyblossom.kr/52,200,ko,743598,pages\kr\8dcbad5af1de5793.json,1,홍대 승모근보톡스ㅣ홍대 종아리보톡스ㅣ뷰티블라썸의원,"홍대입구역 9번출구, 합정역 3번출구, 홍대승모근보톡스, 홍대종아리보톡스, 합정승모근보톡스, 합정종아리보톡스, 바디보톡스, 라인톡스, 팔보톡스, 직각어깨, 바디라인교정, 홍대피부과",https://beautyblossom.kr/52,0,5,0
kr,https://beautyblossom.kr/54,200,ko,728324,pages\kr\040be5604bb7fa55.json,1,홍대 바디주사 | 홍대 지방분해주사 바디 | 뷰티블라썸의원,"홍대입구역 9번출구, 합정역 3번출구, 홍대바디주사, 홍대바디지방분해, 합정바디주사, 바디뷰티핏, 부분비만, 복부주사, 허벅지주사, 팔뚝주사, 바디라인, 홍대피부과",https://beautyblossom.kr/54,0,4,0
kr,https://beautyblossom.kr/55,200,ko,728132,pages\kr\87f43228b4593371.json,2,홍대 바디조각주사 | 홍대 부분지방분해 | 뷰티블라썸의원 | 바디 부위별 시술 안내,"홍대입구역 9번출구, 합정역 3번출구, 홍대바디조각주사, 홍대부분지방분해, 합정바디조각주사, 복부지방, 허벅지지방, 팔뚝지방, 부분슬림, 바디라인, 홍대피부과",https://beautyblossom.kr/55,0,6,0
kr,https://beautyblossom.kr/56,200,ko,756360,pages\kr\f92d4bf8d5ac2805.json,1,홍대 바디온다 | 홍대 바디리프팅 | 뷰티블라썸의원,"홍대입구역 9번출구, 합정역 3번출구, 홍대바디온다, 홍대바디리프팅, 합정바디리프팅, 바디온다, 바디탄력, 복부리프팅, 허벅지리프팅, 팔뚝리프팅, 비수술바디, 홍대피부과",https://beautyblossom.kr/56,0,6,0
kr,https://beautyblossom.kr/57,200,ko,769876,pages\kr\3bc519bd7ba88418.json,1,홍대 바디인모드 | 홍대 지방분해 | 뷰티블라썸의원,"홍대입구역 9번출구, 합정역 3번출구, 홍대바디인모드, 합정바디인모드, 바디인모드, 바디고주파, 바디지방분해, 바디탄력, 복부탄력, 허벅지탄력, 비수술바디리프팅, 홍대피부과",https://beautyblossom.kr/57,0,5,0
kr,https://beautyblossom.kr/58,200,ko,653224,pages\kr\e6d5559984d80c33.json,1,홍대 다한증보톡스 | 홍대 겨드랑이땀 | 뷰티블라썸의원,"홍대입구역 9번출구, 합정역 3번출구, 홍대다한증, 홍대다한증보톡스, 합정다한증, 겨드랑이땀, 손땀, 발땀, 다한증치료, 땀보톡스, 액취증, 홍대피부과",https://beautyblossom.kr/58,0,5,0
kr,https://beautyblossom.kr/60,200,ko,776676,pages\kr\5bb6503e21761755.json,1,홍대 큐페이셜 | 홍대 딥클렌징 | 뷰티블라썸의원,"홍대입구역 9번출구, 합정역 3번출구, 홍대큐페이셜, 합정큐페이셜, 큐페이셜, 딥클렌징, 아쿠아필, 모공관리, 각질관리, 피부결개선, 피부관리, 홍대피부과",https://beautyblossom.kr/60,0,4,0
kr,https://beautyblossom.kr/61,200,ko,833296,pages\kr\5e73c41bb0753c9a.json,1,홍대 산소리프팅 | 홍대 울디엠 | 뷰티블라썸의원,"홍대입구역 9번출구, 합정역 3번출구, 홍대산소리프팅, 홍대울디엠, 합정산소리프팅, 울디엠, LDM, 피부재생, 피부진정, 피부탄력, 민감성피부관리, 홍대피부과",https://beautyblossom.kr/61,0,6,0
kr,https://beautyblossom.kr/62,200,ko,737599,pages\kr\928f9e63253c67f5.json,1,홍대 골드PTT | 홍대 여드름치료 | 뷰티블라썸의원,"홍대입구역 9번출구, 합정역 3번출구, 홍대골드PTT, 홍대여드름치료, 합정여드름, 골드PTT, 여드름레이저, 피지조절, 여드름균제거, 피부재생, 문제성피부, 홍대피부과",https://beautyblossom.kr/62,0,5,0
kr,https://beautyblossom.kr/63,200,ko,912788,pages\kr\3abf5aa98c2e0478.json,1,홍대 필링ㅣ홍대 피부관리ㅣ뷰티블라썸의원,"홍대입구역 9번출구, 합정역 3번출구, 홍대필링, 홍대피부관리, 합정필링, 아쿠아필, 블랙필, 라라필, 물톡스, 여드름관리, 수분관리, 화이트닝, 홍대피부과",https://beautyblossom.kr/63,0,1,0
kr,https://beautyblossom.kr/64,200,ko,711885,pages\kr\c1359d18abca7926.json,1,홍대 블랙필ㅣ홍대 필링ㅣ뷰티블라썸의원,"홍대입구역 9번출구, 합정역 3번출구, 홍대블랙필, 합정블랙필, 블랙필, 피부필링, 각질제거, 피지관리, 민감성피부, 피부결개선, 홍대피부과",https://beautyblossom.kr/64,0,6,0
kr,https://beautyblossom.kr/65,200,ko,698047,pages\kr\f83b222d7220cd9e.json,2,홍대 아쿠아필 | 홍대 모공관리 | 뷰티블라썸의원 | 3단계 필링 시스템,"홍대입구역 9번출구, 합정역 3번출구, 홍대아쿠아필, 합정아쿠아필, 아쿠아필, 모공흡입, 피지제거, 딥클렌징, 수분공급, 피부결개선, 모공관리, 홍대피부과",https://beautyblossom.kr/65,0,6,0
kr,https://beautyblossom.kr/66,200,ko,651444,pages\kr\b5e050f84d21346b.json,1,홍대 화이트닝ㅣ홍대 피부톤개선ㅣ뷰티블라썸의원,"홍대입구역 9번출구, 합정역 3번출구, 홍대화이트닝, 홍대피부톤개선, 합정화이트닝, 비타민관리, 미백관리, 피부미백, 광채피부, 칙칙한피부, 이온영동, 홍대피부과",https://beautyblossom.kr/66,0,5,0
kr,https://beautyblossom.kr/68,200,ko,650166,pages\kr\82b386d5e4100335.json,1,홍대 수분관리ㅣ홍대 진정관리ㅣ뷰티블라썸의원,"홍대입구역 9번출구, 합정역 3번출구, 홍대수분관리, 홍대진정관리, 합정피부관리, 수분케어, 진정케어, 건조피부, 민감성피부, 보습관리, 피부진정, 홍대피부과",https://beautyblossom.kr/68,0,5,0
kr,https://beautyblossom.kr/69,200,ko,700887,pages\kr\31892d03199d2b25.json,2,홍대 여드름관리ㅣ홍대 여드름피부과ㅣ뷰티블라썸의원 | 여드름 종류와 특징,"홍대입구역 9번출구, 합정역 3번출구, 홍대여드름, 홍대여드름관리, 합정여드름, 여드름치료, 피지조절, 여드름진정, 여드름흉터, 트러블관리, 압출관리, 홍대피부과",https://beautyblossom.kr/69,0,6,0
kr,https://beautyblossom.kr/71,200,ko,670559,pages\kr\8d50251988732f5b.json,1,홍대 기미치료 | 홍대 색소치료 | 뷰티블라썸의원,"홍대입구역 9번출구, 합정역 3번출구, 홍대기미치료, 홍대색소치료, 합정기미, 합정색소, 기미잡티, 색소침착, 검버섯, 주근깨, 피부톤개선, 색소레이저, 홍대피부과",https://beautyblossom.kr/71,0,3,0
kr,https://beautyblossom.kr/72,200,ko,764887,pages\kr\16cb67b7b3c7087f.json,1,홍대 포텐자 | 홍대 모공치료 | 뷰티블라썸의원,"홍대입구역 9번출구, 합정역 3번출구, 홍대포텐자, 홍대모공치료, 합정포텐자, 포텐자레이저, 모공축소, 여드름흉터, 피부결개선, 모공레이저, 흉터치료, 홍대피부과",https://beautyblossom.kr/72,0,4,0
kr,https://beautyblossom.kr/73,200,ko,1016468,pages\kr\5d94041a3e081b89.json,2,홍대 피코슈어 | 홍대 색소레이저 | 뷰티블라썸의원 | 피코슈어,"홍대입구역 9번출구, 합정역 3번출구, 홍대피코슈어, 홍대색소레이저, 합정피코슈어, 피코레이저, 기미레이저, 잡티제거, 색소침착, 피부톤개선, 피코토닝, 홍대피부과",https://beautyblossom.kr/73,0,8,0
kr,https://beautyblossom.kr/74,200,ko,747863,pages\kr\9f323140edac87dd.json,1,홍대 문신제거 | 홍대 타투제거 | 뷰티블라썸의원,"홍대입구역 9번출구, 합정역 3번출구, 홍대문신제거, 홍대타투제거, 합정문신제거, 피코레이저, 눈썹문신제거, 아이라인제거, 반영구제거, 타투지우기, 홍대피부과",https://beautyblossom.kr/74,0,5,0
kr,https://beautyblossom.kr/75,200,ko,697745,pages\kr\a7529d8741add2ce.json,1,홍대 여드름레이저 | 홍대 아큐토닝 | 뷰티블라썸의원,"홍대입구역 9번출구, 합정역 3번출구, 홍대여드름레이저, 홍대아큐토닝, 합정여드름, 아큐토닝, 피지관리, 모공관리, 여드름치료, 피부결개선, 피지조절, 홍대피부과",https://beautyblossom.kr/75,0,6,0
kr,https://beautyblossom.kr/76,200,ko,654588,pages\kr\f1451b70bfc480ef.json,1,홍대 홍조치료ㅣ홍대 혈관레이저ㅣ뷰티블라썸의원,"홍대입구역 9번출구, 합정역 3번출구, 홍대홍조치료, 홍대혈관레이저, 합정홍조, 브이레이저, 안면홍조, 혈관확장, 붉은기, 홍조레이저, 민감성피부, 홍대피부과",https://beautyblossom.kr/76,0,5,0
kr,https://beautyblossom.kr/alltite-lifting,200,ko,387901,pages\kr\58e787a2387d2601.json,2,올타이트| 홍대 처진얼굴 고주파 RF 리프팅 - 뷰티블라썸의원 | 올타이트(Alltite) — 진피·SMAS 동시 가열 RF 리프팅 | DLTD® 신기술,"홍대·합정 올타이트 리프팅 뷰티블라썸의원. 진피와 SMAS층을 동시에 가열하는 DLTD 집중 유전가열로 처진 얼굴을 즉각 끌어올리고, 통증·다운타임은 최소화한 고주파(RF) 리프팅. 눈밑·볼·턱라인·이중턱까지 부위별 맞춤 설계. | 올타이트(Alltite)는 진피와 SMAS층을 동시에 가열하는 DLTD® 집중 유전가열 방식의 고주파(RF) 리프팅입니다. 처진 얼굴의 즉각 리프팅, 통증·다운타임 최소화, 콜라겐 재생 원리와 RF·HIFU 비교, 시술 부위, 효과, 주의사항을 정리했습니다.",https://beautyblossom.kr/alltite-lifting,0,1,0
kr,https://beautyblossom.kr/diet-injection,200,ko,419894,pages\kr\2a3b9f0cf9759607.json,1,홍대 다이어트주사 | 다이어트 CA주사 | 뷰티블라썸의원,뷰티블라썸의원의 CA주사는 콜산 성분으로 지방세포에 직접 접근하는  바디 시술입니다. 데옥시콜산(DCA)과 성분이 달라 선택이 가능합니다.,https://beautyblossom.kr/diet-injection,0,1,0
kr,https://beautyblossom.kr/event,200,ko,692185,pages\kr\622e009831693336.json,1,홍대피부과 이벤트ㅣ시술할인ㅣ뷰티블라썸의원,"홍대입구역 9번출구, 합정역 3번출구, 홍대피부과, 합정피부과, 피부과이벤트, 시술할인, 보톡스이벤트, 필러이벤트, 리프팅이벤트, 뷰티블라썸의원",https://beautyblossom.kr/event,0,2,0
kr,https://beautyblossom.kr/fat-dissolve,200,ko,390611,pages\kr\d333295af4583fac.json,1,홍대 다이어트 피부과 | DCA 지방분해주사 | 뷰티블라썸의원,뷰티블라썸의원의 DCA 지방분해주사는 데옥시콜산 성분으로 지방세포를  분해하는 바디 시술입니다.,https://beautyblossom.kr/fat-dissolve,0,1,0
kr,https://beautyblossom.kr/hilo-wave,200,ko,369303,pages\kr\4895e76098d61adf.json,1,홍대 힐로웨이브 | 듀얼HA 콜라겐 부스터 - 뷰티블라썸의원,"합정·홍대 힐로웨이브 듀얼HA 콜라겐 부스터, 뷰티블라썸의원. 고분자·저분자 히알루론산으로 볼륨과 피부결을 함께 관리하는 시술 상담받아보세요.",https://beautyblossom.kr/hilo-wave,0,1,0
kr,https://beautyblossom.kr/home,200,ko,1300803,pages\kr\876e375909b20b8d.json,1,홍대피부과ㅣ합정피부과ㅣ뷰티블라썸의원,"홍대피부과, 합정피부과, 홍대보톡스, 홍대필러, 홍대리프팅, 홍대울쎄라, 홍대써마지, 홍대리쥬란, 홍대스킨부스터, 홍대뷰티블라썸, 홍대피부관리",https://beautyblossom.kr/home,0,4,0
kr,https://beautyblossom.kr/re2o,200,ko,405654,pages\kr\993edca7d28d9f18.json,1,홍대 리투오ㅣ리투오 스킨부스터ㅣ홍대 Re2Oㅣ뷰티블라썸의원,"홍대입구역 9번출구, 합정역 3번출구, 합정리투오, 홍대리투오, 엘라비에리투오, Re2O, ECM스킨부스터, 4세대스킨부스터, hADM, 콜라겐, 엘라스틴, 피부재생, 피부탄력, 수분개선",https://beautyblossom.kr/re2o,0,2,0
kr,https://beautyblossom.kr/skinvive,200,ko,376371,pages\kr\c761538cbb0fbdd9.json,1,홍대 스킨바이브 | 피부 속 히알루론산 물광 스킨부스터 | 뷰티블라썸의원,"합정·홍대 스킨바이브, 뷰티블라썸의원. 진피층에 직접 채우는 히알루론산으로 뺨 미세주름·피부 거칠기를 일시적으로 개선합니다. FDA 승인 쥬비덤 제제, 약 6개월 지속, 다운타임 최소.",https://beautyblossom.kr/skinvive,0,1,0
kr,https://beautyblossom.kr/thread-lifting,200,ko,398621,pages\kr\96be6c116786c260.json,2,홍대 실리프팅ㅣ민트리프트 에피티콘 PDO 듀얼 라인업ㅣ뷰티블라썸의원 | 실리프팅 | 민트리프트 · 에피티콘 듀얼 라인업 - 뷰티블라썸의원,"홍대 실리프팅, 합정 실리프팅, 민트리프트, 에피티콘, PDO 흡수성 실, 안면조직고정용실, V라인, 턱선, 팔자, 듀얼 라인업, 뷰티블라썸의원 | 민트 · 에피티콘 듀얼 라인업, 안면조직고정용실 식약처 허가 PDO 흡수성 실로 운용하는 뷰티블라썸 실리프팅. 부위별 맞춤 콤비 설계.",https://beautyblossom.kr/thread-lifting,0,1,0
kr,https://beautyblossom.kr/titanium-fortra-quattro,200,ko,388214,pages\kr\2a3ec5cf23866a3e.json,2,홍대 합정 포트라 콰트로 | 합정 4파장 다이오드 레이저 리프팅 - 뷰티블라썸의원 | 홍대·합정 4파장 다이오드 리프팅 | 포트라 콰트로 - 뷰티블라썸의원,홍대·합정 뷰티블라썸의원 포트라 콰트로. 940nm를 더한 4파장(755·808·940·1064nm) 다이오드 레이저로 리프팅·타이트닝·톤 정돈. 표피부터 SMAS층까지 층별 접근. | 홍대·합정 뷰티블라썸의원 포트라 콰트로. 기존 3파장 다이오드 리프팅에 940nm를 더한 4파장(755·808·940·1064nm) 레이저로 리프팅·타이트닝·톤 정돈에 접근합니다. 표피부터 SMAS층까지 층별로 다룹니다.,https://beautyblossom.kr/titanium-fortra-quattro,0,1,0
kr,https://beautyblossom.kr/treatment-search,200,ko,355356,pages\kr\bd686adb27875cb3.json,1,시술검색 | 뷰티블라썸의원,"뷰티블라썸의원 시술검색 | 보톡스, 필러, 리프팅, 레이저 등 65가지 피부 시술을 한눈에 검색하세요. 합정역 3번 출구 피부과",https://beautyblossom.kr/treatment-search,0,1,0
kr,https://beautyblossom.kr/yujiin-lifting,200,ko,380796,pages\kr\338413d1d0f54161.json,1,홍대 유지인대 리프팅 | 합정 처진 얼굴 라인 리프팅 - 뷰티블라썸의원,"홍대·합정 유지인대 리프팅 뷰티블라썸의원. 처진 얼굴 라인의 근본 원인인 유지인대를 보강하는 구조 리프팅으로 무너진 라인을 1:1 맞춤 설계합니다. 홍대입구역 도보 거리, 합정역 3번 출구.",https://beautyblossom.kr/yujiin-lifting,0,1,0
en,https://en.beautyblossom.kr/,200,en,1287809,pages\en\ada87d3feb6884e6.json,1,"Beauty Blossom Clinic | Hongdae Dermatology Seoul - Botox, Filler, Lifting","Beauty Blossom Clinic is a global dermatology clinic in Hongdae & Hapjeong, Seoul, offering Botox, fillers, lifting treatments, skin care, skin boosters, and body contouring. Our experienced medical team provides attentive care from consultation to post-treatment follow-up, prioritizing safety and delivering natural re... ",https://en.beautyblossom.kr/,0,4,0
en,https://en.beautyblossom.kr/100,200,en,862328,pages\en\beca7e0dfe318b71.json,3,"Beauty Blossom Clinic | Hongdae Dermatology Seoul - Botox, Filler, Lifting | Skin Analysis System | 3D Skin Diagnosis Benefits","Beauty Blossom Clinic is a global dermatology clinic in Hongdae & Hapjeong, Seoul, offering Botox, fillers, lifting treatments, skin care, skin boosters, and body contouring. Our experienced medical team provides attentive care from consultation to post-treatment follow-up, prioritizing safety and delivering natural re... ",https://en.beautyblossom.kr/100,0,4,0
en,https://en.beautyblossom.kr/107,200,en,1003876,pages\en\3a6e6d52e9ee3b99.json,2,"Sofwave in Hongdae, Seoul | Ultrasound Skin Tightening | Beauty Blossom Clinic | 시술 전후 비교","Enjoy non-invasive skin tightening with Sofwave at Beauty Blossom Clinic near Hapjeong Station in Hongdae, Seoul. This advanced ultrasound technology reduces wrinkles and improves skin firmness with minimal downtime. Our English-speaking team ensures a smooth and comfortable experience for visitors from abroad.",https://en.beautyblossom.kr/107,0,16,0
en,https://en.beautyblossom.kr/108,200,en,841395,pages\en\ae00a3d9dc436f80.json,1,"Shoulder Filler in Hongdae, Seoul | Straight Shoulder Line | Beauty Blossom Clinic","Achieve a beautifully defined shoulder and collarbone line with shoulder filler at Beauty Blossom Clinic near Hapjeong Station in Hongdae, Seoul. Our doctors use premium filler products to create a natural straight shoulder silhouette. English-speaking consultation is available for international patients.",https://en.beautyblossom.kr/108,0,11,0
en,https://en.beautyblossom.kr/110,200,en,735185,pages\en\1e9078f1007f62fd.json,1,"Lhala  Peel in Hongdae, Seoul | Glow & Skin Barrier Care | Beauty Blossom Clinic","Achieve radiant and healthy skin with Lhala Peel at Beauty Blossom Clinic near Hapjeong Station in Hongdae, Seoul. This innovative peeling strengthens the skin barrier while enhancing glow and texture. English-speaking consultation available.",https://en.beautyblossom.kr/110,0,6,0
en,https://en.beautyblossom.kr/111,200,en,652368,pages\en\6760ab3231e1f118.json,1,"YES Peel in Hongdae, Seoul | Gentle Exfoliation & Glow | Beauty Blossom Clinic","Improve skin texture and radiance with YES Peel at Beauty Blossom Clinic near Hapjeong Station in Hongdae, Seoul. This gentle peeling treatment removes dead skin cells and promotes a brighter, smoother complexion. Suitable for sensitive skin. English-speaking consultation available.",https://en.beautyblossom.kr/111,0,5,0
en,https://en.beautyblossom.kr/112,200,en,526818,pages\en\f5f01c269d4c90bd.json,1,Aftercare Guidelines | Beauty Blossom Clinic Seoul,"Beauty Blossom Clinic provides clear aftercare and precaution guidelines following aesthetic treatments. Our instructions support safe recovery, optimal results, and ongoing skin and body care in Seoul.",https://en.beautyblossom.kr/112,0,1,0
en,https://en.beautyblossom.kr/114,200,en,741608,pages\en\1e25556df6b17e36.json,1,"Juvelook in Hongdae, Seoul | Collagen Skin Booster | Beauty Blossom Clinic","Boost your skin's collagen naturally with Juvelook at Beauty Blossom Clinic near Hapjeong Station in Hongdae, Seoul. This skin booster stimulates collagen regeneration to improve skin texture, elasticity, and fine lines. We use genuine products and offer English-speaking consultations at affordable prices.",https://en.beautyblossom.kr/114,0,6,0
en,https://en.beautyblossom.kr/115,200,en,742250,pages\en\7e2b7f1d3284955d.json,1,"Ultracol in Hongdae, Seoul | Collagen Booster | Beauty Blossom Clinic","Enhance your skin's elasticity and volume gradually with Ultracol collagen booster at Beauty Blossom Clinic near Hapjeong Station in Hongdae, Seoul. This treatment promotes natural collagen production for long-lasting skin improvement. English-speaking staff available.",https://en.beautyblossom.kr/115,0,5,0
en,https://en.beautyblossom.kr/116,200,en,745537,pages\en\c551b5649f2ab60e.json,1,"Rejuran in Hongdae, Seoul | PDRN Skin Regeneration | Beauty Blossom Clinic","Regenerate and revitalize your skin with Rejuran PDRN therapy at Beauty Blossom Clinic near Hapjeong Station in Hongdae, Seoul. Derived from salmon DNA, this treatment improves skin texture, hydration, and elasticity from within. Our English-speaking team uses genuine Rejuran products for safe, effective results.",https://en.beautyblossom.kr/116,0,5,0
en,https://en.beautyblossom.kr/117,200,en,732439,pages\en\09936c3ae4e5e272.json,1,"Lili'dM in Hongdae, Seoul | Regeneration Skin Booster | Beauty Blossom Clinic","Promote skin regeneration and improve elasticity with Lili'dM skin booster at Beauty Blossom Clinic near Hapjeong Station in Hongdae, Seoul. Suitable for sensitive skin types, this gentle treatment restores a healthy skin condition. English-speaking consultation available.",https://en.beautyblossom.kr/117,0,6,0
en,https://en.beautyblossom.kr/118,200,en,739487,pages\en\78873c600b0d3d7e.json,1,"Exoheal in Hongdae, Seoul | Exosome Skin Regeneration | Beauty Blossom Clinic","Accelerate skin regeneration and strengthen your skin barrier with Exoheal exosome therapy at Beauty Blossom Clinic near Hapjeong Station in Hongdae, Seoul. This cutting-edge treatment delivers powerful regenerative signals to restore damaged skin. English-speaking staff and genuine products.",https://en.beautyblossom.kr/118,0,6,0
en,https://en.beautyblossom.kr/119,200,en,704295,pages\en\64ac6f0ecad16c04.json,1,"Salmon PDRN Injection in Hongdae, Seoul | Skin Regeneration | Beauty Blossom Clinic","Revitalize your skin with salmon PDRN injection at Beauty Blossom Clinic near Hapjeong Station in Hongdae, Seoul. This regenerative treatment derived from salmon DNA improves skin texture, hydration, and elasticity. English-speaking staff and affordable pricing for international visitors.",https://en.beautyblossom.kr/119,0,5,0
en,https://en.beautyblossom.kr/120,200,en,747353,pages\en\0479e28c9d950d58.json,1,"Risne in Hongdae, Seoul | Hydration Skin Booster | Beauty Blossom Clinic","Improve skin hydration and elasticity with Risne skin booster at Beauty Blossom Clinic near Hapjeong Station in Hongdae, Seoul. This treatment helps restore a healthy, supple skin condition. English-speaking consultation and genuine products available.",https://en.beautyblossom.kr/120,0,6,0
en,https://en.beautyblossom.kr/121,200,en,747866,pages\en\86631f0bc20174b2.json,1,"BB Shining Injection in Hongdae, Seoul | Signature Skin Glow | Beauty Blossom Clinic","The Signature BB Shining Injection enhances skin glow, hydration, and radiance at Beauty Blossom Clinic near Hapjeong Station in Hongdae, Seoul. A customized hyaluronic acid injection for clear, luminous skin. English-speaking consultation available.",https://en.beautyblossom.kr/121,0,6,0
en,https://en.beautyblossom.kr/122,200,en,753518,pages\en\acc04409485f3352.json,1,"Radiesse in Hongdae, Seoul | Collagen Volume Booster | Beauty Blossom Clinic","Achieve natural volume restoration with Radiesse collagen booster at Beauty Blossom Clinic near Hapjeong Station in Hongdae, Seoul. This treatment stimulates your body's own collagen for long-lasting volume and skin firmness. English-speaking consultation and genuine products guaranteed.",https://en.beautyblossom.kr/122,0,6,0
en,https://en.beautyblossom.kr/123,200,en,718438,pages\en\eb85faa462990fd2.json,1,"Filorga in Hongdae, Seoul | Rejuvenation Skin Booster | Beauty Blossom Clinic","Nourish and rejuvenate your skin with Filorga skin booster at Beauty Blossom Clinic near Hapjeong Station in Hongdae, Seoul. This treatment delivers essential nutrients for improved hydration, texture and radiance. English-speaking staff and genuine products for a safe K-beauty experience.",https://en.beautyblossom.kr/123,0,7,0
en,https://en.beautyblossom.kr/124,200,en,667253,pages\en\74ba934205540937.json,1,"Mole Removal in Hongdae, Seoul | Laser Treatment | Beauty Blossom Clinic","Remove moles, warts, and skin tags cleanly with laser treatment at Beauty Blossom Clinic near Hapjeong Station in Hongdae, Seoul. Our doctors assess each lesion's type and depth to ensure precise removal with minimal scarring. English-speaking staff and affordable pricing for international patients.",https://en.beautyblossom.kr/124,0,6,0
en,https://en.beautyblossom.kr/125,200,en,724822,pages\en\edbd741febe27d7d.json,1,"Medical Weight Loss in Hongdae, Seoul | Wegovy & Mounjaro | Beauty Blossom Clinic","Start your medical weight loss journey at Beauty Blossom Clinic near Hapjeong Station in Hongdae, Seoul. We offer GLP-1 prescriptions including Wegovy, Mounjaro, and Saxenda, with personalized diet consultation tailored to your body type and lifestyle. English-speaking staff and transparent pricing for international pa... ",https://en.beautyblossom.kr/125,0,6,0
en,https://en.beautyblossom.kr/126,200,en,658510,pages\en\8451ab42df0bbabf.json,1,"IV Drip Therapy in Hongdae, Seoul | Vitamin Infusion | Beauty Blossom Clinic","Recharge your energy and boost immunity with IV drip therapy at Beauty Blossom Clinic near Hapjeong Station in Hongdae, Seoul. We offer fatigue recovery, vitamin infusion, immune boost, and skin brightening drips customized to your needs. Walk-ins are welcome, and our English-speaking staff are ready to assist.",https://en.beautyblossom.kr/126,0,6,0
en,https://en.beautyblossom.kr/127,200,en,656694,pages\en\14bced1f44a4854c.json,1,"Sleep Anesthesia in Hongdae, Seoul | Pain-Free Procedures | Beauty Blossom Clinic","Sleep anesthesia provides a comfortable, pain-free experience during aesthetic procedures at Beauty Blossom Clinic near Hapjeong Station in Hongdae, Seoul. Carefully administered under medical supervision with continuous monitoring for patient safety. English-speaking consultation available.",https://en.beautyblossom.kr/127,0,5,0
en,https://en.beautyblossom.kr/129,200,en,704881,pages\en\eecf1d0e5741a0b7.json,2,"PHA Peel in Hongdae, Seoul | Mild Peeling for Sensitive Skin | Beauty Blossom Clinic | 모던 카드 디자인","Gently exfoliate sensitive skin with PHA Peel at Beauty Blossom Clinic near Hapjeong Station in Hongdae, Seoul. This mild peeling improves skin tone and texture without irritation. English-speaking consultation available.",https://en.beautyblossom.kr/129,0,6,0
en,https://en.beautyblossom.kr/130,200,en,733593,pages\en\8a8c87690c5129c6.json,2,"Facial Infusion Treatment in Hongdae, Seoul | Intensive Skin Nourishment | Beauty Blossom Clinic | 피부 시술 비교 테이블","Revitalize your skin with Facial Infusion at Beauty Blossom Clinic near Hapjeong Station in Hongdae, Seoul. This treatment delivers essential nutrients deep into the skin for improved hydration and radiance. English-speaking consultation available.",https://en.beautyblossom.kr/130,0,6,0
en,https://en.beautyblossom.kr/1494626716,200,en,388512,pages\en\567aa4661ab91e63.json,1,"Densiti RF Lifting in Hongdae, Seoul | Dual Radiofrequency | Beauty Blossom Clinic","Experience advanced Densiti dual radiofrequency lifting at Beauty Blossom Clinic near Hapjeong Station in Hongdae, Seoul. This treatment combines monopolar and bipolar RF energy to tighten skin from the dermis to the SMAS layer. Our clinic uses genuine equipment and offers English-speaking consultations at affordable p... ",https://en.beautyblossom.kr/1494626716,0,2,0
en,https://en.beautyblossom.kr/1527592985,200,en,401514,pages\en\29b1a8b1ef9db130.json,1,"Linearz HIFU in Hongdae, Seoul | Dual Ultrasound Lifting | Beauty Blossom Clinic","Experience precise lifting with Linearz dual HIFU at Beauty Blossom Clinic near Hapjeong Station in Hongdae, Seoul. Combining linear and dot ultrasound energy at depths from 1.5mm to 13mm, this treatment offers low-pain lifting without anesthesia. We use genuine Jeisys Medical devices and provide English-speaking consu... ",https://en.beautyblossom.kr/1527592985,0,2,0
en,https://en.beautyblossom.kr/17,200,en,775512,pages\en\bfe26e6c57966361.json,1,Beauty Blossom Clinic in Seoul | Global Aesthetic Care,"Beauty Blossom Clinic is a global aesthetic clinic in Seoul dedicated to safe, specialized, and personalized care. Trusted by international patients, our experienced medical team focuses on natural results through carefully selected treatments and thoughtful consultation.",https://en.beautyblossom.kr/17,0,1,0
en,https://en.beautyblossom.kr/18,200,en,847926,pages\en\93cbfdf37bc6c04b.json,1,Medical Team | Beauty Blossom Clinic Seoul,"The medical team at Beauty Blossom Clinic consists of experienced doctors and professional consultants dedicated to personalized aesthetic care. Each treatment is carefully planned to ensure safety, balance, and natural-looking results for every patient in Seoul.",https://en.beautyblossom.kr/18,0,1,0
en,https://en.beautyblossom.kr/19,200,en,569247,pages\en\41b1f8815a3dafff.json,1,Hours & Directions | Beauty Blossom Clinic Seoul,"Find Beauty Blossom Clinic easily with clear directions and clinic hours. Conveniently located in Seoul, our clinic welcomes both local and international patients with accessible transportation and friendly support for your visit.",https://en.beautyblossom.kr/19,0,1,0
en,https://en.beautyblossom.kr/20,200,en,509837,pages\en\18cf0d68c82733dd.json,1,Clinic Announcements | Beauty Blossom Clinic Seoul,"Stay updated with official announcements from Beauty Blossom Clinic. Find the latest clinic news, service updates, policy notices, and important information for local and international patients in Seoul.",https://en.beautyblossom.kr/20,0,0,0
en,https://en.beautyblossom.kr/22,200,en,510952,pages\en\7c3b67a4c3af1cc7.json,1,"beauty care consultation, professional aesthetic clinic, skin care consultation seoul, seoul aesthetic clinic english, bb glow near me, beauty clinic","Discover special events and seasonal promotions at Beauty Blossom Clinic. From limited-time treatment offers to clinic milestones, our events are designed to thank and support our patients in Seoul.",https://en.beautyblossom.kr/22,0,1,0
en,https://en.beautyblossom.kr/24,200,en,488836,pages\en\2645ba61db408ee0.json,1,Online Consultation | Beauty Blossom Clinic Seoul,"Beauty Blossom Clinic offers online consultation services for international and local patients. Receive preliminary guidance, treatment recommendations, and appointment planning before visiting our clinic in Seoul.",https://en.beautyblossom.kr/24,0,0,0
en,https://en.beautyblossom.kr/25,200,en,551720,pages\en\e1edb2962ba733fe.json,1,Before & After Results | Beauty Blossom Clinic Seoul,"Explore before and after treatment results at Beauty Blossom Clinic. These examples help patients understand treatment outcomes and approach, with results varying based on individual condition and care plans in Seoul.",https://en.beautyblossom.kr/25,0,1,0
en,https://en.beautyblossom.kr/26,200,en,488289,pages\en\55428609c334cce5.json,1,Patient Reviews & Testimonials | Beauty Blossom Clinic,"Read real patient reviews and testimonials about their experiences at Beauty Blossom Clinic. International and local patients share their journey, highlighting our personalized care, professionalism, and clinic environment in Seoul.",https://en.beautyblossom.kr/26,0,0,0
en,https://en.beautyblossom.kr/28,200,en,728884,pages\en\e81fd56574e102fb.json,2,"Botox in Hongdae, Seoul | Skin Botox & Anti-Wrinkle | Beauty Blossom Clinic | Botox Treatment Areas","Beauty Blossom Clinic offers premium Botox treatments near Hapjeong Station in Hongdae, Seoul. Our experienced doctors provide forehead, jaw, masseter, and skin Botox using genuine Allergan and Xeomin products. With English-speaking staff and transparent pricing, we ensure a safe and comfortable experience for internat... ",https://en.beautyblossom.kr/28,0,6,0
en,https://en.beautyblossom.kr/29,200,en,720608,pages\en\4a4d078439f5185d.json,1,"Dermal Filler in Hongdae, Seoul | Lip, Nose & Chin Filler | Beauty Blossom Clinic","Get natural-looking dermal filler results at Beauty Blossom Clinic near Hapjeong Station in Hongdae, Seoul. We specialize in lip, nose, chin, cheek, and forehead filler using premium hyaluronic acid products. Our English-speaking team provides personalized consultations to help you achieve balanced, beautiful results a... ",https://en.beautyblossom.kr/29,0,5,0
en,https://en.beautyblossom.kr/30,200,en,643748,pages\en\bb09b0d48f5a6ecd.json,1,"Dark Circle Treatment in Hongdae, Seoul | Under-Eye Rejuvenation | Beauty Blossom Clinic","Say goodbye to dark circles and tired-looking eyes at Beauty Blossom Clinic near Hapjeong Station in Hongdae, Seoul. Our personalized under-eye treatment reduces puffiness and restores a refreshed, youthful appearance. English-speaking staff are available to guide you through every step of the process.",https://en.beautyblossom.kr/30,0,4,0
en,https://en.beautyblossom.kr/31,200,en,693405,pages\en\56bd9e1086bde1b4.json,1,"Eye Lifting Package in Hongdae, Seoul | Eye Rejuvenation | Beauty Blossom Clinic","Restore firmness and brightness around your eyes with the comprehensive eye lifting package at Beauty Blossom Clinic near Hapjeong Station in Hongdae, Seoul. This customized program addresses sagging, wrinkles, and dullness around the eye area for a refreshed, youthful look. English-speaking consultation available.",https://en.beautyblossom.kr/31,0,5,0
en,https://en.beautyblossom.kr/32,200,en,680766,pages\en\32b6e00321a3ee1b.json,1,"Wrinkle Treatment in Hongdae, Seoul | Anti-Aging Care | Beauty Blossom Clinic","Smooth away forehead lines, nasolabial folds, and neck wrinkles at Beauty Blossom Clinic near Hapjeong Station in Hongdae, Seoul. Our experienced doctors assess your skin type and wrinkle depth to deliver precise, natural-looking anti-aging results. English-speaking staff and genuine products ensure a safe treatment ex... ",https://en.beautyblossom.kr/32,0,4,0
en,https://en.beautyblossom.kr/325432217,200,en,370708,pages\en\a9947e824ef0e972.json,1,Premium Equipment | Beauty Blossom Clinic,"Explore Beauty Blossom Clinic's premium medical devices — including HIFU lifting, RF, laser, and skincare equipment — for safe, effective, and personalized treatments.",https://en.beautyblossom.kr/325432217,0,1,0
en,https://en.beautyblossom.kr/33,200,en,810671,pages\en\3f2783c72606daf5.json,1,"Non-Surgical Nose Reshaping in Hongdae, Seoul | Nose Filler & Thread | Beauty Blossom Clinic","Reshape your nose without surgery at Beauty Blossom Clinic near Hapjeong Station in Hongdae, Seoul. We offer nose filler and thread lift procedures for natural nose tip and bridge contouring. Our English-speaking doctors provide personalized consultations to achieve harmonious facial balance at affordable prices.",https://en.beautyblossom.kr/33,0,7,0
en,https://en.beautyblossom.kr/35,200,en,736655,pages\en\1c0b85553e9470bf.json,1,Beauty Blossom Fit Injection in Hongdae | Body Contouring Seoul | Beauty Blossom Clinic,"The Beauty Blossom Fit Injection is a customized body contouring treatment at Beauty Blossom Clinic near Hapjeong Station in Hongdae, Seoul. Designed to refine body lines and proportions with a natural, balanced finish. English-speaking consultation available for international patients.",https://en.beautyblossom.kr/35,0,4,0
en,https://en.beautyblossom.kr/36,200,en,681656,pages\en\4de52b67cb3222bd.json,1,"Fat Dissolving Injection in Hongdae, Seoul | Targeted Slimming | Beauty Blossom Clinic","Target stubborn fat in specific areas with fat dissolving injections at Beauty Blossom Clinic near Hapjeong Station in Hongdae, Seoul. Effective for abdomen, arms, and thighs, this non-surgical treatment helps sculpt a slimmer body contour. English-speaking staff and affordable pricing.",https://en.beautyblossom.kr/36,0,4,0
en,https://en.beautyblossom.kr/37,200,en,687358,pages\en\ae37e69b5e32edce.json,1,"Filler Dissolving in Hongdae, Seoul | Hyaluronidase Correction | Beauty Blossom Clinic","Safely dissolve and correct unnatural filler at Beauty Blossom Clinic near Hapjeong Station in Hongdae, Seoul. Our experienced doctors use hyaluronidase to remove lumps and restore a natural look. English-speaking consultation is available for international patients who need filler revision.",https://en.beautyblossom.kr/37,0,5,0
en,https://en.beautyblossom.kr/39,200,en,722963,pages\en\c7cf1af755bafefa.json,2,"Personal Layered Lifting in Hongdae, Seoul | Custom Lifting | Beauty Blossom Clinic | 의료장비 전문 솔루션","A customized layered lifting approach combining multiple energy-based treatments at Beauty Blossom Clinic near Hapjeong Station in Hongdae, Seoul. Designed to address sagging, elasticity, and facial structure for balanced, natural results. English-speaking consultation available. | 프리미엄 의료장비 솔루션을 제공합니다.",https://en.beautyblossom.kr/39,0,5,0
en,https://en.beautyblossom.kr/3D,200,en,866109,pages\en\d36d0f5f6c230713.json,2,"3D Skin Analyzer in Hongdae, Seoul | Skin Diagnosis | Beauty Blossom Clinic | EVE V MUSE 리포트 안내","Advanced 3D skin analysis to assess pores, pigmentation, wrinkles, and elasticity at Beauty Blossom Clinic near Hapjeong Station in Hongdae, Seoul. Provides accurate data to create personalized treatment plans. Complimentary for consultation patients. English-speaking staff available.",https://en.beautyblossom.kr/3D,0,8,0
en,https://en.beautyblossom.kr/40,200,en,978038,pages\en\57ccaee05dbb3a9d.json,1,"Ultherapy Prime in Hongdae, Seoul | Premium HIFU Lifting | Beauty Blossom Clinic","Upgrade your lifting experience with Ultherapy Prime at Beauty Blossom Clinic near Hapjeong Station in Hongdae, Seoul. This premium HIFU treatment delivers enhanced ultrasound energy for superior face contouring results. Genuine device certified, with English-speaking staff ready to assist international patients.",https://en.beautyblossom.kr/40,0,9,0
en,https://en.beautyblossom.kr/40b,200,en,719205,pages\en\d62eff7298a4ec10.json,1,"Ultherapy in Hongdae, Seoul | HIFU Skin Lifting | Beauty Blossom Clinic","Get genuine Ultherapy HIFU lifting at Beauty Blossom Clinic near Hapjeong Station in Hongdae, Seoul. Our treatment targets the deep SMAS layer with focused ultrasound energy for natural skin tightening and lifting without surgery. We use only genuine Ultherapy devices and offer English-speaking consultations for intern... ",https://en.beautyblossom.kr/40b,0,4,0
en,https://en.beautyblossom.kr/41,200,en,1073180,pages\en\d76f11e14d3f5d2c.json,1,"Thermage FLX in Hongdae, Seoul | RF Skin Tightening | Beauty Blossom Clinic","Tighten and rejuvenate your skin with genuine Thermage FLX at Beauty Blossom Clinic near Hapjeong Station in Hongdae, Seoul. This radiofrequency treatment stimulates collagen production for firmer, younger-looking skin. We use only genuine Thermage devices and provide English-speaking consultations with transparent pri... ",https://en.beautyblossom.kr/41,0,11,0
en,https://en.beautyblossom.kr/42,200,en,742051,pages\en\8e1738f2333e1589.json,1,"ONDA Lifting in Hongdae, Seoul | Microwave Body & Face | Beauty Blossom Clinic","Target stubborn fat and loose skin with ONDA microwave lifting at Beauty Blossom Clinic near Hapjeong Station in Hongdae, Seoul. This treatment is effective for both face and body contouring, reducing fat while tightening skin. English-speaking staff are available to help international patients with consultations.",https://en.beautyblossom.kr/42,0,5,0
en,https://en.beautyblossom.kr/43,200,en,711223,pages\en\576db0b804c3a699.json,1,"InMode Lifting in Hongdae, Seoul | RF Body Contouring | Beauty Blossom Clinic","Sculpt your body and tighten your skin with InMode RF lifting at Beauty Blossom Clinic near Hapjeong Station in Hongdae, Seoul. This non-surgical treatment targets fat deposits and improves skin elasticity for a slimmer, more defined silhouette. English-speaking staff ensure a comfortable experience.",https://en.beautyblossom.kr/43,0,5,0
en,https://en.beautyblossom.kr/44,200,en,828519,pages\en\8d0ba19d00fa7ac4.json,1,"Shurink Universe in Hongdae, Seoul | HIFU Skin Tightening | Beauty Blossom Clinic","Restore facial elasticity with Shurink Universe HIFU tightening at Beauty Blossom Clinic near Hapjeong Station in Hongdae, Seoul. This ultrasound-based treatment improves skin firmness and reduces sagging for a more youthful appearance. Genuine device used, English-speaking consultation available.",https://en.beautyblossom.kr/44,0,4,0
en,https://en.beautyblossom.kr/45,200,en,757265,pages\en\897ba728b06ff6f8.json,1,"Volnewmer in Hongdae, Seoul | RF Volume Lifting | Beauty Blossom Clinic","Restore lost facial volume and improve skin elasticity with Volnewmer RF lifting at Beauty Blossom Clinic near Hapjeong Station in Hongdae, Seoul. This radiofrequency treatment helps achieve a fuller, more youthful appearance. English-speaking staff available for international patients.",https://en.beautyblossom.kr/45,0,6,0
en,https://en.beautyblossom.kr/47,200,en,637407,pages\en\baf3a866899e4a94.json,1,"Laser Hair Removal for Women in Hongdae, Seoul | Beauty Blossom Clinic","Enjoy smooth, hair-free skin with laser hair removal for women at Beauty Blossom Clinic near Hapjeong Station in Hongdae, Seoul. We treat face, underarms, arms, legs, and full body areas using advanced laser technology for safe, effective results. English-speaking staff and affordable pricing make it an ideal choice fo... ",https://en.beautyblossom.kr/47,0,5,0
en,https://en.beautyblossom.kr/48,200,en,636770,pages\en\43d7d011366701af.json,1,"Laser Hair Removal for Men in Hongdae, Seoul | Beauty Blossom Clinic","Get clean, groomed results with men's laser hair removal at Beauty Blossom Clinic near Hapjeong Station in Hongdae, Seoul. We offer beard, chest, arm, and leg hair removal with advanced laser technology suited to thicker male hair. English-speaking staff ensure a comfortable and private experience.",https://en.beautyblossom.kr/48,0,5,0
en,https://en.beautyblossom.kr/50,200,en,689202,pages\en\937874d15a8b29a1.json,1,"Custom Body Care in Hongdae, Seoul | Body Contouring | Beauty Blossom Clinic","Customized body care programs at Beauty Blossom Clinic near Hapjeong Station in Hongdae, Seoul. Designed to improve body contour, skin condition, and overall balance with personalized treatment plans. English-speaking consultation available for international patients.",https://en.beautyblossom.kr/50,0,3,0
en,https://en.beautyblossom.kr/51,200,en,734506,pages\en\4d4d27e4796ff06c.json,1,"LineTox Package in Hongdae, Seoul | Trapezius & Calf Botox | Beauty Blossom Clinic","The LineTox Package combines targeted Botox injections to refine shoulder and calf lines at Beauty Blossom Clinic near Hapjeong Station in Hongdae, Seoul. Designed for smoother, slimmer body proportions with a customized approach. English-speaking consultation available.",https://en.beautyblossom.kr/51,0,6,0
en,https://en.beautyblossom.kr/52,200,en,750665,pages\en\123174bbf0061b41.json,1,"Body Botox in Hongdae, Seoul | Trapezius & Calf Slimming | Beauty Blossom Clinic","Slim your shoulder and calf lines with Body Botox at Beauty Blossom Clinic near Hapjeong Station in Hongdae, Seoul. Trapezius and calf Botox injections create smoother, more defined body contours using genuine products. English-speaking consultation available.",https://en.beautyblossom.kr/52,0,5,0
en,https://en.beautyblossom.kr/53,200,en,714305,pages\en\836e9c0a8d00ee3b.json,1,"Beauty Blossom Clinic | Hongdae Dermatology Seoul - Botox, Filler, Lifting","Beauty Blossom Clinic is a global dermatology clinic in Hongdae & Hapjeong, Seoul, offering Botox, fillers, lifting treatments, skin care, skin boosters, and body contouring. Our experienced medical team provides attentive care from consultation to post-treatment follow-up, prioritizing safety and delivering natural re... ",https://en.beautyblossom.kr/53,0,4,0
en,https://en.beautyblossom.kr/54,200,en,735628,pages\en\a320202ca2f56083.json,1,"Body Beauty Blossom Fit Injection in Hongdae, Seoul | Steroid-Free Contouring | Beauty Blossom Clinic","Body Beauty Blossom Fit Injection is a customized, steroid-free body contouring treatment at Beauty Blossom Clinic near Hapjeong Station in Hongdae, Seoul. A doctor-guided approach for natural shaping and fat reduction. English-speaking consultation available for international patients.",https://en.beautyblossom.kr/54,0,4,0
en,https://en.beautyblossom.kr/55,200,en,735268,pages\en\a0f27842ed7f943c.json,2,"Body Sculpture Injection in Hongdae, Seoul | Body Contouring | Beauty Blossom Clinic | 바디 부위별 시술 안내","Body sculpture injections at Beauty Blossom Clinic near Hapjeong Station in Hongdae, Seoul. Targeting localized fat in arms, thighs, and abdomen for natural body contouring. Personalized approach with English-speaking consultation available.",https://en.beautyblossom.kr/55,0,6,0
en,https://en.beautyblossom.kr/56,200,en,763449,pages\en\710f2ac24353e998.json,1,"Body Lifting in Hongdae, Seoul | Non-Surgical Body Tightening | Beauty Blossom Clinic","Non-surgical body lifting with microwave energy at Beauty Blossom Clinic near Hapjeong Station in Hongdae, Seoul. Tightens skin and reduces fat for improved body contours with minimal downtime. English-speaking consultation available.",https://en.beautyblossom.kr/56,0,6,0
en,https://en.beautyblossom.kr/57,200,en,777345,pages\en\1bc2f49f746d698b.json,1,"Body InMode in Hongdae, Seoul | Fat Reduction & Skin Tightening | Beauty Blossom Clinic","Body InMode uses radiofrequency technology to break down localized fat while tightening skin at Beauty Blossom Clinic near Hapjeong Station in Hongdae, Seoul. Ideal for targeted body contouring with minimal downtime. English-speaking consultation available.",https://en.beautyblossom.kr/57,0,5,0
en,https://en.beautyblossom.kr/58,200,en,661240,pages\en\f75e90e0f5e2c830.json,1,"Hyperhidrosis Botox in Hongdae, Seoul | Excessive Sweating Treatment | Beauty Blossom Clinic","Manage excessive sweating effectively with hyperhidrosis Botox at Beauty Blossom Clinic near Hapjeong Station in Hongdae, Seoul. We treat underarm, palm, and foot sweating to help you feel confident and comfortable in daily life. English-speaking staff provide caring consultations.",https://en.beautyblossom.kr/58,0,5,0
en,https://en.beautyblossom.kr/60,200,en,784702,pages\en\c11f95f4275ce83c.json,1,"Q-Facial in Hongdae, Seoul | Deep Cleansing & Skin Renewal | Beauty Blossom Clinic","Refresh your skin with Q-Facial at Beauty Blossom Clinic near Hapjeong Station in Hongdae, Seoul. This treatment deeply cleanses pores, removes impurities, and improves overall skin texture for a clearer complexion. English-speaking consultation available.",https://en.beautyblossom.kr/60,0,4,0
en,https://en.beautyblossom.kr/61,200,en,841675,pages\en\5e2cf1b09a259422.json,1,"ULDM Oxygen Lifting in Hongdae, Seoul | Skin Regeneration & Lifting | Beauty Blossom Clinic","Boost skin elasticity and hydration with ULDM Oxygen Lifting at Beauty Blossom Clinic near Hapjeong Station in Hongdae, Seoul. This treatment enhances circulation, improves skin regeneration, and provides a natural lifting effect. English-speaking consultation available.",https://en.beautyblossom.kr/61,0,6,0
en,https://en.beautyblossom.kr/62,200,en,745714,pages\en\ad3fc9b9e5114355.json,1,"Gold PTT Treatment in Hongdae, Seoul | Sebum Control & Acne Care | Beauty Blossom Clinic","Treat acne and excess sebum effectively with Gold PTT at Beauty Blossom Clinic near Hapjeong Station in Hongdae, Seoul. This advanced therapy targets bacteria and reduces inflammation for clearer, healthier skin. English-speaking consultation available.",https://en.beautyblossom.kr/62,0,5,0
en,https://en.beautyblossom.kr/63,200,en,954646,pages\en\9f8969d8d96b8e3c.json,1,"Customized Peeling Treatment in Hongdae, Seoul | Tailored Skin Renewal | Beauty Blossom Clinic",Achieve smoother and brighter skin with customized peeling treatments at Beauty Blossom Clinic. We select the most suitable peeling solution based on your skin condition for safe and effective results.,https://en.beautyblossom.kr/63,0,1,0
en,https://en.beautyblossom.kr/64,200,en,720347,pages\en\d21a25d662b66a95.json,1,"Black Peel in Hongdae, Seoul | Sebum & Acne Control | Beauty Blossom Clinic","Control excess oil and acne with Black Peel at Beauty Blossom Clinic near Hapjeong Station in Hongdae, Seoul. This carbon-based peeling treatment purifies pores and improves skin clarity. English-speaking consultation available.",https://en.beautyblossom.kr/64,0,6,0
en,https://en.beautyblossom.kr/65,200,en,703982,pages\en\5a4266b155fbeb36.json,2,"Aqua Peel in Hongdae, Seoul | Pore Cleansing & Hydration | Beauty Blossom Clinic | 3단계 필링 시스템","Cleanse and hydrate your skin with Aqua Peel at Beauty Blossom Clinic near Hapjeong Station in Hongdae, Seoul. This treatment removes impurities while delivering moisture for a fresh and dewy look. English-speaking consultation available.",https://en.beautyblossom.kr/65,0,6,0
en,https://en.beautyblossom.kr/66,200,en,659455,pages\en\7232d03663c7d3e6.json,1,"Vitamin Whitening Care in Hongdae, Seoul | Brightening Treatment | Beauty Blossom Clinic","Brighten dull skin and improve tone with Vitamin Whitening Care at Beauty Blossom Clinic near Hapjeong Station in Hongdae, Seoul. This treatment enhances radiance and helps achieve a clear complexion. English-speaking consultation available.",https://en.beautyblossom.kr/66,0,5,0
en,https://en.beautyblossom.kr/67,200,en,691322,pages\en\7ef4addd94a078e1.json,2,"Beauty Blossom Clinic | Hongdae Dermatology Seoul - Botox, Filler, Lifting | 3단계 필링 시스템","Beauty Blossom Clinic is a global dermatology clinic in Hongdae & Hapjeong, Seoul, offering Botox, fillers, lifting treatments, skin care, skin boosters, and body contouring. Our experienced medical team provides attentive care from consultation to post-treatment follow-up, prioritizing safety and delivering natural re... ",https://en.beautyblossom.kr/67,0,5,0
en,https://en.beautyblossom.kr/68,200,en,658690,pages\en\f51f5fd38a24bb1e.json,1,"Moisture & Soothing Care in Hongdae, Seoul | Hydration Treatment | Beauty Blossom Clinic","Calm and hydrate your skin with Moisture & Soothing Care at Beauty Blossom Clinic near Hapjeong Station in Hongdae, Seoul. Ideal for sensitive or irritated skin, this treatment restores balance and comfort. English-speaking consultation available.",https://en.beautyblossom.kr/68,0,5,0
en,https://en.beautyblossom.kr/69,200,en,708260,pages\en\86744e8b7ae78008.json,2,"Acne Care Treatment in Hongdae, Seoul | Clear Skin Solution | Beauty Blossom Clinic | 여드름 종류와 특징","Effectively manage acne with customized treatments at Beauty Blossom Clinic near Hapjeong Station in Hongdae, Seoul. We target breakouts, inflammation, and post-acne marks for healthier skin. English-speaking consultation available.",https://en.beautyblossom.kr/69,0,6,0
en,https://en.beautyblossom.kr/71,200,en,679288,pages\en\146afa04720057ad.json,1,"Pigmentation Treatment in Hongdae, Seoul | Melasma & Dark Spot Care | Beauty Blossom Clinic","Clear away melasma, dark spots, and uneven skin tone at Beauty Blossom Clinic near Hapjeong Station in Hongdae, Seoul. Our doctors analyze your pigmentation type and create a customized laser treatment plan for brighter, more even skin. English-speaking staff and transparent pricing for international patients.",https://en.beautyblossom.kr/71,0,3,0
en,https://en.beautyblossom.kr/72,200,en,772372,pages\en\3280e5d52e259f28.json,1,"Potenza RF Microneedling in Hongdae, Seoul | Pore & Acne Scar | Beauty Blossom Clinic","Refine your skin texture with Potenza RF microneedling at Beauty Blossom Clinic near Hapjeong Station in Hongdae, Seoul. This advanced treatment combines radiofrequency with microneedling to reduce pores, improve acne scars, and enhance overall skin quality. Genuine device used, English-speaking consultations available... ",https://en.beautyblossom.kr/72,0,4,0
en,https://en.beautyblossom.kr/73,200,en,1021539,pages\en\bad0d367343898ed.json,2,"PicoSure Laser in Hongdae, Seoul | Pigmentation & Skin Tone | Beauty Blossom Clinic | 피코슈어","Brighten your skin and fade pigmentation with PicoSure laser at Beauty Blossom Clinic near Hapjeong Station in Hongdae, Seoul. This advanced picosecond laser effectively treats melasma, dark spots, and uneven skin tone with minimal downtime. English-speaking staff and genuine laser device.",https://en.beautyblossom.kr/73,0,8,0
en,https://en.beautyblossom.kr/74,200,en,757295,pages\en\70476e53c9308e90.json,1,"Tattoo Removal in Hongdae, Seoul | Pico Laser | Beauty Blossom Clinic","Remove tattoos and permanent makeup safely with pico laser at Beauty Blossom Clinic near Hapjeong Station in Hongdae, Seoul. We treat eyebrow tattoos, eyeliner, and body tattoos with gradual, skin-friendly sessions. English-speaking staff provide clear guidance throughout the removal process.",https://en.beautyblossom.kr/74,0,5,0
en,https://en.beautyblossom.kr/75,200,en,704800,pages\en\1c8e5c774eef3914.json,1,"Acne Laser in Hongdae, Seoul | Accutoning Sebum & Pore Control | Beauty Blossom Clinic","Control acne, sebum, and enlarged pores with Accutoning laser at Beauty Blossom Clinic near Hapjeong Station in Hongdae, Seoul. This targeted laser treatment regulates oil production and refines skin texture for a clearer complexion. English-speaking staff and transparent pricing.",https://en.beautyblossom.kr/75,0,6,0
en,https://en.beautyblossom.kr/76,200,en,662259,pages\en\c7cc79117f9a3169.json,1,"V-Beam Laser in Hongdae, Seoul | Redness & Rosacea Treatment | Beauty Blossom Clinic","Treat facial redness, rosacea, and broken capillaries with V-Beam vascular laser at Beauty Blossom Clinic near Hapjeong Station in Hongdae, Seoul. This gentle laser targets blood vessels to restore an even, calm skin tone. English-speaking staff provide attentive care for sensitive skin concerns.",https://en.beautyblossom.kr/76,0,5,0
en,https://en.beautyblossom.kr/99,200,en,879760,pages\en\bdd4f4173ec1f3d5.json,6,"Nitrous Oxide Sedation in Hongdae, Seoul | Anxiety-Free Treatment | Beauty Blossom Clinic | Non-Sleep Gas Sedation Benefits | Porter 웃음 진정기 특징 | Non-Sleep Gas Anesthesia Benefits | Comparison of Sleep Sedation vs. Nitrous Oxide Sedation | Comparison of Gas Sedation Types","Reduce anxiety and discomfort during aesthetic treatments with nitrous oxide sedation at Beauty Blossom Clinic near Hapjeong Station in Hongdae, Seoul. A safe, fast-acting option supervised by medical professionals. You remain conscious and recover quickly. English-speaking consultation available.",https://en.beautyblossom.kr/99,0,8,0
en,https://en.beautyblossom.kr/LDM,200,en,934694,pages\en\e58cddb731926184.json,2,"LDM Therapy in Hongdae, Seoul | Skin Regeneration & Repair | Beauty Blossom Clinic | 스컬트라 텍스트 박스","Strengthen skin structure and improve regeneration with LDM therapy at Beauty Blossom Clinic near Hapjeong Station in Hongdae, Seoul. This advanced ultrasound treatment enhances skin healing and elasticity. English-speaking consultation available.",https://en.beautyblossom.kr/LDM,0,11,0
en,https://en.beautyblossom.kr/Sculptra,200,en,950754,pages\en\1be1ad54759cd58d.json,4,"Sculptra in Hongdae, Seoul | Collagen Stimulator | Beauty Blossom Clinic | 비메오 영상 - 수정됨 | 스컬트라 텍스트 박스 | 비메오 영상 1","Gradually restore facial volume and rejuvenate your skin with Sculptra at Beauty Blossom Clinic near Hapjeong Station in Hongdae, Seoul. This collagen-stimulating treatment creates natural, long-lasting results. Our English-speaking doctors provide personalized treatment plans with genuine products.",https://en.beautyblossom.kr/Sculptra,0,13,0
en,https://en.beautyblossom.kr/XERF,200,en,418520,pages\en\714f7332ab227fc0.json,1,XERF Monopolar RF | RF Lifting | Beauty Blossom Clinic,"XERF Monopolar RF Lifting at Beauty Blossom Clinic, Hongdae Seoul. Dual frequency 6.78+2MHz, 3-level depth, 10-level energy control. FDA cleared.",https://en.beautyblossom.kr/XERF,0,2,0
en,https://en.beautyblossom.kr/alltite,200,en,397286,pages\en\83ec4fd9dabc49f6.json,1,Alltite RF Lifting | DLTD® Dermis & SMAS | Hongdae Seoul,"Lift sagging skin with Alltite RF in Hongdae, Seoul. DLTD® technology heats the dermis and SMAS layer at once for immediate tightening, collagen stimulation, and minimal downtime.",https://en.beautyblossom.kr/alltite,0,1,0
en,https://en.beautyblossom.kr/dca-injection,200,en,398753,pages\en\579ea2d669c97881.json,1,VIVLE DCA Injection | Double Chin Fat Reduction | Hongdae Seoul,"Remove stubborn double chin fat with VIVLE DCA injection in Hongdae, Seoul. MFDS-approved deoxycholic acid that reduces fat cells — not just shrinks them. Ideal when diet and exercise aren't enough.",https://en.beautyblossom.kr/dca-injection,0,1,0
en,https://en.beautyblossom.kr/diet-injection,200,en,427148,pages\en\e55e4d48b146cf3c.json,1,Double Chin Fat-Dissolving Injection · Seoul | Beauty Blossom,"NUVIJU — the world's first fat-dissolving injection using cholic acid (CA). Reduces submental fat and double chin without incisions, formulated at a body-friendly pH. In Seoul (Hongdae), Korea.",https://en.beautyblossom.kr/diet-injection,0,1,0
en,https://en.beautyblossom.kr/fortra-quattro,200,en,396390,pages\en\ebe027710be9ed68.json,1,Fortra Quattro | 4-Wavelength Lifting | Hongdae Seoul,"Lift and tighten with Fortra Quattro in Hongdae, Seoul. A 4-wavelength (755·808·940·1064nm) diode laser reaching from epidermis to SMAS — with sapphire contact cooling for comfort.",https://en.beautyblossom.kr/fortra-quattro,0,1,0
en,https://en.beautyblossom.kr/hilo-wave,200,en,377172,pages\en\7ce14283142bdecd.json,1,HILO WAVE Collagen Booster | Dual-HA Skin Booster | Beauty Blossom,"HILO WAVE is a Dual-HA collagen booster that helps improve volume, skin texture, and tone with high- and low-molecular hyaluronic acid. Beauty Blossom Clinic, Hongdae·Hapjeong, Seoul.",https://en.beautyblossom.kr/hilo-wave,0,1,0
en,https://en.beautyblossom.kr/home,200,en,1287833,pages\en\6197cc4e396d2f62.json,1,"Beauty Blossom Clinic | Hongdae Dermatology Seoul - Botox, Filler, Lifting","Beauty Blossom Clinic is a global dermatology clinic in Hongdae & Hapjeong, Seoul, offering Botox, fillers, lifting treatments, skin care, skin boosters, and body contouring. Our experienced medical team provides attentive care from consultation to post-treatment follow-up, prioritizing safety and delivering natural re... ",https://en.beautyblossom.kr/home,0,4,0
en,https://en.beautyblossom.kr/re2o,200,en,413113,pages\en\4c0d03a6c37b8787.json,1,Elravie Re2O Skin Booster | 4th Gen ECM Booster | Beauty Blossom Clinic,"Elravie Re2O is a 4th-generation ECM skin booster based on hADM. Directly replenishes dermal structure with collagen, elastin, and GAG. Beauty Blossom Clinic, Hongdae, Seoul — 1 min from Hapjeong Station Exit 3.",https://en.beautyblossom.kr/re2o,0,2,0
en,https://en.beautyblossom.kr/retaining-ligament-lift,200,en,377572,pages\en\73e8c9310a6f60be.json,1,Retaining Ligament Lift in Hongdae | Beauty Blossom Seoul,"A structural lifting treatment that reinforces the retaining ligaments—the root cause of facial sagging—rather than simply adding volume. Personalized design at Beauty Blossom in Hongdae, Seoul.",https://en.beautyblossom.kr/retaining-ligament-lift,0,1,0
en,https://en.beautyblossom.kr/skinvive,200,en,383219,pages\en\0fd1ee1daffb614b.json,1,SKINVIVE Hongdae Seoul | Hyaluronic Acid Skin Booster,"SKINVIVE by JUVEDERM at Beauty Blossom Clinic, Hongdae Seoul. Hyaluronic acid injected into the dermis for smoother, hydrated cheeks lasting up to 6 months.",https://en.beautyblossom.kr/skinvive,0,1,0
en,https://en.beautyblossom.kr/special-offers,200,en,699798,pages\en\dcb8e16eba40cbdb.json,1,`Special Offers & Treatment Prices,"Monthly specials and transparent prices for Botox, fillers, skin boosters and lifting at Beauty Blossom, an English-friendly dermatology clinic in Hongdae, Seoul. Pick treatments and book via WhatsApp.",https://en.beautyblossom.kr/special-offers,0,2,0
en,https://en.beautyblossom.kr/thread-lifting,200,en,408126,pages\en\ff08061c96e5f1a3.json,2,Thread Lifting | MINT & epiticon Dual Line-up - Beauty Blossom Clinic | Thread Lifting | MINT & epiticon Dual Line-up - Beauty Blossom Clinic,"Beauty Blossom Thread Lifting uses a MINT & epiticon dual line-up of PDO absorbable threads approved as facial soft tissue fixation devices, with customized combination design by area. | Beauty Blossom Thread Lifting uses a MINT & epiticon dual line-up of PDO absorbable threads approved as facial soft tissue fixation devices, with customized combination design by area.",https://en.beautyblossom.kr/thread-lifting,6,1,0
jp,https://jp.beautyblossom.kr/,200,ja,1366380,pages\jp\26041b1cc8d839fd.json,1,弘大 美容皮膚科｜ビューティーブロッサム,韓国ソウルの弘大・合井エリアに位置するビューティーブロッサムクリニックは、合井駅3番出口からすぐの美容皮膚科です。ボトックス、フィラー、ウルセラ、サーマジ、スキンブースター、レーザー、脱毛など幅広い施術を正規品で提供しています。日本語でのカウンセリングに対応しており、初めて韓国で美容施術を受ける方でも安心してご来院いただけます。,https://jp.beautyblossom.kr/,0,4,0
jp,https://jp.beautyblossom.kr/100,200,ja,843020,pages\jp\c377719db93635f2.json,3,弘大 美容皮膚科｜ビューティーブロッサム | 肌分析システム | 3D肌診断のメリット,韓国ソウルの弘大・合井エリアに位置するビューティーブロッサムクリニックは、合井駅3番出口からすぐの美容皮膚科です。ボトックス、フィラー、ウルセラ、サーマジ、スキンブースター、レーザー、脱毛など幅広い施術を正規品で提供しています。日本語でのカウンセリングに対応しており、初めて韓国で美容施術を受ける方でも安心してご来院いただけます。,https://jp.beautyblossom.kr/100,0,4,0
jp,https://jp.beautyblossom.kr/107,200,ja,999983,pages\jp\fba31a842439d196.json,2,弘大 ソフウェーブ｜超音波タイトニング｜ビューティーブロッサムクリニック（ソウル） | 시술 전후 비교,ソウル弘大・合井エリアのビューティーブロッサムクリニックのソフウェーブは、最新の超音波技術でシワを軽減し、肌のハリを改善する非侵襲的なタイトニング施術です。ダウンタイムが少なく日常生活への影響も最小限です。合井駅3番出口すぐ、日本語でのご案内も可能です。,https://jp.beautyblossom.kr/107,0,15,0
jp,https://jp.beautyblossom.kr/108,200,ja,838187,pages\jp\c39d59c3e3cf8352.json,1,弘大 肩フィラー｜直角肩・鎖骨ライン｜ビューティーブロッサムクリニック（ソウル）,ソウル弘大・合井エリアのビューティーブロッサムクリニックでは、肩フィラーによる直角肩・鎖骨ラインの形成を行っています。正規品を使用し、自然で美しいボディラインを実現します。合井駅3番出口すぐ、日本語でのご相談も可能です。,https://jp.beautyblossom.kr/108,0,10,0
jp,https://jp.beautyblossom.kr/110,200,ja,721895,pages\jp\becd4c44108eda3c.json,1,合井 ララピール｜肌再生ピーリング｜ビューティーブロッサム,角質を整え、肌の回復力を高めます。,https://jp.beautyblossom.kr/110,0,5,0
jp,https://jp.beautyblossom.kr/111,200,ja,647594,pages\jp\c63fc9ab0169bf6d.json,1,合井 イエスピール｜低刺激ピーリング｜ビューティーブロッサム,敏感肌にも配慮したマイルドなピーリングです。,https://jp.beautyblossom.kr/111,0,4,0
jp,https://jp.beautyblossom.kr/112,200,ja,534738,pages\jp\08b4200b12b4ff38.json,1,施術時の注意事項｜安全ガイド｜ビューティーブロッサム,施術前後の注意点をご案内します。,https://jp.beautyblossom.kr/112,0,1,0
jp,https://jp.beautyblossom.kr/114,200,ja,739637,pages\jp\c41984d4a23698ce.json,1,弘大 ジュベルック｜コラーゲンスキンブースター｜ビューティーブロッサムクリニック（ソウル）,ソウル弘大・合井エリアのビューティーブロッサムクリニックのジュベルックは、コラーゲンの再生を促進して肌の質感・弾力・小じわを自然に改善するスキンブースターです。正規品を使用し、合井駅3番出口すぐ、日本語でのご相談にも対応しています。,https://jp.beautyblossom.kr/114,0,5,0
jp,https://jp.beautyblossom.kr/115,200,ja,740291,pages\jp\7b99e1336acbf80b.json,1,弘大 ウルトラコル｜コラーゲンブースター｜ビューティーブロッサムクリニック（ソウル）,ソウル弘大・合井エリアのビューティーブロッサムクリニックのウルトラコールは、コラーゲン生成を促進して肌の弾力とボリュームを段階的に改善するコラーゲンブースター施術です。合井駅3番出口すぐ、日本語対応可能です。,https://jp.beautyblossom.kr/115,0,4,0
jp,https://jp.beautyblossom.kr/116,200,ja,742635,pages\jp\a5e1d5b736c8a11b.json,1,弘大 リジュラン｜PDRN肌再生｜ビューティーブロッサムクリニック（ソウル）,ソウル弘大・合井エリアのビューティーブロッサムクリニックでは、正規品リジュランヒーラーを使用したPDRN肌再生施術をご提供しています。サーモンDNA由来の成分が肌の内側から質感・水分・弾力を改善します。合井駅3番出口すぐ、日本語対応可能で初めての方も安心です。,https://jp.beautyblossom.kr/116,0,4,0
jp,https://jp.beautyblossom.kr/117,200,ja,729821,pages\jp\4b38e9310d770f47.json,1,弘大 リリイドM｜再生スキンブースター｜ビューティーブロッサムクリニック（ソウル）,ソウル弘大・合井エリアのビューティーブロッサムクリニックのリリイドMは、肌の再生と弾力改善を促すスキンブースターです。敏感肌の方にも対応した優しい施術で健やかな肌状態を取り戻します。合井駅3番出口すぐ、日本語対応可能。,https://jp.beautyblossom.kr/117,0,5,0
jp,https://jp.beautyblossom.kr/118,200,ja,736901,pages\jp\4bf1a02e43322bba.json,1,弘大 エクソヒーラー｜エクソソーム肌再生｜ビューティーブロッサムクリニック（ソウル）,ソウル弘大・合井エリアのビューティーブロッサムクリニックのエクソヒーラーは、エクソソームの再生シグナルで肌の再生を促進しバリア機能を回復する最先端の施術です。合井駅3番出口すぐ、日本語対応可能です。,https://jp.beautyblossom.kr/118,0,5,0
jp,https://jp.beautyblossom.kr/119,200,ja,701239,pages\jp\dd9b2f4818547c26.json,1,弘大 サーモン注射｜PDRN肌再生｜ビューティーブロッサムクリニック（ソウル）,ソウル弘大・合井エリアのビューティーブロッサムクリニックのサーモンPDRN注射は、サーモンDNA由来の成分で肌再生を促進し、質感・水分・弾力を改善する施術です。合井駅3番出口すぐ、日本語対応可能、リーズナブルな価格で韓国美容を体験。,https://jp.beautyblossom.kr/119,0,4,0
jp,https://jp.beautyblossom.kr/120,200,ja,744518,pages\jp\17a1f002e6852492.json,1,弘大 リズネ｜水分・弾力スキンブースター｜ビューティーブロッサムクリニック（ソウル）,ソウル弘大・合井エリアのビューティーブロッサムクリニックのリズネスキンブースターは、水分感と弾力を改善し、健やかでしなやかな肌状態を取り戻す施術です。合井駅3番出口すぐ、日本語対応可能です。,https://jp.beautyblossom.kr/120,0,5,0
jp,https://jp.beautyblossom.kr/121,200,ja,744670,pages\jp\acb69c8e8536086f.json,1,弘大 水光注射｜うるツヤ肌・水光肌｜ビューティーブロッサムクリニック（ソウル）,ソウル弘大・合井エリアのビューティーブロッサムクリニックの水光注射は、肌に直接水分を届けて潤いとツヤのある水光肌を実現する人気の韓国美容施術です。合井駅3番出口すぐ、日本語対応可能で、リーズナブルな価格で韓国美容を体験できます。,https://jp.beautyblossom.kr/121,0,5,0
jp,https://jp.beautyblossom.kr/122,200,ja,751134,pages\jp\da4cb0bba8cd3f08.json,1,弘大 ラディエス｜コラーゲンボリューム回復｜ビューティーブロッサムクリニック（ソウル）,ソウル弘大・合井エリアのビューティーブロッサムクリニックのラディエスは、体内のコラーゲン生成を促進し、自然で持続的なボリューム回復を実現する施術です。合井駅3番出口すぐ、日本語対応可能です。,https://jp.beautyblossom.kr/122,0,5,0
jp,https://jp.beautyblossom.kr/123,200,ja,715872,pages\jp\d7edf572fe5c5e00.json,1,弘大 フィロルガ｜栄養スキンブースター｜ビューティーブロッサムクリニック（ソウル）,ソウル弘大・合井エリアのビューティーブロッサムクリニックのフィロルガスキンブースターは、肌に必要な栄養成分を補給し、水分・質感・輝きを改善する施術です。合井駅3番出口すぐ、日本語対応可能です。,https://jp.beautyblossom.kr/123,0,6,0
jp,https://jp.beautyblossom.kr/124,200,ja,673223,pages\jp\d96c8f77f178917f.json,1,弘大 ほくろ除去｜レーザー精密除去｜ビューティーブロッサムクリニック（ソウル）,ソウル弘大・合井エリアのビューティーブロッサムクリニックでは、ほくろ・いぼ・首のポツポツ（スキンタグ）の種類と深さを見極め、傷跡を最小限に抑えたレーザー精密除去を行います。合井駅3番出口すぐ、日本語対応可能、リーズナブルな料金設定。,https://jp.beautyblossom.kr/124,0,5,0
jp,https://jp.beautyblossom.kr/125,200,ja,722647,pages\jp\0aba5a099e6617b3.json,1,弘大 ダイエット治療｜ウィゴビー・マンジャロ処方｜ビューティーブロッサムクリニック（ソウル）,ソウル弘大・合井エリアのビューティーブロッサムクリニックでは、ウィゴビー・マンジャロ・サクセンダなどのGLP-1ダイエット薬の処方が可能です。体型やライフスタイルに合わせたオーダーメイドの減量プログラムをご提供しています。合井駅3番出口すぐ、日本語対応可能。脂肪量と体型に合わせた個別設計の治療です。,https://jp.beautyblossom.kr/125,0,5,0
jp,https://jp.beautyblossom.kr/1256213630,200,ja,396890,pages\jp\834e3df0ca9125d7.json,1,弘大 デンシティ｜デュアル高周波リフティング｜ビューティーブロッサムクリニック（ソウル）,ソウル弘大・合井エリアのビューティーブロッサムクリニックのデンシティは、モノポーラとバイポーラのデュアル高周波エネルギーで真皮層からSMAS層まで深層からのリフトアップを実現します。正規品の機器を使用し、合井駅3番出口すぐの便利な立地です。日本語でのご相談にも対応しています。,https://jp.beautyblossom.kr/1256213630,0,2,0
jp,https://jp.beautyblossom.kr/126,200,ja,656358,pages\jp\8e803de272dccec8.json,1,弘大 点滴治療｜ビタミン注射・疲労回復｜ビューティーブロッサムクリニック（ソウル）,ソウル弘大・合井エリアのビューティーブロッサムクリニックでは、疲労回復・免疫力向上・美白効果のある点滴治療をご提供しています。個人のコンディションに合わせたカスタマイズが可能です。合井駅3番出口すぐ、日本語対応可能で予約なしでもご来院いただけます。,https://jp.beautyblossom.kr/126,0,5,0
jp,https://jp.beautyblossom.kr/127,200,ja,653115,pages\jp\4f1381896ec8034d.json,1,合井 睡眠麻酔｜安心・快適な施術補助｜ビューティーブロッサム,不安を軽減し、リラックスした状態で施術を行えます。,https://jp.beautyblossom.kr/127,0,4,0
jp,https://jp.beautyblossom.kr/129,200,ja,701003,pages\jp\db7c00ef316ba915.json,2,合井 水トックス｜水分・毛穴ケア｜ビューティーブロッサム | 모던 카드 디자인,うるおい補給と毛穴ケアを同時に行います。,https://jp.beautyblossom.kr/129,0,5,0
jp,https://jp.beautyblossom.kr/130,200,ja,729304,pages\jp\0133752ab7630905.json,2,合井 ニュー芸能人ピール｜透明感ケア｜ビューティーブロッサム | 피부 시술 비교 테이블,肌トーンを明るく整えるピーリングです。,https://jp.beautyblossom.kr/130,0,5,0
jp,https://jp.beautyblossom.kr/1446720749,200,ja,410161,pages\jp\f3bc57863944fdc1.json,1,弘大 リニアジー｜デュアルHIFUリフティング｜ビューティーブロッサムクリニック（ソウル）,ソウル弘大・合井エリアのビューティーブロッサムクリニックのリニアジーは、線と点のデュアル超音波エネルギーで1.5mmから13mmの深さまで精密にリフトアップする施術です。痛みが少なく麻酔なしでも施術可能です。ジェイシスメディカルの正規品を使用し、合井駅3番出口すぐ、日本語対応可能。,https://jp.beautyblossom.kr/1446720749,0,2,0
jp,https://jp.beautyblossom.kr/1475371553,200,ja,380927,pages\jp\c49eb7ab43686d61.json,1,機器紹介 | プレミアム医療機器 | ビューティーブロッサムクリニック,ビューティーブロッサムクリニックが保有するプレミアム医療機器をご紹介します。安全性と効果が実証されたリフティング・レーザー・スキンケア機器で、最高の施術結果をご提供します。,https://jp.beautyblossom.kr/1475371553,0,1,0
jp,https://jp.beautyblossom.kr/17,200,ja,784324,pages\jp\d94b92320deaf394.json,1,ビューティーブロッサム皮膚科｜合井プレミアム美容皮膚科,安全性と信頼を重視した美容皮膚科です。,https://jp.beautyblossom.kr/17,0,1,0
jp,https://jp.beautyblossom.kr/18,200,ja,812554,pages\jp\31c181b41a2f148f.json,1,医療スタッフ紹介｜専門医による施術｜ビューティーブロッサム,経験豊富な医療スタッフが対応します。,https://jp.beautyblossom.kr/18,0,1,0
jp,https://jp.beautyblossom.kr/19,200,ja,577186,pages\jp\63bc491893fb79e0.json,1,営業時間・アクセス｜合井駅すぐ｜ビューティーブロッサム,合井駅からすぐの便利な立地です。,https://jp.beautyblossom.kr/19,0,1,0
jp,https://jp.beautyblossom.kr/20,200,ja,516315,pages\jp\4e8c5b587fdd0d5a.json,1,お知らせ｜ビューティーブロッサム,最新情報や重要なお知らせを掲載しています。,https://jp.beautyblossom.kr/20,0,0,0
jp,https://jp.beautyblossom.kr/22,200,ja,519310,pages\jp\df1821f9c65b03c8.json,1,"ソウル 美容クリニック, 肌 カウンセリング, 肌 悩み カウンセリング, 肌 カウンセリング 無料, 韓国 美容クリニック 日本人, 肌 診断 カウンセリング, ソウル 皮膚科, 韓国 肌 管理, 韓国 美容 皮膚 科, 韓国 美容 医療, 韓国 美容 クリニック, フォトフェイシャル 韓国, 韓国 おすすめ 美容 クリニック",季節ごとの特別イベントをご案内します。,https://jp.beautyblossom.kr/22,0,1,0
jp,https://jp.beautyblossom.kr/24,200,ja,484825,pages\jp\a38b81c50f6ec97c.json,1,オンライン相談｜事前カウンセリング｜ビューティーブロッサム,来院前に気軽に相談できます。,https://jp.beautyblossom.kr/24,0,0,0
jp,https://jp.beautyblossom.kr/25,200,ja,558685,pages\jp\c2f6fbb2787ec997.json,1,ビフォーアフター写真｜施術実例｜ビューティーブロッサム,実際の施術結果をご確認いただけます。,https://jp.beautyblossom.kr/25,0,1,0
jp,https://jp.beautyblossom.kr/26,200,ja,520162,pages\jp\42a23a85ec80d1bd.json,1,レビュー｜来院者の声｜ビューティーブロッサム,お客様のリアルな体験談を掲載しています。,https://jp.beautyblossom.kr/26,0,0,0
jp,https://jp.beautyblossom.kr/28,200,ja,724159,pages\jp\384345820efc6302.json,2,弘大 ボトックス｜スキンボトックス・シワ改善｜ビューティーブロッサムクリニック（ソウル） | 보톡스 시술 부위,ソウル弘大・合井エリアのビューティーブロッサムクリニックでは、額・エラ・目元・スキンボトックスなど多様なボトックス施術をご提供しています。アラガンやゼオミンなどの正規品のみを使用し、経験豊富な医師が一人ひとりに合わせた施術を行います。合井駅3番出口すぐ、日本語でのカウンセリングに対応しておりますので、初めて韓国で美容施術を受ける方もお気軽にご予約ください。,https://jp.beautyblossom.kr/28,0,5,0
jp,https://jp.beautyblossom.kr/29,200,ja,717814,pages\jp\58057404bb70ea91.json,1,弘大 フィラー｜唇・鼻・顎フィラー｜ビューティーブロッサムクリニック（ソウル）,ソウル弘大・合井エリアのビューティーブロッサムクリニックでは、唇・鼻・顎・頬・額など多部位のフィラー施術を正規ヒアルロン酸製品で安全に行っています。自然な仕上がりを重視した丁寧なカウンセリングが特徴です。合井駅3番出口すぐ、日本語対応可能ですので安心してご来院ください。,https://jp.beautyblossom.kr/29,0,4,0
jp,https://jp.beautyblossom.kr/30,200,ja,639736,pages\jp\77b66e2da223e5bd.json,1,弘大 クマ治療｜目の下のたるみ・疲れ目改善｜ビューティーブロッサムクリニック（ソウル）,ソウル弘大・合井エリアのビューティーブロッサムクリニックでは、クマや目元のたるみ、疲れた印象を改善する目元専用ケアをご提供しています。お一人おひとりの目元の状態に合わせた施術で、明るく若々しい印象へ。合井駅3番出口すぐ、日本語対応可能です。,https://jp.beautyblossom.kr/30,0,3,0
jp,https://jp.beautyblossom.kr/31,200,ja,691999,pages\jp\9c32b11571a3984c.json,1,弘大 目元リフティング｜アイアップパッケージ｜ビューティーブロッサムクリニック（ソウル）,ソウル弘大・合井エリアのビューティーブロッサムクリニックのアイアップパッケージは、目元のたるみ・シワ・くすみを総合的にケアするプログラムです。お一人おひとりの状態に合わせたカスタマイズ施術で若々しい目元を実現します。合井駅3番出口すぐ、日本語対応可能です。,https://jp.beautyblossom.kr/31,0,4,0
jp,https://jp.beautyblossom.kr/32,200,ja,677078,pages\jp\6d8871d0a8bdef22.json,1,弘大 シワ治療｜額・ほうれい線・首のシワ改善｜ビューティーブロッサムクリニック（ソウル）,ソウル弘大・合井エリアのビューティーブロッサムクリニックでは、額のシワ・ほうれい線・首のシワなど、個人の肌タイプとシワの深さに合わせた精密なアンチエイジングケアを行っています。正規品を使用した安全な施術で自然な若返りを実現します。合井駅3番出口すぐ、日本語対応可能。,https://jp.beautyblossom.kr/32,0,3,0
jp,https://jp.beautyblossom.kr/33,200,ja,803608,pages\jp\283e326b6e2b49c6.json,1,弘大 鼻フィラー・糸リフト｜切らない鼻整形｜ビューティーブロッサムクリニック（ソウル）,ソウル弘大・合井エリアのビューティーブロッサムクリニックでは、フィラーと糸リフトを用いた切らない鼻整形をご提供しています。鼻先や鼻筋のラインを自然に整え、顔全体のバランスを考慮した施術を行います。合井駅3番出口すぐ、日本語でのカウンセリングに対応しています。,https://jp.beautyblossom.kr/33,0,6,0
jp,https://jp.beautyblossom.kr/34,200,ja,677400,pages\jp\0c6038bc9de34e48.json,1,弘大 美容皮膚科｜ビューティーブロッサム,韓国ソウルの弘大・合井エリアに位置するビューティーブロッサムクリニックは、合井駅3番出口からすぐの美容皮膚科です。ボトックス、フィラー、ウルセラ、サーマジ、スキンブースター、レーザー、脱毛など幅広い施術を正規品で提供しています。日本語でのカウンセリングに対応しており、初めて韓国で美容施術を受ける方でも安心してご来院いただけます。,https://jp.beautyblossom.kr/34,0,2,0
jp,https://jp.beautyblossom.kr/35,200,ja,732227,pages\jp\c148da935de7c983.json,1,弘大 脂肪溶解注射｜部分痩せ｜ビューティーブロッサムクリニック（ソウル）,ソウル弘大・合井エリアのビューティーブロッサムクリニックの脂肪溶解注射は、お腹・二の腕・太ももなど気になる部分の脂肪に集中アプローチし、すっきりとしたボディラインを実現します。合井駅3番出口すぐ、日本語対応可能。,https://jp.beautyblossom.kr/35,0,3,0
jp,https://jp.beautyblossom.kr/36,200,ja,677341,pages\jp\31c4e7a6b5151bfe.json,1,弘大 輪郭注射｜小顔・Vライン形成｜ビューティーブロッサムクリニック（ソウル）,ソウル弘大・合井エリアのビューティーブロッサムクリニックの輪郭注射は、フェイスライン・二重あご・頬の脂肪にアプローチし、すっきりとしたVラインを形成します。合井駅3番出口すぐ、日本語でのカウンセリングに対応しており、料金も明確にご案内します。,https://jp.beautyblossom.kr/36,0,3,0
jp,https://jp.beautyblossom.kr/37,200,ja,683613,pages\jp\51079a86a132daf3.json,1,弘大 フィラー溶解｜ヒアルロン酸修正｜ビューティーブロッサムクリニック（ソウル）,ソウル弘大・合井エリアのビューティーブロッサムクリニックでは、ヒアルロニダーゼを使用したフィラーの溶解・修正施術を安全に行っています。しこりや不自然なボリュームを除去し、自然な状態へ戻します。合井駅3番出口すぐ、日本語対応可能です。,https://jp.beautyblossom.kr/37,0,4,0
jp,https://jp.beautyblossom.kr/38,200,ja,430889,pages\jp\fa6630dbaac452b7.json,1,弘大 美容皮膚科｜ビューティーブロッサム,韓国ソウルの弘大・合井エリアに位置するビューティーブロッサムクリニックは、合井駅3番出口からすぐの美容皮膚科です。ボトックス、フィラー、ウルセラ、サーマジ、スキンブースター、レーザー、脱毛など幅広い施術を正規品で提供しています。日本語でのカウンセリングに対応しており、初めて韓国で美容施術を受ける方でも安心してご来院いただけます。,https://jp.beautyblossom.kr/38,0,0,0
jp,https://jp.beautyblossom.kr/39,200,ja,719640,pages\jp\c23aa467466a78a6.json,2,弘大 パーソナルレイヤードリフティング｜オーダーメイド複合施術｜ビューティーブロッサムクリニック（ソウル） | 의료장비 전문 솔루션,ソウル弘大・合井エリアのビューティーブロッサムクリニックのパーソナルレイヤードリフティングは、ソフウェーブ・サーマジ・ウルセラ・ONDAなどを肌の状態に合わせて組み合わせるオーダーメイドプログラムです。合井駅3番出口すぐ、日本語でのカウンセリングに対応しています。 | 프리미엄 의료장비 솔루션을 제공합니다.,https://jp.beautyblossom.kr/39,0,4,0
jp,https://jp.beautyblossom.kr/3D,200,ja,862227,pages\jp\2c3b41117b457a13.json,2,合井 3D肌診断機｜精密スキン分析｜ビューティーブロッサム | EVE V MUSE 리포트 안내,肌状態を数値化し、最適な治療計画を立てます。,https://jp.beautyblossom.kr/3D,0,7,0
jp,https://jp.beautyblossom.kr/40,200,ja,973541,pages\jp\8e2c884f2e1ae06b.json,1,弘大 ウルセラプライム｜プレミアムHIFUリフティング｜ビューティーブロッサムクリニック（ソウル）,ソウル弘大・合井エリアのビューティーブロッサムクリニックのウルセラプライムは、進化した超音波エネルギーでより効果的なフェイスラインの引き締めを実現するプレミアムHIFUリフティングです。合井駅3番出口すぐ、日本語対応可能で正規品の機器を使用しています。,https://jp.beautyblossom.kr/40,0,8,0
jp,https://jp.beautyblossom.kr/40b,200,ja,715992,pages\jp\62c77661db96468f.json,1,弘大 ウルセラ｜HIFU超音波リフティング｜ビューティーブロッサムクリニック（ソウル）,ソウル弘大・合井エリアのビューティーブロッサムクリニックでは、正規品ウルセラを使用したHIFU超音波リフティングをご提供しています。高密度焦点式超音波エネルギーが深いSMAS層まで到達し、切らずに自然なリフトアップを実現します。合井駅3番出口すぐ、日本語でのカウンセリングも可能で、初めての韓国美容でも安心です。,https://jp.beautyblossom.kr/40b,0,3,0
jp,https://jp.beautyblossom.kr/41,200,ja,1069094,pages\jp\f6ff83f1caf882f6.json,1,弘大 サーマジFLX｜高周波タイトニング｜ビューティーブロッサムクリニック（ソウル）,ソウル弘大・合井エリアのビューティーブロッサムクリニックでは、正規品サーマジFLXによる高周波タイトニングを行っています。コラーゲンの生成を促進し、ハリと弾力のある若々しい肌へと導きます。合井駅3番出口すぐ、日本語でのカウンセリングに対応しており、丁寧な施術をお約束します。,https://jp.beautyblossom.kr/41,0,10,0
jp,https://jp.beautyblossom.kr/42,200,ja,738328,pages\jp\425ff3257da57128.json,1,弘大 オンダ｜マイクロウェーブリフティング｜ビューティーブロッサムクリニック（ソウル）,ソウル弘大・合井エリアのビューティーブロッサムクリニックのONDAリフティングは、マイクロウェーブエネルギーで顔やボディの脂肪を減少させながら肌を引き締める施術です。合井駅3番出口すぐ、日本語でのカウンセリングに対応しています。,https://jp.beautyblossom.kr/42,0,4,0
jp,https://jp.beautyblossom.kr/43,200,ja,707333,pages\jp\db735aceccf179a5.json,1,弘大 インモード｜高周波ボディリフティング｜ビューティーブロッサムクリニック（ソウル）,ソウル弘大・合井エリアのビューティーブロッサムクリニックのインモードリフティングは、高周波エネルギーで非手術的に脂肪を減少させ肌を引き締める施術です。合井駅3番出口すぐ、日本語対応可能で安心して施術を受けていただけます。,https://jp.beautyblossom.kr/43,0,4,0
jp,https://jp.beautyblossom.kr/44,200,ja,826455,pages\jp\69ab2e998d324dce.json,1,弘大 シュリンクユニバース｜HIFUタイトニング｜ビューティーブロッサムクリニック（ソウル）,ソウル弘大・合井エリアのビューティーブロッサムクリニックのシュリンクユニバースは、HIFU超音波で肌の弾力を回復し、たるみを改善するタイトニング施術です。正規品の機器を使用し、合井駅3番出口すぐの便利な立地です。日本語対応可能。,https://jp.beautyblossom.kr/44,0,3,0
jp,https://jp.beautyblossom.kr/45,200,ja,755259,pages\jp\e3e4a900e4e91e14.json,1,弘大 ボルニューマー｜RFボリュームリフティング｜ビューティーブロッサムクリニック（ソウル）,ソウル弘大・合井エリアのビューティーブロッサムクリニックのボルニューマーは、高周波エネルギーで失われた顔のボリュームを回復し、肌の弾力を改善するリフティング施術です。合井駅3番出口すぐ、日本語対応可能です。,https://jp.beautyblossom.kr/45,0,5,0
jp,https://jp.beautyblossom.kr/47,200,ja,634967,pages\jp\02321458b666c4b4.json,1,弘大 女性レーザー脱毛｜顔・全身脱毛｜ビューティーブロッサムクリニック（ソウル）,ソウル弘大・合井エリアのビューティーブロッサムクリニックでは、女性向けレーザー脱毛を顔・脇・腕・脚・全身まで幅広く対応しています。最新のレーザー技術で安全かつ効果的に脱毛を行います。合井駅3番出口すぐ、日本語対応可能、リーズナブルな価格で韓国美容脱毛を体験できます。,https://jp.beautyblossom.kr/47,0,4,0
jp,https://jp.beautyblossom.kr/48,200,ja,634905,pages\jp\0566dbebd4240839.json,1,弘大 男性レーザー脱毛｜ヒゲ・ボディ脱毛｜ビューティーブロッサムクリニック（ソウル）,ソウル弘大・合井エリアのビューティーブロッサムクリニックでは、男性向けレーザー脱毛（ヒゲ・胸・腕・脚）を男性特有の太い体毛にも対応したレーザーで施術します。プライベートな空間で快適な施術を提供します。合井駅3番出口すぐ、日本語対応可能。,https://jp.beautyblossom.kr/48,0,4,0
jp,https://jp.beautyblossom.kr/50,200,ja,685501,pages\jp\03fc6b56d6c05d10.json,1,合井 カスタムボディーケア｜体型別ボディ管理｜ビューティーブロッサム,体型や脂肪分布に合わせたオーダーメイドのボディケアです。,https://jp.beautyblossom.kr/50,0,2,0
jp,https://jp.beautyblossom.kr/51,200,ja,730856,pages\jp\110f57e2dd0dadbe.json,1,合井 ライントックスパッケージ｜ボディライン調整｜ビューティーブロッサム,筋肉バランスを考慮し、すっきりしたボディラインを目指します。,https://jp.beautyblossom.kr/51,0,5,0
jp,https://jp.beautyblossom.kr/52,200,ja,748709,pages\jp\15d946396a89459a.json,1,弘大 肩ボトックス・ふくらはぎボトックス｜ボディライン｜ビューティーブロッサムクリニック（ソウル）,ソウル弘大・合井エリアのビューティーブロッサムクリニックでは、僧帽筋ボトックスで直角肩を、ふくらはぎボトックスですっきりした脚のラインを実現します。過剰な筋肉の動きを抑えて美しいボディラインへ導く施術です。合井駅3番出口すぐ、日本語対応可能。,https://jp.beautyblossom.kr/52,0,4,0
jp,https://jp.beautyblossom.kr/53,200,ja,722516,pages\jp\6684d60e12bbbf46.json,1,弘大 美容皮膚科｜ビューティーブロッサム,韓国ソウルの弘大・合井エリアに位置するビューティーブロッサムクリニックは、合井駅3番出口からすぐの美容皮膚科です。ボトックス、フィラー、ウルセラ、サーマジ、スキンブースター、レーザー、脱毛など幅広い施術を正規品で提供しています。日本語でのカウンセリングに対応しており、初めて韓国で美容施術を受ける方でも安心してご来院いただけます。,https://jp.beautyblossom.kr/53,0,4,0
jp,https://jp.beautyblossom.kr/54,200,ja,731658,pages\jp\a68c8f8b727e6aea.json,1,合井 ボディ脂肪溶解注射｜部分痩せ注射｜ビューティーブロッサム,気になる部位の脂肪に直接アプローチする注射治療です。,https://jp.beautyblossom.kr/54,0,3,0
jp,https://jp.beautyblossom.kr/55,200,ja,731688,pages\jp\d76a685aa621688c.json,2,合井 ボディ彫刻注射｜立体ボディデザイン｜ビューティーブロッサム | 바디 부위별 시술 안내,ボディラインを立体的に整えるデザイン注射です。,https://jp.beautyblossom.kr/55,0,5,0
jp,https://jp.beautyblossom.kr/56,200,ja,760030,pages\jp\4c4c31037bb15ef5.json,1,合井 ボディリフト｜たるみ改善・引き締め｜ビューティーブロッサム,たるんだボディを引き締め、ハリのあるラインを目指します。,https://jp.beautyblossom.kr/56,0,5,0
jp,https://jp.beautyblossom.kr/57,200,ja,773192,pages\jp\39e46062036686f1.json,1,合井 ボディインモード｜脂肪・たるみ同時ケア｜ビューティーブロッサム,高周波で脂肪とたるみを同時にケアします。,https://jp.beautyblossom.kr/57,0,4,0
jp,https://jp.beautyblossom.kr/58,200,ja,658667,pages\jp\07a84ed47d999cec.json,1,弘大 多汗症ボトックス｜脇汗・手汗・足汗治療｜ビューティーブロッサムクリニック（ソウル）,ソウル弘大・合井エリアのビューティーブロッサムクリニックの多汗症ボトックスは、脇・手のひら・足裏の過度な発汗を効果的にコントロールする施術です。日常生活の不快感を軽減し、自信を持って過ごせるようサポートします。合井駅3番出口すぐ、日本語対応可能。,https://jp.beautyblossom.kr/58,0,4,0
jp,https://jp.beautyblossom.kr/60,200,ja,780843,pages\jp\d80556d4c340e413.json,1,合井 Qフェイシャル｜ディープクレンジング｜ビューティーブロッサム,毛穴汚れと角質をやさしく除去します。,https://jp.beautyblossom.kr/60,0,3,0
jp,https://jp.beautyblossom.kr/61,200,ja,837107,pages\jp\1fcb11e4d2dcea4c.json,1,合井 ULDM酸素リフティング｜鎮静・再生ケア｜ビューティーブロッサム,敏感になった肌を落ち着かせ、回復を促します。,https://jp.beautyblossom.kr/61,0,5,0
jp,https://jp.beautyblossom.kr/62,200,ja,741655,pages\jp\80c3f4abcb2dde6e.json,1,合井 ゴールドPTT｜ニキビ・皮脂治療｜ビューティーブロッサム,皮脂腺にアプローチするニキビ治療です。,https://jp.beautyblossom.kr/62,0,4,0
jp,https://jp.beautyblossom.kr/63,200,ja,965400,pages\jp\454ab8df66cc8714.json,1,弘大 美容皮膚科｜ビューティーブロッサム,韓国ソウルの弘大・合井エリアに位置するビューティーブロッサムクリニックは、合井駅3番出口からすぐの美容皮膚科です。ボトックス、フィラー、ウルセラ、サーマジ、スキンブースター、レーザー、脱毛など幅広い施術を正規品で提供しています。日本語でのカウンセリングに対応しており、初めて韓国で美容施術を受ける方でも安心してご来院いただけます。,https://jp.beautyblossom.kr/63,0,1,0
jp,https://jp.beautyblossom.kr/64,200,ja,716670,pages\jp\3b6ef889ca010e47.json,1,合井 ブラックピール｜天然成分ピーリング｜ビューティーブロッサム,植物由来成分で肌をやさしく整えます。,https://jp.beautyblossom.kr/64,0,5,0
jp,https://jp.beautyblossom.kr/65,200,ja,700599,pages\jp\8017a13e7ec094b6.json,2,合井 アクアピール｜毛穴洗浄ケア｜ビューティーブロッサム | 3단계 필링 시스템,水流で毛穴汚れを除去するスキンケアです。,https://jp.beautyblossom.kr/65,0,5,0
jp,https://jp.beautyblossom.kr/66,200,ja,655413,pages\jp\3f6c79e9bbf94608.json,1,合井 ビタミン・美白ケア｜透明感管理｜ビューティーブロッサム,ビタミン導入で肌トーンを整えます。,https://jp.beautyblossom.kr/66,0,4,0
jp,https://jp.beautyblossom.kr/67,200,ja,699534,pages\jp\5a2c3532a07c1dff.json,2,弘大 美容皮膚科｜ビューティーブロッサム | 3단계 필링 시스템,韓国ソウルの弘大・合井エリアに位置するビューティーブロッサムクリニックは、合井駅3番出口からすぐの美容皮膚科です。ボトックス、フィラー、ウルセラ、サーマジ、スキンブースター、レーザー、脱毛など幅広い施術を正規品で提供しています。日本語でのカウンセリングに対応しており、初めて韓国で美容施術を受ける方でも安心してご来院いただけます。,https://jp.beautyblossom.kr/67,0,5,0
jp,https://jp.beautyblossom.kr/68,200,ja,654446,pages\jp\b25770b0f5b169c5.json,1,合井 保湿・鎮静ケア｜敏感肌管理｜ビューティーブロッサム,乾燥や刺激を受けた肌をやさしくケアします。,https://jp.beautyblossom.kr/68,0,4,0
jp,https://jp.beautyblossom.kr/683794137,200,ja,431002,pages\jp\bbf80d6dd5ceeda6.json,1,弘大 美容皮膚科｜ビューティーブロッサム,韓国ソウルの弘大・合井エリアに位置するビューティーブロッサムクリニックは、合井駅3番出口からすぐの美容皮膚科です。ボトックス、フィラー、ウルセラ、サーマジ、スキンブースター、レーザー、脱毛など幅広い施術を正規品で提供しています。日本語でのカウンセリングに対応しており、初めて韓国で美容施術を受ける方でも安心してご来院いただけます。,https://jp.beautyblossom.kr/683794137,0,0,0
jp,https://jp.beautyblossom.kr/69,200,ja,704335,pages\jp\d6f1fcb693350e96.json,2,合井 ニキビケア｜原因別治療｜ビューティーブロッサム | 여드름 종류와 특징,ニキビの状態に合わせた総合ケアです。,https://jp.beautyblossom.kr/69,0,5,0
jp,https://jp.beautyblossom.kr/71,200,ja,677757,pages\jp\29299aa01019578a.json,1,弘大 色素治療｜シミ・肝斑・くすみ改善｜ビューティーブロッサムクリニック（ソウル）,ソウル弘大・合井エリアのビューティーブロッサムクリニックでは、シミ・肝斑・そばかす・色素沈着などの色素トラブルを個人の状態に合わせたレーザー治療で改善します。均一で明るい肌トーンを目指す方に最適です。合井駅3番出口すぐ、日本語対応可能。,https://jp.beautyblossom.kr/71,0,2,0
jp,https://jp.beautyblossom.kr/72,200,ja,854870,pages\jp\5356a134237ec97f.json,1,弘大 ポテンツァ｜毛穴・ニキビ跡・肌質改善｜ビューティーブロッサムクリニック（ソウル）,ソウル弘大・合井エリアのビューティーブロッサムクリニックのポテンツァは、高周波とマイクロニードルを組み合わせ、毛穴の縮小・ニキビ跡の改善・肌質の向上を総合的に行う最先端施術です。正規品の機器を使用し、合井駅3番出口すぐ、日本語対応可能。,https://jp.beautyblossom.kr/72,0,3,0
jp,https://jp.beautyblossom.kr/73,200,ja,1020927,pages\jp\655b6ebe317c2c3a.json,2,弘大 ピコシュア｜色素レーザー・肌トーン改善｜ビューティーブロッサムクリニック（ソウル） | 피코슈어,ソウル弘大・合井エリアのビューティーブロッサムクリニックのピコシュアレーザーは、シミ・肝斑・色素沈着を効果的に改善するピコ秒レーザーです。ダウンタイムが少なく肌への負担を最小限に抑えます。合井駅3番出口すぐ、日本語対応可能。,https://jp.beautyblossom.kr/73,0,7,0
jp,https://jp.beautyblossom.kr/74,200,ja,752808,pages\jp\3d118ab892c1d5a1.json,1,弘大 タトゥー除去｜ピコレーザー｜ビューティーブロッサムクリニック（ソウル）,ソウル弘大・合井エリアのビューティーブロッサムクリニックでは、ピコレーザーを使用してタトゥーやアートメイク（眉・アイライン）を段階的に安全に除去します。肌への負担を最小限に抑えた施術です。合井駅3番出口すぐ、日本語対応可能。,https://jp.beautyblossom.kr/74,0,4,0
jp,https://jp.beautyblossom.kr/75,200,ja,702378,pages\jp\a78a1fe7f16fe6c7.json,1,弘大 アキュトーニング｜ニキビ・皮脂・毛穴レーザー｜ビューティーブロッサムクリニック（ソウル）,ソウル弘大・合井エリアのビューティーブロッサムクリニックのアキュトーニングは、ニキビ・過剰な皮脂・毛穴の開きをレーザーで精密に管理する施術です。皮脂分泌をコントロールし、きめ細かい肌へ導きます。合井駅3番出口すぐ、日本語対応可能。,https://jp.beautyblossom.kr/75,0,5,0
jp,https://jp.beautyblossom.kr/76,200,ja,658957,pages\jp\1dcc7e4b97131e97.json,1,弘大 Vレーザー｜赤ら顔・酒さ改善｜ビューティーブロッサムクリニック（ソウル）,ソウル弘大・合井エリアのビューティーブロッサムクリニックのVビームレーザーは、赤ら顔・酒さ・毛細血管の拡張を改善する血管レーザーです。肌に優しい施術で均一な肌トーンへ導きます。合井駅3番出口すぐ、日本語対応可能。,https://jp.beautyblossom.kr/76,0,4,0
jp,https://jp.beautyblossom.kr/99,200,ja,846814,pages\jp\2cbbbfb2364d100f.json,6,合井 笑気ガス麻酔｜非睡眠・鎮静麻酔｜ビューティーブロッサム | 非麻酔ガス麻酔のメリット | Porter 笑気鎮静器の特徴 | 非麻酔ガス麻酔のメリット | 全身麻酔と非麻酔ガス麻酔の比較 | ガス麻酔の種類比較,意識を保ったまま緊張を和らげる麻酔方法です。,https://jp.beautyblossom.kr/99,0,7,0
jp,https://jp.beautyblossom.kr/LDM,200,ja,931001,pages\jp\67793ac2e3d4ae67.json,2,合井 LDM｜超音波再生ケア｜ビューティーブロッサム | 스컬트라 텍스트 박스,肌バリア回復をサポートする超音波管理です。,https://jp.beautyblossom.kr/LDM,0,10,0
jp,https://jp.beautyblossom.kr/Sculptra,200,ja,947682,pages\jp\4261877f1fe973d8.json,4,弘大 スカルプトラ｜コラーゲン増生注射｜ビューティーブロッサムクリニック（ソウル） | 비메오 영상 - 수정됨 | 스컬트라 텍스트 박스 | 비메오 영상 1,ソウル弘大・合井エリアのビューティーブロッサムクリニックのスカルプトラは、コラーゲンの生成を促進し、自然で持続的なボリューム回復と肌の若返りを実現する施術です。合井駅3番出口すぐ、日本語でのカウンセリングに対応しています。,https://jp.beautyblossom.kr/Sculptra,0,12,0
jp,https://jp.beautyblossom.kr/XERF,200,ja,426770,pages\jp\3c8e34e62063dcf8.json,1,ザーフ XERF | 高周波リフティング | ビューティーブロッサム,ホンデ ザーフXERF モノポーラRFリフティング。ビューティーブロッサムクリニック、合井駅3番出口すぐ。デュアル周波数、3段階深度,https://jp.beautyblossom.kr/XERF,0,2,0
jp,https://jp.beautyblossom.kr/alltite,200,ja,406080,pages\jp\efa8650cb3a9c6ba.json,1,Alltite RFリフティング | 真皮・SMAS同時加熱 DLTD® | 弘大ソウル,Alltite（オルタイト）は真皮とSMAS層を同時加熱するDLTD® RFリフティング。弘大・ソウルでたるみの即時リフティング、痛み・ダウンタイム最小化、コラーゲン再生を促します。,https://jp.beautyblossom.kr/alltite,0,1,0
jp,https://jp.beautyblossom.kr/dca-injection,200,ja,405663,pages\jp\81427edc140e5132.json,1,VIVLE DCA注射 | 二重あご・顎下脂肪除去 | 弘大ソウル,弘大・ソウルでVIVLE DCA注射。食薬処許可のデオキシコール酸(DCA)で、食事·運動では落ちにくい顎下·二重あごの脂肪細胞を細胞レベルで除去します。,https://jp.beautyblossom.kr/dca-injection,0,1,0
jp,https://jp.beautyblossom.kr/diet-injection,200,ja,434002,pages\jp\7e453a10a3cf14d6.json,1,顎下脂肪の脂肪溶解注射（CA）· 韓国ソウル | Beauty Blossom,ニュービジュ（NUVIJU）— 世界初のコール酸（CA）成分の脂肪溶解注射。切開せず顎下脂肪・二重あごを改善し、人体に近いpHで設計。韓国ソウル・弘大（ホンデ）。,https://jp.beautyblossom.kr/diet-injection,0,1,0
jp,https://jp.beautyblossom.kr/fortra-quattro,200,ja,405880,pages\jp\ed5d5ee4088ae122.json,1,ポトラクワトロ 4波長リフティング | チタニウムリフティング | 弘大ソウル,弘大・ソウルでポトラクワトロ。940nmを加えた4波長(755・808・940・1064nm)ダイオードレーザーで、リフティング・タイトニング・トーンアップに層別アプローチ。サファイアコンタクトクーリングで快適な施術。,https://jp.beautyblossom.kr/fortra-quattro,0,1,0
jp,https://jp.beautyblossom.kr/hilo-wave,200,ja,384667,pages\jp\57d0d752b69039c9.json,1,HILOWAVE Dual-HAコラーゲンブースター｜ビューティーブロッサム,HILO WAVEは高分子・低分子ヒアルロン酸のDual-HAコラーゲンブースター。ボリューム・キメ・トーンをケアします。弘大・合井のビューティーブロッサムクリニック。,https://jp.beautyblossom.kr/hilo-wave,0,1,0
jp,https://jp.beautyblossom.kr/home,200,ja,1366404,pages\jp\6773cad242ca80ec.json,1,弘大 美容皮膚科｜ビューティーブロッサム,韓国ソウルの弘大・合井エリアに位置するビューティーブロッサムクリニックは、合井駅3番出口からすぐの美容皮膚科です。ボトックス、フィラー、ウルセラ、サーマジ、スキンブースター、レーザー、脱毛など幅広い施術を正規品で提供しています。日本語でのカウンセリングに対応しており、初めて韓国で美容施術を受ける方でも安心してご来院いただけます。,https://jp.beautyblossom.kr/home,0,4,0
jp,https://jp.beautyblossom.kr/ligament-lift,200,ja,385418,pages\jp\ae82e5db592332fc.json,1,リガメントリフト｜弘大の構造リフト - ビューティーブロッサム,単にボリュームを足すフィラーではなく、たるみの根本原因であるリガメント（支持靭帯）を補強する構造的なリフト。弘大・合井のビューティーブロッサムが一人ひとりの顔の構造に合わせて設計します。,https://jp.beautyblossom.kr/ligament-lift,0,1,0
jp,https://jp.beautyblossom.kr/re2o,200,ja,418517,pages\jp\f9fffda9171f71f2.json,1,Elravie Re2O スキンブースター | 第4世代 ECMブースター | ビューティーブロッサムクリニック,エラビエ リトゥオ(Elravie Re2O)はhADMベースの第4世代ECMスキンブースター。コラーゲン、エラスチン、GAGなど真皮の構造成分を直接補充します。弘大のビューティーブロッサムクリニック、合井駅3番出口から徒歩1分。,https://jp.beautyblossom.kr/re2o,0,2,0
jp,https://jp.beautyblossom.kr/skinvive,200,ja,391679,pages\jp\dc852f570fa61da6.json,1,弘大 スキンバイブ｜ヒアルロン酸 水光注射｜ビューティーブラッサム,弘大(ホンデ)のビューティーブラッサムのスキンバイブ。ヒアルロン酸を真皮に直接注入し、頬の小じわとキメを改善する水光注射タイプの美肌治療。効果は最大6ヶ月持続。,https://jp.beautyblossom.kr/skinvive,0,1,0
jp,https://jp.beautyblossom.kr/special-offers,200,ja,707272,pages\jp\30aa327126156e2b.json,1,限定イベント・施術料金｜ソウル弘大の美容皮膚科 Beauty Blossom,ソウル弘大の美容皮膚科Beauty Blossomの月替わり限定イベント。ボトックス・フィラー・スキンブースター・リフトアップの料金を明瞭表示。施術を選んでLINEで簡単に予約・相談できます。,https://jp.beautyblossom.kr/special-offers,0,2,0
jp,https://jp.beautyblossom.kr/thread-lifting,200,ja,418220,pages\jp\bc25f7c08c009d8d.json,2,糸リフト | ミントリフト・エピティコン デュアルラインナップ - ビューティーブロッサムクリニック | 糸リフト | ミントリフト・エピティコン デュアルラインナップ - ビューティーブロッサムクリニック,ミント・エピティコン デュアルラインナップ、顔面組織固定用糸として食薬処許可を受けたPDO吸収性糸を運用するビューティーブロッサムの糸リフト。部位別オーダーメイドコンビ設計。 | ミント・エピティコン デュアルラインナップ、顔面組織固定用糸として食薬処許可を受けたPDO吸収性糸を運用するビューティーブロッサムの糸リフト。部位別オーダーメイドコンビ設計。,https://jp.beautyblossom.kr/thread-lifting,6,1,0
cn,https://cn.beautyblossom.kr/,200,zh-Hans,1315136,pages\cn\ccea50ce6e91124f.json,1,BeautyBlossom丽朵皮肤科,瘦脸针，肉毒，玻尿酸，提拉，皮肤管理，水光针，身材管理，一次性帮你轻松解决，就在首尔麻浦合井站3号出口旁边，国际化的皮肤科，BeautyBlossom丽朵皮肤科。由经验丰富的医疗团队从咨询到术后护理全程细心陪伴，以安全为首要原则，追求自然、协调且平衡的效果。欢迎访问官网立即了解更多咨询。,https://cn.beautyblossom.kr/,0,4,0
cn,https://cn.beautyblossom.kr/100,200,zh-Hans,842921,pages\cn\138e323d9d04e4dd.json,6,BeautyBlossom丽朵皮肤科 | 비수면 가스마취 혜택 | Porter 웃음 진정기 특징 | 비수면 가스마취 혜택 | 수면마취와 비수면 가스마취 비교 | 가스마취 종류 비교,瘦脸针，肉毒，玻尿酸，提拉，皮肤管理，水光针，身材管理，一次性帮你轻松解决，就在首尔麻浦合井站3号出口旁边，国际化的皮肤科，BeautyBlossom丽朵皮肤科。由经验丰富的医疗团队从咨询到术后护理全程细心陪伴，以安全为首要原则，追求自然、协调且平衡的效果。欢迎访问官网立即了解更多咨询。,https://cn.beautyblossom.kr/100,0,7,0
cn,https://cn.beautyblossom.kr/101,200,zh-Hans,846456,pages\cn\b71f299a26d9d0ed.json,3,BeautyBlossom丽朵皮肤科 | 피부 분석 시스템 | 3D 피부 진단 혜택,瘦脸针，肉毒，玻尿酸，提拉，皮肤管理，水光针，身材管理，一次性帮你轻松解决，就在首尔麻浦合井站3号出口旁边，国际化的皮肤科，BeautyBlossom丽朵皮肤科。由经验丰富的医疗团队从咨询到术后护理全程细心陪伴，以安全为首要原则，追求自然、协调且平衡的效果。欢迎访问官网立即了解更多咨询。,https://cn.beautyblossom.kr/101,0,4,0
cn,https://cn.beautyblossom.kr/108,200,zh-Hans,997504,pages\cn\dfd12a5badb8c77d.json,2,Sofwave 索夫波｜自然提拉・细纹改善｜Beauty Blossom 皮肤科 | 시술 전후 비교,Sofwave 索夫波作用于真皮层，刺激胶原蛋白生成，改善细纹与轻度松弛，呈现自然、柔和的提拉效果。Beauty Blossom 皮肤科。,https://cn.beautyblossom.kr/108,0,15,0
cn,https://cn.beautyblossom.kr/110,200,zh-Hans,718864,pages\cn\84c0071c0ca250c1.json,1,Lhala Peel 焕肤管理｜温和角质调理・肤质改善｜Beauty Blossom 皮肤科（合井站）,Lhala Peel 适合关注肤质不均、角质代谢紊乱与肤况调理的人群。Beauty Blossom 皮肤科结合皮肤分析，规划专属焕肤管理方案，帮助肌肤呈现清透细腻状态。,https://cn.beautyblossom.kr/110,0,5,0
cn,https://cn.beautyblossom.kr/111,200,zh-Hans,644927,pages\cn\9eba50fe7af6294b.json,1,Yes Peel 焕肤管理｜肤质调理｜亮肤改善｜Beauty Blossom 皮肤科（合井站）,Yes Peel 适合关注肤质暗沉、角质代谢不畅与肤况调理需求的人群。Beauty Blossom 皮肤科结合皮肤分析，规划专属焕肤护理方案，帮助肌肤呈现细腻、清透的状态。,https://cn.beautyblossom.kr/111,0,4,0
cn,https://cn.beautyblossom.kr/112,200,zh-Hans,529308,pages\cn\a7cbd8c5e8b1f11d.json,1,BeautyBlossom丽朵皮肤科,瘦脸针，肉毒，玻尿酸，提拉，皮肤管理，水光针，身材管理，一次性帮你轻松解决，就在首尔麻浦合井站3号出口旁边，国际化的皮肤科，BeautyBlossom丽朵皮肤科。由经验丰富的医疗团队从咨询到术后护理全程细心陪伴，以安全为首要原则，追求自然、协调且平衡的效果。欢迎访问官网立即了解更多咨询。,https://cn.beautyblossom.kr/112,0,1,0
cn,https://cn.beautyblossom.kr/114,200,zh-Hans,733381,pages\cn\803d20b268b4d6ff.json,1,Juvelook乔雅璐｜胶原再生・肤质改善｜Beauty Blossom 皮肤科（合井站）,Juvelook乔雅璐适合关注肤质老化、细纹与凹陷的人群。Beauty Blossom 皮肤科结合皮肤评估，规划专属 Juvelook 管理方案，追求自然、安全的肌肤改善效果。,https://cn.beautyblossom.kr/114,0,5,0
cn,https://cn.beautyblossom.kr/115,200,zh-Hans,734870,pages\cn\1dea04b24de8fc75.json,1,Ultracol 优塑胶原针｜胶原再生・肤质提升｜Beauty Blossom 皮肤科（合井站）,Ultracol 优塑胶原针适合关注肤质老化、弹性下降与轮廓支撑感的人群。Beauty Blossom 皮肤科结合专业评估，规划专属 Ultracol 肌肤管理方案，打造稳定自然的肌肤状态。,https://cn.beautyblossom.kr/115,0,4,0
cn,https://cn.beautyblossom.kr/116,200,zh-Hans,738250,pages\cn\260a05203dfa28af.json,1,丽珠兰 Rejuran｜皮肤修复｜水光弹性管理｜Beauty Blossom 皮肤科（合井站）,丽珠兰 Rejuran 适合关注肌肤修复、干燥敏感与肤质老化问题的人群。Beauty Blossom 皮肤科结合肤况分析，规划专属丽珠兰护理方案，帮助肌肤恢复健康稳定状态。,https://cn.beautyblossom.kr/116,0,4,0
cn,https://cn.beautyblossom.kr/117,200,zh-Hans,725220,pages\cn\e7add1a40553c36e.json,1,Lilied M 水光针｜深层补水・肤质焕亮｜Beauty Blossom 皮肤科（合井站）,Lilied M 水光针适合关注肌肤缺水、妆感不服贴与肤质稳定度的人群。Beauty Blossom 皮肤科结合皮肤分析，规划专属水光护理方案，帮助打造清透水润的肌肤质感。,https://cn.beautyblossom.kr/117,0,5,0
cn,https://cn.beautyblossom.kr/118,200,zh-Hans,732218,pages\cn\b8841eaae6bc394a.json,1,外泌体 Exohealer｜肌肤修护｜再生管理｜Beauty Blossom 皮肤科（合井站）,外泌体 Exohealer 适合关注肤质修复、敏感不稳定与术后护理的人群。Beauty Blossom 皮肤科结合皮肤评估，规划专属外泌体护理方案，帮助肌肤回归健康稳定状态。,https://cn.beautyblossom.kr/118,0,5,0
cn,https://cn.beautyblossom.kr/119,200,zh-Hans,696776,pages\cn\b79c84df1f1311b9.json,1,PDRN 三文鱼针｜肌肤修复｜弹性管理｜Beauty Blossom 皮肤科（合井站）,PDRN 三文鱼针适合关注肌肤修护、干燥敏感与肤质稳定度的人群。Beauty Blossom 皮肤科结合皮肤评估，规划专属 PDRN 护理方案，帮助肌肤维持健康、水润的状态。,https://cn.beautyblossom.kr/119,0,4,0
cn,https://cn.beautyblossom.kr/120,200,zh-Hans,740104,pages\cn\47010f43a1257e76.json,1,利兹内 LIZNE｜肌肤修护｜水润弹性管理｜Beauty Blossom 皮肤科（合井站）,利兹内 LIZNE 适合关注肌肤缺水、敏感不稳定与肤质养护的人群。Beauty Blossom 皮肤科结合肤况分析，规划专属利兹内护理方案，帮助肌肤维持健康、水润的状态。,https://cn.beautyblossom.kr/120,0,5,0
cn,https://cn.beautyblossom.kr/121,200,zh-Hans,740453,pages\cn\13eadb91181b2f4c.json,1,BeautyBlossom丽朵皮肤科,瘦脸针，肉毒，玻尿酸，提拉，皮肤管理，水光针，身材管理，一次性帮你轻松解决，就在首尔麻浦合井站3号出口旁边，国际化的皮肤科，BeautyBlossom丽朵皮肤科。由经验丰富的医疗团队从咨询到术后护理全程细心陪伴，以安全为首要原则，追求自然、协调且平衡的效果。欢迎访问官网立即了解更多咨询。,https://cn.beautyblossom.kr/121,0,5,0
cn,https://cn.beautyblossom.kr/122,200,zh-Hans,746444,pages\cn\d54b15054394a134.json,1,微晶瓷 Radiesse｜轮廓支撑・胶原管理｜Beauty Blossom 皮肤科（合井站）,微晶瓷 Radiesse 适合关注轮廓流失、支撑不足与立体感改善的人群。Beauty Blossom 皮肤科结合面部评估，规划专属微晶瓷管理方案，打造自然稳定的面部线条。,https://cn.beautyblossom.kr/122,0,5,0
cn,https://cn.beautyblossom.kr/123,200,zh-Hans,711454,pages\cn\7e96bbb44f2e8bf1.json,1,菲洛嘉 FILORGA｜肌肤焕活・综合抗老管理｜Beauty Blossom 皮肤科（合井站）,菲洛嘉 FILORGA 适合关注肤质老化、暗沉与细纹问题的人群。Beauty Blossom 皮肤科结合皮肤评估，规划专属菲洛嘉护理方案，帮助肌肤维持健康、透亮的状态。,https://cn.beautyblossom.kr/123,0,6,0
cn,https://cn.beautyblossom.kr/124,200,zh-Hans,666253,pages\cn\4ed759cc686bd262.json,1,去痣治疗｜激光去痣｜专业评估｜Beauty Blossom 皮肤科,由医生评估痣的类型与位置，制定合适的去痣治疗方案，在确保安全的前提下改善外观，并兼顾术后护理。,https://cn.beautyblossom.kr/124,0,5,0
cn,https://cn.beautyblossom.kr/125,200,zh-Hans,716597,pages\cn\82a10d45228f5c65.json,1,定制肥胖治疗｜激活食欲调节激素 I 改善代谢健康｜Beauty Blossom 皮肤科,通过每周一次的注射强效调节食欲，  引导持续的体重减轻  创新的肥胖治疗方案,https://cn.beautyblossom.kr/125,0,5,0
cn,https://cn.beautyblossom.kr/126,200,zh-Hans,650974,pages\cn\259f22cac537d9de.json,1,营养针｜营养补给｜状态调理｜美白 ｜活力 ｜Beauty Blossom 皮肤科,依个人身体状况评估营养针项目，帮助补充营养、调整身体状态，作为疗程前后辅助护理的选择之一。,https://cn.beautyblossom.kr/126,0,5,0
cn,https://cn.beautyblossom.kr/127,200,zh-Hans,649153,pages\cn\0e7aa12e288ec6ec.json,1,睡眠麻醉｜放松进行疗程｜Beauty Blossom 皮肤科,提供睡眠麻醉的专业评估与安排，帮助在放松、舒适的状态下进行疗程，提升整体舒适度与治疗体验。,https://cn.beautyblossom.kr/127,0,4,0
cn,https://cn.beautyblossom.kr/129,200,zh-Hans,698817,pages\cn\a207099fea23f750.json,2,BeautyBlossom丽朵皮肤科 | 모던 카드 디자인,瘦脸针，肉毒，玻尿酸，提拉，皮肤管理，水光针，身材管理，一次性帮你轻松解决，就在首尔麻浦合井站3号出口旁边，国际化的皮肤科，BeautyBlossom丽朵皮肤科。由经验丰富的医疗团队从咨询到术后护理全程细心陪伴，以安全为首要原则，追求自然、协调且平衡的效果。欢迎访问官网立即了解更多咨询。,https://cn.beautyblossom.kr/129,0,5,0
cn,https://cn.beautyblossom.kr/130,200,zh-Hans,726523,pages\cn\c76bdcf2e28b580f.json,2,BeautyBlossom丽朵皮肤科 | 피부 시술 비교 테이블,瘦脸针，肉毒，玻尿酸，提拉，皮肤管理，水光针，身材管理，一次性帮你轻松解决，就在首尔麻浦合井站3号出口旁边，国际化的皮肤科，BeautyBlossom丽朵皮肤科。由经验丰富的医疗团队从咨询到术后护理全程细心陪伴，以安全为首要原则，追求自然、协调且平衡的效果。欢迎访问官网立即了解更多咨询。,https://cn.beautyblossom.kr/130,0,5,0
cn,https://cn.beautyblossom.kr/132,200,zh-Hans,426943,pages\cn\30f303fecdf306f5.json,1,BeautyBlossom丽朵皮肤科,瘦脸针，肉毒，玻尿酸，提拉，皮肤管理，水光针，身材管理，一次性帮你轻松解决，就在首尔麻浦合井站3号出口旁边，国际化的皮肤科，BeautyBlossom丽朵皮肤科。由经验丰富的医疗团队从咨询到术后护理全程细心陪伴，以安全为首要原则，追求自然、协调且平衡的效果。欢迎访问官网立即了解更多咨询。,https://cn.beautyblossom.kr/132,0,0,0
cn,https://cn.beautyblossom.kr/134,200,zh-Hans,427004,pages\cn\6b35ae0ce8652171.json,1,BeautyBlossom丽朵皮肤科,瘦脸针，肉毒，玻尿酸，提拉，皮肤管理，水光针，身材管理，一次性帮你轻松解决，就在首尔麻浦合井站3号出口旁边，国际化的皮肤科，BeautyBlossom丽朵皮肤科。由经验丰富的医疗团队从咨询到术后护理全程细心陪伴，以安全为首要原则，追求自然、协调且平衡的效果。欢迎访问官网立即了解更多咨询。,https://cn.beautyblossom.kr/134,0,0,0
cn,https://cn.beautyblossom.kr/17,200,zh-Hans,781177,pages\cn\7d65518f3a20a91f.json,1,Beauty Blossom 皮肤科（合井站）｜正品医疗设备｜专业医疗团队 ｜多语言服务,Beauty Blossom 紧跟全球标准， 引进国际认可的技术与治疗方法， 提供安全可靠的皮肤护理。 我们细致考量每位顾客的生活方式与肌肤特性， 以个性化定制疗程，打造专属美丽体验。,https://cn.beautyblossom.kr/17,0,1,0
cn,https://cn.beautyblossom.kr/1733202604,200,zh-Hans,832418,pages\cn\a2163602f33df3c7.json,1,肩部玻尿酸｜直角肩线条・比例修饰｜Beauty Blossom 皮肤科,通过肩部玻尿酸调整肩线角度与流畅度， 改善圆肩与线条不明显的问题， 打造利落自然的直角肩效果。 Beauty Blossom 皮肤科,https://cn.beautyblossom.kr/1733202604,0,10,0
cn,https://cn.beautyblossom.kr/18,200,zh-Hans,799042,pages\cn\45bf3d40ac45f7ae.json,1,Beauty Blossom 皮肤科（合井站）｜正品医疗设备｜专业医疗团队 ｜多语言服务,Beauty Blossom 紧跟全球标准， 引进国际认可的技术与治疗方法， 提供安全可靠的皮肤护理。 我们细致考量每位顾客的生活方式与肌肤特性， 以个性化定制疗程，打造专属美丽体验。,https://cn.beautyblossom.kr/18,0,1,0
cn,https://cn.beautyblossom.kr/1877097296,200,zh-Hans,497974,pages\cn\ca78965f376f2bee.json,1,Density | 超越热玛吉的韩国第五代高频射频提升 | 丽朵皮肤科,Density以最大400W单极+双极双高频能量，从真皮层到筋膜层实现无死角提升。阻抗反馈系统确保均匀能量传递，5级冷却减轻疼痛。首尔弘大丽朵皮肤科使用杰希斯医疗正品Density设备。,https://cn.beautyblossom.kr/1877097296,0,2,0
cn,https://cn.beautyblossom.kr/19,200,zh-Hans,574086,pages\cn\51befff2647071fb.json,1,Beauty Blossom 皮肤科（合井站）｜周末正常营业｜弘大,"首尔特别市麻浦区阳华路66, MediOne Medical Center 5楼, 6楼",https://cn.beautyblossom.kr/19,0,1,0
cn,https://cn.beautyblossom.kr/20,200,zh-Hans,485436,pages\cn\d2d9242d64dfd36d.json,1,Beauty Blossom 皮肤科（合井站）｜特惠活动,Beauty Blossom 紧跟全球标准， 引进国际认可的技术与治疗方法， 提供安全可靠的皮肤护理。 我们细致考量每位顾客的生活方式与肌肤特性， 以个性化定制疗程，打造专属美丽体验。,https://cn.beautyblossom.kr/20,0,0,0
cn,https://cn.beautyblossom.kr/219975382,200,zh-Hans,372843,pages\cn\9fe9c00ee0e1f7e7.json,1,高端医疗设备 | 丽朵皮肤科,丽朵皮肤科仅使用经过安全性与有效性验证的高端医疗设备，提供超声刀、热玛吉、皮秒激光等多种优质治疗项目。首尔弘大精准诊断，超预期效果。,https://cn.beautyblossom.kr/219975382,0,1,0
cn,https://cn.beautyblossom.kr/22,200,zh-Hans,514975,pages\cn\78e28950e4320465.json,1,"弘大 医美 推荐, 专业 皮肤管理, 皮肤管理 咨询, 韩国 医美, 韩国 医美 推荐, 韩国 医美 团, 首尔 医美 推荐, 韩国 医美 推荐",Beauty Blossom 紧跟全球标准， 引进国际认可的技术与治疗方法， 提供安全可靠的皮肤护理。 我们细致考量每位顾客的生活方式与肌肤特性， 以个性化定制疗程，打造专属美丽体验。,https://cn.beautyblossom.kr/22,0,1,0
cn,https://cn.beautyblossom.kr/23,200,zh-Hans,522035,pages\cn\31f51a2c3614d0a1.json,1,BeautyBlossom丽朵皮肤科,瘦脸针，肉毒，玻尿酸，提拉，皮肤管理，水光针，身材管理，一次性帮你轻松解决，就在首尔麻浦合井站3号出口旁边，国际化的皮肤科，BeautyBlossom丽朵皮肤科。由经验丰富的医疗团队从咨询到术后护理全程细心陪伴，以安全为首要原则，追求自然、协调且平衡的效果。欢迎访问官网立即了解更多咨询。,https://cn.beautyblossom.kr/23,0,1,0
cn,https://cn.beautyblossom.kr/24,200,zh-Hans,499542,pages\cn\9488bb6a4a362a2f.json,1,BeautyBlossom丽朵皮肤科,瘦脸针，肉毒，玻尿酸，提拉，皮肤管理，水光针，身材管理，一次性帮你轻松解决，就在首尔麻浦合井站3号出口旁边，国际化的皮肤科，BeautyBlossom丽朵皮肤科。由经验丰富的医疗团队从咨询到术后护理全程细心陪伴，以安全为首要原则，追求自然、协调且平衡的效果。欢迎访问官网立即了解更多咨询。,https://cn.beautyblossom.kr/24,0,0,0
cn,https://cn.beautyblossom.kr/25,200,zh-Hans,556006,pages\cn\80787309199402a2.json,1,Beauty Blossom 皮肤科（合井站）｜施术案例 ｜施术前后对比,Beauty Blossom 紧跟全球标准， 引进国际认可的技术与治疗方法， 提供安全可靠的皮肤护理。 我们细致考量每位顾客的生活方式与肌肤特性， 以个性化定制疗程，打造专属美丽体验。,https://cn.beautyblossom.kr/25,0,1,0
cn,https://cn.beautyblossom.kr/26,200,zh-Hans,517675,pages\cn\abcdd890ffcca3dc.json,1,Beauty Blossom 皮肤科（合井站）｜术后评价｜顾客评价,Beauty Blossom 紧跟全球标准， 引进国际认可的技术与治疗方法， 提供安全可靠的皮肤护理。 我们细致考量每位顾客的生活方式与肌肤特性， 以个性化定制疗程，打造专属美丽体验。,https://cn.beautyblossom.kr/26,0,0,0
cn,https://cn.beautyblossom.kr/264387169,200,zh-Hans,401957,pages\cn\8ace2ac473b88093.json,1,LinearZ | 以线·点双模式打造的定制提升 | 丽朵皮肤科,LinearZ以线型和点型双模式传递HIFU能量，深度可在1.5mm~13mm范围内精准调节。治疗速度快、疼痛少，当天即可化妆。首尔弘大丽朵皮肤科使用经食品药品监督管理局批准的正品探头。,https://cn.beautyblossom.kr/264387169,0,2,0
cn,https://cn.beautyblossom.kr/28,200,zh-Hans,718079,pages\cn\b18baa5f9ba93afe.json,2,肉毒素注射｜祛皱・瘦脸・个性化剂量｜Beauty Blossom 皮肤科 | 보톡스 시술 부위,由专业医师评估面部动态与肌肉走向，精准进行肉毒素注射， 改善皱纹、修饰轮廓，效果自然不僵硬。 Beauty Blossom 皮肤科,https://cn.beautyblossom.kr/28,0,5,0
cn,https://cn.beautyblossom.kr/29,200,zh-Hans,711983,pages\cn\9096500b2353db04.json,1,玻尿酸填充｜面部比例调整・自然立体｜Beauty Blossom 皮肤科,根据个人脸型与需求定制玻尿酸填充方案， 改善凹陷、强化轮廓线条，打造自然细致的立体感。 Beauty Blossom 皮肤科,https://cn.beautyblossom.kr/29,0,4,0
cn,https://cn.beautyblossom.kr/30,200,zh-Hans,634758,pages\cn\3b79b7e59a3e03b4.json,1,眼周修复注射｜泪沟・改善眼下凹陷｜Beauty Blossom 皮肤科,针对泪沟、眼下凹陷与疲劳感进行眼周修复注射， 温和改善老化问题，让眼神更加明亮有精神。 Beauty Blossom 皮肤科,https://cn.beautyblossom.kr/30,0,3,0
cn,https://cn.beautyblossom.kr/31,200,zh-Hans,683927,pages\cn\3fd76edefff77465.json,1,眼周修复注射｜泪沟・改善眼下凹陷｜Beauty Blossom 皮肤科,针对泪沟、眼下凹陷与疲劳感进行眼周修复注射， 温和改善老化问题，让眼神更加明亮有精神。 Beauty Blossom 皮肤科,https://cn.beautyblossom.kr/31,0,4,0
cn,https://cn.beautyblossom.kr/32,200,zh-Hans,671965,pages\cn\61167cd2d28fc191.json,1,除皱注射疗程｜改善细纹・自然表情｜Beauty Blossom 皮肤科,针对抬头纹、皱眉纹、鱼尾纹等细纹设计除皱注射方案， 在改善纹路的同时保留自然表情。 Beauty Blossom 皮肤科,https://cn.beautyblossom.kr/32,0,3,0
cn,https://cn.beautyblossom.kr/33,200,zh-Hans,769484,pages\cn\e7a7876fa1b448f6.json,1,MIJUKO 线雕鼻・Air 鼻｜自然鼻型塑造｜Beauty Blossom 皮肤科,通过 MIJUKO 线雕鼻 与 Air 鼻 技术， 改善鼻型的立体度与比例， 打造自然精致、不厚重的鼻部线条。 Beauty Blossom 皮肤科,https://cn.beautyblossom.kr/33,0,6,0
cn,https://cn.beautyblossom.kr/34,200,zh-Hans,673429,pages\cn\0bf42ed43f15d42a.json,1,BeautyBlossom丽朵皮肤科,瘦脸针，肉毒，玻尿酸，提拉，皮肤管理，水光针，身材管理，一次性帮你轻松解决，就在首尔麻浦合井站3号出口旁边，国际化的皮肤科，BeautyBlossom丽朵皮肤科。由经验丰富的医疗团队从咨询到术后护理全程细心陪伴，以安全为首要原则，追求自然、协调且平衡的效果。欢迎访问官网立即了解更多咨询。,https://cn.beautyblossom.kr/34,0,2,0
cn,https://cn.beautyblossom.kr/35,200,zh-Hans,727235,pages\cn\8017254055093247.json,1,轮廓针针注射｜轮廓修饰・线条重塑｜Beauty Blossom 皮肤科,根据面部比例与线条需求评估雕塑针注射， 协助修饰轮廓、调整线条走向， 打造自然立体且协调的面部曲线。 Beauty Blossom 皮肤科,https://cn.beautyblossom.kr/35,0,3,0
cn,https://cn.beautyblossom.kr/36,200,zh-Hans,671407,pages\cn\e034e6d26dab09ba.json,1,雕塑针注射｜轮廓修饰・线条重塑｜Beauty Blossom 皮肤科,根据面部比例与线条需求评估雕塑针注射， 协助修饰轮廓、调整线条走向， 打造自然立体且协调的面部曲线。 Beauty Blossom 皮肤科,https://cn.beautyblossom.kr/36,0,3,0
cn,https://cn.beautyblossom.kr/37,200,zh-Hans,679224,pages\cn\a9c06ae2b08f0383.json,1,BeautyBlossom丽朵皮肤科,瘦脸针，肉毒，玻尿酸，提拉，皮肤管理，水光针，身材管理，一次性帮你轻松解决，就在首尔麻浦合井站3号出口旁边，国际化的皮肤科，BeautyBlossom丽朵皮肤科。由经验丰富的医疗团队从咨询到术后护理全程细心陪伴，以安全为首要原则，追求自然、协调且平衡的效果。欢迎访问官网立即了解更多咨询。,https://cn.beautyblossom.kr/37,0,4,0
cn,https://cn.beautyblossom.kr/39,200,zh-Hans,713377,pages\cn\e1841eaa8faa66c1.json,2,定制化提拉｜根据肤况设计专属提拉方案｜Beauty Blossom 皮肤科 | 의료장비 전문 솔루션,由专业医师评估皮肤层次与松弛程度， 量身规划定制化提拉方案， 打造自然、平衡且持久的提升效果。 Beauty Blossom 皮肤科 | 프리미엄 의료장비 솔루션을 제공합니다.,https://cn.beautyblossom.kr/39,0,4,0
cn,https://cn.beautyblossom.kr/3D,200,zh-Hans,859129,pages\cn\71fae028b83e918b.json,2,3D 皮肤诊断仪｜肤况分析｜精准评估｜Beauty Blossom 皮肤科 | EVE V MUSE 리포트 안내,通过 3D 皮肤诊断仪分析肤质、毛孔、色素及老化状况，作为疗程规划与定制化管理的重要参考依据。,https://cn.beautyblossom.kr/3D,0,7,0
cn,https://cn.beautyblossom.kr/40,200,zh-Hans,971724,pages\cn\6765417c18850a9e.json,1,美版超声刀二代｜深层提拉｜Beauty Blossom 皮肤科,美版超声刀二代作用于深层筋膜层（SMAS），有助于提升面部轮廓、改善松弛与紧致度，适合追求明显提拉效果的人群。Beauty Blossom 皮肤科。,https://cn.beautyblossom.kr/40,0,8,0
cn,https://cn.beautyblossom.kr/40b,200,zh-Hans,709727,pages\cn\2a26219faa98fc9f.json,1,美版超声刀｜深层提拉｜Beauty Blossom 皮肤科,美版超声刀作用于深层筋膜层（SMAS），有助于提升面部轮廓、改善松弛与紧致度，适合追求明显提拉效果的人群。Beauty Blossom 皮肤科。,https://cn.beautyblossom.kr/40b,0,3,0
cn,https://cn.beautyblossom.kr/41,200,zh-Hans,1061897,pages\cn\9731e88196877c3d.json,1,热玛吉FLX｜除皱提拉｜Beauty Blossom 皮肤科,通过热玛吉FLX加热真皮层，促进胶原蛋白新生，改善皮肤松弛与细纹，打造紧实、平滑的肤质状态。Beauty Blossom 皮肤科。,https://cn.beautyblossom.kr/41,0,10,0
cn,https://cn.beautyblossom.kr/42,200,zh-Hans,733217,pages\cn\3b17fea67b8e51b8.json,1,ONDA 超微波｜紧致提拉・脂肪管理｜Beauty Blossom 皮肤科,ONDA 超微波同时针对脂肪管理与紧致需求设计，帮助改善面部轮廓线条与局部松弛，在提拉的同时优化整体脸部比例。Beauty Blossom 皮肤科。,https://cn.beautyblossom.kr/42,0,4,0
cn,https://cn.beautyblossom.kr/43,200,zh-Hans,701544,pages\cn\b212ba3b053481e0.json,1,InMode 拉提｜轮廓紧实｜ 线条改善｜Beauty Blossom 皮肤科,InMode 拉提疗程针对皮肤紧实与轮廓修饰需求，改善松弛问题，让面部线条更加利落、自然。Beauty Blossom 皮肤科。,https://cn.beautyblossom.kr/43,0,4,0
cn,https://cn.beautyblossom.kr/44,200,zh-Hans,821117,pages\cn\c668affacd9813c6.json,1,韩版超声刀 宇宙版｜多层次超声提拉｜Beauty Blossom 皮肤科,韩版超声刀 宇宙版可根据不同深度进行多层次提拉，帮助改善皮肤松弛与下垂问题，打造立体、紧致的面部轮廓。Beauty Blossom 皮肤科。,https://cn.beautyblossom.kr/44,0,3,0
cn,https://cn.beautyblossom.kr/45,200,zh-Hans,749418,pages\cn\a70d2ba8c5893784.json,1,Volnewmer 黄金 V 塑｜轮廓塑形提拉｜Beauty Blossom 皮肤科,Volnewmer 黄金 V 塑针对面部轮廓线条与下颌区域设计，帮助塑造清晰的 V 型曲线，呈现精致、利落的提拉效果。Beauty Blossom 皮肤科。,https://cn.beautyblossom.kr/45,0,5,0
cn,https://cn.beautyblossom.kr/47,200,zh-Hans,629336,pages\cn\f3f1b400178c862c.json,1,女性脱毛｜激光脱毛｜细致管理｜Beauty Blossom 皮肤科,根据肤质与毛发状态评估女性脱毛疗程，帮助改善多余毛发困扰，使肌肤保持清爽、细致与舒适感。,https://cn.beautyblossom.kr/47,0,4,0
cn,https://cn.beautyblossom.kr/48,200,zh-Hans,628779,pages\cn\79a20974d14c3e7c.json,1,男性脱毛｜激光脱毛｜清爽利落｜Beauty Blossom 皮肤科,根据男性毛发特性与生长状况规划脱毛疗程，帮助改善体毛困扰，提升整体清洁感与自信。,https://cn.beautyblossom.kr/48,0,4,0
cn,https://cn.beautyblossom.kr/50,200,zh-Hans,680670,pages\cn\2899b997bf0ddc58.json,1,定制化身体护理｜体态分析｜专属管理方案｜Beauty Blossom 皮肤科,由专业医生评估体态与脂肪分布，量身规划专属身体护理方案，帮助改善线条比例与整体身形状态。,https://cn.beautyblossom.kr/50,0,2,0
cn,https://cn.beautyblossom.kr/51,200,zh-Hans,756682,pages\cn\0a2740513cce7792.json,1,曲线雕刻套餐｜线条修饰｜比例调整｜Beauty Blossom 皮肤科,针对特定肌群设计曲线雕刻套餐，帮助放松肌肉线条、修饰身体比例，打造自然、流畅的曲线感。,https://cn.beautyblossom.kr/51,0,5,0
cn,https://cn.beautyblossom.kr/52,200,zh-Hans,743098,pages\cn\66e113f70fb70e48.json,1,身体肉毒素｜线条修饰・比例调整｜Beauty Blossom 皮肤科,针对特定肌群设计身体肉毒素，帮助放松肌肉线条、修饰身体比例，打造自然流畅的曲线感。,https://cn.beautyblossom.kr/52,0,4,0
cn,https://cn.beautyblossom.kr/53,200,zh-Hans,718576,pages\cn\89dc50e3609fc790.json,1,BeautyBlossom丽朵皮肤科,瘦脸针，肉毒，玻尿酸，提拉，皮肤管理，水光针，身材管理，一次性帮你轻松解决，就在首尔麻浦合井站3号出口旁边，国际化的皮肤科，BeautyBlossom丽朵皮肤科。由经验丰富的医疗团队从咨询到术后护理全程细心陪伴，以安全为首要原则，追求自然、协调且平衡的效果。欢迎访问官网立即了解更多咨询。,https://cn.beautyblossom.kr/53,0,4,0
cn,https://cn.beautyblossom.kr/54,200,zh-Hans,727894,pages\cn\10152e2c8e5614b3.json,1,丽朵定制・丽朵Fit 溶脂针｜局部脂肪管理｜Beauty Blossom 皮肤科,针对腹部、手臂、大腿等部位设计美丽Fit、花漾Fit 溶脂针疗程，帮助改善局部脂肪堆积，修饰身体线条，打造更协调的体态比例。,https://cn.beautyblossom.kr/54,0,3,0
cn,https://cn.beautyblossom.kr/55,200,zh-Hans,727286,pages\cn\a332fd7c73068526.json,2,身体雕刻针｜体态修饰・曲线塑形｜Beauty Blossom 皮肤科 | 바디 부위별 시술 안내,根据身体比例与线条需求规划身体雕刻针疗程，协助塑造更立体、利落且自然的身形曲线。,https://cn.beautyblossom.kr/55,0,5,0
cn,https://cn.beautyblossom.kr/56,200,zh-Hans,755823,pages\cn\95447e0dec55a124.json,1,身体拉提疗程｜紧致改善｜线条提升｜身体ONDA ｜Beauty Blossom 皮肤科,针对身体松弛部位设计拉提ONDA疗程，帮助提升紧致度与线条表现，使体态更具支撑感与弹性。,https://cn.beautyblossom.kr/56,0,5,0
cn,https://cn.beautyblossom.kr/57,200,zh-Hans,769448,pages\cn\dc9b77b31a5a1703.json,1,身体 InMode｜定制化肥胖治疗｜体态管理｜Beauty Blossom 皮肤科,通过 InMode 技术结合体态分析，规划定制化肥胖治疗方案，帮助改善脂肪分布并优化身体比例。,https://cn.beautyblossom.kr/57,0,4,0
cn,https://cn.beautyblossom.kr/58,200,zh-Hans,653383,pages\cn\bbb91a0e9ca7e5c8.json,1,多汗症 ｜多汗症肉毒素治疗｜减少出汗｜皮肤清洁｜Beauty Blossom 皮肤科,"Beauty Blossom 多汗症肉毒素,通过注射肉毒杆菌毒素，   抑制汗腺的神经递质分泌，从而减少出汗。 ",https://cn.beautyblossom.kr/58,0,4,0
cn,https://cn.beautyblossom.kr/60,200,zh-Hans,777248,pages\cn\bbc2215d717c546e.json,1,一次性解决多种皮肤问题｜Q-Facial ｜提供毛孔、弹性、水分、光泽｜Beauty Blossom 皮肤科（合井站）,Q-Facial 是由 3 种特化配方及5种皮肤修复精华 组成的 高端皮肤管理系统。   通过针对个人肌肤问题的精细护理，提供毛孔、弹性、水分、光泽等  全方位皮肤管理方案，让肌肤护理更加高效。,https://cn.beautyblossom.kr/60,0,3,0
cn,https://cn.beautyblossom.kr/61,200,zh-Hans,833762,pages\cn\b6c60e081876668b.json,1,ULDM 氧气提拉｜无痛弹性·提拉管理｜V线提拉｜Beauty Blossom 皮肤科（合井站）,由平行超声波和四重超声波增强的   Beauty Blossom ULDM 氧气提拉护理。,https://cn.beautyblossom.kr/61,0,5,0
cn,https://cn.beautyblossom.kr/62,200,zh-Hans,737936,pages\cn\24daf593ee785272.json,1,黄金PTT｜纳米金｜痘痘问题｜痤疮｜调节皮脂｜Beauty Blossom 皮肤科（合井站）,通过特制的金微粒深入皮脂腺，  再结合激光作用，  有效减少皮脂腺分泌及痤疮菌，  帮助肌肤恢复洁净与健康。,https://cn.beautyblossom.kr/62,0,4,0
cn,https://cn.beautyblossom.kr/63,200,zh-Hans,957993,pages\cn\277440cefb7c5fa4.json,1,BeautyBlossom丽朵皮肤科,瘦脸针，肉毒，玻尿酸，提拉，皮肤管理，水光针，身材管理，一次性帮你轻松解决，就在首尔麻浦合井站3号出口旁边，国际化的皮肤科，BeautyBlossom丽朵皮肤科。由经验丰富的医疗团队从咨询到术后护理全程细心陪伴，以安全为首要原则，追求自然、协调且平衡的效果。欢迎访问官网立即了解更多咨询。,https://cn.beautyblossom.kr/63,0,1,0
cn,https://cn.beautyblossom.kr/64,200,zh-Hans,713492,pages\cn\902855d1572dde77.json,1,Black Peel｜黑醋焕肤・毛孔管理｜Beauty Blossom 皮肤科,Black Peel 适合关注毛孔粗大、油脂分泌旺盛与角质堆积问题的人群。Beauty Blossom 皮肤科结合皮肤分析，规划专属黑醋焕肤方案，帮助肌肤呈现清爽、细腻的状态。,https://cn.beautyblossom.kr/64,0,5,0
cn,https://cn.beautyblossom.kr/65,200,zh-Hans,696104,pages\cn\107e97d0f4c90a9a.json,2,Aqua Peel｜小气泡清洁・毛孔管理｜Beauty Blossom 皮肤科 | 3단계 필링 시스템,Aqua Peel 适合关注毛孔堵塞、角质堆积与肌肤缺水问题的人群。Beauty Blossom 皮肤科结合皮肤分析，规划专属水飞梭护理方案，帮助肌肤呈现清透、细腻的状态。,https://cn.beautyblossom.kr/65,0,5,0
cn,https://cn.beautyblossom.kr/66,200,zh-Hans,651555,pages\cn\8cd59282a25f1319.json,1,维生素C | 美白护理 | 美白|改善弹性 | 深层护理｜Beauty Blossom 皮肤科（合井站）,为打造透亮嫩白肌肤提供营养供给  Beauty Blossom的维生素C·美白护理,https://cn.beautyblossom.kr/66,0,4,0
cn,https://cn.beautyblossom.kr/67,200,zh-Hans,695593,pages\cn\a4b7410c5a9771a8.json,2,BeautyBlossom丽朵皮肤科 | 3단계 필링 시스템,瘦脸针，肉毒，玻尿酸，提拉，皮肤管理，水光针，身材管理，一次性帮你轻松解决，就在首尔麻浦合井站3号出口旁边，国际化的皮肤科，BeautyBlossom丽朵皮肤科。由经验丰富的医疗团队从咨询到术后护理全程细心陪伴，以安全为首要原则，追求自然、协调且平衡的效果。欢迎访问官网立即了解更多咨询。,https://cn.beautyblossom.kr/67,0,5,0
cn,https://cn.beautyblossom.kr/68,200,zh-Hans,651246,pages\cn\999231bed3298ea4.json,1,补水｜镇静｜护理｜再生｜痘痘护理｜舒缓皮肤｜Beauty Blossom 皮肤科（合井站）,根据皮肤类型进行个性化的补水与舒缓护理  改善为健康有活力的肌肤。为需要补水的皮肤  Beauty Blossom 的补水/ 镇静护理,https://cn.beautyblossom.kr/68,0,4,0
cn,https://cn.beautyblossom.kr/69,200,zh-Hans,701388,pages\cn\c4ff4f51ddf6b2a3.json,2,痘痘肌｜防止疤痕｜炎症改善｜皮脂护理｜Beauty Blossom 皮肤科（合井站） | 여드름 종류와 특징,从根源解决痘痘问题的个性化治疗。Beauty Blossom 痘痘肌护理通过系统的治疗和差异化的护理  进行个性化的治疗。  根据痤疮的类型和时机进行个性化治疗  解决根本问题并进行护理。,https://cn.beautyblossom.kr/69,0,5,0
cn,https://cn.beautyblossom.kr/71,200,zh-Hans,672106,pages\cn\ed9eccb6e534543c.json,1,定制化身体护理｜体态分析・专属管理方案｜Beauty Blossom 皮肤科,由专业医生评估体态与脂肪分布，量身规划专属身体护理方案，帮助改善线条比例与整体身形状态。,https://cn.beautyblossom.kr/71,0,2,0
cn,https://cn.beautyblossom.kr/72,200,zh-Hans,763789,pages\cn\63ad56ccafc5a802.json,1,Potenza 黄金微针｜毛孔・肤质重建｜Beauty Blossom 皮肤科,Potenza 黄金微针结合微针技术与能量作用，帮助改善毛孔粗大、肤质不均及痘疤问题，提升整体肌肤的细致度与质感。,https://cn.beautyblossom.kr/72,0,3,0
cn,https://cn.beautyblossom.kr/73,200,zh-Hans,921409,pages\cn\1b800f5a5969e07f.json,2,蜂巢皮秒激光｜斑点改善・亮肤｜Beauty Blossom 皮肤科 | PicoSure,蜂巢皮秒激光对多种斑点类型与肤色问题设计，帮助改善色素沉淀，使肤色更加均匀、透亮。,https://cn.beautyblossom.kr/73,0,7,0
cn,https://cn.beautyblossom.kr/74,200,zh-Hans,747547,pages\cn\ca27eba558847760.json,1,皮秒纹身去除｜纹身淡化・激光治疗｜Beauty Blossom 皮肤科,采用皮秒激光技术进行纹身去除评估，根据纹身颜色与深度制定治疗方案，帮助逐步淡化纹身图案。,https://cn.beautyblossom.kr/74,0,4,0
cn,https://cn.beautyblossom.kr/75,200,zh-Hans,696541,pages\cn\abece8524cf7290f.json,1,Accu Toning 祛痘激光｜痘痘・油脂调理｜Beauty Blossom 皮肤科,Accu Toning 祛痘激光针对痘痘与油脂分泌问题设计，帮助改善炎症状况并稳定肤质，适合痘痘肌肤的日常管理与调理。,https://cn.beautyblossom.kr/75,0,5,0
cn,https://cn.beautyblossom.kr/76,200,zh-Hans,654168,pages\cn\baf2855c2a2055d6.json,1,V 激光｜泛红・红血丝血管型问题改善｜Beauty Blossom 皮肤科,V 激光适用于泛红及血管型肤况评估，帮助改善肤色不均与红感问题，使整体肤况看起来更加稳定、清透。,https://cn.beautyblossom.kr/76,0,4,0
cn,https://cn.beautyblossom.kr/LDM,200,zh-Hans,929893,pages\cn\87bfadde558303e3.json,2,LDM｜皮肤再生｜紧致提升 ｜敏感肌 ｜痘痘 ｜Beauty Blossom 皮肤科（合井站） | 스컬트라 텍스트 박스,激活㬵原蛋⽩再⽣利用三种频率促进肌肤胶原蛋白生成  补充水分和弹性。三种超声波肌肤重塑 Beauty Blossom的LDM解决方案  同时改善老化·干燥·弹性下降·红血丝·敏感·疤痕等  多种肌肤问题的  精密再生治疗。,https://cn.beautyblossom.kr/LDM,0,10,0
cn,https://cn.beautyblossom.kr/Sculptra,200,zh-Hans,942055,pages\cn\f217a0041b0d3d12.json,4,Sculptra 舒颜萃｜胶原再生｜轮廓改善｜Beauty Blossom 皮肤科（合井站） | 비메오 영상 - 수정됨 | 스컬트라 텍스트 박스 | 비메오 영상 1,Sculptra（舒颜萃）通过刺激自身胶原蛋白再生，帮助改善面部凹陷、松弛与轮廓问题。Beauty Blossom 皮肤科由专业医生评估肤况，定制个性化 Sculptra 方案，追求自然、平衡且持久的改善效果。,https://cn.beautyblossom.kr/Sculptra,0,12,0
cn,https://cn.beautyblossom.kr/XERF,200,zh-Hans,420521,pages\cn\442eb807bb527b2e.json,1,XERF | 高频提升 | Beauty Blossom皮肤科,XERF单极射频提升。Beauty Blossom医院，合井站3号出口。双频6.78+2MHz，3级深度，10级能量,https://cn.beautyblossom.kr/XERF,0,2,0
cn,https://cn.beautyblossom.kr/alltite,200,zh-Hans,399356,pages\cn\6ff0ae3d1ee25025.json,1,Alltite 射频提拉 | 真皮·SMAS双层加热 DLTD® | 弘大首尔,弘大首尔 Alltite 射频提拉。采用 DLTD® 集中介电加热，同时作用于真皮与 SMAS 层，实现下垂面部即刻提拉，疼痛与恢复期降至最低。,https://cn.beautyblossom.kr/alltite,0,1,0
cn,https://cn.beautyblossom.kr/dca-injection,200,zh-Hans,400378,pages\cn\43d78f15c24faf54.json,1,VIVLE DCA注射 | 双下巴·下颌脂肪去除 | 弘大首尔,弘大首尔VIVLE DCA注射。食药处许可的去氧胆酸(DCA)，以细胞为单位去除饮食·运动难以消除的双下巴与下颌脂肪。,https://cn.beautyblossom.kr/dca-injection,0,1,0
cn,https://cn.beautyblossom.kr/diet-injection,200,zh-Hans,427880,pages\cn\8126552f34399d26.json,1,双下巴溶脂针（CA成分）· 首尔 | Beauty Blossom,NUVIJU 纽比朱 — 全球首创胆酸（CA）成分溶脂针。无需切开改善颏下脂肪·双下巴，以接近人体的 pH 值设计。韩国首尔·弘大。,https://cn.beautyblossom.kr/diet-injection,0,1,0
cn,https://cn.beautyblossom.kr/fortra-quattro,200,zh-Hans,398699,pages\cn\6bc1e75ce2718e10.json,1,Fortra Quattro | 四波长钛提拉 755·808·940·1064nm | 弘大首尔,弘大首尔 Beauty Blossom 四波长钛提拉。Fortra Quattro 在传统三波长基础上增加940nm，从表皮到SMAS层逐层提拉、紧致与改善肤色。,https://cn.beautyblossom.kr/fortra-quattro,0,1,0
cn,https://cn.beautyblossom.kr/hilo-wave,200,zh-Hans,379331,pages\cn\bf8c6deeaa9b7a24.json,1,HILOWAVE 双重HA胶原蛋白促进剂｜弘大丽朵皮肤科,HILO WAVE 是同时使用高低分子透明质酸的双重HA胶原蛋白促进剂，全面管理体积、肤质与肤色。首尔弘大·合井丽朵皮肤科。,https://cn.beautyblossom.kr/hilo-wave,0,1,0
cn,https://cn.beautyblossom.kr/home,200,zh-Hans,1315165,pages\cn\74ce1eecdae753b7.json,1,BeautyBlossom丽朵皮肤科,瘦脸针，肉毒，玻尿酸，提拉，皮肤管理，水光针，身材管理，一次性帮你轻松解决，就在首尔麻浦合井站3号出口旁边，国际化的皮肤科，BeautyBlossom丽朵皮肤科。由经验丰富的医疗团队从咨询到术后护理全程细心陪伴，以安全为首要原则，追求自然、协调且平衡的效果。欢迎访问官网立即了解更多咨询。,https://cn.beautyblossom.kr/home,0,4,0
cn,https://cn.beautyblossom.kr/ligament-lift,200,zh-Hans,380301,pages\cn\835c42951e33d116.json,1,韧带提升 - 弘大结构性面部提升 Beauty Blossom,并非单纯填充的填充剂，而是针对下垂根本原因——支持韧带进行强化的结构性提升。弘大·合井 Beauty Blossom 根据每个人的面部结构进行一对一定制设计。,https://cn.beautyblossom.kr/ligament-lift,0,1,0
cn,https://cn.beautyblossom.kr/re2o,200,zh-Hans,523937,pages\cn\2c7731f2566be6f4.json,1,Elravie Re2O Skin Booster | 第4代 ECM 焕肤 | Beauty Blossom 诊所,Elravie Re2O 艾莉薇是以 hADM 为基础的第4代 ECM 焕肤治疗，直接补充胶原蛋白、弹性蛋白、GAG 等真皮结构成分。Beauty Blossom 诊所位于首尔弘大，合井站 3 号出口步行 1 分钟。,https://cn.beautyblossom.kr/re2o,0,2,0
cn,https://cn.beautyblossom.kr/skinvive,200,zh-Hans,386107,pages\cn\db2755cf7adc9abb.json,1,弘大Skinvive水光针｜玻尿酸嫩肤·改善脸颊细纹,弘大Beauty Blossom医美诊所引进Skinvive水光针，将玻尿酸直接注入真皮层，改善脸颊细纹与肌肤粗糙问题，效果可维持约6个月。,https://cn.beautyblossom.kr/skinvive,0,1,0
cn,https://cn.beautyblossom.kr/special-offers,200,zh-Hans,703673,pages\cn\77ce387ae42bdb57.json,1,限时优惠与项目价格｜首尔弘大皮肤科 Beauty Blossom,首尔弘大皮肤科Beauty Blossom每月限时优惠：肉毒素、玻尿酸、皮肤动能素、提升项目价格透明公开。在线挑选感兴趣的项目，通过微信或WhatsApp一次咨询预约。,https://cn.beautyblossom.kr/special-offers,0,2,0
cn,https://cn.beautyblossom.kr/thread-lifting,200,zh-Hans,409840,pages\cn\e9806bcad635be8a.json,2,线雕拉提 | MINT & epiticon 双线产品组合 - Beauty Blossom 丽朵皮肤科 | 线雕拉提 | MINT & epiticon 双线产品组合 - Beauty Blossom 丽朵皮肤科,Beauty Blossom 丽朵皮肤科线雕拉提，采用 MINT Lift 与 Epiticon 双线产品组合，使用经韩国食药处许可的 PDO 面部组织固定用线，根据不同面部区域进行个性化设计。 | Beauty Blossom 丽朵皮肤科线雕拉提，采用 MINT Lift 与 Epiticon 双线产品组合，使用经韩国食药处许可的 PDO 面部组织固定用线，根据不同面部区域进行个性化设计。,https://cn.beautyblossom.kr/thread-lifting,6,1,0
tw,https://tw.beautyblossom.kr/,200,zh-tw,1266325,pages\tw\409d44071ab30b14.json,1,麗朵皮膚科 Beauty Blossom,從肉毒、玻尿酸填充、拉提、皮膚管理、肌膚水光針到體態管理療程，一次滿足您所有需求的國際化皮膚科，就在合井站 3 號出口正前方，Beauty Blossom 麗朵皮膚科。由經驗豐富的醫療團隊，從諮詢到術後照護全程細心陪伴， 以安全為優先，追求自然、比例和諧的療程效果。現在就來了解更多吧！,https://tw.beautyblossom.kr/,0,4,0
tw,https://tw.beautyblossom.kr/110,200,zh-tw,714293,pages\tw\60bde4770b2cc0ff.json,1,LALA Peel 娜拉煥膚｜溫和煥膚・膚質平衡｜Beauty Blossom 皮膚科,LALA Peel 娜拉煥膚適合敏感與初次煥膚者，協助溫和更新角質並穩定膚況。,https://tw.beautyblossom.kr/110,0,5,0
tw,https://tw.beautyblossom.kr/111,200,zh-tw,640442,pages\tw\d93c597cdf33c8e8.json,1,Yes Peel 亮白煥膚｜膚色提亮・角質更新｜Beauty Blossom 皮膚科,Yes Peel 亮白煥膚協助代謝老廢角質，改善暗沉問題，讓膚色更明亮均勻。,https://tw.beautyblossom.kr/111,0,4,0
tw,https://tw.beautyblossom.kr/112,200,zh-tw,526734,pages\tw\63392813cb8cee64.json,1,療程後注意事項｜術後照護・恢復重點｜Beauty Blossom 皮膚科,整理各類療程後的注意事項與照護重點，協助維持療程效果並提升恢復期間的舒適度。,https://tw.beautyblossom.kr/112,0,1,0
tw,https://tw.beautyblossom.kr/114,200,zh-tw,728200,pages\tw\1542876167a43219.json,1,弘大Juvelook喬雅露膠原蛋白水光針｜改善膚質與彈力｜Beauty Blossom麗朵皮膚科（首爾）,Beauty Blossom麗朵皮膚科位於首爾弘大·合井地區，Juvelook喬雅露膠原蛋白水光針通過促進膠原蛋白再生，自然改善膚質、彈力與細紋。診所使用正品產品，距離合井站3號出口步行僅1分鐘，提供中文諮詢服務，價格實惠。,https://tw.beautyblossom.kr/114,0,5,0
tw,https://tw.beautyblossom.kr/115,200,zh-tw,729242,pages\tw\59b47709b266ebde.json,1,弘大Ultracol膠原蛋白再生針｜漸進式彈力改善｜Beauty Blossom麗朵皮膚科（首爾）,Beauty Blossom麗朵皮膚科位於首爾弘大·合井地區，Ultracol膠原蛋白再生針通過刺激自體膠原蛋白生成，漸進式改善肌膚彈力與豐盈感。診所距離合井站3號出口步行僅1分鐘，提供中文諮詢服務。,https://tw.beautyblossom.kr/115,0,4,0
tw,https://tw.beautyblossom.kr/116,200,zh-tw,732900,pages\tw\81f0a0614f0163ee.json,1,弘大麗珠蘭PDRN鮭魚皮膚再生｜改善膚質與彈力｜Beauty Blossom麗朵皮膚科（首爾）,Beauty Blossom麗朵皮膚科位於首爾弘大·合井地區，使用正品麗珠蘭進行PDRN皮膚再生治療。源自鮭魚DNA的成分能夠從肌膚內部改善膚質、水分與彈力。診所距離合井站3號出口步行僅1分鐘，提供中文諮詢服務，正品保障讓您安心體驗。,https://tw.beautyblossom.kr/116,0,4,0
tw,https://tw.beautyblossom.kr/117,200,zh-tw,721352,pages\tw\faf7c61ad1290670.json,1,弘大Lilied M皮膚再生水光針｜適合敏感肌｜Beauty Blossom麗朵皮膚科（首爾）,Beauty Blossom麗朵皮膚科位於首爾弘大·合井地區，Lilied M水光針促進皮膚再生並改善彈力，溫和配方適合敏感肌膚使用。診所距離合井站3號出口步行僅1分鐘，提供中文諮詢服務。,https://tw.beautyblossom.kr/117,0,5,0
tw,https://tw.beautyblossom.kr/118,200,zh-tw,728668,pages\tw\10e80c22a20b59b5.json,1,弘大Exoheal外泌體皮膚再生｜修復皮膚屏障｜Beauty Blossom麗朵皮膚科（首爾）,Beauty Blossom麗朵皮膚科位於首爾弘大·合井地區，Exoheal外泌體療法通過傳遞強大的再生信號促進皮膚再生並修復受損的皮膚屏障。診所距離合井站3號出口步行僅1分鐘，使用正品產品，提供中文諮詢服務。,https://tw.beautyblossom.kr/118,0,5,0
tw,https://tw.beautyblossom.kr/119,200,zh-tw,692956,pages\tw\c73e8380c5d99aee.json,1,弘大鮭魚PDRN注射｜皮膚再生與水分改善｜Beauty Blossom麗朵皮膚科（首爾）,Beauty Blossom麗朵皮膚科位於首爾弘大·合井地區，鮭魚PDRN注射利用三文魚DNA成分促進皮膚再生，改善膚質、水分與彈力。診所距離合井站3號出口步行僅1分鐘，提供中文諮詢服務，價格實惠。,https://tw.beautyblossom.kr/119,0,4,0
tw,https://tw.beautyblossom.kr/120,200,zh-tw,736463,pages\tw\2a756472c391c61b.json,1,弘大Lizne補水彈力水光針｜改善肌膚狀態｜Beauty Blossom麗朵皮膚科（首爾）,Beauty Blossom麗朵皮膚科位於首爾弘大·合井地區，Lizne水光針幫助改善肌膚水分與彈力，恢復健康柔潤的皮膚狀態。診所距離合井站3號出口步行僅1分鐘，使用正品產品，提供中文諮詢服務。,https://tw.beautyblossom.kr/120,0,5,0
tw,https://tw.beautyblossom.kr/121,200,zh-tw,736448,pages\tw\3882b26d7c98cab9.json,1,弘大水光針｜深層補水打造水潤光澤肌｜Beauty Blossom麗朵皮膚科（首爾）,Beauty Blossom麗朵皮膚科位於首爾弘大·合井地區，水光針將水分直接注入肌膚深層，打造水潤透亮的光澤肌膚，是韓國最受歡迎的美容項目之一。診所距離合井站3號出口步行僅1分鐘，提供中文諮詢服務，價格實惠。,https://tw.beautyblossom.kr/121,0,5,0
tw,https://tw.beautyblossom.kr/122,200,zh-tw,742777,pages\tw\13480d41af940c2a.json,1,弘大Radiesse膠原蛋白晶亮瓷｜自然豐盈與緊緻｜Beauty Blossom麗朵皮膚科（首爾）,Beauty Blossom麗朵皮膚科位於首爾弘大·合井地區，Radiesse膠原蛋白晶亮瓷刺激自體膠原蛋白生成，實現自然持久的面部豐盈效果。診所距離合井站3號出口步行僅1分鐘，使用正品產品，提供中文諮詢服務。,https://tw.beautyblossom.kr/122,0,5,0
tw,https://tw.beautyblossom.kr/123,200,zh-tw,707718,pages\tw\7dd2c4a836734340.json,1,弘大Filorga菲洛嘉水光針｜補充水分與營養｜Beauty Blossom麗朵皮膚科（首爾）,Beauty Blossom麗朵皮膚科位於首爾弘大·合井地區，Filorga菲洛嘉營養水光針為肌膚補充必要營養成分，改善水分、膚質與光澤。診所距離合井站3號出口步行僅1分鐘，使用正品產品，提供中文諮詢服務。,https://tw.beautyblossom.kr/123,0,6,0
tw,https://tw.beautyblossom.kr/124,200,zh-tw,662948,pages\tw\b59297541daabcdd.json,1,弘大雷射除痣｜精準去除痣·疣·贅肉｜Beauty Blossom麗朵皮膚科（首爾）,Beauty Blossom麗朵皮膚科位於首爾弘大·合井地區，醫生根據每處皮膚病變的類型與深度進行評估，通過雷射精準去除痣、疣及贅肉，將疤痕降到最低。診所距離合井站3號出口步行僅1分鐘，提供中文諮詢服務，價格實惠。,https://tw.beautyblossom.kr/124,0,5,0
tw,https://tw.beautyblossom.kr/125,200,zh-tw,712710,pages\tw\9823250d5773d29f.json,1,弘大醫療減肥｜可處方週纖達·猛健樂｜Beauty Blossom麗朵皮膚科（首爾）,Beauty Blossom麗朵皮膚科位於首爾弘大·合井地區，可處方Wegovy（週纖達）、Mounjaro（猛健樂）、Saxenda等GLP-1減肥藥物，並根據個人體型與生活方式制定專屬減重方案。診所距離合井站3號出口步行僅1分鐘，提供中文諮詢服務，價格透明。,https://tw.beautyblossom.kr/125,0,5,0
tw,https://tw.beautyblossom.kr/126,200,zh-tw,648072,pages\tw\3f1a2412b5eb5d33.json,1,弘大營養液點滴｜維他命·疲勞恢復·美白｜Beauty Blossom麗朵皮膚科（首爾）,Beauty Blossom麗朵皮膚科位於首爾弘大·合井地區，提供疲勞恢復、維他命補充、免疫提升及美白等多種營養液點滴服務，可根據個人狀況定制方案。診所距離合井站3號出口步行僅1分鐘，提供中文諮詢服務，無需預約即可到店。,https://tw.beautyblossom.kr/126,0,5,0
tw,https://tw.beautyblossom.kr/127,200,zh-tw,681624,pages\tw\6e9e289070468980.json,1,舒眠麻醉｜放鬆進行療程｜Beauty Blossom 皮膚科,提供舒眠麻醉評估與安排，協助在放鬆狀態下進行療程，提升整體舒適度與治療體驗。,https://tw.beautyblossom.kr/127,0,5,0
tw,https://tw.beautyblossom.kr/129,200,zh-tw,693128,pages\tw\375a7b1c30549f24.json,2,PHA 水光煥膚｜保濕煥膚・細緻膚質｜Beauty Blossom 皮膚科 | 모던 카드 디자인,PHA 水光煥膚以保濕型酸類進行角質調理，協助改善乾燥與粗糙，提升膚質細緻度。,https://tw.beautyblossom.kr/129,0,5,0
tw,https://tw.beautyblossom.kr/130,200,zh-tw,721900,pages\tw\4d820109cf710a6f.json,2,新明星煥膚｜膚況更新・光澤管理｜Beauty Blossom 皮膚科 | 피부 시술 비교 테이블,New Celebrity Peel 新明星煥膚協助改善暗沉與疲勞膚況，讓肌膚呈現健康光澤感。,https://tw.beautyblossom.kr/130,0,5,0
tw,https://tw.beautyblossom.kr/131,200,zh-tw,844164,pages\tw\a9831071ef56c36f.json,6,笑氣麻醉｜降低緊張感・舒適治療｜Beauty Blossom 皮膚科 | 비수면 가스마취 혜택 | Porter 웃음 진정기 특징 | 비수면 가스마취 혜택 | 수면마취와 비수면 가스마취 비교 | 가스마취 종류 비교,透過笑氣麻醉協助降低緊張與不適感，讓療程過程更輕鬆，適合對疼痛或焦慮較敏感者。,https://tw.beautyblossom.kr/131,0,7,0
tw,https://tw.beautyblossom.kr/132,200,zh-tw,860143,pages\tw\ee106b07baceef35.json,5,3D 皮膚診斷儀｜膚況分析・精準評估｜Beauty Blossom 皮膚科 | AI 빅데이터 분석 - 피부 진단 시스템 | EVE V MUSE 리포트 안내 | 피부 분석 솔루션 | 진료 과정,"利用 3D 皮膚診斷儀分析膚質、毛孔、色素與老化狀況，作為療程規劃與客製化管理的重要依據。 | AI 빅데이터 분석, 3D 고해상도 이미지, 개인별 맞춤 리포트, 전후 비교, 진단 결과 자동 기록 기능 | 글래스모피즘 피부 분석 솔루션",https://tw.beautyblossom.kr/132,0,7,0
tw,https://tw.beautyblossom.kr/139,200,zh-tw,1091304,pages\tw\98cbd3495fc35489.json,1,弘大索夫波緊緻拉提｜無創拉提緊緻｜Beauty Blossom麗朵皮膚科（首爾）,Beauty Blossom麗朵皮膚科位於首爾弘大·合井地區，Sofwave索夫波拉提緊膚是一種無創提升治療，能夠有效減少皺紋並改善肌膚緊緻度，恢復期短暫不影響日常生活。診所距離合井站3號出口步行僅1分鐘，提供中文諮詢服務，價格透明。,https://tw.beautyblossom.kr/139,0,15,0
tw,https://tw.beautyblossom.kr/140,200,zh-tw,944178,pages\tw\ece32ef308fed7bf.json,8,弘大Sculptra舒顏萃童顏針｜自然豐盈與緊緻｜Beauty Blossom麗朵皮膚科（首爾） | 스컬트라 효과 | 비메오 영상 - 수정됨 | 스컬트라 텍스트 박스 | 비메오 영상 1 | 스컬트라 vs 필러 비교 | 스컬트라 FAQ - 자주 묻는 질문 | 스컬트라 시술 정보,"Beauty Blossom麗朵皮膚科位於首爾弘大·合井地區，Sculptra舒顏萃童顏針通過刺激膠原蛋白生成，漸進式恢復臉部豐盈感並改善肌膚彈力，效果自然持久。診所距離合井站3號出口步行僅1分鐘，提供中文諮詢服務。 | 스컬트라 시술에 대한 자주 묻는 질문과 답변. 시술 횟수, 효과, 부작용, 적합한 대상 등에 대한 전문적인 정보를 확인하세요.",https://tw.beautyblossom.kr/140,0,12,0
tw,https://tw.beautyblossom.kr/142,200,zh-tw,835060,pages\tw\13302d5ade4d5c0e.json,1,弘大肩部玻尿酸｜直角肩·鎖骨線條塑造｜Beauty Blossom麗朵皮膚科（首爾）,Beauty Blossom麗朵皮膚科位於首爾弘大·合井地區，通過肩部玻尿酸注射幫助您打造自然的直角肩與優美的鎖骨線條。診所使用正品產品，距離合井站3號出口步行僅1分鐘，提供中文諮詢服務，歡迎預約。,https://tw.beautyblossom.kr/142,0,10,0
tw,https://tw.beautyblossom.kr/143,200,zh-tw,960888,pages\tw\76a17bf093990e67.json,3,麗朵皮膚科 Beauty Blossom | 피부 분석 시스템 | 3D 피부 진단 혜택,從肉毒、玻尿酸填充、拉提、皮膚管理、肌膚水光針到體態管理療程，一次滿足您所有需求的國際化皮膚科，就在合井站 3 號出口正前方，Beauty Blossom 麗朵皮膚科。由經驗豐富的醫療團隊，從諮詢到術後照護全程細心陪伴， 以安全為優先，追求自然、比例和諧的療程效果。現在就來了解更多吧！,https://tw.beautyblossom.kr/143,0,4,0
tw,https://tw.beautyblossom.kr/164216290,200,zh-tw,371559,pages\tw\77cd238029ad5deb.json,1,高端醫療設備 | 麗朵皮膚科,麗朵皮膚科僅使用經過安全性與有效性驗證的高端醫療設備，提供超音波拉提、熱瑪吉、皮秒雷射等多種優質治療項目。首爾弘大精準診斷，超預期效果。,https://tw.beautyblossom.kr/164216290,0,1,0
tw,https://tw.beautyblossom.kr/17,200,zh-tw,770817,pages\tw\536f9653bd995627.json,1,Beauty Blossom 介紹｜專業醫美・客製化理念｜Beauty Blossom 皮膚科,Beauty Blossom 皮膚科以專業醫療為基礎，重視個人差異與自然美感，提供安全、細緻且值得信賴的醫美療程。,https://tw.beautyblossom.kr/17,0,1,0
tw,https://tw.beautyblossom.kr/18,200,zh-tw,751453,pages\tw\4a72df12fda97db3.json,1,醫療團隊介紹｜專業醫師・豐富經驗｜Beauty Blossom 皮膚科,由多位經驗豐富的專業醫師組成醫療團隊，依個人需求進行評估與規劃，確保每項療程的安全與品質。,https://tw.beautyblossom.kr/18,0,1,0
tw,https://tw.beautyblossom.kr/19,200,zh-tw,538860,pages\tw\9b796be05f4d5948.json,1,診療指南・來院路線｜合井站交通資訊｜Beauty Blossom 皮膚科,提供診療流程說明與來院路線指引，包含合井站交通資訊，協助初次來診者輕鬆抵達並順利就診。,https://tw.beautyblossom.kr/19,0,2,0
tw,https://tw.beautyblossom.kr/1994371339,200,zh-tw,511059,pages\tw\a100873845a61e8d.json,1,弘大Linearz音波拉提｜精準音波拉提｜Beauty Blossom麗朵皮膚科（首爾）,Beauty Blossom麗朵皮膚科位於首爾弘大·合井地區，Linearz音波採用線與點雙模超聲波能量，在1.5mm至13mm的深度範圍內實現精準提拉，疼痛感低且無需麻醉。診所使用Jeisys醫療正品設備，距離合井站3號出口步行僅1分鐘，提供中文諮詢服務。,https://tw.beautyblossom.kr/1994371339,0,2,0
tw,https://tw.beautyblossom.kr/20,200,zh-tw,511563,pages\tw\6421396685c859a7.json,1,公告事項｜最新通知・營業資訊｜Beauty Blossom 皮膚科,提供診所最新公告、營業時間調整與重要通知，協助來診前掌握即時資訊。,https://tw.beautyblossom.kr/20,0,0,0
tw,https://tw.beautyblossom.kr/22,200,zh-tw,512542,pages\tw\8849544d070de6de.json,1,醫美活動｜期間限定優惠・療程企劃｜Beauty Blossom 皮膚科,弘大醫美推薦 專業皮膚管理 皮膚管理諮詢 韓國醫美 韓國醫美推薦 韓國醫美團 首爾醫美推薦 韓國醫美推薦 dcard,https://tw.beautyblossom.kr/22,0,1,0
tw,https://tw.beautyblossom.kr/24,200,zh-tw,480387,pages\tw\f5a90e4e2bd2f6bc.json,1,新療程介紹｜最新醫美趨勢・設備更新｜Beauty Blossom 皮膚科,介紹最新引進的療程與設備資訊，協助了解醫美趨勢與適合自身需求的選擇。,https://tw.beautyblossom.kr/24,0,0,0
tw,https://tw.beautyblossom.kr/25,200,zh-tw,554084,pages\tw\aa43cb6f153bbe84.json,1,前後對比照｜療程效果參考・實例分享｜Beauty Blossom 皮膚科,透過實際療程前後對比照，提供效果參考與改善方向，幫助理解不同療程的變化重點。,https://tw.beautyblossom.kr/25,0,1,0
tw,https://tw.beautyblossom.kr/26,200,zh-tw,489782,pages\tw\fa8397fff3f64a7b.json,1,療程心得分享｜實際體驗・真實回饋｜Beauty Blossom 皮膚科,彙整來診者的療程心得與分享，提供真實體驗觀點，作為療程選擇的參考資訊。,https://tw.beautyblossom.kr/26,0,0,0
tw,https://tw.beautyblossom.kr/28,200,zh-tw,717174,pages\tw\cd93d87b0229f010.json,1,弘大肉毒桿菌注射｜皮膚肉毒·瘦臉·除皺｜Beauty Blossom麗朵皮膚科（首爾）,Beauty Blossom麗朵皮膚科位於首爾弘大·合井地區，提供額頭、下巴、眼周及皮膚肉毒桿菌等多種注射項目，均使用美國保妥適、德國西馬天使肉毒等進口正品藥劑。診所距離合井站3號出口步行僅1分鐘，配備中文諮詢服務，價格公開透明，是海外旅客體驗韓國醫美的安心之選。,https://tw.beautyblossom.kr/28,0,5,0
tw,https://tw.beautyblossom.kr/29,200,zh-tw,710422,pages\tw\94308a97248f2968.json,1,弘大玻尿酸填充｜唇部·鼻部·下巴玻尿酸填充｜Beauty Blossom麗朵皮膚科（首爾）,Beauty Blossom麗朵皮膚科位於首爾弘大·合井地區，專注於唇部、鼻部、下巴、面頰等多部位玻尿酸填充注射，使用正品產品追求自然效果。診所距離合井站3號出口僅1分鐘路程，提供中文諮詢服務，價格透明公開，歡迎預約體驗。,https://tw.beautyblossom.kr/29,0,4,0
tw,https://tw.beautyblossom.kr/30,200,zh-tw,632343,pages\tw\771aa4fbc792a6af.json,1,弘大黑眼圈治療｜眼底注射·眼周護理｜Beauty Blossom麗朵皮膚科（首爾）,Beauty Blossom麗朵皮膚科位於首爾弘大·合井地區，提供針對黑眼圈、眼底凹陷及眼周疲勞感的專業改善護理。醫生會根據每位患者的眼周狀況制定個性化方案。診所距離合井站3號出口步行僅1分鐘，提供中文諮詢服務，價格透明。,https://tw.beautyblossom.kr/30,0,3,0
tw,https://tw.beautyblossom.kr/31,200,zh-tw,682079,pages\tw\1e3a93e95224cd0b.json,1,弘大眼部拉提套餐｜眼周緊緻·彈力改善｜Beauty Blossom麗朵皮膚科（首爾）,Beauty Blossom麗朵皮膚科位於首爾弘大·合井地區，眼部拉提組合針對眼周鬆弛、皺紋與暗沉進行綜合改善，根據每位患者的狀況量身定制方案。診所距離合井站3號出口步行僅1分鐘，提供中文諮詢服務。,https://tw.beautyblossom.kr/31,0,4,0
tw,https://tw.beautyblossom.kr/32,200,zh-tw,670221,pages\tw\f4ad6479150df76b.json,1,弘大除皺療程｜額紋·法令紋·頸紋改善｜Beauty Blossom麗朵皮膚科（首爾）,Beauty Blossom麗朵皮膚科位於首爾弘大·合井地區，針對額頭皺紋、法令紋、頸紋等，根據個人膚質與皺紋深度制定精準的抗衰老治療方案。診所使用正品產品，距離合井站3號出口步行僅1分鐘，提供中文諮詢服務。,https://tw.beautyblossom.kr/32,0,3,0
tw,https://tw.beautyblossom.kr/33,200,zh-tw,797858,pages\tw\be31942bbe72919c.json,1,弘大鼻部玻尿酸·鼻線提升｜非手術隆鼻｜Beauty Blossom麗朵皮膚科（首爾）,Beauty Blossom麗朵皮膚科位於首爾弘大·合井地區，提供鼻部玻尿酸與埋線拉提的非手術隆鼻服務，幫助您在不動刀的情況下自然改善鼻型輪廓。診所距離合井站3號出口步行僅1分鐘，提供中文諮詢服務，使用正品產品。,https://tw.beautyblossom.kr/33,0,6,0
tw,https://tw.beautyblossom.kr/34,200,zh-tw,671166,pages\tw\d08562d5b3de950b.json,1,麗朵皮膚科 Beauty Blossom,從肉毒、玻尿酸填充、拉提、皮膚管理、肌膚水光針到體態管理療程，一次滿足您所有需求的國際化皮膚科，就在合井站 3 號出口正前方，Beauty Blossom 麗朵皮膚科。由經驗豐富的醫療團隊，從諮詢到術後照護全程細心陪伴， 以安全為優先，追求自然、比例和諧的療程效果。現在就來了解更多吧！,https://tw.beautyblossom.kr/34,0,2,0
tw,https://tw.beautyblossom.kr/35,200,zh-tw,725293,pages\tw\38b0975ebe45735e.json,1,弘大輪廓注射｜V臉·瘦臉針｜Beauty Blossom麗朵皮膚科（首爾）,Beauty Blossom麗朵皮膚科位於首爾弘大·合井地區，輪廓注射針對下顎線、雙下巴及臉頰脂肪進行精準改善，幫助您塑造更加纖細的V型臉部輪廓。診所距離合井站3號出口步行僅1分鐘，提供中文諮詢服務，價格透明。,https://tw.beautyblossom.kr/35,0,3,0
tw,https://tw.beautyblossom.kr/36,200,zh-tw,700923,pages\tw\60d30d957261d7fb.json,1,弘大輪廓注射｜V臉·瘦臉針｜Beauty Blossom麗朵皮膚科（首爾）,Beauty Blossom麗朵皮膚科位於首爾弘大·合井地區，輪廓注射針對下顎線、雙下巴及臉頰脂肪進行精準改善，幫助您塑造更加纖細的V型臉部輪廓。診所距離合井站3號出口步行僅1分鐘，提供中文諮詢服務，價格透明。,https://tw.beautyblossom.kr/36,0,3,0
tw,https://tw.beautyblossom.kr/37,200,zh-tw,707101,pages\tw\162734b1b4a55cac.json,1,弘大溶解玻尿酸｜透明質酸酶矯正｜Beauty Blossom麗朵皮膚科（首爾）,Beauty Blossom麗朵皮膚科位於首爾弘大·合井地區，使用透明質酸酶安全溶解不自然的玻尿酸填充劑，修復硬結並恢復自然臉部輪廓。診所距離合井站3號出口步行僅1分鐘，提供中文諮詢服務，經驗豐富的醫生為您安心處理。,https://tw.beautyblossom.kr/37,0,4,0
tw,https://tw.beautyblossom.kr/374234055,200,zh-tw,384725,pages\tw\4c5d4e3d0320a315.json,1,弘大Density無雙電波｜雙重電波深層緊緻｜Beauty Blossom麗朵皮膚科（首爾）,Beauty Blossom麗朵皮膚科位於首爾弘大·合井地區，Density無雙電波採用單極與雙極雙模電波能量，從真皮層到SMAS層達到深層緊緻拉提。診所使用正品設備，距離合井站3號出口步行僅1分鐘，提供中文諮詢服務，價格透明合理。,https://tw.beautyblossom.kr/374234055,0,2,0
tw,https://tw.beautyblossom.kr/39,200,zh-tw,744023,pages\tw\165e48436611faf0.json,2,弘大個性化分層拉提｜全方面客製方案｜Beauty Blossom麗朵皮膚科（首爾） | 의료장비 전문 솔루션,Beauty Blossom麗朵皮膚科位於首爾弘大·合井地區，個性化分層拉提項目根據您的皮膚狀況，靈活組合索夫波、鳳凰電波、音波拉提和ONDA等設備，量身定製最佳拉提方案。診所距離合井站3號出口步行僅1分鐘，提供中文諮詢服務。 | 프리미엄 의료장비 솔루션을 제공합니다.,https://tw.beautyblossom.kr/39,0,4,0
tw,https://tw.beautyblossom.kr/40,200,zh-tw,962577,pages\tw\458f33e7b938989c.json,1,弘大美國音波二代｜高端HIFU音波拉提｜Beauty Blossom麗朵皮膚科（首爾）,Beauty Blossom麗朵皮膚科位於首爾弘大·合井地區，美國音波二代是升級版HIFU拉提項目，通過增強的超音波能量實現更出色的臉部輪廓塑造效果。診所使用正品設備，距離合井站3號出口步行僅1分鐘，提供中文諮詢服務。,https://tw.beautyblossom.kr/40,0,8,0
tw,https://tw.beautyblossom.kr/400,200,zh-tw,708919,pages\tw\2ca6e6bef8ff07a2.json,1,麗朵皮膚科 Beauty Blossom,從肉毒、玻尿酸填充、拉提、皮膚管理、肌膚水光針到體態管理療程，一次滿足您所有需求的國際化皮膚科，就在合井站 3 號出口正前方，Beauty Blossom 麗朵皮膚科。由經驗豐富的醫療團隊，從諮詢到術後照護全程細心陪伴， 以安全為優先，追求自然、比例和諧的療程效果。現在就來了解更多吧！,https://tw.beautyblossom.kr/400,0,3,0
tw,https://tw.beautyblossom.kr/41,200,zh-tw,1119084,pages\tw\031cd39da0fc7b24.json,1,弘大鳳凰電波FLX｜電波緊膚拉提｜Beauty Blossom麗朵皮膚科（首爾）,Beauty Blossom麗朵皮膚科位於首爾弘大·合井地區，使用正品鳳凰電波FLX設備進行電波緊膚治療，促進膠原蛋白再生，幫助恢復緊緻有彈力的年輕肌膚。診所距離合井站3號出口步行僅1分鐘，提供中文諮詢服務，價格公開透明。,https://tw.beautyblossom.kr/41,0,10,0
tw,https://tw.beautyblossom.kr/42,200,zh-tw,728046,pages\tw\d820efc5a1c0a307.json,1,弘大ONDA超微波拉提｜面部與身體溶脂緊緻｜Beauty Blossom麗朵皮膚科（首爾）,Beauty Blossom麗朵皮膚科位於首爾弘大·合井地區，ONDA超微波拉提利用微波能量同時減少脂肪並緊緻肌膚，適用於面部與身體多個部位。診所距離合井站3號出口步行僅1分鐘，提供中文諮詢服務。,https://tw.beautyblossom.kr/42,0,4,0
tw,https://tw.beautyblossom.kr/43,200,zh-tw,696645,pages\tw\be3b8388d5a3c66d.json,1,InMode 拉提｜輪廓弘大InMode拉提｜非手術溶脂緊緻｜Beauty Blossom麗朵皮膚科（首爾）實・線條改善｜Beauty Blossom 皮膚科,Beauty Blossom麗朵皮膚科位於首爾弘大·合井地區，InMode拉提通過射頻能量非手術減少脂肪並改善皮膚彈力，幫助塑造更纖細緊緻的身體輪廓。診所距離合井站3號出口步行僅1分鐘，提供中文諮詢服務。,https://tw.beautyblossom.kr/43,0,4,0
tw,https://tw.beautyblossom.kr/44,200,zh-tw,820281,pages\tw\ab32eb37b5ed4925.json,1,弘大宇宙版海芙音波拉提｜恢復臉部彈力｜Beauty Blossom麗朵皮膚科（首爾）,Beauty Blossom麗朵皮膚科位於首爾弘大·合井地區，宇宙版海芙音波通過超音波能量恢復面部彈力並改善鬆弛，使用正品設備確保安全效果。診所距離合井站3號出口步行僅1分鐘，提供中文諮詢服務。,https://tw.beautyblossom.kr/44,0,3,0
tw,https://tw.beautyblossom.kr/45,200,zh-tw,744205,pages\tw\6b85d533e45b6105.json,1,弘大Volnewmer海芙電波｜恢復臉部豐盈與彈力｜Beauty Blossom麗朵皮膚科（首爾）,Beauty Blossom麗朵皮膚科位於首爾弘大·合井地區，Volnewmer射頻提升利用射頻能量恢復面部豐盈感並改善肌膚彈力，幫助實現更年輕的面部輪廓。診所距離合井站3號出口步行僅1分鐘，提供中文諮詢服務。,https://tw.beautyblossom.kr/45,0,5,0
tw,https://tw.beautyblossom.kr/47,200,zh-tw,626122,pages\tw\618f5a8784f828d2.json,1,弘大女性雷射除毛｜面部·腋下·全身除毛｜Beauty Blossom麗朵皮膚科（首爾）,Beauty Blossom麗朵皮膚科位於首爾弘大·合井地區，為女性提供面部、腋下、手臂、腿部及全身雷射除毛服務，採用先進雷射技術確保安全有效。診所距離合井站3號出口步行僅1分鐘，提供中文諮詢服務，價格實惠，是海外旅客體驗韓國美容脫毛的理想之選。,https://tw.beautyblossom.kr/47,0,4,0
tw,https://tw.beautyblossom.kr/48,200,zh-tw,625902,pages\tw\433ac66b1e778c2b.json,1,弘大男性雷射除毛｜鬍子·胸部·腿部除毛｜Beauty Blossom麗朵皮膚科（首爾）,Beauty Blossom麗朵皮膚科位於首爾弘大·合井地區，為男性提供鬍鬚、胸部、手臂、腿部雷射除毛，採用適合男性較粗毛髮的先進雷射技術。診所距離合井站3號出口步行僅1分鐘，提供私密舒適的治療環境和中文諮詢服務。,https://tw.beautyblossom.kr/48,0,4,0
tw,https://tw.beautyblossom.kr/50,200,zh-tw,677643,pages\tw\133a5288d79c04b0.json,1,客製化身體護理｜體態分析・專屬管理方案｜Beauty Blossom 皮膚科,由專業醫師評估體態與脂肪分布，規劃專屬身體護理方案，協助改善線條比例與整體身形狀態。,https://tw.beautyblossom.kr/50,0,2,0
tw,https://tw.beautyblossom.kr/51,200,zh-tw,695597,pages\tw\f4271a4e32a13be9.json,1,曲線肉毒套組｜線條修飾・比例調整｜Beauty Blossom 皮膚科,針對特定肌群設計曲線肉毒套組，協助放鬆肌肉線條、修飾身體比例，打造自然流暢的曲線感。,https://tw.beautyblossom.kr/51,0,5,0
tw,https://tw.beautyblossom.kr/52,200,zh-tw,739967,pages\tw\707bb0e0b5271446.json,1,弘大肩部與小腿肉毒｜塑造纖細身體線條｜Beauty Blossom麗朵皮膚科（首爾）,Beauty Blossom麗朵皮膚科位於首爾弘大·合井地區，通過肩部肉毒桿菌打造直角肩效果，小腿肉毒桿菌塑造纖細腿部線條，放鬆過度活躍的肌肉以實現優雅的身體輪廓。診所距離合井站3號出口步行僅1分鐘，提供中文諮詢服務。,https://tw.beautyblossom.kr/52,0,4,0
tw,https://tw.beautyblossom.kr/54,200,zh-tw,758195,pages\tw\777182bfa9fdffc9.json,1,弘大溶脂針｜針對腹部·手臂·大腿局部瘦身｜Beauty Blossom麗朵皮膚科（首爾）,Beauty Blossom麗朵皮膚科位於首爾弘大·合井地區，溶脂針針對腹部、手臂、大腿等頑固脂肪部位進行集中溶解，幫助塑造更纖細的身體輪廓。診所距離合井站3號出口步行僅1分鐘，提供中文諮詢服務，價格實惠。,https://tw.beautyblossom.kr/54,0,3,0
tw,https://tw.beautyblossom.kr/55,200,zh-tw,724689,pages\tw\acce1fa596a71a4e.json,1,身體雕塑針｜體態修飾・曲線塑形｜Beauty Blossom 皮膚科,依身體比例與線條需求規劃身體雕塑針療程，協助塑造更立體、俐落且自然的身形曲線。,https://tw.beautyblossom.kr/55,0,5,0
tw,https://tw.beautyblossom.kr/56,200,zh-tw,751696,pages\tw\d3c2c9aa4349602b.json,1,身體拉提療程｜緊緻改善・線條提升｜Beauty Blossom 皮膚科,針對身體鬆弛部位設計拉提療程，協助提升緊緻度與線條表現，讓體態更有支撐感與彈性。,https://tw.beautyblossom.kr/56,0,5,0
tw,https://tw.beautyblossom.kr/57,200,zh-tw,765221,pages\tw\7c7e25c8991cf3f2.json,1,身體 InMode｜客製化肥胖治療・體態管理｜Beauty Blossom 皮膚科,透過 InMode 技術結合體態分析，規劃客製化肥胖治療方案，協助改善脂肪分布並優化身體比例。,https://tw.beautyblossom.kr/57,0,4,0
tw,https://tw.beautyblossom.kr/58,200,zh-tw,650109,pages\tw\ee2c89f11e0247ba.json,1,弘大多汗症肉毒桿菌｜腋下·手心·腳底出汗治療｜Beauty Blossom麗朵皮膚科（首爾）,Beauty Blossom麗朵皮膚科位於首爾弘大·合井地區，多汗症肉毒桿菌治療有效控制腋下、手心、腳底的過度出汗問題，幫助您在日常生活中更加自信舒適。診所距離合井站3號出口步行僅1分鐘，提供中文諮詢服務。,https://tw.beautyblossom.kr/58,0,4,0
tw,https://tw.beautyblossom.kr/60,200,zh-tw,774957,pages\tw\51f6533171d3c9ac.json,1,Q Facial｜溫和清潔・膚況平衡管理｜Beauty Blossom 皮膚科,Q Facial 以溫和清潔與基礎調理為核心，協助改善老廢角質與膚況不穩問題，適合定期皮膚管理。,https://tw.beautyblossom.kr/60,0,3,0
tw,https://tw.beautyblossom.kr/61,200,zh-tw,829872,pages\tw\890f7d89b54774d5.json,1,ULDM 氧氣拉提｜彈力提升・肌膚活化｜Beauty Blossom 皮膚科,ULDM 氧氣拉提透過溫和能量作用，協助提升肌膚彈性與緊緻感，打造自然健康的膚況狀態。,https://tw.beautyblossom.kr/61,0,5,0
tw,https://tw.beautyblossom.kr/62,200,zh-tw,732647,pages\tw\38aced012950435f.json,1,黃金 PTT｜肌膚修護・細緻管理｜Beauty Blossom 皮膚科,黃金 PTT 以肌膚修護與穩定為重點，協助改善膚質粗糙與疲勞感，讓膚況更細緻平衡。,https://tw.beautyblossom.kr/62,0,4,0
tw,https://tw.beautyblossom.kr/63,200,zh-tw,919729,pages\tw\d9939a590a6d8c60.json,1,客製化煥膚｜角質調理・膚質更新｜Beauty Blossom 皮膚科,依膚質與耐受度設計客製化煥膚方案，協助代謝老廢角質、改善暗沉與膚質粗糙問題。,https://tw.beautyblossom.kr/63,0,1,0
tw,https://tw.beautyblossom.kr/64,200,zh-tw,709147,pages\tw\91780cc0f70ab6a3.json,1,Black Peel 黑醋煥膚｜溫和煥膚・膚況調理｜Beauty Blossom 皮膚科,Black Peel 黑醋煥膚以溫和方式進行角質調理，協助改善膚質粗糙與暗沉問題。,https://tw.beautyblossom.kr/64,0,5,0
tw,https://tw.beautyblossom.kr/65,200,zh-tw,694457,pages\tw\60fe16b9341fd4af.json,2,Aqua Peel 水飛梭｜深層清潔・毛孔管理｜Beauty Blossom 皮膚科 | 3단계 필링 시스템,Aqua Peel 水飛梭結合清潔與保濕，協助吸除毛孔髒污，同時維持肌膚水潤度。,https://tw.beautyblossom.kr/65,0,5,0
tw,https://tw.beautyblossom.kr/66,200,zh-tw,647719,pages\tw\8eb60320e927604a.json,1,維他命亮白管理｜膚色均勻・透亮改善｜Beauty Blossom 皮膚科,透過維他命亮白管理協助改善暗沉與膚色不均，提升肌膚透亮感，適合日常保養與定期護理。,https://tw.beautyblossom.kr/66,0,4,0
tw,https://tw.beautyblossom.kr/68,200,zh-tw,647081,pages\tw\69c27508cecffe1a.json,1,保濕鎮靜護理｜補水舒緩・膚況穩定｜Beauty Blossom 皮膚科,針對乾燥、敏弱與刺激後膚況，規劃保濕鎮靜護理方案，協助恢復肌膚水分與舒適感。,https://tw.beautyblossom.kr/68,0,4,0
tw,https://tw.beautyblossom.kr/69,200,zh-tw,698336,pages\tw\2b6db8104ad1ce21.json,2,痘痘護理｜油脂調理・膚況穩定｜Beauty Blossom 皮膚科 | 여드름 종류와 특징,依痘痘型態與膚況評估痘痘護理方案，協助調理油脂分泌並改善膚況穩定度，適合問題肌管理。,https://tw.beautyblossom.kr/69,0,5,0
tw,https://tw.beautyblossom.kr/71,200,zh-tw,667244,pages\tw\35a499e7f12550df.json,1,弘大色素療程｜黃褐斑·色斑·膚色不均改善｜Beauty Blossom麗朵皮膚科（首爾）,Beauty Blossom麗朵皮膚科位於首爾弘大·合井地區，針對黃褐斑、色斑、雀斑、色素沉著等問題，根據個人色素類型制定精準的雷射治療方案，幫助恢復明亮均勻的膚色。診所距離合井站3號出口步行僅1分鐘，提供中文諮詢服務，價格透明。,https://tw.beautyblossom.kr/71,0,2,0
tw,https://tw.beautyblossom.kr/72,200,zh-tw,755914,pages\tw\54b027fe32e13a25.json,1,弘大Potenza黃金微針｜毛孔·痘疤·膚質全面改善｜Beauty Blossom麗朵皮膚科（首爾）,Beauty Blossom麗朵皮膚科位於首爾弘大·合井地區，Potenza黃金微針將射頻能量與微針技術相結合，有效縮小毛孔、改善痘疤並提升整體膚質。診所使用正品設備，距離合井站3號出口步行僅1分鐘，提供中文諮詢服務。,https://tw.beautyblossom.kr/72,0,3,0
tw,https://tw.beautyblossom.kr/73,200,zh-tw,848127,pages\tw\6ff98c89fd1c80d1.json,1,弘大PicoSure蜂巢皮秒｜色斑·美白·膚色改善｜Beauty Blossom麗朵皮膚科（首爾）,Beauty Blossom麗朵皮膚科位於首爾弘大·合井地區，PicoSure蜂巢皮秒能夠有效改善黃褐斑、色斑及膚色不均，恢復期短且對皮膚負擔小。診所距離合井站3號出口步行僅1分鐘，使用正品雷射設備，提供中文諮詢服務。,https://tw.beautyblossom.kr/73,0,7,0
tw,https://tw.beautyblossom.kr/74,200,zh-tw,742763,pages\tw\1eee8326ccd2edd8.json,1,弘大紋身去除｜皮秒雷射安全去除｜Beauty Blossom麗朵皮膚科（首爾）,Beauty Blossom麗朵皮膚科位於首爾弘大·合井地區，使用皮秒雷射安全去除紋身及半永久化妝（眉毛、眼線等），採用分階段治療方式減少皮膚負擔。診所距離合井站3號出口步行僅1分鐘，提供中文諮詢服務。,https://tw.beautyblossom.kr/74,0,4,0
tw,https://tw.beautyblossom.kr/75,200,zh-tw,692304,pages\tw\9ccb91ecf8257745.json,1,弘大Accutoning痘痘雷射｜皮脂·毛孔精準管理｜Beauty Blossom麗朵皮膚科（首爾）,Beauty Blossom麗朵皮膚科位於首爾弘大·合井地區，Accutoning雷射針對痘痘、過度皮脂分泌及毛孔粗大進行精準管理，調節油脂分泌並細化膚質。診所距離合井站3號出口步行僅1分鐘，提供中文諮詢服務，價格透明。,https://tw.beautyblossom.kr/75,0,5,0
tw,https://tw.beautyblossom.kr/76,200,zh-tw,650635,pages\tw\b9ee72afb8681d19.json,1,弘大V雷射｜面部紅血絲·酒糟肌改善｜Beauty Blossom麗朵皮膚科（首爾）,Beauty Blossom麗朵皮膚科位於首爾弘大·合井地區，V雷射是一種針對臉部紅血絲、酒糟肌及血管擴張的溫和血管雷射治療，幫助恢復均勻平靜的膚色。診所距離合井站3號出口步行僅1分鐘，提供中文諮詢服務。,https://tw.beautyblossom.kr/76,0,4,0
tw,https://tw.beautyblossom.kr/LDM,200,zh-tw,929752,pages\tw\3ef1a47db2f66d7b.json,6,LDM 肌膚管理｜修護・穩定膚況｜Beauty Blossom 皮膚科 | 스컬트라 텍스트 박스 | Thermage Features | 스킨케어 프로그램 - 주름 타이트닝 리프팅 여드름 민감성 피부 치료 | 피부 관리 솔루션 | 수술 후 주의사항,"LDM 管理透過多重頻率作用，協助修護肌膚屏障、穩定膚況，適合敏弱或術後保養需求。 | 전문 스킨케어 프로그램 A1-A13: 주름 타이트닝 리프팅, 피부 재생 안티에이징, 민감성 피부, 여드름 치료, 시술 후 케어까지 맞춤형 솔루션 | 피부 관리 솔루션 - 미백, 재생, 타이트닝, 여드름, 피부장벽개선, 리프팅 | 수술 후 주의사항 - 운동, 항생제 복용, 정액검사, 소독, 피임 관련 안내",https://tw.beautyblossom.kr/LDM,0,10,0
tw,https://tw.beautyblossom.kr/XERF,200,zh-tw,416891,pages\tw\eb0e46d89ba00a6a.json,1,XERF | 高頻拉提 | Beauty Blossom皮膚科,XERF單極射頻拉提。Beauty Blossom醫院，合井站3號出口。雙頻6.78+2MHz，3級深度，10級能量,https://tw.beautyblossom.kr/XERF,0,2,0
tw,https://tw.beautyblossom.kr/alltite,200,zh-tw,398250,pages\tw\006056a09c009a26.json,1,Alltite 電波拉提 | 真皮·SMAS雙層加熱 DLTD® | 弘大首爾,弘大首爾 Alltite 電波拉提。採用 DLTD® 聚焦介電加熱，同時作用於真皮與 SMAS 層，實現臉部下垂即刻拉提，疼痛與恢復期降至最低。,https://tw.beautyblossom.kr/alltite,0,1,0
tw,https://tw.beautyblossom.kr/dca-injection,200,zh-tw,398931,pages\tw\607f6a51974c14c8.json,1,VIVLE DCA注射 | 雙下巴·下巴脂肪去除 | 弘大首爾,弘大首爾 VIVLE DCA注射。食藥署許可的去氧膽酸(DCA)，以細胞為單位去除飲食·運動難以消除的雙下巴與下巴脂肪。,https://tw.beautyblossom.kr/dca-injection,0,1,0
tw,https://tw.beautyblossom.kr/diet-injection,200,zh-tw,426775,pages\tw\b2b9b64331cc8b16.json,1,雙下巴溶脂針（CA成分）· 首爾 | Beauty Blossom,NUVIJU — 全球首創膽酸（CA）成分溶脂針。無需切開改善雙下巴脂肪·下顎線輪廓，採用接近人體 pH 設計。韓國首爾·弘大。,https://tw.beautyblossom.kr/diet-injection,0,1,0
tw,https://tw.beautyblossom.kr/fortra-quattro,200,zh-tw,397663,pages\tw\8324a82a648fe486.json,1,弘大·合井 鈦拉提 四重波長 | Fortra Quattro - Beauty Blossom醫院,弘大·合井鈦拉提，Beauty Blossom醫院。Fortra Quattro在傳統三波長鈦拉提基礎上增加940nm，採用四波長（755·808·940·1064nm）二極體雷射，作用於提拉、緊緻與膚色改善，從表皮到SMAS層逐層進行。,https://tw.beautyblossom.kr/fortra-quattro,0,1,0
tw,https://tw.beautyblossom.kr/hilo-wave,200,zh-tw,377942,pages\tw\d2a30bf11a388771.json,1,HILO WAVE 雙重HA膠原蛋白增生水光｜弘大麗朵皮膚科,HILO WAVE 是同時使用高低分子玻尿酸的雙重HA膠原蛋白增生水光，全面管理澎潤感、膚質與膚色。首爾弘大·合井麗朵皮膚科。,https://tw.beautyblossom.kr/hilo-wave,0,1,0
tw,https://tw.beautyblossom.kr/home,200,zh-tw,1266348,pages\tw\9c92b6efc3d66b43.json,1,麗朵皮膚科 Beauty Blossom,從肉毒、玻尿酸填充、拉提、皮膚管理、肌膚水光針到體態管理療程，一次滿足您所有需求的國際化皮膚科，就在合井站 3 號出口正前方，Beauty Blossom 麗朵皮膚科。由經驗豐富的醫療團隊，從諮詢到術後照護全程細心陪伴， 以安全為優先，追求自然、比例和諧的療程效果。現在就來了解更多吧！,https://tw.beautyblossom.kr/home,0,4,0
tw,https://tw.beautyblossom.kr/ligament-lift,200,zh-tw,377624,pages\tw\d73f15993719bb12.json,1,韌帶拉提 - 弘大結構性臉部拉提 Beauty Blossom,並非單純填充的玻尿酸，而是針對下垂根本原因——支撐韌帶進行強化的結構性拉提。弘大·合井 Beauty Blossom 依據每個人的臉部結構進行一對一客製化設計。,https://tw.beautyblossom.kr/ligament-lift,0,1,0
tw,https://tw.beautyblossom.kr/re2o,200,zh-tw,409998,pages\tw\a83d523d066c508c.json,1,Elravie Re2O 童顏針 | 第四代 ECM 皮膚重建 | Beauty Blossom 弘大皮膚科診所,Elravie Re2O 艾麗薇是以 hADM 為基礎的第四代 ECM 皮膚重建療程，直接補充膠原蛋白、彈力蛋白、GAG 等真皮結構成分。Beauty Blossom 弘大皮膚科診所，合井站3號出口步行1分鐘。,https://tw.beautyblossom.kr/re2o,0,2,0
tw,https://tw.beautyblossom.kr/skinvive,200,zh-tw,384529,pages\tw\c072014d118e6c6a.json,1,弘大Skinvive水光針｜玻尿酸嫩膚‧改善臉頰細紋,弘大Beauty Blossom醫美診所引進Skinvive水光針，將玻尿酸直接注入真皮層，改善臉頰細紋與膚質粗糙，效果可維持約6個月。,https://tw.beautyblossom.kr/skinvive,0,1,0
tw,https://tw.beautyblossom.kr/special-offers,200,zh-tw,702253,pages\tw\5e05f896cf7cff7e.json,1,限時優惠與療程價格｜首爾弘大皮膚科 Beauty Blossom,首爾弘大皮膚科Beauty Blossom每月限時優惠：肉毒桿菌、玻尿酸、皮膚動能素、拉提療程價格透明公開。線上挑選感興趣的療程，透過LINE一次諮詢預約。,https://tw.beautyblossom.kr/special-offers,0,2,0
tw,https://tw.beautyblossom.kr/thread-lifting,200,zh-tw,407534,pages\tw\a0835b58f5c98acd.json,2,埋線拉提 | MINT & epiticon 雙線材組合 - Beauty Blossom 麗朵皮膚科 | 埋線拉提 | MINT & epiticon 雙線材組合 - Beauty Blossom 麗朵皮膚科,MINT 與 epiticon 雙線材組合，Beauty Blossom 埋線拉提，採用經韓國食藥處核准的 PDO 可吸收埋線，依照不同部位進行客製化複合式設計。 | MINT 與 epiticon 雙線材組合，Beauty Blossom 埋線拉提，採用經韓國食藥處核准的 PDO 可吸收埋線，依照不同部位進行客製化複合式設計。,https://tw.beautyblossom.kr/thread-lifting,6,1,0
