relative_path,bytes,sha256,stored_in_repository
evidence/cn/home.html,1337290,b2c6becbd19005bc6f9192ae87f6703b82c7d83fc2b8d2ea0e9f928c944da9c2,no
evidence/cn/home.json,271413,43c2b741a72a300ecac0d0c08bd056e25bdf7e969928814fbc3421d83cc814ad,no
evidence/cn/llms.json,340,82c506952aef76b67c261c2e61c5e62e970338c8447b93efa437e4b71730a631,no
evidence/cn/llms.txt,77,2ffdc9f68578967dfe8c118756b34a70c9c73041cbc957405e450752490ff307,no
evidence/cn/robots.json,345,042ea94ffcf890067d1acade16dc171fb13ec01d1339e0749ca74d88b93522a0,no
evidence/cn/robots.txt,559,fdbd9e24ad94d7d95a646fa3df2e316cf8873ad0198b62b025825f76a8b38a98,no
evidence/cn/sitemap.json,339,89b30f33830e988d722c149d7f9ce691a487714c5106c9e351d521c4fc0b0cbc,no
evidence/cn/sitemap.txt,10203,2d5945345226ce7f9667e5564f33f227826355cae07d746da14fe83094ac3296,no
evidence/en/home.html,1309303,b9421c45a8442af4e6b9b6cf1ebc5885f0c7c50bd7687385c679c82e95cfa247,no
evidence/en/home.json,270565,9ab726004d149a1d556f58f656c694ab2df199080ab75e6316e2cc3f2b609a95,no
evidence/en/llms.json,340,bbd7f6edcf8645e9ea229d56257c05ecb97ae9088ad31eda842b7b710945dde5,no
evidence/en/llms.txt,77,2ffdc9f68578967dfe8c118756b34a70c9c73041cbc957405e450752490ff307,no
evidence/en/robots.json,345,3ddfddca69bc07f0591a8dc58766b599c9977608db5f3573ebff58aa64396ef3,no
evidence/en/robots.txt,383,5b67d4c985d417e6e33304b42c83efa8d06f7a0ee063ee41cea16ab4bfd1ebf9,no
evidence/en/sitemap.json,339,d8534fa035415002936a40a361681d0182b78687520b5165ab10474586b9a9ab,no
evidence/en/sitemap.txt,10020,9ab03a9ccfc61ccbd0791f5192634217ebac70ec8edccd6d3dd659bd23fe1055,no
evidence/jp/home.html,1389291,310e7b4588d6045abec33a30243e91d3dccb3ec7f73efb8e3c287fa4809668f0,no
evidence/jp/home.json,293800,12f241cfdffbada72f866133e464e27b324d58cd0499e4d82768a8ef39509a6f,no
evidence/jp/llms.json,340,d2407c13a665293a8fea50197c5ac34ef2a88b88ca51d510eb078a34cacd4777,no
evidence/jp/llms.txt,77,2ffdc9f68578967dfe8c118756b34a70c9c73041cbc957405e450752490ff307,no
evidence/jp/robots.json,345,f456dbe333d465779be17def6a606bd1c213b35a7bb506e3fe38e63a03f74c1f,no
evidence/jp/robots.txt,672,d403095aa310bd0f3e5d850b09bc7dfc9d34ec797b40996e68f55db4c6e77823,no
evidence/jp/sitemap.json,339,f6263676386e980416aaf9bad49e2b2dee21b9a25cea9e9b506ae7c54c9ddd55,no
evidence/jp/sitemap.txt,10110,5a871ba6a09c015c17c76741fb22ae3f34ef01a585ae97d71e1b33a2d84b423f,no
evidence/kr/home.html,1322524,2c15c973471b67ec87c0d695e56206199b2e94628fbcc4cdc4c3f9626df2f437,no
evidence/kr/home.json,294902,87697421d662cbd9f0dbed7ed37cc881f9f0d4ef538bca0ead6dbe4e4ec16230,no
evidence/kr/llms.json,334,0c055f311ff4c00ba1a3620d704538ed5c68e866eae7af6cb4580075aa94203b,no
evidence/kr/llms.txt,77,2ffdc9f68578967dfe8c118756b34a70c9c73041cbc957405e450752490ff307,no
evidence/kr/robots.json,339,c36370e308e6dc118718e2aa14f1687c4493f14dd91f7aeacc974a84b5040ed8,no
evidence/kr/robots.txt,899,95949dd773afd81853d1da0fe9babb2b1ad57cbbafbc6b76245d22966dcf124c,no
evidence/kr/sitemap.json,333,d5effd7b3c5ac166fbd94eb3d30a1a6a8df8f7d170f61f00bfa6857ec37a381d,no
evidence/kr/sitemap.txt,9694,89401168b60d3d969b735cfa88f835ac545f96e313a0ce41d9a3b7f77aadecaa,no
evidence/tw/home.html,1287759,57754ccf9562947ff8c76d4393c9ec8f107ac5daebdc31c73eaba43ad2574a85,no
evidence/tw/home.json,247615,f624c82ff77ad1b58ed5c9937e350b3a0cc2e90f1d9ae6588749d173cdbaeca8,no
evidence/tw/llms.json,340,4c3fa3d41a8770aa78489b45e1306d5e08fb9bfa7e4d1e6d67657ee4e0bf57bb,no
evidence/tw/llms.txt,77,2ffdc9f68578967dfe8c118756b34a70c9c73041cbc957405e450752490ff307,no
evidence/tw/robots.json,345,bb99370a4c215fd063ab10273c9b33577030d393ace32fe7d47d720af76b969f,no
evidence/tw/robots.txt,674,5df784e93f927bd2cab3a70eaa91ac9d34723cb160d0540a058ca299b95aa152,no
evidence/tw/sitemap.json,339,eb089a2ac70f1b3b0fadb71b084f680c5d1ec0261afe19d154c1770487a0164a,no
evidence/tw/sitemap.txt,9730,1853189450f69476d3232795beccd9f002402e5773263b35e5b353b0868b8e86,no
pages/cn/00f5bd013478747d.html.gz,74487,2ad311099c24ef073a5ca4fdf51ff842d5d755268d8ced64a27c0817057c13d0,no
pages/cn/00f5bd013478747d.json,65534,19e59ca02725765f4b726e59af027199aefc05e837886ee94b5c8ad7c66a5ff2,no
pages/cn/0a2740513cce7792.html.gz,110446,609be69bb256ad78503c26ef884088ec59a34603f26feae015502fbd36becbec,no
pages/cn/0a2740513cce7792.json,147421,960ae27997bf3a55466c0dfe2312519ae3e31d23e6eb0469ad90d408c7154f5e,no
pages/cn/0bf42ed43f15d42a.html.gz,104480,ff26603ce0bd341946c9b28310647ef893b66a054451a20d3ac9dfad4d512e9a,no
pages/cn/0bf42ed43f15d42a.json,172870,305b15dd45707b4eea5df25e2376261be99c545af20435cc91a19d6d70628afd,no
pages/cn/0e7aa12e288ec6ec.html.gz,98188,1369134c7a7cb818807193f5f771c3b34cf44768a75a55928542db0e91b56fed,no
pages/cn/0e7aa12e288ec6ec.json,140211,e0cec9f04f9b52c67779eea31c1c9c5fbee246ab46500248d4683feec8c63992,no
pages/cn/10152e2c8e5614b3.html.gz,106129,5f3acffeae2fdd35e2be157a7727fc31513360c82e5e70619420c834d23a763d,no
pages/cn/10152e2c8e5614b3.json,144722,14a42c7ee376281fd960aca2f4f809878cde5997edb25425ffacf4b5818fa44a,no
pages/cn/107e97d0f4c90a9a.html.gz,104617,d049f1a89705f533b80071ff57e811e6a796d0a7a7ff148203f7b1db0a8111dd,no
pages/cn/107e97d0f4c90a9a.json,146122,55f19a827a2daad7b15f837359cce5fcd48c5f61d7a402cb8ae22a3ab03541b6,no
pages/cn/138e323d9d04e4dd.html.gz,122592,81031be9e1f1fef9d76646e1a0f38adba69930b62397bb249aaa02ca2019cf27,no
pages/cn/138e323d9d04e4dd.json,163691,1d098d975261fccb8b99924055e2b7585b0b63a65ddc8c48bfb03bb390e3eb93,no
pages/cn/13eadb91181b2f4c.html.gz,110440,333c894023d52664ffa49459b9a52652e5f7aa287f8e56dfff202f4cd047c17a,no
pages/cn/13eadb91181b2f4c.json,147370,89a61926e1cbd9301d961662ae2ed17b3dddc76fa1a3a1159e821568b26b2375,no
pages/cn/1b800f5a5969e07f.html.gz,127983,289c91acd51f0e6accbb2d7dfdfeaff970a2dabde4058ad8050cf78a28a876d8,no
pages/cn/1b800f5a5969e07f.json,172315,321036308f8c983844c1d4046f12df6c32997efda12e23022244a68ce0fd1b22,no
pages/cn/1dea04b24de8fc75.html.gz,109221,0f85e606925cb8dca20013ce94b1d7632e3300135e95d28a39362addbce0d86f,no
pages/cn/1dea04b24de8fc75.json,151337,6f8cd09aeea00c6ff77aac8c10ba64024b38b03724913dc095127502b7c7bece,no
pages/cn/1f48a1982848697a.html.gz,129,34b6a37fa70dde457eafdd6c472bf4d56efdefb881e0a9bc7c8982598ba80bf9,no
pages/cn/1f48a1982848697a.json,708,e667f7167462b5f7e1e28a9b6309b77f9fe379d4d37ccf14a02930eb3486be70,no
pages/cn/24daf593ee785272.html.gz,107282,c58efca253fed093b4bf963eb7e97e6808ffd8121a49b8ba089b0b8c2fbbc39c,no
pages/cn/24daf593ee785272.json,149429,4810a1a154b792a9d974aa3e9a73025203e4dbd77e5fdc908b8c1c22b2ac2263,no
pages/cn/259f22cac537d9de.html.gz,98790,edf5e411e5953c7fc1d47fbc880f83dbaa35f93db6c2554441719cf4e81fef07,no
pages/cn/259f22cac537d9de.json,142195,1eceb01db22008f0de71e2b2251a86c300ca45ecf88573066a3b490dd5597568,no
pages/cn/260a05203dfa28af.html.gz,107945,a442528fff4b7bc3fe8e5a220dd3b8ef0d507fc76783bf164eb35258ff57bede,no
pages/cn/260a05203dfa28af.json,154937,018e107c696d1bf633d391b7b08d896611ef876e717414435583087bed3cb930,no
pages/cn/277440cefb7c5fa4.html.gz,132975,4c9ce8ec5e10583122fcccf9c922c1e19e01f1dc437c6c54d86ff2b41917eade,no
pages/cn/277440cefb7c5fa4.json,171488,95f656e6dd684b762f570ac278716c4fa3e023783193931926d0a2c1c96d7f79,no
pages/cn/2899b997bf0ddc58.html.gz,107621,21cf36ac7ec53dc0393ac75754505666719855019c87ed197625ba343dc1ce3c,no
pages/cn/2899b997bf0ddc58.json,147545,2550f5b256bf5504707cd5dbe770329222e27a86e4c5aca39534ca9afa74c749,no
pages/cn/2a26219faa98fc9f.html.gz,105042,d5b9e5ca40fd32644527e2cf0a9a652c18472692a0ae75b90ba92dfb422a6fde,no
pages/cn/2a26219faa98fc9f.json,147508,0c3bbe2b992bc12956e7f13c995b3220c7918f5d4686956a1b337b06fbe1317d,no
pages/cn/2c4c658eb22c3fb8.html.gz,106466,c5c92f517d7cecc7aa62e74eeee77770fdcf4535878698ad51367a93460bbe5e,no
pages/cn/2c4c658eb22c3fb8.json,141564,b845ded32aa5dc06da1a0efbfb1197f521ca4d4ec8470da63f4a69bb267ecd21,no
pages/cn/2c7731f2566be6f4.html.gz,98417,c327e180487d7b1d5cff3781a5d3bcfdaa0916c9f90dc997ee99d7ecaa39038b,no
pages/cn/2c7731f2566be6f4.json,170012,0bd1783a1d33bc5b337e685e6d3032618243a3eb8f155d89dca00539e888113a,no
pages/cn/30f303fecdf306f5.html.gz,77321,d8316b534506fe8873e936a996b02bfd3ca138bd27d504da9789f7f2d02c6d81,no
pages/cn/30f303fecdf306f5.json,119700,03b872d49e81af5f690ed2a02d6dec4ce223146961779835343830f64f4da28b,no
pages/cn/31f51a2c3614d0a1.html.gz,84637,a3b09d0a640fed59326b1e98573e6e4b550b8ca00b4ecfb29b045ce062d7d4c2,no
pages/cn/31f51a2c3614d0a1.json,90328,da2869924347e3a4a292d6497968c8240105798228c6cfc010b2236d1f238d5e,no
pages/cn/3439e2d6b79eac36.html.gz,107623,cb7bbee41a68a970f9ec20e51d0b065386eb334c52e253dee8f5e68e02391bc6,no
pages/cn/3439e2d6b79eac36.json,147658,2578290ba2f54bb2a1ea30b3a4a8bddb0b9503b1840672b0b7da1d4f334359a7,no
pages/cn/3b17fea67b8e51b8.html.gz,111062,b4812cb12f56b3449a16e470750d0c6301dc8df27b6fd802faed4f94b9ccd560,no
pages/cn/3b17fea67b8e51b8.json,146628,02b6f5ad8a168a9be2e946a99bd8c801b43ec352a6249d8b12cc69e0d841ab8f,no
pages/cn/3b79b7e59a3e03b4.html.gz,95236,12b77828edffc66a6462d6d4c79a68c459aba2c639ba807294dc01e039fde9c4,no
pages/cn/3b79b7e59a3e03b4.json,132477,dae69004d9133fb09150071e2d55e5ceaa8e5df4558f02b027c7f1e9ca1cc6c6,no
pages/cn/3fd76edefff77465.html.gz,101205,69495b1388f1701c2125867aaef9b24d914c808697ab3e7a717a0a3fcf22e5a9,no
pages/cn/3fd76edefff77465.json,140209,30f22df894155f63e13a37119e219b5b2e8a6543768e93b2074281ea7878c409,no
pages/cn/43d78f15c24faf54.html.gz,79858,2c0587e95592f36faa208afd303f0181ec897eb9d2fdd7280f7cb516e2bb484d,no
pages/cn/43d78f15c24faf54.json,103674,5f944fa2f4b3d2f08cc4a0d93071b56d1f4d29dd11046448e024da2cae75f853,no
pages/cn/442eb807bb527b2e.html.gz,84740,3f41e39a7287af805fb5cad87f9fc8c53a51148096916092ac3cb6b4010a1c5a,no
pages/cn/442eb807bb527b2e.json,112062,2c79e3e561581a8eea2802bc89df60eaf5700f404cb68731ba9dcffc869f5ab9,no
pages/cn/45bf3d40ac45f7ae.html.gz,118000,e1e0a96b948ad4c6e81b735456cfc6fbd77abd6347a6a17cf93b65efc8fb76e5,no
pages/cn/45bf3d40ac45f7ae.json,107320,8a1348acfaebf3f7cdc40978352b439d5ea48909edccded3cadd01106c1ff43f,no
pages/cn/47010f43a1257e76.html.gz,110051,5b36aae87b542fa07f8537d6073b6b6dac516921ee6ad55d758fde59bfe9bf16,no
pages/cn/47010f43a1257e76.json,147949,dba27e413de7bf159cae681c953a8c9068b856a9bc3970b47daa188a19242a3f,no
pages/cn/4ed759cc686bd262.html.gz,101767,07d14eedd0d7f573480df4b4cb82581b99aeaf41191dc1098715e6a23c6c9415,no
pages/cn/4ed759cc686bd262.json,153343,26ee0b5b64872767bb3ca4a5fc2edc38571c060d35e3e1e99bbf8cf82b50e7ea,no
pages/cn/51befff2647071fb.html.gz,86691,cc904e91c5c4c43fbea245a9775b91814061fd805f4bb389332517582f9cac8c,no
pages/cn/51befff2647071fb.json,87019,fb97a3bda951a6c3aec895b1c0c11e6263ef447f5d774c6d0ac3731e254bed78,no
pages/cn/61167cd2d28fc191.html.gz,99672,c6f36b9c42c9dc406fbb5e26b460ed0041e0c1fa7b65a3dec7c988c733b0244a,no
pages/cn/61167cd2d28fc191.json,135727,ec4c1699506657d834465c9331af74cec9f411df7bfd7fca807181b651620f84,no
pages/cn/63ad56ccafc5a802.html.gz,110676,31da6ed5e113c5c1f3d1e832efa54e314f2cec80cb679af0306b94610c3e6998,no
pages/cn/63ad56ccafc5a802.json,155449,dbb8b2f82b08cba675547f1efb10a12988c5203134e5f91b4d8414bc105f7ebd,no
pages/cn/642741c6c96f3504.html.gz,129,b4abf05f81819eaf254b2810d811265a752148e6ba53df90456126ecc4a63268,no
pages/cn/642741c6c96f3504.json,708,f92e7a3655b059499be8484fc26817b603090928a5be300328b4b95d13f3cad0,no
pages/cn/66e113f70fb70e48.html.gz,106859,6d534424f42ccdbe89f650b3e5aa61db3460f85e359e7aef6e3206cb390e244b,no
pages/cn/66e113f70fb70e48.json,141754,634c22e55876d2d4d6f8bf44d2c4ee5bb4d0a532cf30386ca7c0ad6ba8929528,no
pages/cn/6765417c18850a9e.html.gz,131465,bf59a56da414bf2ae957d381e951a65d43b4fc142f9ccf8dc4a465f85ba8e5f9,no
pages/cn/6765417c18850a9e.json,176425,c163470f10da3ed8c9c496d45cd5efb1c45a63e34d67f71e6df2bcd45e7cc364,no
pages/cn/6b35ae0ce8652171.html.gz,77348,1391919f27e67b300f55efea4a12c7e656e2c4e5bb6592bdcf6488d8e5ee471e,no
pages/cn/6b35ae0ce8652171.json,119724,721abfd4a3f26b0e74afcc29871e2c055f2560d00a66e290d5e5fa9fada38bd3,no
pages/cn/6bc1e75ce2718e10.html.gz,81719,45ab8060cf7230eff03eb052f64b12f10504bf037cf1cf7e6378f5a230a693ff,no
pages/cn/6bc1e75ce2718e10.json,102592,8f331a34df2e168b10d3d9eab6a33b5ee220fa00a098e28ed34640e7dd859e27,no
pages/cn/6dee99a3a8b75571.html.gz,79078,bf54769c233a63d3ce1ee6a83b1d21a9724132261b5c427cac731ca1426c69cc,no
pages/cn/6dee99a3a8b75571.json,115716,3702c4e89dc9cd323c68480654f661f11fdfe8c98c89265ec1044282bd14fe92,no
pages/cn/6ff0ae3d1ee25025.html.gz,79841,ea147e073700025a6ffedb364b95f7800de7c958a73cd023e4e46ef871cbedee,no
pages/cn/6ff0ae3d1ee25025.json,113445,2dac942aa8d550c4f548b249e004477b3c327ce58c9d774d4ee599e084272e40,no
pages/cn/71fae028b83e918b.html.gz,126249,44bad38864b20f50ce22216d1e4edce3bc4d5f8ccaa10643ee301551348060d3,no
pages/cn/71fae028b83e918b.json,167598,fbc1e6a7e295b715afcf68d290b2f6e449f2cab6a8843d0a6127707424ac238d,no
pages/cn/74ce1eecdae753b7.html.gz,164499,244391a5b3cb45030b283778165aba93389ff2d67cd72295c1ef0202c398ed3b,no
pages/cn/74ce1eecdae753b7.json,285586,a42e429d9cb610a52fecd4fa2588fb51b7efd49a8a4e6d837d58d4bbb72b01c0,no
pages/cn/77ce387ae42bdb57.html.gz,139051,86ac87b2c7bd03795fe1ed23488059f41dabba454f55500f987a1e2de8ecfbdb,no
pages/cn/77ce387ae42bdb57.json,77171,a17871201ac23929d8dc8d683573123b5149e8c793cd3790a5fb6943d8b5f965,no
pages/cn/78e28950e4320465.html.gz,82810,40659a82367824384a2758dacf08760ca9f00999c3717a87dadae04e37a85515,no
pages/cn/78e28950e4320465.json,98695,1f470e03254ebed00a564677baac430660cfadde5ba1bdc0ac9938d3c1d58b35,no
pages/cn/79a20974d14c3e7c.html.gz,97619,fc1ae751d9c2346c06d4c617ee0c3182e355b80099e3ecb8e0464dbbd4d48268,no
pages/cn/79a20974d14c3e7c.json,141230,f016da1326a8047dcd40ee3930d5dd5dbdd4e27924896a789207b608089dc531,no
pages/cn/7ac5b91722cc3351.html.gz,112209,a1e5976448006d1c69e20dbe3b603508a4abc2c9af625c3ee5e46ade8b32c0e9,no
pages/cn/7ac5b91722cc3351.json,151557,7774284c49568a761976cb7d3b5ad5a0eda6d98339aa12a4e52c121cccd6b20e,no
pages/cn/7d65518f3a20a91f.html.gz,114096,158dd13ea23725c70e26452765b8004d3368af947f2f7b88a94ca113a9b322e9,no
pages/cn/7d65518f3a20a91f.json,110193,38ee23712cb40b20cbb5f194e9b9b3e245cae89bb58677ef1dc7102c69d6108e,no
pages/cn/7e96bbb44f2e8bf1.html.gz,107136,5035e6e15cc2c696e894166212caf5b4ef958cc6cfb4bfc9887fdb5ccac8bf50,no
pages/cn/7e96bbb44f2e8bf1.json,150787,e0d263d1f783b093df5d2a29127ab139db3e038b0e2cae9e08aeab9065c5c31f,no
pages/cn/8017254055093247.html.gz,106038,6cbe22e9812bdcffa17bbbdfc74f62390a09acfd1110bf1574e4d97521f550d8,no
pages/cn/8017254055093247.json,144221,5401d041a1150ec56ca754736b52242bdac398ab2f602b64cc4f319cc6327218,no
pages/cn/803d20b268b4d6ff.html.gz,109673,6b12b694c738860ee93d464bea65f7c055188fb4cb92be56c76d1a4ae3319117,no
pages/cn/803d20b268b4d6ff.json,152348,263fd0ec1eee9498eb203eab13b11207bf27b8e6d7f493a86edc56fd69ab6e42,no
pages/cn/80787309199402a2.html.gz,88212,b7fc3ca3c3115fba0849041952d43e7a1d1daab96d7f2473091e4159027ba2b1,no
pages/cn/80787309199402a2.json,101391,1a542282e79fd59bdf3636a40643ae06a611e9b8628b92bda25860af3de49a82,no
pages/cn/8126552f34399d26.html.gz,91235,77bd88b52055fd341bbcc9249356dbad8aa1ea1097f95dead7a1bb5250f63d35,no
pages/cn/8126552f34399d26.json,102578,039c875e385222940a3da752b16f4f01a4161bb0b64e7e080a8daed435397438,no
pages/cn/82a10d45228f5c65.html.gz,106646,267afc5ece7ff7b5c9a2b39e570f59e03f93ff1181e74d21fe897ea731c2eb4c,no
pages/cn/82a10d45228f5c65.json,151938,5e6213d3a1c0aa3aa48b608d1a5e3b1a3ad91418fa13668e9a47f539870f1f6f,no
pages/cn/835c42951e33d116.html.gz,74315,9457f7f09f2b86f5650fa53565796cc6504876cc546294e910a12b61b618d1e1,no
pages/cn/835c42951e33d116.json,84315,5e3dfa43d4e70c4cb18373844d0b91ba21dad62257f64d81073919f1837a5856,no
pages/cn/84c0071c0ca250c1.html.gz,105933,07330bfd9a412ae58a8344b7fedf90b215ed4d1001a967c90c9849227963ba15,no
pages/cn/84c0071c0ca250c1.json,143670,6f0b6735ed8f27787c989fec30fa3f85432a6dbeada79367d9c1f48018a3bf77,no
pages/cn/87bfadde558303e3.html.gz,129520,2383fc85b9f71fe940a0c6fdbd6e6f6a9a6df723cb5292884e9d3e382058da62,no
pages/cn/87bfadde558303e3.json,170043,533e9cec0cee3804b08ff6bde65dcff210a6935ce75528310249d84d92f2824b,no
pages/cn/89dc50e3609fc790.html.gz,106219,2a8bdbcf7e516c0290531ed453e70bbb1f2aba8609ca91f2dec1d23f4394528e,no
pages/cn/89dc50e3609fc790.json,143729,edc627e853bea8da75a5d62db302b50b13eb6ec30512be4cc4c72e22b46804a3,no
pages/cn/8ace2ac473b88093.html.gz,79073,51df1b884a168e99d6dcc93f6f3c9b408d228be6282adc4865bb34c9c2235377,no
pages/cn/8ace2ac473b88093.json,115603,09d42b050957155cbe1aa53868c12f6f24f7bee4b387d4723b80619485452040,no
pages/cn/8cd59282a25f1319.html.gz,98778,bf336bfd7c0c4a825fe2b1165bd051ec63f4140202db1aa036171943a63f89fc,no
pages/cn/8cd59282a25f1319.json,138354,fc7a0b43ae2d0c38af09a1cc97d93b56dff63c99624d8b447d37ff65e4b51606,no
pages/cn/902855d1572dde77.html.gz,105236,a45d4067919e8b0d68e495405e4f088a44d35c19ebc17164630c0f38286b5e9e,no
pages/cn/902855d1572dde77.json,140972,2c53ee0441ded7deed6a90656bc16e80e03e729cea010feaa3b0b4e2a8876914,no
pages/cn/9096500b2353db04.html.gz,105155,aa4e9ec1addd032ee93895fdc8c02541c44cac83990dcc006a601043dd6f15f2,no
pages/cn/9096500b2353db04.json,145474,d0e3598076b5344c1e1c37a1708411aaf72307dec86c0585574ef97fa37fe022,no
pages/cn/9488bb6a4a362a2f.html.gz,79234,2319e30c524789ee1085843829065fc02824064aa9c731578ab4c4a0366f66e6,no
pages/cn/9488bb6a4a362a2f.json,98217,f131c3121f014607393fdfbc2f87d9639efec14566132839e91314a7ceef4fff,no
pages/cn/95447e0dec55a124.html.gz,111090,e7a9bdb17d9d1ffb949315740e83296d875b070ff7b651dc6c10f883044dbf7c,no
pages/cn/95447e0dec55a124.json,155024,691bcf280b06fba1fb7c7b3abcc1b2d4f3be143d7394af95e3178ebb7b11f868,no
pages/cn/9731e88196877c3d.html.gz,147380,51ab45c7fbd9ae37f148b7a6ef9326f77f0c70ecc508746103fd5ea564ef7fa8,no
pages/cn/9731e88196877c3d.json,200415,a723036c9aebd96454fdf40b8c3d2ec7580395d2192ac789cba65ae64f5606c8,no
pages/cn/999231bed3298ea4.html.gz,98691,8759d47df5e60ffbf4d23bea39fdf9267d8acb123210e62cd98aba9e53611f99,no
pages/cn/999231bed3298ea4.json,139221,8b74e08f4492bcce81b0b9224c0289739e80c62a107eefd6516dcd1a805bf750,no
pages/cn/9eba50fe7af6294b.html.gz,98033,65366d070a2d8fc82155b88f25fe54d29f4aaa87cb8238187553ff5bfe9e09d8,no
pages/cn/9eba50fe7af6294b.json,137662,664984ac15ca4bb9621d38ea4eaa43d9c2a2624c514c6bb12f676cf7d4133ff1,no
pages/cn/9fe9c00ee0e1f7e7.html.gz,74487,61cbc463dab6771c6fb6489c5c4ca9e65225d6e44cbce27b6ac4d7c739c1df99,no
pages/cn/9fe9c00ee0e1f7e7.json,65421,a83d8398620bb8a6dff666a0fbb874d7a65e2e75660601d8015cb482a4182343,no
pages/cn/a207099fea23f750.html.gz,106524,df10b79a1216964707a14386a03d436d6b4ce4fb640a760b27ed7224c1e89b82,no
pages/cn/a207099fea23f750.json,145028,e84ed2af2237afd502ff534ac6d6ff6445cd317c4ea25a6259035ad7ca45fcf7,no
pages/cn/a2163602f33df3c7.html.gz,121840,2e0f95c61e0a504cec5a7f3f0de893a03c9f85fe841f611ea919cd5a1cb132fc,no
pages/cn/a2163602f33df3c7.json,316214,4f195f26a61884abea1a6d1cdecd5306d53199a97c11fb123cbf85ecf1ac02e6,no
pages/cn/a332fd7c73068526.html.gz,107529,2cf7fa1e5a75a8fc5ab590401822b91c3ea66b871e382f6561666dc65777d008,no
pages/cn/a332fd7c73068526.json,150491,95679071fc6353d6be32f0146610b1b049a4ca40f7a5055781bd985247e80d63,no
pages/cn/a4b7410c5a9771a8.html.gz,104886,1062b1c440ef7292da79729f2189be2ff22523052258fad2d1ff1266ec35c61f,no
pages/cn/a4b7410c5a9771a8.json,146365,54c71fd520cd5481e469b36c104d88b4a0e6c33a42cafef9824f2c95bb0ad2f1,no
pages/cn/a70d2ba8c5893784.html.gz,111246,764378bb64210025a66a4584918b28490b15bff07909990e4ce77f8e463d0a61,no
pages/cn/a70d2ba8c5893784.json,149278,8b608a86549d052439beb0327073989ef1bfcae7376a4fa443611d597dcdd54d,no
pages/cn/a7cbd8c5e8b1f11d.html.gz,87170,451af38b3e92dff2c599b8f646f393d93f95f312cd34877c07774dd8afd159bc,no
pages/cn/a7cbd8c5e8b1f11d.json,131288,f45c40882df8d57fa6315928f3b5e433b0c61c2662f00781c3f23ec239b993b8,no
pages/cn/a9c06ae2b08f0383.html.gz,102154,07fc84c8427d95d71b5db4ab75b5ef462234517f00f8844318b61f55596fabb8,no
pages/cn/a9c06ae2b08f0383.json,142007,993fe69a71fd3dc5a63dacce385d35256733a2e89c9da92516f1c3d980c6c2f0,no
pages/cn/abcdd890ffcca3dc.html.gz,83340,ae515a65ead595c44a53dd645bb7cbac2ada05d34ef6c5120d5eab4591b27cde,no
pages/cn/abcdd890ffcca3dc.json,92965,fb35a32104c2e019973f81cb2f72aaa3c971640568072a29262f90d5db12aff8,no
pages/cn/abece8524cf7290f.html.gz,104308,e5fdcf48b91cbd61265637025946866d452c226e1d15f254aafc1e5b6d56e84d,no
pages/cn/abece8524cf7290f.json,148463,1fbb3e1beb73ddccf4a3a5b7847c8bcf959252e41061d8ebe487bce067f3d807,no
pages/cn/b18baa5f9ba93afe.html.gz,106462,83e1c1a5bd2d46b53012661c2c41575bd90ec373e7aa9194096991f04e857490,no
pages/cn/b18baa5f9ba93afe.json,148469,74870c00ef0d9a0e42a358e4eb34b214c138cca59edb35b884118d1353e44e63,no
pages/cn/b212ba3b053481e0.html.gz,105376,2d5325535cbf4fe67dbf9d0eb871262b9ec36718d13f3c6249d3f543431ba90a,no
pages/cn/b212ba3b053481e0.json,144351,25197f6314c38abede31c72057e1f620c17ff2374fcfa15478ded219f5adb244,no
pages/cn/b6c60e081876668b.html.gz,118943,6d0ba7b03a1155e8bd6ca5ac99793475165a745ebf74ff86ffce66f0bb86319d,no
pages/cn/b6c60e081876668b.json,160501,814d75c1a1d8b19e6ca5dc4ac8594f100654bb1f0b877d4725542ff42f70dfe2,no
pages/cn/b71f299a26d9d0ed.html.gz,121810,df6cc3318297dfc6f969b3a971a4e4cf8ef0b7a744b949472e8ab8965413e75d,no
pages/cn/b71f299a26d9d0ed.json,163946,aa79bdbd9ffa8d5fc0f71ada11f4613856580c71523610cecfac6aaf65e709d1,no
pages/cn/b79c84df1f1311b9.html.gz,104823,4b36a1b63725244fb11b294a57cadfc36e7cc1666de90b12fcafe61f58e510cb,no
pages/cn/b79c84df1f1311b9.json,142764,350f7c34979d38394508fdc701f434f532f17f31d0e11a00d0ee93e5d055d5a0,no
pages/cn/b8841eaae6bc394a.html.gz,107378,0cfafd82709d696bf289e88a73ef39c27bff6b8a224335911c2580284739356c,no
pages/cn/b8841eaae6bc394a.json,147218,8fdac50cb6e3ad58cd30211e55acf0d35db49abf43a3bdff01aa14ace11eb90a,no
pages/cn/baf2855c2a2055d6.html.gz,99584,9131e53e36b298bef82912cfb6210310606fd21760b2ca72f1bbfbc625ea4e6b,no
pages/cn/baf2855c2a2055d6.json,138029,7b032f1473a8532cea151f16d59e204905ec2a97fcf4bd8917f08e7885007f47,no
pages/cn/bbb91a0e9ca7e5c8.html.gz,99393,83015ccf4f81d06ae9da5448e8a66b0a3eef871a43c70e8e2a3b0485ba14c7c8,no
pages/cn/bbb91a0e9ca7e5c8.json,138998,2e16d3bf2725d3087086754914f629bf26c837605bf5d2af761d17aecc3b031f,no
pages/cn/bbc2215d717c546e.html.gz,112203,df2e7a5dda8e6fdb9d095c2090d42ccb919690bf74bea8c620968ba942c4c3aa,no
pages/cn/bbc2215d717c546e.json,151444,6e3ada0a804e99f4a4c6e18d4c3d35e07d86023dfa6612c075855eee0a60f486,no
pages/cn/bf8c6deeaa9b7a24.html.gz,76113,26da825ed073e5a8b13c9e00b38d1708d8b666b406b74cd57746d8da264895a0,no
pages/cn/bf8c6deeaa9b7a24.json,91411,0965610254f0f219af0a8b8ff8e65d1bd4ad6bfbf8bc73de5a8663ac97f1b6b8,no
pages/cn/c4ff4f51ddf6b2a3.html.gz,105498,0439935791f289f8c9eeda3142d56537a6e07b4edb5c4edaecabac0cb7815a9f,no
pages/cn/c4ff4f51ddf6b2a3.json,151365,8ce19675f2cfae60a52d9f5b8309463876b904598a9fdea49b099484d4a538ec,no
pages/cn/c668affacd9813c6.html.gz,116747,88c31dcad1f5dde6bd81b1c68ecc62e0e114ddd9af51573e306892765b259bd9,no
pages/cn/c668affacd9813c6.json,153428,d280825cc056911274e075437684d8afa30f5375f611ec9b229d9289e31766f5,no
pages/cn/c76bdcf2e28b580f.html.gz,107287,f772acbc2da490faefcbada8a2ac12e92d55a2cc7e896d4d498f1f1dac30b4f5,no
pages/cn/c76bdcf2e28b580f.json,150197,d6f605a429568f0e19a83cf0c30bd4f04979b177c35f52e48c7d9f60fd2640d1,no
pages/cn/ca27eba558847760.html.gz,108351,3cb5720b1abfc9812134d21e1b2775db262628c7948c66b759c2e61b0b745c34,no
pages/cn/ca27eba558847760.json,151136,a853567f912ccb8782b7cba7aa3d449d22f81ae7a71981f0241f459179f90965,no
pages/cn/ca78965f376f2bee.html.gz,91275,29b5249f22714e9dddca2ea9fecaac1c2b3b8e25b3a17c52fc4d25285a2290c2,no
pages/cn/ca78965f376f2bee.json,164688,e1bf8c34e8054d66076285804f0c120ec61ca5d4c49b0fdde6c88b4856e8fd5c,no
pages/cn/ccea50ce6e91124f.html.gz,164451,9d2c8dc9627a88f44b6db3ff93f9a6e257951275ba26f0526a9294e095e2f166,no
pages/cn/ccea50ce6e91124f.json,285556,33444abeb3ce3bee803b2db80e1d776e595acbe97c834a997dca1c273216d59f,no
pages/cn/d2d9242d64dfd36d.html.gz,81090,ea0f058eaa94d52119e6a6714cc9ccde6d8365d8a023820974eb575201290893,no
pages/cn/d2d9242d64dfd36d.json,97812,253b828cd4fa7b98d1112d78bef66e6feb43912c456886d8ee036c23a9205b99,no
pages/cn/d54b15054394a134.html.gz,111081,afde2b136c24506f41685a7429e229850ca20b700c78295cd0e8f9fa6eaa2cbd,no
pages/cn/d54b15054394a134.json,149572,b7ac09474a2d28905a7c6336b8dd3f066cd7ee823e3381e57079d70bd6c12e95,no
pages/cn/d825baddd5ffac7a.html.gz,97650,15dbaa466cb0c0a6c083b8217b986706b1aa11eddd7be8d79a429415f47b073e,no
pages/cn/d825baddd5ffac7a.json,141469,295e88720333ffb462dae4579b88c72809ce66dd508b5dc1fcdf464d35745cec,no
pages/cn/db2755cf7adc9abb.html.gz,76499,8088645ca2428cf40b0184df57863a8e1fbed01e70033b4aec213bdb5c7ff3d2,no
pages/cn/db2755cf7adc9abb.json,88848,17f0c72ea9a46a0eb37fac072a55f63234298d92cf06b635df1443ea6f35c7a0,no
pages/cn/dc9b77b31a5a1703.html.gz,108751,a41add7b3a8ee494dab73e68fc09dd4fe54894cc52793c076547d07136afff33,no
pages/cn/dc9b77b31a5a1703.json,151748,f6b3fda23ced83319e848b7d39e5119b168c8ad0dadaa0ec6548418c78b2610e,no
pages/cn/dfd12a5badb8c77d.html.gz,140191,069429c41eb38667bd9c68e2c26ad024e2dedbe60f59aab7a7965cd6dc0a28e8,no
pages/cn/dfd12a5badb8c77d.json,200505,a5eb7627c9fe43acc29e29985e980e365b440dfd3d2a3e3f5582a3d3d61db184,no
pages/cn/e034e6d26dab09ba.html.gz,99654,56d4e999bba5daeafa4113aa1cbeeec3541447840bde6ac839004db142b38d68,no
pages/cn/e034e6d26dab09ba.json,134528,36c55cee66697dfa9be0ebfddc2dd25b705eace976ee72b77576a21e6e6c0b3a,no
pages/cn/e1841eaa8faa66c1.html.gz,109772,70d2340d615b387f44777f79a4cbaf19bc8df27cdbad278f60c08e2f5a542ec6,no
pages/cn/e1841eaa8faa66c1.json,148707,79347200cfa778156cf6a39fd339b24a6e0c1564fd571d215077bc9bf79cb20d,no
pages/cn/e7a7876fa1b448f6.html.gz,110641,3ec0574c39af9785e9c9b8ec5bcaa0e17440c8a5a04727b5967e6ceb88f48338,no
pages/cn/e7a7876fa1b448f6.json,153240,de65c0bc9c058b30139adea394e96a4f4dd7e2d40480d2df1696d194585b0d26,no
pages/cn/e7add1a40553c36e.html.gz,106757,ef6ee040adc08b3f566447ded39bbf3344202953949ffd105eb298c6f7b7774a,no
pages/cn/e7add1a40553c36e.json,145112,0b76975514b2abac5b45cf69f8589652ec131c6578cb46170bd681c860c440f4,no
pages/cn/e7f15788de7065eb.html.gz,106455,fdb35273376b5a8585bc60230a86032148ebb24bc8f5562eb2a98c4f0c8164bc,no
pages/cn/e7f15788de7065eb.json,148582,0679701340a3748a8d5689a12552139981c132be16be0963cfe9643a8ff292ea,no
pages/cn/e9806bcad635be8a.html.gz,79193,3950dd723c16d3d35fd1b375fa07e3d75037fe7f0d2f9a9b6fabb17e62f20483,no
pages/cn/e9806bcad635be8a.json,115990,b92e8da6a6588032e31de6f90957125ba290cd0077f68d744fd1ba5b07b52bdc,no
pages/cn/ed9eccb6e534543c.html.gz,106466,9c617c3a2af457efca004cd895727cb120207b7ace115bb19cfc6e019dafd90d,no
pages/cn/ed9eccb6e534543c.json,141451,e7ede08a83e372a0e5005a4b21372b8680a19aecf07c8f81c83e783c86bc783b,no
pages/cn/f217a0041b0d3d12.html.gz,132963,1fdffc37e966280729657e54c221692e5223b694b63100afb4cd9f65765a1497,no
pages/cn/f217a0041b0d3d12.json,178512,295f957a604817760e6a647e7f6ff48281c5a24f35b1e1aa5d8662dcef9f355e,no
pages/cn/f3f1b400178c862c.html.gz,97651,48d3854b7ad6073a1e0ff9cce17cfa447e151fa22385f3e40d2a23c399985027,no
pages/cn/f3f1b400178c862c.json,141356,80af0328d22dcc8eeff50d8687c353cf8bdc4079ac7fed8f441245c7e4f9b71a,no
pages/cn/f7885ceafd42b597.html.gz,81093,d3ba37565d0117c03cfb11026b0d1a0b88d415beb24fdcdc27fc96c9438ee1ca,no
pages/cn/f7885ceafd42b597.json,97925,573dd9ca653f61b8c32b8081d67fc668ef6488054da7faeee61824452ff4e5f0,no
pages/en/0479e28c9d950d58.html.gz,108850,98ed31b978807025d110342c2e2d94bf9b6e6e3140996d099b9a0467a7d2add3,no
pages/en/0479e28c9d950d58.json,164258,4625343b05b454b68eb745f1688e5a34a42ab673737ceb36af6c0afb9f1e7fd8,no
pages/en/09936c3ae4e5e272.html.gz,105587,41474ea5e8ffbce3514070285ca90727e5b8f3f42144c9a0a98ea97a46cf82d7,no
pages/en/09936c3ae4e5e272.json,161171,c5b0c04668a576e1de48b087d63dcdf2f1ca414bdcf6646c00b4513ee0f53b57,no
pages/en/0fd1ee1daffb614b.html.gz,73372,59538de0dcc0a34f642f78cfcc56af05b3c162f4d51b7c1ed1135cd4b821a779,no
pages/en/0fd1ee1daffb614b.json,91032,2826914c06d22a7e992244dfea2c1abccb0f4a0b331e9c96ee3d7c484a86abcc,no
pages/en/123174bbf0061b41.html.gz,105775,04d73aad1cc99933b1e2f464b06fa782279b9d223b27dad4ce107c0cbc4c7bd5,no
pages/en/123174bbf0061b41.json,158183,e6cd87f1d75f5cfa94e5d33c84ab1b67c59081b028bc6fbf407697898a85b28e,no
pages/en/146afa04720057ad.html.gz,105498,fd97062d153add4d195cbf6791af18f53107d616a9d81011c2d9729bc2d461f1,no
pages/en/146afa04720057ad.json,157141,3faaafa215099494c4a1ff04e7db06b300fc718bfe822098f485c68f3201bca9,no
pages/en/14bced1f44a4854c.html.gz,97415,5d8f67b83ada8cf9db6fdd8d8406d28c0c51bf132638af44123f7b20a659c448,no
pages/en/14bced1f44a4854c.json,156501,fddb0fea6ee82fb3cd23bf8ec9370a617a099090a5cd30823e2498a5c96a8f49,no
pages/en/17c10a6c44ff028f.html.gz,105501,fd4bf262b8954eb62b546d245e4903302bcb36db1c7c1c7e3458ee39f610dc73,no
pages/en/17c10a6c44ff028f.json,157254,c8ea1027ef6c298ec0217ea7436af4e2ef45e05e27b8f875a9c2749107c83e3d,no
pages/en/18cf0d68c82733dd.html.gz,79598,49eb2ee110a97ec424f51b3ad7fb04a75d053a3f52a3f40154e44a00fc2c6135,no
pages/en/18cf0d68c82733dd.json,98087,be7840d61350b6bc73797fa75bed9f129e0e9b250ec82fd97037a02144437722,no
pages/en/1bc2f49f746d698b.html.gz,107760,05e8ce2bcceca545f9854588f3ba26da88b8f542cabf5a452bd7f2310aad4012,no
pages/en/1bc2f49f746d698b.json,168793,e5bfa1a0242f7987da57ef946b5e0cfce314ef7722c322d18a667630265cf9b2,no
pages/en/1be1ad54759cd58d.html.gz,131533,154d1a385e2b4b886cb526a7629fa2fbeb3e808c93bfdb55cd36ec1de6eca0b2,no
pages/en/1be1ad54759cd58d.json,198645,8eec693c11290b3dd4bf457859328a1aae7568af89b2309a410c41e844c7ff1a,no
pages/en/1c0b85553e9470bf.html.gz,105218,1052fea88205bd1225c49f5260b706023426b11da95c85d5903fce1d8b559680,no
pages/en/1c0b85553e9470bf.json,165026,324c7e5aa348bea909ad11b5b12058e3eb10e82b707dbc4d56dd5ce814964829,no
pages/en/1c8e5c774eef3914.html.gz,103347,a2cbb99145957b382c8e0b3d91302f78af5579231c740ed5917c28e9bcd6218b,no
pages/en/1c8e5c774eef3914.json,166434,2e38efa3ae9344d7008edf90a800d1e009e6f42a690bccc074223078167d484e,no
pages/en/1e25556df6b17e36.html.gz,108443,23f2b454d553f762809ef7cab91514027d3ae734751c4085f5f3dca716b01121,no
pages/en/1e25556df6b17e36.json,169837,35c51ab3505390b4499ad28304acdf547b95325a418829c4318a97722e71ca3d,no
pages/en/1e9078f1007f62fd.html.gz,105877,adf78c1154934f1dcdbb55996bb33f05cd691983c72c9a7b7c37f7a4f0166866,no
pages/en/1e9078f1007f62fd.json,161999,1950c6e9ba6db1f4b94ac5e0efcee90fd3715c86278d68f197c5349587264186,no
pages/en/2645ba61db408ee0.html.gz,75620,0bd214ad95cc2d131acf71fb157925c5853c0f75bae9ddc314ec564fb2c7a22b,no
pages/en/2645ba61db408ee0.json,87768,541c3b93f0a8bb421db83f08c258b703edc96eb099afe54e17e3ecefee843a40,no
pages/en/29b1a8b1ef9db130.html.gz,76603,89ce4cb8aa2c026a0919c48746198727545304d469c6c17c5196759deb1a66b0,no
pages/en/29b1a8b1ef9db130.json,123969,de06e6c26de73c9fa9afe667157de42bd3e94fc08fe0f94ace713cfb89fd475e,no
pages/en/2a0a37608126e976.html.gz,110741,53a90c0e0ca405cff11e60310fe6beeedce2dff412765cad71476f7e8dcd22ff,no
pages/en/2a0a37608126e976.json,110052,3b793658fcc66a174999d140d55fd61c25b20b53450cb4c46596ec2424753577,no
pages/en/3280e5d52e259f28.html.gz,109874,f69a90e1641764036fdf697477a88fdf28278f6f44201a7970e043e7be234830,no
pages/en/3280e5d52e259f28.json,172909,1ab0af719571364300f77d6f09deef54631b46f55e5ad0a20831e08e96842d42,no
pages/en/32b6e00321a3ee1b.html.gz,99075,f41a7990bb99fce72f212d8401cf91ef3aedaf03baded280bc8144962d31101d,no
pages/en/32b6e00321a3ee1b.json,154566,9f377e5b2ae0726ac6e819f4190f772a8ed62b74242ca1e24c5a79ce31d0c78b,no
pages/en/3a6e6d52e9ee3b99.html.gz,139149,e52284181b474038002e74f257fd0d99938177094564745486bcef6dabec8059,no
pages/en/3a6e6d52e9ee3b99.json,223261,a75ed6c8fe430b8cc7ef49dd2d960f5af9de7e3a11a26ca17ed3b00eab91d6bc,no
pages/en/3f2783c72606daf5.html.gz,111639,27cb597a16cb1c760c5c68f5f1a122c75ceb4f75db3feb6007700f58c78c786d,no
pages/en/3f2783c72606daf5.json,179890,6b0038486b4770abdf5c8513cd91e05fb34bdb97e45061fe92542a8b1c3701fa,no
pages/en/40dd71b82ad830b1.html.gz,13216,151707fc68c7d153643fcc56e1d6bc6b1603ed34f0fd5734f769e334a5b68528,no
pages/en/40dd71b82ad830b1.json,13678,46322a591de4b5cf4e4e9675d311aae1121217061788d7fefc721c4e62444ca3,no
pages/en/41b1f8815a3dafff.html.gz,84420,205614c673d42771201904234dbb26ede4e76ebab94a255e1c04dd1628801802,no
pages/en/41b1f8815a3dafff.json,86516,55c95f6701600af7910733a953fc595519b9bbac71ea9103ea0f9668b98db1eb,no
pages/en/43d7d011366701af.html.gz,96551,f7d501c7d165b42acd9a0f45f6023a009925c1ba8e7d0b622db0f63349ff813c,no
pages/en/43d7d011366701af.json,157128,54a175fb5d3b42db62025547b12766967375bdf8bb80ee97ab251b7b8ca8bed4,no
pages/en/4a4d078439f5185d.html.gz,104110,6d23e68a24734ec6b5bcfdc04562bf970659a325784583a1d21fdc8eabf76b71,no
pages/en/4a4d078439f5185d.json,163250,160776459c04fab7cda2eab82ede9b9d1ce19ca361a88fae5285e3495d29eff0,no
pages/en/4c0d03a6c37b8787.html.gz,80143,b50eeccfab0cf2e1de5e98936c719686cbb21732af6d4698cc07cb53b600fc6e,no
pages/en/4c0d03a6c37b8787.json,112836,c626d8a9f7e8285db529e6e0ce6a15c2b27d4393fec4e9b552c6fc450c9d32da,no
pages/en/4d4d27e4796ff06c.html.gz,107324,48a4c8a99229c41df79b436794455a3b96e450646130cf1f83e378aa95166036,no
pages/en/4d4d27e4796ff06c.json,163056,78f2a758e9f1c01a35946601be7d3955b407f81de388a6e75b5a5eb9f8b16ffa,no
pages/en/4de52b67cb3222bd.html.gz,99242,06ec5a612ac5e76a35e41a1a447c83c2da0d6fa7b807af9ec6a83ba18828a94e,no
pages/en/4de52b67cb3222bd.json,156074,107abca129dd849dee41ac2a028a9dfdc24696aedb40dde075f3dc0611b0e502,no
pages/en/547d276ba1d58dee.html.gz,108975,2d6e246af6a95f1925f82b3d8213aacafd577326cd86f400d7bd0fecf3d286a5,no
pages/en/547d276ba1d58dee.json,170921,e3f060307bd3a2c983d258dd1d6509f7c11d2a7875e9a61018f08992990260ea,no
pages/en/55428609c334cce5.html.gz,77147,c4c2a3ab20395ab54cf99819ffbe0aa07d0a6b992246b5fbbb310fb45353839f,no
pages/en/55428609c334cce5.json,73698,7c0c44c8f3751fee3652fc49cbc85251fbda355bd5211387074b7a9e3205fb37,no
pages/en/567aa4661ab91e63.html.gz,73919,ab231f663b3f935eb5403cb55bcdefc9aad84eb5b1c33e326dec0ebdea7bbdad,no
pages/en/567aa4661ab91e63.json,115372,21b560a723973c717732da4bcba13ba435efa2416e85151b6449e6d265b27570,no
pages/en/56bd9e1086bde1b4.html.gz,100459,8abdd34f405937bac2f644067bdd9a09c149c9292592a6eb3b8ab86d3178e969,no
pages/en/56bd9e1086bde1b4.json,160667,c482a34f81ada1bc4118259df2ca8d7379a3f8c3f5ae06a0b0f0b64b9a68b5ab,no
pages/en/576db0b804c3a699.html.gz,104853,f31775fbd34f00b3472b88bbb11dcea4efe25aa6210c535386c6d7844e48acca,no
pages/en/576db0b804c3a699.json,165082,3d7d944abee6d3f85343ab8cdddb38916ffa9aa3c6d10275ca715aa0a934ceba,no
pages/en/579ea2d669c97881.html.gz,77264,60a0a74834ad6fddc9b8bc8fd43f7af44d1e9819908625ae4d12e59a5976993a,no
pages/en/579ea2d669c97881.json,108346,5cd6871d597b702fb5ad7227bd5930b185a6e86d8c0fe63051d4358abbda7cbd,no
pages/en/57ccaee05dbb3a9d.html.gz,129457,189d94490fdc63a6348e11c18aec23047300d3bc8fd556bdb5e8fc91fe148bdb,no
pages/en/57ccaee05dbb3a9d.json,199763,ebe6cab7623c03cdf8c8c8905d9e5580f236bd35b50045493d8baedb9cae14de,no
pages/en/5a4266b155fbeb36.html.gz,103696,1a876f681a7b7084bd8b7ebee877f5071db66b177d0a57321fb79f14e22f9667,no
pages/en/5a4266b155fbeb36.json,163845,f0b3abaf1213e6241453aa2218a297a031eac45681916fa8c1cd6358718699d9,no
pages/en/5e2cf1b09a259422.html.gz,118182,311e7c39bdf7b1c9fe02ffe39085152e7aa2909f2b0526fa5f26ff0f72d244c7,no
pages/en/5e2cf1b09a259422.json,177127,15ceb16ee7fcf589d7d4de30c576201d2cd42f5a8d6e5b6e097eb0f8c12b3538,no
pages/en/6197cc4e396d2f62.html.gz,157827,e74865537babb5e00eb102e1d233a6c214147eb21063c648c51605c845128294,no
pages/en/6197cc4e396d2f62.json,286285,efb73576707c91eeabd66022875e73a6820976c4001986ebd85bedc4b7925703,no
pages/en/631558feda6043d9.html.gz,127,4024f7e34207b45f2e970a887ac0168537ccc43f1ef9f00839ceea848cb78913,no
pages/en/631558feda6043d9.json,708,39a883703ae4867a4038c5c7f84e042cf57ec24d2d38e8d9e2a02ab704e64393,no
pages/en/64ac6f0ecad16c04.html.gz,103678,47e2c9477e3a5d916a84693e6e6b2bb27d88a29ee823374862d7a75f4d11e963,no
pages/en/64ac6f0ecad16c04.json,159691,7b3e04e746a58abc6dbf6b0f870cfbb933e8aa2d06de23e82802db265ba42882,no
pages/en/6760ab3231e1f118.html.gz,96898,7e8e78a86fe55b8a4d3b694b5a263a12272808c45d6430ce962d1f0f90a82ce1,no
pages/en/6760ab3231e1f118.json,154820,9ad8c2665b78c6f02c1645406ed7204e8ee959f519ee45f941eb543aa5831021,no
pages/en/6ab4b61cb59e51ed.html.gz,79617,bf79c60793f6cdd97e9d1960e8d654d24a9a48f3d7f729a06fa6811ec8ce6e75,no
pages/en/6ab4b61cb59e51ed.json,98219,6289d4e0ef48abe8a3ea2c3d3f5ddfa05d179a37cc0f22c94013842a7286d08d,no
pages/en/70476e53c9308e90.html.gz,109033,b2375188528998fe8d5afeebc2028746b150cbac28f6785a0f93dc474b59e146,no
pages/en/70476e53c9308e90.json,169061,74c814fd4fefe2fd34f68c7b53ec83ee2230a143e4afb98cf01c037020cdeb17,no
pages/en/710f2ac24353e998.html.gz,110150,3d089d1e8dc13d38dbd7cd4fe2bc05f4985fc8c823b466fb2e202d3076322b64,no
pages/en/710f2ac24353e998.json,171986,d5f8b90d9a92a54fc95b7f6f319caa881c36f9714a2c738064b104e065128bee,no
pages/en/714f7332ab227fc0.html.gz,82002,d448d6749abd9045ebd947abe1843183310d7e823958f2a18c2a33789bee4532,no
pages/en/714f7332ab227fc0.json,113234,9878e7493927ae6d00cfeca4e51ed9b441763678e7d289a2ec606b5a3b59cdd1,no
pages/en/7232d03663c7d3e6.html.gz,97991,2ae178b93227b2d003f7c3aa960b74f9f5f84b67d9edaa11d481918adfe0248f,no
pages/en/7232d03663c7d3e6.json,155260,b6a90d7589890152113ab1ed81c613806887012230bf2c79c5f229a106c1c537,no
pages/en/73e8c9310a6f60be.html.gz,71552,f39d3d5bbd26260d31ee5f8954021f0d4453cb001948f85d8928a9ad5f7e6f09,no
pages/en/73e8c9310a6f60be.json,86801,deff3f113de8e6c771cccb9347d09e2f990921507f5f3ff1f1e729992e14d63e,no
pages/en/74ba934205540937.html.gz,99227,07c8b939fe278f0d23d46ac087db0ed23ec9903e4c9e35f25275340b8d4254bd,no
pages/en/74ba934205540937.json,158097,eb919f5d6a5ebb36f7f21b8c26e6c190fb076134fffb61277cdf3c2d8240ba7b,no
pages/en/750ba0d2d58d9d76.html.gz,108441,7c97445b7dac41e11121b86f6dee10b38fe740fee67f5b3344cea4afe7f7747f,no
pages/en/750ba0d2d58d9d76.json,169950,afa9d3077b42e0365e940c45f74bc482a00ccfa7feb899925a38854d47733326,no
pages/en/78873c600b0d3d7e.html.gz,106164,2ea819d99d322c052ba3c9b4abec45cad080f007974f4d2ae195ecbb9ab17728,no
pages/en/78873c600b0d3d7e.json,163727,bc407916c15641c58333326ff13e48dd77a2460d5190fe64ef082c7e010d084e,no
pages/en/7ac8b6cf0f5d73a8.html.gz,127,6e3fe3f1a69497667aa67fdd30b34000e410cafac1abc437e4ef9ceec746eb62,no
pages/en/7ac8b6cf0f5d73a8.json,708,07b21a27dc2ee8b905e433f14a5f8efa45ef048182e29d35a32c441a784530b6,no
pages/en/7c3b67a4c3af1cc7.html.gz,79885,256ed8239a8d6019ec0c33bb0ccd24261846f05cc9587188b90fbc5e6b748124,no
pages/en/7c3b67a4c3af1cc7.json,98450,bb4b11bd6f9817ef43a32f3e7f1059253625164dc3243ef9533ddd1adf78ba03,no
pages/en/7ce14283142bdecd.html.gz,73356,93493bd22f12d58435d0ec87b8e4c19510a85eedde2b48d9fcf72ae5c90f5a99,no
pages/en/7ce14283142bdecd.json,95536,530eb6239cf3687ee355466b3a5ac7e7b51f637e1577f17a2b7b39a23aa67633,no
pages/en/7e15c0fbcf3636c2.html.gz,106576,5d2afc51964e649211e41ca55fe20d60396f51c0b251a341fabd13d0202e0adb,no
pages/en/7e15c0fbcf3636c2.json,164945,14cd6272c9a03bb3b66503cee03a9f3ab9af802d7be431c5b8b3a2ff82f0e7f6,no
pages/en/7e2b7f1d3284955d.html.gz,107919,ddc166fc8505c359b02a413684251b535d45284c0017a68667a70f5cfefbeb2e,no
pages/en/7e2b7f1d3284955d.json,168014,42ac88a3c457ae1d02e63bf2065bf204b4e7bbd8fa73971e33e02e35c0702cd3,no
pages/en/7ef4addd94a078e1.html.gz,101289,07e56c737f70a3be5645508d4ba4d29d6a14172a650b60434ddbf093a46e975d,no
pages/en/7ef4addd94a078e1.json,145407,47ef73566d537d6199ea4fff1e0658c0529c2e2146e8a420d26ab82af0714f31,no
pages/en/836e9c0a8d00ee3b.html.gz,102640,d4758e01d4d11f23a4dcb9b28aa9efcab3c25de2735ec7a57a23a0fb53093644,no
pages/en/836e9c0a8d00ee3b.json,142771,053a862c2aeaf139bbffab471a2f25168a67338a4e8c53595c760a501bb96f52,no
pages/en/83ec4fd9dabc49f6.html.gz,76948,7c9661bd7ab3eb3a07f7364eb6818454fa71fe846143a0e7d9f9db8c16b24feb,no
pages/en/83ec4fd9dabc49f6.json,118379,09e28cb45aef731108e163073e86a8eae7930110c8628e5110b088ba57f68ab8,no
pages/en/8451ab42df0bbabf.html.gz,97705,1d5e835056bdf1947cc88cb78c01fdb8347dae738913a8b3fcbeb4b4ce2b3755,no
pages/en/8451ab42df0bbabf.json,158234,c98f7beaf9199139f1546645d908b193e443da81fd20cc5c89c00a4384bd12fe,no
pages/en/86631f0bc20174b2.html.gz,109087,dc1065e28d0e9cd95d378a7e9b17034e427eafece0c35797707fc79449ceea8a,no
pages/en/86631f0bc20174b2.json,165067,b89b81224756b76aabc3a7592340bd39c160e0b6c295b7d93ebb7a87ff0da082,no
pages/en/86744e8b7ae78008.html.gz,104047,374bcff19b9c5ab8820433c4b5481fb7733cbcd921fb04c0c6e20eef69c14955,no
pages/en/86744e8b7ae78008.json,167428,910c025f01f1a9b5b0040b7f0e9b8b3d2084911fae4f7268524cfc88e51b8e5b,no
pages/en/897ba728b06ff6f8.html.gz,110374,c97821272a5ab06208e2dc16fb1b15ca520460fce7bc65f6cc1a8dd18accb166,no
pages/en/897ba728b06ff6f8.json,166017,524770d2e953915b3f8c8a8b03da5e753b5a87c4dfaca7fd64e29cb58905aa57,no
pages/en/8a6929c5230603c3.html.gz,110818,6bfcb6c408d0da4b4ce71d4c3c269e005f13bc50356f5e7b9039806757e70a1d,no
pages/en/8a6929c5230603c3.json,167960,4b8d2807dcebe10f2b0e4e42872703a0dc0118884ae38d1b431158f199ed84f0,no
pages/en/8a8c87690c5129c6.html.gz,105558,fe11aff83f0681d60f63ae4a95ffbc4c3cbc1634ce2d63503ed0f2259d1f10c9,no
pages/en/8a8c87690c5129c6.json,166707,ed0dd276d57089ee5a03972e34038153ce88b962e9e987e8a8b7df447a78275a,no
pages/en/8d0ba19d00fa7ac4.html.gz,115920,f09c90fe8fc35d60627114d213898148e71ebdaff10c2eb5bebd81345e564dcb,no
pages/en/8d0ba19d00fa7ac4.json,169804,b97d4de65014373a1b4932229e3446e905c533d0e8deb6dd7f9105b161ce67fa,no
pages/en/8e1738f2333e1589.html.gz,110431,b86720119104617151b7fddf04928bc77529f48de2a74486fd71ac51a92481cb,no
pages/en/8e1738f2333e1589.json,166341,98f54f7edf403c26c518cf560e8adb86dc9fd476868fd54e9b363f0a728e87b2,no
pages/en/9049f26c4e9a1384.html.gz,96719,c9872fca9031b1cf3901ead442ca30a98c212d7181612464cfa0bd5d39da5c8a,no
pages/en/9049f26c4e9a1384.json,157857,2ab5157287342d2c43127df8dc65888c2c759c7a5dcb17a34052931aece13376,no
pages/en/937874d15a8b29a1.html.gz,106572,fe296b1a78897606bc5d7764bfd4159005e1b0d1ef5fdc6e1ce2af99b9ef58cc,no
pages/en/937874d15a8b29a1.json,164832,ebb50cb16338e8b37b8327aa0c11f177ee78c83f87e2a7f982a83b38232b1864,no
pages/en/93cbfdf37bc6c04b.html.gz,121588,de1ea4b0c8179d9257e0c55d5ab1448176d53a7c1a09f52b3554eab2950583a2,no
pages/en/93cbfdf37bc6c04b.json,122950,b71cf8e51c13542f90bd8adf06218ba0ba88549b1825da72b7c2a95137e0cec2,no
pages/en/9f8969d8d96b8e3c.html.gz,129907,b9ce314ae9b3c529794e2fc1f1c8ad65664360d541bde365bd0db6e0e75f6d57,no
pages/en/9f8969d8d96b8e3c.json,172206,09ab949c16839674535446b2020ff71bfaa9f36135fb1957884a39bc74d049cf,no
pages/en/a0f27842ed7f943c.html.gz,106537,c97165581e5bb9f6b51e6aee9d22d53dd3840e9a59368bca15d82eee360c388c,no
pages/en/a0f27842ed7f943c.json,168424,e51fb5c98014b6bd7f06d3a56809fc27ee8d5b0ada396150a57edcd47ba1c567,no
pages/en/a320202ca2f56083.html.gz,105001,750d678e66be81d63b8d6796a9338540b24ffb8fe5515b07d71c782d3b789685,no
pages/en/a320202ca2f56083.json,161787,a92c20c35621e052f49556214cca2f13b2986142f49961ff117c8628d7384a47,no
pages/en/a9947e824ef0e972.html.gz,71668,baa95636d0189d0dc683842eadf2d1a6efb7c2fd858d1180a0dc5610dfb08d9d,no
pages/en/a9947e824ef0e972.json,65200,4af48fa49c67671ce517301948960b2ce453293284ef2d1cc131c00933a430f8,no
pages/en/acc04409485f3352.html.gz,109973,e61884b8a68b8caa41b1832187463221903ed94c9dcbaa6aea6b24256f593548,no
pages/en/acc04409485f3352.json,165751,8e92fb417fb6d11689692ce0ecdfdf3805999e4311e3de9f25cc03a9859944f1,no
pages/en/ad3fc9b9e5114355.html.gz,105939,2e9504a52bd4c8bfb48d33782fdb8905f8759026ed844d2515d6e1ad9b193453,no
pages/en/ad3fc9b9e5114355.json,166030,89a88e249c4704aaebba92c33410a4473280d3bc8b938165477f1ae4d54ab100,no
pages/en/ada87d3feb6884e6.html.gz,157867,ee2678621e4b02dd34f083e706ed9a0409ca6d8d42bea66e94067d8c13c265ba,no
pages/en/ada87d3feb6884e6.json,286263,1923031061fce94885e02176f016ce0c0b9cd4a169aa74a429d85d568fc84641,no
pages/en/ae00a3d9dc436f80.html.gz,121136,e7f0634798a2a66a52da46ee2b3b9ca575ed27e5fcb7829b8590cf6d5154565d,no
pages/en/ae00a3d9dc436f80.json,180340,0c8178cf30891e4f3a6923cf1db8c2f29807ec283a6fc4b47c1a4e2ea071b3f0,no
pages/en/ae37e69b5e32edce.html.gz,100935,0eabbb6f0cfcd16636e61b72e03296e7e6adeeece4b079e90a91b6be58bc6725,no
pages/en/ae37e69b5e32edce.json,161939,cb004091819ba58a61501e3748389f12aa41af36d8001e3a4f62ae8a625a2883,no
pages/en/bad0d367343898ed.html.gz,132562,15bac5d4b1ae01b9165a282bea9b978e1475f0e0ebb5de9c93bbbf88c98e3fda,no
pages/en/bad0d367343898ed.json,196198,2e098e36f3d366710a175975a7f0805351f1c9e376b0f1ed7bfc93f7d5ff1755,no
pages/en/baf3a866899e4a94.html.gz,96721,8aa8044cd367e85325ba132469cf28044b966dd8b81eb529630c68a7c6bd458d,no
pages/en/baf3a866899e4a94.json,157744,1b992f403e7b00f6b35c49a80e2cb44fa4e902b8048457405ede49a3e91acd56,no
pages/en/bb09b0d48f5a6ecd.html.gz,94573,96331612723a2bc1d3153dc1d35f7dc529122133bfd05f1f6f24a107d09250d5,no
pages/en/bb09b0d48f5a6ecd.json,151799,127565a01c9246de717af381fe03307683f773146cfe76195235dfbfdabf4842,no
pages/en/bdd4f4173ec1f3d5.html.gz,123456,91ee1aebaf7e3dd0c65c91099d8d7bd1ce940adef49157415a4afc85a90fda51,no
pages/en/bdd4f4173ec1f3d5.json,182369,4922517230499c3a997bda49d06e8d27ac4ee3edbdf2c103162de222da5a2142,no
pages/en/beca7e0dfe318b71.html.gz,121180,f07c87f9916914d212558d13b6b842abf5ed240979a6926e24bb46e1efadc413,no
pages/en/beca7e0dfe318b71.json,162834,e4a10360d2266534ea224187f3bfe0b411a6024a0ab7b7998a00e3ae39c71329,no
pages/en/bfe26e6c57966361.html.gz,110741,8911726be73d608ed060eabcb9b73cc37cdfe3fff12b63faf17500ae6c3489df,no
pages/en/bfe26e6c57966361.json,109939,1112e68db733f87819fbe54b9cd0d0e12acd744aba5d4bc8d9016b16bcae576f,no
pages/en/c11f95f4275ce83c.html.gz,110822,265c71d9c282e1ef185cacf4cda2e44a6990be7e2ad0b3a24b3aae52ad3bff5f,no
pages/en/c11f95f4275ce83c.json,167847,34180237752d94e8721271508b39e9c4a17e51b1670509fbfa11679c99a24ab9,no
pages/en/c551b5649f2ab60e.html.gz,106610,58ca97facc4e98ee407f943e1a1e086376f3d4c4108deb531f8243c5402bfa30,no
pages/en/c551b5649f2ab60e.json,171757,5420d71bb8890b1246f23c1ca999821a7232be2bbde5b008a3b1d44600a5797c,no
pages/en/c7cc79117f9a3169.html.gz,98783,707375a89537e07638f1eccb7493f575bbc2ec8477b00aba08d42bb6e60f4df4,no
pages/en/c7cc79117f9a3169.json,155200,7722573da2b72cef9f391b3a2c317df5d2034ec61f6f64a3a33bfc035cacef63,no
pages/en/c7cf1af755bafefa.html.gz,108975,f4617986108e6f1907e476bf1d4b9a38b9b12203e270fcc3b1b832839ba8bc7b,no
pages/en/c7cf1af755bafefa.json,170808,ef6eac2f20c50c005e217f533ebfe68b80dbf1cd71cea310a320875c22436c8b,no
pages/en/d21a25d662b66a95.html.gz,103984,abf26f1f33699d138a845e0a5715f7085052f04b75d5a2a25711010251bfed75,no
pages/en/d21a25d662b66a95.json,156465,aa832c01e1ec7f68f5527e3d44fe3ad424a2e4a8ccb8971abe4794844f5924e7,no
pages/en/d36d0f5f6c230713.html.gz,124798,02dc43ba2e8832cc6496ee85bab0d35b3deb162e8c1a3ba373c3ee841b534305,no
pages/en/d36d0f5f6c230713.json,185579,8e5d83096b556b3a40cb5779b657b97213d8ec00f103ff3fd3c6efdf10616674,no
pages/en/d62eff7298a4ec10.html.gz,104549,3896c274f5c341fc1bc41b9b6267c96eb083b24391a04971cd06d20af66f1f9a,no
pages/en/d62eff7298a4ec10.json,168735,99564eef37dda226ce57a3f2a481aa33060e233e5d94a9a28d61d8b55a955879,no
pages/en/d76f11e14d3f5d2c.html.gz,146945,74c048a3426a082c53c311bb754117e95137576dee6a1ac907b0088595a84a32,no
pages/en/d76f11e14d3f5d2c.json,223972,9e88c8908283afc934be825a7f966fe5797f1debf078c896b6e9aeaed4e7b136,no
pages/en/dcb8e16eba40cbdb.html.gz,135935,bf34392244a50c77893cd6537fb334f0ce0a74fdbe90b30bbb31b6d0d712474c,no
pages/en/dcb8e16eba40cbdb.json,76941,0577ee97defb69fa46d36235372c6a1736a6568d4c785c89783e13b064fa304b,no
pages/en/e1edb2962ba733fe.html.gz,84957,913ae4df52ef3cff175fa1301c1505a407211b31896e2063fc12d64c807e68b3,no
pages/en/e1edb2962ba733fe.json,99671,63ba4fe5c3e1b2b1dc3143973a241a16fd7222fa5f3d41eaff5f5ec331a75b66,no
pages/en/e55e4d48b146cf3c.html.gz,89006,67b2e52d5f44402733996617a600fccdae3e2e41502b66138f0e2561673ec7b7,no
pages/en/e55e4d48b146cf3c.json,108104,fc5e2ff7ac6d1bbc85f1313f76828dee605258623c36b760b90c1ab2f0d059f2,no
pages/en/e58cddb731926184.html.gz,126623,1e45ce9ab30651cd40e91c91484ad61a26f5c9518b6013a0fe7d8696c831a326,no
pages/en/e58cddb731926184.json,190156,c69cad5be54e1c40912ab1240c01f7419e36494239bca3a51f199a001f5a8f6a,no
pages/en/e81fd56574e102fb.html.gz,105763,7143f3596c33ae301561ddc48ca0abe2b170e8f0aef0c761dfd80fe8cb9554f5,no
pages/en/e81fd56574e102fb.json,168383,62d06ba4c9de4778b4a76e389f02c89164d80b40830c13eec2d1279c9aa30c5a,no
pages/en/eb85faa462990fd2.html.gz,105861,3f567a85739571f72495a1c11cceaefdcbc3f516a86fb8c3755c2b25050c99cc,no
pages/en/eb85faa462990fd2.json,166703,42410f6470674dafbc08d9c0883abfe4366da382dcade8c3e26cbe5bb4d60783,no
pages/en/ebe027710be9ed68.html.gz,79355,755b09373856ca60915d496736788644830fcb6fe2d6ef6fc27e78f7e92379b8,no
pages/en/ebe027710be9ed68.json,106292,d3e2436bff1bf0af4c617ce55db54e9041ebc3300f03997a9a44480a7dfebbd3,no
pages/en/edbd741febe27d7d.html.gz,105706,c9472dbb28aca15853d3e2c5ddfbcae5aa2c827db99dbad5f2d75e3c838e63c6,no
pages/en/edbd741febe27d7d.json,170052,5b012680dae969d1df0f20e950400ba866cdd3edc25f4975e658109180bb18b3,no
pages/en/eecf1d0e5741a0b7.html.gz,104929,5769f7b2407117fad8128406839207080e03eb5b5c369deb60a0fbe498b549a9,no
pages/en/eecf1d0e5741a0b7.json,160666,d8b519d31e3e262d27c741312b61e7d0b7b2280ebdc57ba77d0d73bd22c723ad,no
pages/en/f51f5fd38a24bb1e.html.gz,97756,9ebce1e27d21c3a0c2b6d7b7c5546cb5b86be17b576e9281d80430f918a3fbb7,no
pages/en/f51f5fd38a24bb1e.json,155789,341c358deed3c39d925b386b2384628de480d28e5092262ccfe1142df0554040,no
pages/en/f55dad96066588d4.html.gz,105763,df77ee6d00faaed082b14e9149f1c498bd4db8fbb9162298cacc1d625a6f395f,no
pages/en/f55dad96066588d4.json,168496,eef42b4c96d4bc57ee2e713776d44d95c00995939d518d98836d8ca8bd763f70,no
pages/en/f5f01c269d4c90bd.html.gz,83914,57a1c03c725147d04a9eb39e98397c590f7fb6b00e7a0f8ec25df5a5b8a66f30,no
pages/en/f5f01c269d4c90bd.json,136953,6d9406fea2704d4365e1061f7c636560df8a5cbe14c34c1dca6f517b8c6dcfcd,no
pages/en/f75e90e0f5e2c830.html.gz,98524,099795b84d2af964357e39a27cbd5ddf66a6c1afae07c5d57e24d1aa8cd030ea,no
pages/en/f75e90e0f5e2c830.json,155753,65fd1083fada3d3ef5d76b710e43e0421f3ecfb3f06411fc47e63e435acf917c,no
pages/en/ff08061c96e5f1a3.html.gz,76051,fa27c84b6586074cbcac59c11dc1080ccc50ebad423ca869d789dff230dc3f2e,no
pages/en/ff08061c96e5f1a3.json,116136,2586dad69eb1c63ffa826d7e5c9f96c7716bb121fbfa68f6e6413db40b484a95,no
pages/jp/0133752ab7630905.html.gz,106857,159064ac277ee14c29f7264b29f2cee0a5a97aa2153efb7f7ee37ec27af4d136,no
pages/jp/0133752ab7630905.json,156434,5cdfb78cc6f9fcc91e799758d4b009604af11576467dc7389186fc0cf2dda014,no
pages/jp/02321458b666c4b4.html.gz,98221,c9f0e4354256a61e41600cccdcbbec07fd5779f67d527d8cc6fcaa99eaf75369,no
pages/jp/02321458b666c4b4.json,147794,1f0065e138fc6d2b84af0448f9b563c4c8fe424d840d62f0644de8331d046585,no
pages/jp/03fc6b56d6c05d10.html.gz,107760,e66d751eaa692fb129d5cf1521136e888da21f9235710697ae9a2ffea7a21efa,no
pages/jp/03fc6b56d6c05d10.json,154943,36d7becfa8735d002f2170217d15b252dc31d97ab8e7cb16e132cd3b8329a5be,no
pages/jp/0566dbebd4240839.html.gz,98210,d254b3520f3a7f601e710514d54e955eaaa38b64747b0c4cda4a761d54ef3732,no
pages/jp/0566dbebd4240839.json,147862,238eec00f12099039e5938b2bee0cc222cc881de7c6ac3df8057588d563b9f29,no
pages/jp/07a84ed47d999cec.html.gz,100159,d42b73365fb5c8e0fb63f93dac59313ac5dbc292b93c27cb2014043a8e7eaea7,no
pages/jp/07a84ed47d999cec.json,145465,b8fb254fdf236340b7e982c53712b4222dcab6e8913b71ffd4651c707e304028,no
pages/jp/08b4200b12b4ff38.html.gz,87008,a12ee079e1f844cd78ca1e7051b0bdb1d3b92cd028b02f8aa6700ef1a84a3dda,no
pages/jp/08b4200b12b4ff38.json,143055,b565bea1a4300b8de5345c52419e106b254961cfb82865433dc1b8a9a4ce986f,no
pages/jp/0a487b8b847b7f5a.html.gz,75365,417b4e21b2c2996f2190c933a1828d05fba2c200e7823ed0c137ee9eba7eeb90,no
pages/jp/0a487b8b847b7f5a.json,69427,11cb9a70dcb1dd0f64013f79b1f9bbfdd1fb4d75ef15a043dae18d87fdf614b8,no
pages/jp/0aba5a099e6617b3.html.gz,107402,b20b8ea3be7a22c3e8455aaf6e5b52b540acf896e7be3514122baf5d36df44a8,no
pages/jp/0aba5a099e6617b3.json,159561,5627541a1e0242b7d6551fd73422c76de2440093084ee231fb64a0e2c437839f,no
pages/jp/0c6038bc9de34e48.html.gz,104617,941fc1d523a2160003df3c58af58be62ef917afba26ff4d846608e77cfecbb60,no
pages/jp/0c6038bc9de34e48.json,177763,6f604cf704e1a3f29be040027732f61d9b527196145c2b28c748780dd4577ce5,no
pages/jp/110f57e2dd0dadbe.html.gz,108320,52c733a8e27d50554ba8bd1d3e8520225d70d0c0fa2eb82cecd108c2ce5d9c1e,no
pages/jp/110f57e2dd0dadbe.json,152942,c300b795e72bfd783e2d116da2c1c40c57c675c9fddd8d5d930d8dc47ae730d9,no
pages/jp/123a68498f07219a.html.gz,107129,355ee453a7e4e0bd0f5046e86ce36e48478c1e2d7db13b7858fc16d21d1aa346,no
pages/jp/123a68498f07219a.json,155509,10792c59701c06ec5d5bee1eb8901a442e0979802ecc97e71640c41abbe6e0bc,no
pages/jp/15d946396a89459a.html.gz,107394,73974499a7952af329a65605c9a537981624d94f0b6443829b89533102d7d93b,no
pages/jp/15d946396a89459a.json,148604,d6f1e94ea386469c448c27e0ed8e3d36d2b8821e21e9bff942a26f4624d0a109,no
pages/jp/17a1f002e6852492.html.gz,110426,900cece9146551c672099869bb9bba31d37aae4ce9c4cd5e6e216e33f5d19cc5,no
pages/jp/17a1f002e6852492.json,154272,e3e7ade91b65bdcc620693da83ecd56a82c98979927844a676fedf9dd888e425,no
pages/jp/1c218b9156028bd4.html.gz,129,ad91f84354712869847669979230646852c6ea9434d1842e3dae9d71bb50673d,no
pages/jp/1c218b9156028bd4.json,708,4982cb8a71b10f1c462bfa640d3bafb01b83cebb183b7a0ebcc5487de935f3b2,no
pages/jp/1dcc7e4b97131e97.html.gz,100034,b382dc5dfc1e77c56763754ac31049a2e34239863078a2ce59953afa241d52db,no
pages/jp/1dcc7e4b97131e97.json,144123,814a35948b59599e59b9afac964e96f3cfdcc19deeca97d4ce7ba873050ce779,no
pages/jp/1fcb11e4d2dcea4c.html.gz,119177,95cd4e36c4a1658eab95aa28dc1ab9f49d9972386c6299f7f96a5387e5bf8036,no
pages/jp/1fcb11e4d2dcea4c.json,166643,88a6fc4dd02e8eceb5e29b6f0c32e9f017c3e012e93ba0123ad24b4b998ae5b8,no
pages/jp/26041b1cc8d839fd.html.gz,167444,91c8cc25c65f5ad8aef0e5b4557a31db4a62163c031d9a44e113439a275d94df,no
pages/jp/26041b1cc8d839fd.json,311001,8aea9cee94710fc6511614e6a1033c6d3c21201efc3ba892405fc4c43882e026,no
pages/jp/283e326b6e2b49c6.html.gz,112601,47a3418fbd99e7c99978826419e1a970d509304e3ce6cdab28d9f9d5992fa3cc,no
pages/jp/283e326b6e2b49c6.json,162494,a407daf34dd85f731259426f128c9611cf8ff572917a3b7695dad6e0e10ef4c7,no
pages/jp/29299aa01019578a.html.gz,107176,b7bbfd57120f02fa2b11af1fff6ec461852954ad92efa6a0f78b409a8a4b9ec3,no
pages/jp/29299aa01019578a.json,148495,b4976fe215ffb375b0796ccc2fe050b34749b52fc3534c40b45a75c41b27338d,no
pages/jp/2c3b41117b457a13.html.gz,127200,e0bfd568d7acef9951f8f674485376b7f443ce73259b27e6d0d2b22c587abafb,no
pages/jp/2c3b41117b457a13.json,175098,3b429c3b51d8e678e19101b57520d9add7f26b1aeb4ce8a3d086e87f0ad56339,no
pages/jp/2cb27b38e496c687.html.gz,107755,d27c22ae3fccde8318d68640465733ef092b7bef097b7d6ec9e0edf4596669c5,no
pages/jp/2cb27b38e496c687.json,155056,b33d880b48c16b11ba7bdacf66fc72d583f0c7f9593dcdf3fe077a80db57fed1,no
pages/jp/2cbbbfb2364d100f.html.gz,121015,2d111ec5f4be74d4a5b0972b18f5b79c9a1db2ca0bc84c56b88dedd401c3b079,no
pages/jp/2cbbbfb2364d100f.json,171138,2bbd2bf8a6293861907a53acbf7466c4325acd20e61f600d51db35ffed4b03e7,no
pages/jp/30aa327126156e2b.html.gz,139430,409970b3b811c141f8a366d260fb7738eac02bbcb5e9ef64efae4a3803397c66,no
pages/jp/30aa327126156e2b.json,80836,71217038a22a989f5c8a5be4148ee732e4914b643e9dedfbd0e48eed219898c6,no
pages/jp/31c181b41a2f148f.html.gz,120353,d3313b0bfd66400d3dee3de32f924883b09d5e9a7fd4fb4e6c3b9f65d7cf21cb,no
pages/jp/31c181b41a2f148f.json,115700,2c02347eb3d4e07ae5fdb86d8acae88a087dccfff32f2c85e1d1af2e150cce8f,no
pages/jp/31c4e7a6b5151bfe.html.gz,100376,6e49b3d8a3ab961439a25b0b870b13de25d674eaa076be1dc759d82cebff9813,no
pages/jp/31c4e7a6b5151bfe.json,141977,c407fd11f7c03cc047ab595e8ba02a07af9150275308ebf05cd1709f51c93654,no
pages/jp/384345820efc6302.html.gz,107127,b17ce72527dccc81c8f1496d5dcbb83c9228399e9733814f6101895bd8ac6389,no
pages/jp/384345820efc6302.json,155396,5b4fe8421daeff8f534cb3a90042aef4a69200e7dd14aa338147d610ff86da36,no
pages/jp/39e46062036686f1.html.gz,108876,3680011e31f6421dc09c07686f2d8d39a5aef565061bbfe17c0aa673221b1d97,no
pages/jp/39e46062036686f1.json,158453,6230660ff7862885aed2ddb7211063da319b6475a15c1022bfc4aea129e917c6,no
pages/jp/3b6ef889ca010e47.html.gz,105069,198f5731a16f75c32c18d77a3ac6433e189d08e7ada87d653136c67eb1d000cd,no
pages/jp/3b6ef889ca010e47.json,146745,aa5591117b37cd89d8e4e6175483ebe96d912a2e8a2819677adf9f4b72e25366,no
pages/jp/3c8e34e62063dcf8.html.gz,85226,3c050411e52b444fe64c5be38dec09d49614edf679dd38a490dd1cccbbaf5e38,no
pages/jp/3c8e34e62063dcf8.json,122042,232c6858e202989873c51d0358f11fe7189ae937c156f6d726302e05f1d103e3,no
pages/jp/3d118ab892c1d5a1.html.gz,108860,4bdd7e965432b33fc958c50884530589debcd386a8cc5f979983fb2827cf60c4,no
pages/jp/3d118ab892c1d5a1.json,158047,9e9a2a5a5376a3624a0a5182365296ad22bd71fb3ce2bd8b20fbdc1020f37416,no
pages/jp/3f6c79e9bbf94608.html.gz,98988,09523e2ce4cc0081f5081348e2f30dc2c0a52e073d8b3c9e5770538da295408f,no
pages/jp/3f6c79e9bbf94608.json,144787,a5cdb052b97f3df1ffd866cd0766aa5fa690a7416b9d9460d305317c0a5bf5da,no
pages/jp/425ff3257da57128.html.gz,111472,70dc85b920e187dc453fdc2ce596dbc1c093c986fefa8a57be57f5908afe564e,no
pages/jp/425ff3257da57128.json,153347,61ca79854b4f0e6dbc67974ef1c217b8b139011bca3c5fa68d6689f05821df36,no
pages/jp/4261877f1fe973d8.html.gz,133400,897279c35314bd8aff9e4ae472d04791540f7f04dbafaa877dd918f698516dd2,no
pages/jp/4261877f1fe973d8.json,188676,6de1503a67ec5932d61dd00797325d53de18a8195476ed001d14a57ec1719138,no
pages/jp/42a23a85ec80d1bd.html.gz,83378,8a6385f25f735f3b97c09c0037b36f3765b2686fd52aecc07e6285a330ac1b44,no
pages/jp/42a23a85ec80d1bd.json,96654,f95fe554572b717686782a250e0888f7319e28dde5d1e0d7089e44957565d92b,no
pages/jp/454ab8df66cc8714.html.gz,134283,3e517e03ba6e806feb0a871f1812cc57745eb7161295fc05fab96caeb1aad6e5,no
pages/jp/454ab8df66cc8714.json,180976,e64cc41b5689d417362e5f30001f80bd58d91438e0838192f3e3f064add99a94,no
pages/jp/4b38e9310d770f47.html.gz,107128,a1c683bd42c0ef054f4b6fc0efecedd965c16425bd9f07495f690bc110fb05ae,no
pages/jp/4b38e9310d770f47.json,151261,15592acadf5d5adadcf0a37b9fdedfd79faf53d3cf52615b43d8bd5640fa3ede,no
pages/jp/4bf1a02e43322bba.html.gz,107734,6270bab465234c821f53f5089b1b575520a4a7697cb533e1cb8dd1a6a50f2473,no
pages/jp/4bf1a02e43322bba.json,153997,da7705e92abd94f494d2da366da1f62166ef9bbb473b2295c0535e205d4ec420,no
pages/jp/4c4c31037bb15ef5.html.gz,111241,67b44fd1ae2815d503e66d2ace663cb535a33ec23fe77b0684b46a2bb58c78fe,no
pages/jp/4c4c31037bb15ef5.json,162326,02a504fb1fa3b9b6bf784ccb804815e28779571d5e11ab5045bf4d6dd318219e,no
pages/jp/4e8c5b587fdd0d5a.html.gz,82719,568bed129eb6581a2e55995d3b30576674f365e9071536a7549cb969d855a468,no
pages/jp/4e8c5b587fdd0d5a.json,102616,add57c537cfefd95694bc88b89173c68f6bbc61a36877623583c04cbb8cc19f7,no
pages/jp/4f1381896ec8034d.html.gz,98503,8caf30dc87bf5818eeb68bcf44057184a43f8458cc0f1300be612e3684a044dd,no
pages/jp/4f1381896ec8034d.json,147099,124b6780144c589de5496a09de89c2b38d5efcc3983084d60100eeefb936170d,no
pages/jp/51079a86a132daf3.html.gz,102284,0f9ef667bbbdd336e49cc976fdd14bb5bb98e4db6b09cd5be1008afa2a8726b7,no
pages/jp/51079a86a132daf3.json,149224,8343541210b64637024585251b34658b2852bcf48b6060f85c32cc79142f4b76,no
pages/jp/5356a134237ec97f.html.gz,116701,c1788c098d7bd04be29b57b997a0070c2d6f54596e95575aaca40f4a70431284,no
pages/jp/5356a134237ec97f.json,165161,89d9450461524ba7d2f70f360862ac3e3048dea59811813ef870da28db091d4c,no
pages/jp/57d0d752b69039c9.html.gz,76558,844c37eca36ae1ca6e775266f479ab32e247d76210d142eaa0c7230d9538b16b,no
pages/jp/57d0d752b69039c9.json,100322,9ce283d7a84eebd5e84cb13c4e72e7a60539c8beeef2a87c8e1b0caf37f6e502,no
pages/jp/58057404bb70ea91.html.gz,105756,e284298fbd8e5aa731b8cb0fa391a1883fc4b35c5bf7f5934b46e390984b6c5b,no
pages/jp/58057404bb70ea91.json,152749,a866d31d4452f0701df1cbfbba5998fd9d67bdd6679578bc5cfc4deb2bfc8a54,no
pages/jp/5a2c3532a07c1dff.html.gz,104897,2c15b41b0b2ba3c02b65b0958909410ef814e8bfef68055eac49cbc8431934d8,no
pages/jp/5a2c3532a07c1dff.json,151222,5915d968e9f5ac4d4f36d86d3ba8d0098dc21dc9eaef96b2a6357e04975f8b48,no
pages/jp/6177e10170e4508e.html.gz,98216,a52ef558188d50677dc5e7b5f3d248b8333cc8289bbd944fa9e811a518ed91db,no
pages/jp/6177e10170e4508e.json,147907,0b360b58d0f2a15bdf4b9ffecebb3a2d7ec2009d88b194493792a0bdbd353772,no
pages/jp/62c77661db96468f.html.gz,105910,5a92c9680efdbc2bfbc0aee556aa66d2376bca2cad01faecf00cbe3bea906776,no
pages/jp/62c77661db96468f.json,155453,90920f8066a7cd179e29238261083cbb7f5e040695a5aa5d018c41964fe2f527,no
pages/jp/63bc491893fb79e0.html.gz,87103,e7688dc2302dabca27e61e1a9183105c4e2d60a1f8c0eb7caad37b37fee1b2e3,no
pages/jp/63bc491893fb79e0.json,90343,952bedac19717543fd9a2372af4f4b843f537b6ed2da7700de28b9622a14a6f9,no
pages/jp/655b6ebe317c2c3a.html.gz,134570,ff5bbc303050f5f29fbb0af28fbef25049b2c37464e0a94e85bdfbc579ad926c,no
pages/jp/655b6ebe317c2c3a.json,189188,57f7fd63888bde6cd695dad84473a4b3e46f9dd718a8a5ac9971759509480f78,no
pages/jp/6684d60e12bbbf46.html.gz,106260,2ef48c7d34b002e78587a36fe7a1eeb780841506a56b17a56acd531b010276d2,no
pages/jp/6684d60e12bbbf46.json,148586,c0ef90301a3928e5dd426cd44070b9122ded71c7bd893df40a56784466c1abab,no
pages/jp/6773cad242ca80ec.html.gz,167399,8e66a63fb00a8968daa71c2dcb0a6840396c1fcf380ad9d68214afeed171d9b5,no
pages/jp/6773cad242ca80ec.json,311023,9b0caf44a7236e3d15415c123b283f4b2028f3f497065656ce3dcb0f4ad048ea,no
pages/jp/67793ac2e3d4ae67.html.gz,127792,ce3199ee2de404c5d7de37d9dc6f80a0363ae0dd73a85f37476876c5a4e25c54,no
pages/jp/67793ac2e3d4ae67.json,180094,95e9fe1b2856a10f9f789f5b1556cdd86d29da6e9e0182375bc26a82a5c9ea65,no
pages/jp/69ab2e998d324dce.html.gz,117188,709d01e2c0346c3e446e33fdbb6f657de8a00593fa2eccedaacd62c2f87cf826,no
pages/jp/69ab2e998d324dce.json,160598,16753359fd3c18b395b7abcf5728b9db5f6fbc768b2f60ebe8cfbe13525725f4,no
pages/jp/6d8871d0a8bdef22.html.gz,100295,bfc8ec969bdb68aaf255b9ab11fa0df71a0bad693d2048bfdb30eeaf53c3a9f2,no
pages/jp/6d8871d0a8bdef22.json,141456,ae141de5de947338fab682b45bfa48b83a9ebba1b67b54284e95586c9ddded8f,no
pages/jp/6f113e68492b262b.html.gz,129,665ee2665a260d0ed5313ae30d3eaae3e88baca81602a735f4e43f38646a259d,no
pages/jp/6f113e68492b262b.json,708,6afdbff469801b0a7f51180b2281ea510641afcca622d9710142982fa8a63e58,no
pages/jp/77b66e2da223e5bd.html.gz,95822,44bf57a40b9cefe6937dea68084991c23cd69a80a87707a3facf98fc19e562a5,no
pages/jp/77b66e2da223e5bd.json,138517,f1ad9fec3a5aa95695768b9fec390068f3208db4e2a0966d7d980f1ef2c6ad7e,no
pages/jp/7b99e1336acbf80b.html.gz,109499,8f81b0645223df535275392c1cc87052191042cb002c651af593d36c840d5310,no
pages/jp/7b99e1336acbf80b.json,159229,9a40144a4505e3731dab5000f42d84288cae31edaf4b76e08cc07a8fcd972065,no
pages/jp/7e453a10a3cf14d6.html.gz,91813,f8cfa0ffda9c26789daa3361d6ddb8f52e5fbd5c088d269677e078a27489acb1,no
pages/jp/7e453a10a3cf14d6.json,113243,68eb7cb95e359c21c84aaa9c4363ed5b03f762c49778f32ec72062d04d9d77ee,no
pages/jp/8017a13e7ec094b6.html.gz,105003,eba68774f02367780c3cd51076e35a0a37763775eed66ccba92f468ccdb15296,no
pages/jp/8017a13e7ec094b6.json,154928,d9fb8e56e89f3d9c99f341430d24bc8ab53a8542d38baebbe53d49f273258771,no
pages/jp/80c3f4abcb2dde6e.html.gz,107028,74a8af2c7e2246feb4db2aee9f7d54f344c65b72a50a91a149d2478d4921e6b4,no
pages/jp/80c3f4abcb2dde6e.json,155802,ce1fc349dc3fff5807071e96fc14dd649ea95d2aa1bcae7cf3f4aa506b8f80d8,no
pages/jp/81427edc140e5132.html.gz,80543,9d95fd983fb275987c4f6df0ca54ae5eadd3792080bf5b7fae709648ed2aac40,no
pages/jp/81427edc140e5132.json,112522,39bfecc078b76465fe1f06e76494e2883a120a527ba55741c9173ccca3bff2aa,no
pages/jp/834e3df0ca9125d7.html.gz,77185,f3214e73b4dabe18c814565f3655a03ea2e8b815fffaa5b48d65bd8402b4c19d,no
pages/jp/834e3df0ca9125d7.json,121985,a4a53216a6f9e3ce365c2967dc994b30e3602235579187d39895f75bb158dace,no
pages/jp/8e2c884f2e1ae06b.html.gz,130400,82b2b93eb690f211a558565e56fd59147dc8f88c859dc327280ee900eb49e1f6,no
pages/jp/8e2c884f2e1ae06b.json,186162,05081aa9cdcf869657ef7162199431752191cfa8cd61a3bdc07f1c14b6fbcb34,no
pages/jp/8e803de272dccec8.html.gz,99500,2fffff0ad4c959fb8a5d74241dea09952d665be0b28f3d989ccb7b35f35b7ef7,no
pages/jp/8e803de272dccec8.json,148991,1d140a89aaccadd0c8e0cb7c959317d4cb4cf69ce143480841518d22c2552a05,no
pages/jp/9c32b11571a3984c.html.gz,101828,cb7c7a545db4038283ede17da54318de129dc4eeabf326c779a06d18089f530f,no
pages/jp/9c32b11571a3984c.json,149228,8f3110e1c82f7148b7d3dd07b61693921074d46d787e8dfde5ea93a201fbcce2,no
pages/jp/a38b81c50f6ec97c.html.gz,76861,3892608ac5c4e8f59e618b0cfa5ae39fe4fd701903d324120ee213af18da6dc5,no
pages/jp/a38b81c50f6ec97c.json,75885,24279bb8ef5b4fbc9f93ce62d92f71029e2a0228a1915a3c4b1217f702f00683,no
pages/jp/a5e1d5b736c8a11b.html.gz,108244,dcdf0bd99b1f1466879c3e2743e6565b990d0e35800b5c417a0a0ee6dd649ff5,no
pages/jp/a5e1d5b736c8a11b.json,161089,e0d0a20aaa11722a90d63c5c8d8d9d166119b9a184c58bd7d1b438fd56e73d16,no
pages/jp/a68c8f8b727e6aea.html.gz,106083,5162e6e4066158ec6e62d44bb002bace12cfac2f3059bef6f23d08d0cbdad207,no
pages/jp/a68c8f8b727e6aea.json,151599,93376427f516126bdfdab24135b9a87d9bbdd51fdfeca2233061cca0e85e4b06,no
pages/jp/a78a1fe7f16fe6c7.html.gz,104828,fc30dafcbfeccb337721405ba8b5b526afc3aaaeebe39a372227bfac2a0400c2,no
pages/jp/a78a1fe7f16fe6c7.json,156050,f456f1ee69584d1297173215424ddd2ac75c7b02ad37158e680576a9718cf614,no
pages/jp/acb69c8e8536086f.html.gz,110670,47b00a57726ea3955f5fdd24174c3598d18abcdd19c40b96a4206e04eca51513,no
pages/jp/acb69c8e8536086f.json,153813,82c119cdd4a0634ad5681cc66c8cf72fe934b4fd6ef7239e8b159185272c6c43,no
pages/jp/ae82e5db592332fc.html.gz,74935,a689e51a46bafa7ee1d7e52669d8e6a714ad34120b356066428e3b358c0538ce,no
pages/jp/ae82e5db592332fc.json,92019,493183263883281c0fea8c17f2baf9024ece2063e90362560f881cd94313d72d,no
pages/jp/b25770b0f5b169c5.html.gz,98799,17976232fbcbffc06c98a9311bd2bb3cc9500d6cefd4e42e559ceff142edaa09,no
pages/jp/b25770b0f5b169c5.json,145087,1c66864ad711c098cec9158d25c826a9e0addf33067f5b2c1a93bf97e42442fc,no
pages/jp/b9efef685d3d9b9a.html.gz,13214,4d85a7f8d6fa8771fee5c0df163a9df01317dceaf6ec6552f262e1a6f555b902,no
pages/jp/b9efef685d3d9b9a.json,13678,d715b6204bc6ac5c923e14e02a079d55e9cee2f036cc2901e5a6f330d2df8e2b,no
pages/jp/bbf80d6dd5ceeda6.html.gz,77428,66d709e5a104fea8e1d254100b1d46f7b1b28354c923370b094bf3620ae80d91,no
pages/jp/bbf80d6dd5ceeda6.json,124807,24f11da8c5b2875e4f3a5a43caa56dcb62e30220d275996e92a6a40016479322,no
pages/jp/bc25f7c08c009d8d.html.gz,79467,42fa799166ac90127d55a96a864e9cb4adf2b7e5f96a456aa708595fc4c2492c,no
pages/jp/bc25f7c08c009d8d.json,127877,532d8745c01775d639cda002b5ec53f97d3df205574d1dafc0cfa0d5c783c13a,no
pages/jp/becd4c44108eda3c.html.gz,105767,0ecaf0184adf22a170257730907dea417aef2eb515451819f1e0f45c6baedd4f,no
pages/jp/becd4c44108eda3c.json,149751,ebf19818d8eb1d94239e9ed1dbfdee02dc7f8568859558d1f5341c8fe87edc94,no
pages/jp/c148da935de7c983.html.gz,106400,7d1cdfc586466a04c9b8a5b9b4b9f17fc396d2780ce8189f9e2f16d11593129f,no
pages/jp/c148da935de7c983.json,151016,c3e38748c2175be3957c16b2a6e5fa6b2c39fb30a3074288fd56553e2a13d47d,no
pages/jp/c23aa467466a78a6.html.gz,110561,db0e679d61f5ac39406d13442cbe4ed19a36fbf32de22d85fd626b24667b27c4,no
pages/jp/c23aa467466a78a6.json,157768,1dbe0b1f6823c4062e8c7351c7295e2ec4b16c5e8d25fcdab01b7ad0bda38f03,no
pages/jp/c2f6fbb2787ec997.html.gz,88147,9bbb4fc3c45c4d101188fef9d94cbd4bfff9c828410e03e83ed2e468588ba9d4,no
pages/jp/c2f6fbb2787ec997.json,105609,99a55f536e0a113aa7c73dce914c3c34a42f65b0f712ebf489279bf9dfb6031f,no
pages/jp/c377719db93635f2.html.gz,121723,c655d5d1b93da332f5bf03433d21915b4258327f6ba92d3cd2caa5e39bc7d609,no
pages/jp/c377719db93635f2.json,169021,87ec7a1fddb1976992ff10de1ac58ec854181606185937aa4d1bd187cf6f8de7,no
pages/jp/c39d59c3e3cf8352.html.gz,122378,2bccf9910f3162bc1eb8351f84f9b1bfa3e9c23bb929b040f5df93fb7ecf5ca2,no
pages/jp/c39d59c3e3cf8352.json,168836,e6c166afd6797a75ade261c59e81b057ab80734f0c2c65ca8ca6f6644ac9fc24,no
pages/jp/c41984d4a23698ce.html.gz,109977,dd1de6ccf444be647474334ca03a2d2dc5378ed79af1cf5b7e4a0ead8f60706a,no
pages/jp/c41984d4a23698ce.json,160592,34f9fa241df19c23752b5d2625cb49690b904abc5d4ce13fdd31bbf2b1817717,no
pages/jp/c49eb7ab43686d61.html.gz,75361,f882039d5e2fdc5e45c078d406cd857238bdf9a47bb0962abf294a96d7879c65,no
pages/jp/c49eb7ab43686d61.json,69314,00fef8118dfb8046b1e636cf6ade1537ce57656d2d21ecee810fb478fc46e705,no
pages/jp/c63fc9ab0169bf6d.html.gz,97910,ca37a1966bceafda56d77dce67a84d27842024465ef8c61a388e8fd6582aab3e,no
pages/jp/c63fc9ab0169bf6d.json,143038,9871d950cd7bef3627ce0b59907ea60f3af524e2f54614a7985c6acc85deeaf5,no
pages/jp/c8545c5d9d4d3618.html.gz,111834,6b28200c2101a2d46182e1462b0e6d078a4437b75b7a7621c8da5cf125936623,no
pages/jp/c8545c5d9d4d3618.json,158782,6e8c5f0b20c84ae41089e01e9d48721ae8e23fd5e5d8092b8610f067f7541a32,no
pages/jp/d6f1fcb693350e96.html.gz,105076,9e7ed780010f42e2498b641d2ec9daa67a568431167e8d031d92bdd946457926,no
pages/jp/d6f1fcb693350e96.json,157700,01153ca12e2a421dabfacd8fc4b758ef1d05ee8a1015fbced97901f1c4d15122,no
pages/jp/d76a685aa621688c.html.gz,107564,15bd5eff19415ea4c5a41a97530368daa902313bcd89ce82b17fd58d04144d9f,no
pages/jp/d76a685aa621688c.json,157982,a49b2add9e44e5e725ca5a73a3d42c1bea86f115be16e396b9ab0f798a658e51,no
pages/jp/d7edf572fe5c5e00.html.gz,107383,3fd5e088c3eae2117f11f084fc63086970bf60df48afd150e126bb7d8df484d6,no
pages/jp/d7edf572fe5c5e00.json,157402,859f66cf7d0c7ea89b9ecec826ca81d2b1aeca68c1b1f9b572fed6664167f1b8,no
pages/jp/d80556d4c340e413.html.gz,111830,9e74bf094e6e8822c8ede14aca635c7c37d76677ef03b23f56dd67936db547b1,no
pages/jp/d80556d4c340e413.json,158669,7aed885299b744c3d2831149b94d7273d46d6bc8b84896d1394fea6ce8b2e2da,no
pages/jp/d8371ab07344a329.html.gz,107177,c87714f6ccd693003dd455a27e76779e9563ee903a9dd0d2ef2c6aae08da6199,no
pages/jp/d8371ab07344a329.json,148608,a05a772b2bb9a34c78214dfa8aeedf9f52915a4d60f855c4cdff88a7381f0366,no
pages/jp/d94b92320deaf394.html.gz,113995,a0cb0a41883e7ca9680349f75a4f1b48ab3a561a786257cb89c38e448309bba2,no
pages/jp/d94b92320deaf394.json,116013,d217f9f3236563ac4dca78f8b4122b8ac809fb2887dc601ae06b56be5103882d,no
pages/jp/d96c8f77f178917f.html.gz,102669,7bbea74dfb954318d20b50fc4087ed6e98026899f563ccb67d34f5f2a7b887bc,no
pages/jp/d96c8f77f178917f.json,163464,eb1dd3b1c844b62c1cceff751a3429ce12f751e48271567dc1665a02253166d2,no
pages/jp/da4cb0bba8cd3f08.html.gz,111466,06aa8769f9f898c05aced5cac273ab3fb02e7cbb97cbc11375fc0cc846d80685,no
pages/jp/da4cb0bba8cd3f08.json,156161,8a7eb8bcde75a4f8280101f0651963e5a8f892aaa2cfb309801a45970c86b8c8,no
pages/jp/db735aceccf179a5.html.gz,105932,98d761e4b5da23cabd9f02b260232e838d8eff99cec3a1aa0b9668d139e3e214,no
pages/jp/db735aceccf179a5.json,151663,52d263b289bfead9302386031b6822faeea5eda3fc0102f7aa356a299078ffd3,no
pages/jp/db7c00ef316ba915.html.gz,106021,94d77f912900de137ed9d828d255d4eb1b9e3d8cb6a4fe02bb57a3a2ac8588d1,no
pages/jp/db7c00ef316ba915.json,150787,444450df61ca89d2ec64db8c85c6cb1ed77b95165233636fcf75861a5ad9073f,no
pages/jp/dc852f570fa61da6.html.gz,77217,87185441ad508be3c1b0c891b30a2ba1e10b972b4fbd626a6aac41f512878206,no
pages/jp/dc852f570fa61da6.json,96739,00fad5332525f8c5876f88e022474d0cd63f447f7254918aaa3244aaa3b8a315,no
pages/jp/dd9b2f4818547c26.html.gz,105209,620e862a75659fb99dbe840f5763d35efbd30602107df81b6e61fbdeed381baf,no
pages/jp/dd9b2f4818547c26.json,148786,a9df5babf1097dd1108aadd93ee1029e7013265f9440ba5e1526ef938f5867f5,no
pages/jp/df1821f9c65b03c8.html.gz,83168,8405081df4f5544aae4b6cd9c8497ae7c47e23e9b17d5214e007990ffca3bad1,no
pages/jp/df1821f9c65b03c8.json,103061,30eb9c1cdeea5665b1d4fd5e1bcd6215086603963cd63f2f545c6ca4d2f37609,no
pages/jp/e3e4a900e4e91e14.html.gz,111875,59bccd930228fe35978b5d9b119568c5bcca1b4c88bdbe3de3d537d5e8904c37,no
pages/jp/e3e4a900e4e91e14.json,156955,f5a1e8d1f1e40d9c80d18c96c78e70fb01f21efd48fb3a99ab0fa2aef59f3231,no
pages/jp/ec255f7229b4bc74.html.gz,82740,a3631b00778c296399e61dfb1b1cae3bf519fbac6ccaf7c881d905a0d87ffcbb,no
pages/jp/ec255f7229b4bc74.json,102748,ff4403ebecebdca6158bc1e0c4cfafd3b3e39b672c4a827b209e67ca4529ed63,no
pages/jp/ed5d5ee4088ae122.html.gz,82407,eb173a548e97da6f245ec918873c27bd3071741ba846f718c539bbf55f34428b,no
pages/jp/ed5d5ee4088ae122.json,114862,907ee72b42060c44436587f0e053204644a5ed284c8d4fbbdfaf57337ac595a6,no
pages/jp/efa8650cb3a9c6ba.html.gz,80542,65be7e2f3b06c82d5c138f26155ece7eb371fdc999b4e78540b78b0a8d3498af,no
pages/jp/efa8650cb3a9c6ba.json,125766,d13dece19dc3d2b02038454f6d4d547f80a5fb304b0829c7930b29525002770f,no
pages/jp/f3bc57863944fdc1.html.gz,80061,884938d89c499037affda09f8e1b3d0b4d9100207b7515ff2fe171016910f556,no
pages/jp/f3bc57863944fdc1.json,130013,aee807ab43f427cb5facdf03d93d0c0129608206bbb5ddb0fcbdd13b2b6b5ef3,no
pages/jp/f6ff83f1caf882f6.html.gz,148296,a8d9a609e36eb4ef440eac48233ade7680de21bd0e70b0de223ac07ef7c4e2b9,no
pages/jp/f6ff83f1caf882f6.json,211194,a0d4cc7c8c154f8aaadd1e2c5005447d44de3834937e542f85497a01118dd0aa,no
pages/jp/f9fffda9171f71f2.html.gz,83144,a41eba0a8badd66189cd5c575e090221d09c471676077195b5ec72d3a785beb7,no
pages/jp/f9fffda9171f71f2.json,121641,adbe492f3db0306e2333ef72078e959f03d204187d0a27822262216dd3391b46,no
pages/jp/fa6630dbaac452b7.html.gz,77363,cecc1dfbaaf4dc956dca6d2c937224e66749464d97fa34c35c5ea653596bda24,no
pages/jp/fa6630dbaac452b7.json,124716,ab9327e093c37535dc0a2792e79406049f6736908ca82a4e928cf5cd7af248ff,no
pages/jp/fba31a842439d196.html.gz,140909,84de13564b4c52176fa8c58a6c2bf565060f3acaf34fa4225fc04849a6c0e68a,no
pages/jp/fba31a842439d196.json,210921,2a02e59edfb47feaf999635f95bfa11ed9a8447221f0b9590a50cf2ac27a4baf,no
pages/kr/02baba08eb79f128.html.gz,135904,bc8eaee153ccf77f18bf60546f5f066c13c694146d622ed49ec996dc11e3c5a3,no
pages/kr/02baba08eb79f128.json,124354,35e9b60eae6f09fe77c34530350c5263a063d3d8d7e1f3e363f618c8409c0d41,no
pages/kr/040be5604bb7fa55.html.gz,102551,2b7070b05190285a449038fbee9b24d3344b2d2aff3faa1addb1efa1cc789c08,no
pages/kr/040be5604bb7fa55.json,162942,461a3b76922363a109a2fd2ac006d632d6b993c0c3a22740f67865d6866d3862,no
pages/kr/052b90e89d3eea06.html.gz,128022,afe3a496cf6c5b951efcf9bb315441b217eef03966aedbccafb133d359ad2410,no
pages/kr/052b90e89d3eea06.json,197995,0eb1ac480b61ab4de3ff08cfeea06988d34606403c07bf8cb57a14f0b6c35f66,no
pages/kr/09f46f6b5af50406.html.gz,124788,2449474c0890266131ea31812fac0ac86daca07840dd1c5535147d4718f335d0,no
pages/kr/09f46f6b5af50406.json,192584,ff621ae6bcd7f87b0a6025e8823c5b95e2ae96f9d99866fe36617b9167cf19fd,no
pages/kr/0c6d1ceba558eaab.html.gz,107308,6e2f96ba79c1c0d35e94eca835b2bc7b10bc2146fbcba4aaf6f26fac08ff4710,no
pages/kr/0c6d1ceba558eaab.json,166786,329a07862cf03f761d81d554d2d9ee80cf6bb7c66bfc7962575a02f4ced3f678,no
pages/kr/0d998af009dd5010.html.gz,108623,5d7930e6ad48887393bc53c70d72f4da33b9e2e576b4194d7af5ed7934b0d8ba,no
pages/kr/0d998af009dd5010.json,165533,bd10cd45fdc039c9123d95bb16d95fedfeb9f6f2ce9c63f8a84eaecce171d592,no
pages/kr/0f1db5180e0ea69b.html.gz,55409,c818fb9d1477487fb1211e61690b6923774ab3aea350a7b980b82349379f8c01,no
pages/kr/0f1db5180e0ea69b.json,61799,5a511c2452399ad2ba7b85d6c3028acad303341837634dbb0d92811c58a19ce1,no
pages/kr/16cb67b7b3c7087f.html.gz,107215,6b33eaeb753e990a866f911edcd866a9016aead501c3d254e1bcb05ca4a0d02c,no
pages/kr/16cb67b7b3c7087f.json,174188,296201da2b760f6691036f7bbc75a9bd47a28820b2f426e63a36836f7d684871,no
pages/kr/18496df68c41b0d9.html.gz,157420,260ec4e3612a4c2d888858657dbe32f2c3ad52243454d47d730cb089dd8b1c3e,no
pages/kr/18496df68c41b0d9.json,312186,f53a9c83dcb66117920d297368bfbc5ed8d9a0bb2631cec7910ded2c2eee170a,no
pages/kr/1b518ca5384f3677.html.gz,93765,ac5f79c4e783e2fe53ec814b5305396a211278938587aee3c50a98ce89f09f1e,no
pages/kr/1b518ca5384f3677.json,157938,70acc850f5d0936a942ede0212df03b054c0aa2dd62704c94b97314a452e1105,no
pages/kr/1e5dc0aed05475b4.html.gz,101844,58df51199fde544f26ce862e1fe0f4320f6f210d46e976f40fcffdb3c02fe6d0,no
pages/kr/1e5dc0aed05475b4.json,162343,efdaece4974e4fef29d9646c1a38f380401c10e20ae7b3567bbb8e055d9e8afd,no
pages/kr/235cc5d44287d5a1.html.gz,104049,f50d38e3c4d21cbcda54a20250b7c0ebbfe417585bff1f33923d46ec1052a4fb,no
pages/kr/235cc5d44287d5a1.json,164609,b00a56865fc804930e24c3c6d4889f26ed2257beadc87e49914dc73a6ccdea4e,no
pages/kr/23935875420a18ec.html.gz,102092,84cb3e04c72ac73e73431a97a244cb0131ce92548ba6ca250edbe7a85ee02534,no
pages/kr/23935875420a18ec.json,160006,8bc416369b3e144fc85130a2279e5ec154c8cec2b3aeddd20b18cee4080306ec,no
pages/kr/287b64dfff71d1ab.html.gz,107615,e8c1aecb82e75396a7ff8cabdbc68c65f3f60cfcaccc8e5ca5114e1419ee7e56,no
pages/kr/287b64dfff71d1ab.json,166501,40bd7efe336f2fe67d6f7cb0a8cf59b04278bc56f524b6caa79530ece87f3617,no
pages/kr/2945f2051fc75657.html.gz,107496,f50d3c0780d4ec7fb234ff74616b7c9f5ba343d46c0f8f23878402ad67b0f2ab,no
pages/kr/2945f2051fc75657.json,164046,fb46b86766c7e3dda49f0ced85a4a013cb0029379745982e42873d0eab5f680e,no
pages/kr/2a3b9f0cf9759607.html.gz,85834,9bd2463bf5aceefeaaed8e4278729e27e2f328f2458e00366cb944da24ca55fd,no
pages/kr/2a3b9f0cf9759607.json,109756,0fc9b0564e1e233675f7c2657a42aa0a25c665317a30a52996f7a8ff2162af82,no
pages/kr/2a3ec5cf23866a3e.html.gz,75713,bed3b8d059654c58faa9588b8a4a9656a4959cfb7fe121c1139dd00445edd171,no
pages/kr/2a3ec5cf23866a3e.json,107619,9206184e3f99c41aff772c97516fb1e4c85deeb8a83f06fdf3fe6665614d2c70,no
pages/kr/2b9108c1d269764d.html.gz,147789,6bc28f330a83642c5aeb1efabe0b0a0f0abc6329310d81b7ee3f845690199c1c,no
pages/kr/2b9108c1d269764d.json,223538,070bffcac2e13b8231ead51d89c8f40e33d6cfdceb2b040532707e6588dab5cf,no
pages/kr/2db4896956211c73.html.gz,71228,e54744230e4bf3b583895420ff9eae93544a60bf9cbbb9ee27b850df4f0e64eb,no
pages/kr/2db4896956211c73.json,70143,2a83be6adaaffcbdb9f09804ef7dac844418aa93ff48190f0b22571e5ac03084,no
pages/kr/2f31be96be88d97e.html.gz,94189,23866c8860554fd86526e5f0b4c480b826d0442f613e338f36e025c7cb1d7e6e,no
pages/kr/2f31be96be88d97e.json,156109,3fc3cae1e5a6e42a01bf026f38e16d4951851663daa0d90fabd315240efd6a7d,no
pages/kr/306dd80d20e6721b.html.gz,70660,14bbfbeb0fbfc9988c5130c2469df33a697f9a4512e556df854d0936d6178526,no
pages/kr/306dd80d20e6721b.json,109273,915676e255d4efd8a0553ffd1d10631dffdee8fa7b6632a60091e15a865c538e,no
pages/kr/31892d03199d2b25.html.gz,101562,e17395c49e8126257376eaaf2fa6c43f709a75d7bf5da1b732646739b9abf48b,no
pages/kr/31892d03199d2b25.json,168799,1ecab13ef45623b85f3560f5ca2c272b02fdcf00e6485456eb55427b19029a8c,no
pages/kr/338413d1d0f54161.html.gz,71686,1ff77296d91da17862af6c40104d9597c7c022cf257100493d9a01fd2b0d7a85,no
pages/kr/338413d1d0f54161.json,88302,4f5af821549ffb51357301efce24cf79d6b59686df70f2ba0eb0a1bf6768f2e3,no
pages/kr/3406660efbcccba2.html.gz,55351,bf1784b1331ed23223a9fdfcaf5dbab29e1fe0203565ea6623cc895632646881,no
pages/kr/3406660efbcccba2.json,61807,2b4bdac2bc0458c7aaae97f0878b9aa8dc9e023e635e27374e6bf65eb0c00d96,no
pages/kr/35a8b6ac65db6392.html.gz,106480,3c98bac77db710227c94b54dffaa31e51fd60ea4c1823abba236430858392ba5,no
pages/kr/35a8b6ac65db6392.json,164859,fef39e5eb9462f2b4cc54d1644f945f8df9d840b0c72f62c28f6e1371e0e8533,no
pages/kr/3794661f5395c8ce.html.gz,124654,25d57938f2fc7ffce15b4f1578d2558142f6507093d997e49ff026d4f6b46336,no
pages/kr/3794661f5395c8ce.json,272636,42a155d31703eeec5441150268d2732faffe08cdfa094cd9dc33417261236c52,no
pages/kr/3abf5aa98c2e0478.html.gz,124844,e8b686bbb12940b0cdba2cc86e755de02e1782d2a2369fe2c42f8a84b2383daa,no
pages/kr/3abf5aa98c2e0478.json,172521,cab999ebb0e0d3ad8c5d5b7e0262a6bb5759ce04c7306ca5c33c2bb8ed7c4f66,no
pages/kr/3bc519bd7ba88418.html.gz,105294,2540c24bbbb702934e0d41c8629d3f288c8deceb8860ba5a989c86e02e2d9901,no
pages/kr/3bc519bd7ba88418.json,169594,11a4f885d813f2a97605b8b22220e6a126b36bff135bad515b6ee274ee645567,no
pages/kr/3e338703e9384c23.html.gz,103089,96711aa30e593bfe004f319aa507129e3039bbebb33a16100390e15b5e5a609f,no
pages/kr/3e338703e9384c23.json,169276,05bc57be3dd2cbdeb4095eb6321ed6507a4f6bc79bd26abbb31f4422a0e01d34,no
pages/kr/411f2a24a311a0ee.html.gz,129,80a505b580acab7d13b6454255708e29dc4b0175444a9e4902afabb7439e30b4,no
pages/kr/411f2a24a311a0ee.json,702,4e1ce38799f901af0ee7e293542f8585a1dc4cd7cd44edf2fc2937a16ef1af30,no
pages/kr/4875042f2590c096.html.gz,102857,eb240385c8c06f6f78ad01c0d2b3a7cc7c384f2f9738fc7177eb97eab8b6fbd6,no
pages/kr/4875042f2590c096.json,156209,4444103891890b967426859bdde3ffa447a6aaef3f8009d73b0df97ca5ae102a,no
pages/kr/4895e76098d61adf.html.gz,70369,f86e3d4a7bb398e82a521651bdf6b713b27dcb2ab318c1cb24bf9afaaa126466,no
pages/kr/4895e76098d61adf.json,96028,1483aa43d49068e9d84466416be13012d93be7761738f8be344036c3d100ed55,no
pages/kr/4af4360cfb55f5f9.html.gz,118921,ad5236c952184db25ca0ea23c1ff2dcbc2adbcf3985f773ab59238f5ef7d21ff,no
pages/kr/4af4360cfb55f5f9.json,180635,850c68c31ed425b0706f5502a8d41af86e51b3f05c201dbb950beeeed63fc0c9,no
pages/kr/4cc2866486cba812.html.gz,13214,47c6b74521458883d1a9e41d2c65f8622c01df9f211973a6564adc51c94ca8a7,no
pages/kr/4cc2866486cba812.json,13672,1b54a44135499fa11ea2b16fd8e252f5d50db517f99f57cbab778a6fc0758c29,no
pages/kr/4e2128de322e3dc9.html.gz,111248,51f21a27dc0e7ed05023b2ecb09ed5f7d20f822910a5091422ba0e4761cd1ec3,no
pages/kr/4e2128de322e3dc9.json,170658,93513060c93ac9ac3fa1740721364a65aaab73f67a3f86cb042c8198cbe53bef,no
pages/kr/547696d2d06467d3.html.gz,124876,c59918ed131b2f5cc5ffa672fbd5efd65e8383122679043c1c9f4060d40585ef,no
pages/kr/547696d2d06467d3.json,184413,df1d969cd6169e766ffe9255472516ecbdb2ffd50747cffbe52d97c3e8561252,no
pages/kr/547bbbf9f697a905.html.gz,76556,b01b0411a94e0fa859b52a71abf9bcc8540956ea046684bf1c766781990f87b0,no
pages/kr/547bbbf9f697a905.json,99741,4950978347ad00ce01e90a0fa9bf0ff895eda1ca3763b653a52830782cbfb5ba,no
pages/kr/556c48206007c0b0.html.gz,97472,3ee3425bcd1925e84d2f8fff39fc7e3554592caf881844d145ba250dfd54c97a,no
pages/kr/556c48206007c0b0.json,157541,31f5f02e403a848ae84ad20f9fe17f7bc64198427a574ca9d2d592557129c10a,no
pages/kr/57c8439a0609d9b5.html.gz,81834,1f8b4891c8e4791feca676ede19fd5809a571a579202f4413811e003d93a866f,no
pages/kr/57c8439a0609d9b5.json,142183,4a19d55e93230a74ca0877dc1dfcab927b9a789374d62ecec92a00d58777e6a0,no
pages/kr/58e787a2387d2601.html.gz,73850,06d84420f5e1a0784f7f62c425aa8de6f755d1e74e9b3cbe92693276bdc30d1f,no
pages/kr/58e787a2387d2601.json,116935,34188b4297bcbcf8bb06bb74ac48b7ebe3a9c4aa44b7225feaec5db67a1e8773,no
pages/kr/5bb6503e21761755.html.gz,108002,6eec18a23511c2722423137edaa35ea3239c94d0cb32a0152f595c984c3eca5f,no
pages/kr/5bb6503e21761755.json,167977,993387e7500f1da638c3e5550e42bbdc2ce1d7d459eb8844527747fd8dde385a,no
pages/kr/5d94041a3e081b89.html.gz,130202,45181200f09a26555c19f794914b25a9e06ae977e03185dbb9adf3fbea63a1f6,no
pages/kr/5d94041a3e081b89.json,199728,9117183252cb26ca7be9ec52a64ecac4fdb173b983c9f52512655f16009bfdfc,no
pages/kr/5e73c41bb0753c9a.html.gz,115419,48f62f59354b63855a8e7655fac8c51e397ba63b5790d60e84b7716927f0c79e,no
pages/kr/5e73c41bb0753c9a.json,176670,f43129674ecf50de49b416c94031d090faed461fb7f8f4713a6e21e2f4329418,no
pages/kr/61fe1bf79de59d54.html.gz,101138,590812470b0a6fe73548e974509e4e653a99827ce6f23110ee4bb9d4199056bc,no
pages/kr/61fe1bf79de59d54.json,159934,9722ed1473fbea502929bfb33522c1dd16a4e9b568f972bbd05bd957a23e14b3,no
pages/kr/622e009831693336.html.gz,130376,be5f5145e7a5252e12926461dce709e3216baa6f12d0f9891ca81c6ef25a6e32,no
pages/kr/622e009831693336.json,78045,55da091cb6a816cdf25f0702fe6d55cc4f9f7dcbcf3b60adad32aefef103bf9d,no
pages/kr/651e33f107004236.html.gz,105881,d342434bb03bed223ac6de43afca434b841dfcce295520ffeb6ac93efdb6afae,no
pages/kr/651e33f107004236.json,169817,491755c961bb1aa3ce8ed29db32850cbcf9cdbb2882ba486be9ff950479d8b5e,no
pages/kr/668fb77cda80c123.html.gz,98015,525d226265af1dd54f19b1031163dbb3155ad0357fba444caa761d424e82a379,no
pages/kr/668fb77cda80c123.json,160253,c3e6c18baecc0f7886200921c800f2683011add86bec1a72a6ca23820d21f0c3,no
pages/kr/733215157202804c.html.gz,144617,967067859bb012c4ae0bdf796e793d6ef5df1d06fda07ee97450a2d982f5bf42,no
pages/kr/733215157202804c.json,228323,931876c1ea5c16ea6310c1bf2216e32d0683c33e67c9c3a887098934f56766d2,no
pages/kr/73d63e33d035d019.html.gz,70657,1a7cef61c74f18bd074d87c58dfcc6cc596a51222d5561a4cdd09be94dc27bab,no
pages/kr/73d63e33d035d019.json,109163,b46da37c0a814ddb4ca0c1741a175e3ec6bb2515d0b54104c92aebff9d4c144d,no
pages/kr/763549be7bec2e0b.html.gz,81733,b77ebe3f0e014e7030db8459cbd1e12719bc60859b51a83e54e4d82302bb34dd,no
pages/kr/763549be7bec2e0b.json,101805,c0197e0cd06cea74b26502439ede050a5c295504b07c3dc2f41ebf833767ba63,no
pages/kr/796a80c7513be093.html.gz,129,38201a33ffdcca24f0ffb40202035b732df35475f465d38ed9095238faf492d1,no
pages/kr/796a80c7513be093.json,702,468cf351ab99f33104bd37104d8e3ece9183d2ef4b4f9af8e6dd26a9245da9dd,no
pages/kr/7f7d1d6d6b3dbd07.html.gz,71950,1ec607dfb8bceda772f600a493bde9f262da84beb456d780d3689f63a872e311,no
pages/kr/7f7d1d6d6b3dbd07.json,82400,b95c4b475b26ae018928198fa260263b013cd1e05040741bcdfb60213e80a0a4,no
pages/kr/805903a1e487c5e5.html.gz,103324,98cc59769fa36131fa734f0999342fedf908de81d3a8558b8f4856ad186e8c17,no
pages/kr/805903a1e487c5e5.json,166815,e8329259e44d02b3aa4d2cfc397de751c179c4214f13e0812f107bd4331deb51,no
pages/kr/82b386d5e4100335.html.gz,94895,dad90b7c27e21baa22fe439e1bb6b22838eddfefa1448b4894acf31dfab1e8b0,no
pages/kr/82b386d5e4100335.json,154770,60b8ddd6b5414997bfaade56173468ce8284f023f1e2adc608965fa523e0c4ca,no
pages/kr/832b4cc513bf5668.html.gz,96731,5334bd516dcb7ab4254164f81c782cbc105e19cfa8ed96622d899b150786fd61,no
pages/kr/832b4cc513bf5668.json,159145,23c53d3f89a48c697f66ccbabc3d278125c768fefbbeaba3d96a406ff8958db2,no
pages/kr/83f87d8e23dc1e65.html.gz,113975,115e34a30b43adeeed39e1c291efa8f88e16855d85a447a7a9fb6854f9cce952,no
pages/kr/83f87d8e23dc1e65.json,172472,786ef7a343af6f44b9adeaa9aef1e756f0b7832214ab5b74b24dfb02b4590ba9,no
pages/kr/876e375909b20b8d.html.gz,157454,413e229f2827af39021075823c26629183237f64746e5b22a59a8cbe8e3a3c93,no
pages/kr/876e375909b20b8d.json,312208,001b2b14ad8118140f19460140dad22382957b861f3809f372ac12f83c4bd66d,no
pages/kr/87f43228b4593371.html.gz,104079,0abd020233c91cb534f6d6143548cb0dfd2a01515e8b2467eb8fded948c95357,no
pages/kr/87f43228b4593371.json,168833,b1130d6e5359eeacdc7fd45b0874d79f5621c367eacc7c19f0100d52e5501bca,no
pages/kr/8d50251988732f5b.html.gz,102857,e699e2315a9172330f4c6cc72f8521fc1dd8e7d6eb289f8edb3457d6360cf819,no
pages/kr/8d50251988732f5b.json,156099,c681850afca0b3bbed882d39309d74359732ca03c54feaccf3f2dc152c4e02ab,no
pages/kr/8dcbad5af1de5793.html.gz,103442,1a5906d38d4b1ec289a61436e993db959716781ca712f37a856ccd70079b7b7e,no
pages/kr/8dcbad5af1de5793.json,159455,77033901eae7d8cb1a2d9c9a1c0558375aa724aa0d1ea9175811d5c3ed4e8ae2,no
pages/kr/928f9e63253c67f5.html.gz,103459,4f8d4a6c1d608ee273c77e01f0418f36bee4e3157dfd3f9acadf41f564d67d60,no
pages/kr/928f9e63253c67f5.json,166076,7fda2a4237360bb4aa603ac36539a4386d9e648a71e9d3fab0886793de851987,no
pages/kr/937d12917d59e54a.html.gz,129279,8549122f4549a2607703be59fec65d3ba514a3409c89995ceb95149937ce9176,no
pages/kr/937d12917d59e54a.json,192861,1718f4fbd431ee83ca8499eaa496bc03dbba4b98c9fa16d23ef17515a09652c0,no
pages/kr/96be6c116786c260.html.gz,74673,6bd17d52c2ecd4ed011497fc0a603f24de5585d06dd0a605ec180c5562995803,no
pages/kr/96be6c116786c260.json,103840,6e8f5be5dd7498481fa8b7b21670b2a631d9c55a691ec63c771536161c73145e,no
pages/kr/993edca7d28d9f18.html.gz,77123,488286bf15f48226883aaf3ad6545f397640688c5c0980287d25d04ef01e6a4c,no
pages/kr/993edca7d28d9f18.json,114577,442a7620c577cddcac99ef24832136eda4b7003d9aa069438b5784396c4c4525,no
pages/kr/9cfee414f3fc049f.html.gz,103691,842308b250cc67b6c89aec3d672c30b076f85a47cd7da0c93871a3d2bf5288d3,no
pages/kr/9cfee414f3fc049f.json,163934,d51ecebcb412ade927b998a0ea681da994efdd242fd237e9dff887f7237d75bd,no
pages/kr/9f323140edac87dd.html.gz,104857,dda788f794b1d608b9fcf66177ccc5965138578cb3b8095aface94904d74243f,no
pages/kr/9f323140edac87dd.json,168818,ce6190042d68d64b5ab7857e18d4c1a62615bedbcab40d2adb6fec636d2a9243,no
pages/kr/a28a59c38b79bcc7.html.gz,96516,9e8ce0e6b3bdf0e2ae9ad59b58473dfa9863f1be0d2e650836145ccee7d7b87c,no
pages/kr/a28a59c38b79bcc7.json,158657,6b634b420867c61c7644065938e20990f83a10053cef2dcb2748129966598ea7,no
pages/kr/a37ba70bcfd43f42.html.gz,94902,3f7f2a95fb2fedcdd0fedc73845755fd99276995f2aa33d4558f1f9554642bf8,no
pages/kr/a37ba70bcfd43f42.json,159535,81c7d5449e00703d38936dfe358f4061d8476e095b7c31a31ef4d78739f226d8,no
pages/kr/a6f07f674982fb57.html.gz,96473,7120ea94fb2e0e0080663f1b4fb9f0560a0264f1a442c334c0d7c40f89f32848,no
pages/kr/a6f07f674982fb57.json,146412,0ad1f7086508c455849d5abf761f34cb7b2211626283383649ec36d0eaae0b37,no
pages/kr/a72b5fe2f647d49b.html.gz,63020,d8f59a283a43dc0dfff4ab78075970602c0b392768e5afb2a8c91f65428ddf33,no
pages/kr/a72b5fe2f647d49b.json,66292,1bb6d626737ffdde90b71d60dc60a0582636273d8923c9dc4d20abcf004b695c,no
pages/kr/a7529d8741add2ce.html.gz,101065,b13724861dd1e7de1f190b361d085ffbc168737ed0ea7c57aaba5ac428877e99,no
pages/kr/a7529d8741add2ce.json,169057,27c74f19c55823719bc8000cf62f68ed2316441d812fcd9e81621f3b92bac7b0,no
pages/kr/ad8b6f5024f54828.html.gz,105498,8d217ed33cc4bccb75ebcdd8635b9f7193b539d086969cddd8dc6272bf095334,no
pages/kr/ad8b6f5024f54828.json,169254,bd87bbeeb2353f95309c963680ea1fc09f058fc42b5b8306ce074a0c1890e986,no
pages/kr/aeef7ba2a75b749a.html.gz,102922,a5c52de52a525a66f57b83aaa9aca3256deab6682b5b7e10e132037617512d23,no
pages/kr/aeef7ba2a75b749a.json,163486,01a89bb230eaaf60dba3f8ae5b7300459c55cb8b595996ed8fec412239ed8d0e,no
pages/kr/af02e0d91e0391f4.html.gz,101526,75bc9f7890378767aebf396cb0833b7416b11a2bc13de4497cd99f4945ecc2aa,no
pages/kr/af02e0d91e0391f4.json,166169,86f68c04e4518d2b79c6ed3c9f524d0a652c8a97ebc300acc07760a271d36ee2,no
pages/kr/af16cd45a9cbde32.html.gz,102538,2fed6d3734c40f5533b59fad8362d0d1cf8994d18ee852cf42e8eb4d5ae703b2,no
pages/kr/af16cd45a9cbde32.json,162263,1e4e27ed10525a71c3dcd894af27fbbe15f1e3bde86259e6cd71f33e7e7939cb,no
pages/kr/b256376747b62bde.html.gz,96091,c4483cebff209573b7ac8e1f254fc5eeae0a186a9328c1ef264163a29d21248e,no
pages/kr/b256376747b62bde.json,151937,c9b3871d700210846c0c7602066eb827b7175dcc1217ad16985788ce8a08197d,no
pages/kr/b5e050f84d21346b.html.gz,95272,b401d9712fbf41ef4634bb35fe41572d3591dc2f6ca1b3b75d10ff0e7c8d4da6,no
pages/kr/b5e050f84d21346b.json,155253,e81d8d7a0421e2662f193b38594315e6eb909a0c6d787d2077c8601803e6a652,no
pages/kr/b7afb6dcbf4048d2.html.gz,76487,b14579dc700e1cef25982a83865342d209553056ef8b2a1a31824b5278c096d2,no
pages/kr/b7afb6dcbf4048d2.json,99521,8e7b7d84effcc6a486f35ee13e0a7e198e9ed721dd0700459e7c191ff839277e,no
pages/kr/b91ad4a887f1c94b.html.gz,91225,dd29e7f94d6e162d9c73f71a82d338bbb5c31e0fbcd1284b1588f7bf8934b7f6,no
pages/kr/b91ad4a887f1c94b.json,147089,9f49d7827dd153b9ba15ff227781580c606ed7691f2929e026df706ee535a5f3,no
pages/kr/b9670b1172b5dc18.html.gz,104042,37ab6eb278de0835603a5ec5efef3e2ee52fef43057a8c7e912f0129e022d668,no
pages/kr/b9670b1172b5dc18.json,164499,34b62513d48781cc51bc6733f6e166693f9a9043411743bae96dcfba9dfe7c90,no
pages/kr/ba37e2e2e611e28d.html.gz,81527,d5420498e9726e251103a2d969a411e4f76221ce847cea5f8e390ad679c68d5e,no
pages/kr/ba37e2e2e611e28d.json,117858,da6bd445526077c5c4dd889d25e381f81d9bd33f8f86869d7cfa3b2d17dd17b8,no
pages/kr/bcf640b6c09f4523.html.gz,103157,b3deca8195a1ebb85df06a4a7cdfa5e5859ada2c65d1297ae1e13178555b2013,no
pages/kr/bcf640b6c09f4523.json,167849,7ce59288f59c83a34e53d97ca6afca8644a082007bd542e364f575696b000cdf,no
pages/kr/bd686adb27875cb3.html.gz,64869,9919e97345a5f6ef8ee666e9aab8e3d840de334bd90016ae4af638cb947a12b2,no
pages/kr/bd686adb27875cb3.json,63489,194dbfb80abaffa0e29b9a6bc5620d20ff69be3d0349469c45dbfa3d8e5cc0d8,no
pages/kr/bf17eed43dd8899b.html.gz,106301,661bc048427d06d7fecb8060162fb508c3ad8da29e88668fa4556a022304d511,no
pages/kr/bf17eed43dd8899b.json,164581,9264de57c65f98135e4571c93bd3006ced284c77721641549276ac79dc8352fc,no
pages/kr/c1359d18abca7926.html.gz,101319,467d585a88e67278c970112fee721c247d9ea2c121d4d2befbf29ce62fe5f8dd,no
pages/kr/c1359d18abca7926.json,155490,8a96ff828d2214c15f28b2454e06cf6de7439f12882f919de247b0ee3fc01a7c,no
pages/kr/c21d6b24281be2b6.html.gz,123121,76ae3f87779e2adbdfe67f11a30cde4b6509b2a33ed9208b55f0e98c3a8bf5bc,no
pages/kr/c21d6b24281be2b6.json,186118,25020ed7bb4e225df3ae6b4449cc6883d446a0ccb1b0a030aca134fe4506f3bd,no
pages/kr/c761538cbb0fbdd9.html.gz,70823,876bfab613ebd955bfbbbc1bfea4900fa2155943391ceb894c91da56d19747fe,no
pages/kr/c761538cbb0fbdd9.json,92827,7cf31e697652096cea6ea630ba39abf1c5764670530fb0d4938b2c9ab9bdb8e3,no
pages/kr/c8480570df89cf7f.html.gz,107783,e87e2da9fb29db95f80d91d05b61b500723a1c432f403284c1e742f9346d1dbb,no
pages/kr/c8480570df89cf7f.json,113017,7a37b6ac028a73e62dce22a84a130a68a356c7219be71cbe12b57f92b79321e1,no
pages/kr/c968717e34c64495.html.gz,93865,d101567d730b7cfa08118e09b7e89d01078bfd99cdd6f29707d7c2d2d0de5c05,no
pages/kr/c968717e34c64495.json,159159,05e7bf3f1a691ccd6ec2fdb38d6da74e0e6e7c7e9b5077434ce2a40db783fa31,no
pages/kr/cbddc80adfc5920b.html.gz,93770,2849d202d24af1c2e727d7a961c24a98171471ea30aeaaa86fe879e98bc3d4b9,no
pages/kr/cbddc80adfc5920b.json,158048,3c97af9de44d69a9ec34bcdb26ac46d9ff7f69a2fbc9f937fd8fb5b2987dc990,no
pages/kr/cdd0a27f2cc76cd6.html.gz,109261,acc6ea36d0dc3110a6a0773df78cb7abbf1cd40be4571f9ea5a297f0f5ef0591,no
pages/kr/cdd0a27f2cc76cd6.json,176815,9d8213b453fe237deb86c053c9629966bff52da536f7c742be74004d069e3506,no
pages/kr/cf0b42a835375ce7.html.gz,108004,4bda7ee58de8caf98b504d3371d59b39e32ea286bea5fc8491fdb24b9a0d70b9,no
pages/kr/cf0b42a835375ce7.json,168087,eb84ac5bf09207a0da5f9731604a04521702793e6904e8c87550c5dd56c1d719,no
pages/kr/d333295af4583fac.html.gz,75016,48d64511097398d8ba16a94ab8bf2c4a9d20a8bc40c87b8bd463c7e8efce53d4,no
pages/kr/d333295af4583fac.json,100743,a38627facdfe3495ea1d1ede5a6dd3f2f2f10740a4137d1f7b0b922fd9430f5b,no
pages/kr/d802bfbbad463e8e.html.gz,77230,f9dfdeb30928a7f327636b36e6f6b30f36d5579d84b5986e8f88cb86622a5d81,no
pages/kr/d802bfbbad463e8e.json,95528,f8d760b248b1e82a164e2c9e149029ee96793fb3e9feeb122187824fc3d15a5f,no
pages/kr/ddb5e170f86e0a19.html.gz,104116,47bfbdecfeb1f57f4f46600251ae53c590ba9b926d9fc3309bc482f8ee93c510,no
pages/kr/ddb5e170f86e0a19.json,172060,c20dd68b3f0318e6b5527b40f4d2d24a6bddcb3e4cca584e9e99ce78869a3862,no
pages/kr/df2ade34b07f2b98.html.gz,79041,2e824b8e4a7c1e3300cfaba85e1ee07ea89452ad38e057a819043a10083ce434,no
pages/kr/df2ade34b07f2b98.json,87176,76e6765f60017b1cc1a1dcbc5517d59fe04c43f0d99f9e763053efbfdb751c3f,no
pages/kr/df63c3a5635a2dcf.html.gz,72642,e46f0c59d95fb2c47db96d2193036e7256333bd717e914181077bcb846c5fb61,no
pages/kr/df63c3a5635a2dcf.json,118151,00e2d47cf1893d8c61eaba215b4317e57d5c96c0830ae2b3639b381e6ef7e862,no
pages/kr/df6defc8e14e8b45.html.gz,103019,56d4e97175b7d321ba0c479db5234e009885b369ec0cc5eb1d8c8bca1f509e48,no
pages/kr/df6defc8e14e8b45.json,161785,10218a2a88119ab6b6a09ff90fec33568d96d41d7940af121457a711ad4a31dc,no
pages/kr/e509fac6203d31be.html.gz,76551,23527223b77f50a2623aa585ff622f78d53db25bcd42e6414452078e2fde83e4,no
pages/kr/e509fac6203d31be.json,99631,1ad7f748cd80ced68d9a83afe2b713140b0bf9075388a1b2210c60c003066dd7,no
pages/kr/e6d5559984d80c33.html.gz,95787,4b3a335c803bc3fc64954dbcf7cc900bb77070ce57a311d6ff18ec7bbe6285e4,no
pages/kr/e6d5559984d80c33.json,155920,5c424c4a7aa3817b7636f0c12a7505d5a94a84b4afb274ce214637a7f0fee753,no
pages/kr/ed02bbbdb0a3b2e4.html.gz,102492,25c600da9b59d18cea01ae4bfc4a75bd0a649407bd3adb2c9b4101c464b08ae4,no
pages/kr/ed02bbbdb0a3b2e4.json,161142,e1cd8ab0ee2f46afa415e2dc0a6c28639f57974455002333f93487d052ee5c6b,no
pages/kr/f1451b70bfc480ef.html.gz,96004,20e6f4cf9644547a65e75301142088be9aad15ed2479fa8eb83a4b14dc7fb21b,no
pages/kr/f1451b70bfc480ef.json,156390,47bc4ff521d0c1c7c64c104852b7b08baf1c981c3bc77f7b6ddf20f02e016a61,no
pages/kr/f3aa6ef68c84354c.html.gz,101546,3f02ceae20bea8c9a5df2d40d45e7ede7dfc976fb8f6d540e91c64ab06bc2687,no
pages/kr/f3aa6ef68c84354c.json,163621,597e018c67f4e6d32b312121a8ad918c87986efed4dceebfb236eadff236cdc7,no
pages/kr/f83b222d7220cd9e.html.gz,101428,b7d5d57d908ecc9ff730b447cb9ad66ffdeb5b0a116fc00a0366621b6ddedf9c,no
pages/kr/f83b222d7220cd9e.json,165446,25c7beb7b353dcf793792b2c887491369adcf684120307e5266e49a967bad089,no
pages/kr/f92d4bf8d5ac2805.html.gz,107649,1af3378c2065ac90547d8ad2a84d10788c5c6f4290bcf71e86f27b217c156a71,no
pages/kr/f92d4bf8d5ac2805.json,173451,11295123f4d131cc151e7d7fa085ddd9bdd519fa68de6570efc71487a3d93e30,no
pages/kr/ffce359d028a3876.html.gz,95939,abc6b9723d374d48cf9105b1c63d263ec84db58b51342aa4f2d78c3108e02252,no
pages/kr/ffce359d028a3876.json,152483,2dfff348e36054b7673dabec565bb2505d33a4158bf09a2c858d5d623c273b57,no
pages/tw/006056a09c009a26.html.gz,80028,812b1ccc31e3a89cf2953e40492365c7ee175bf3f6fa564d2e987bb5a9f1ff5b,no
pages/tw/006056a09c009a26.json,114513,e54008fe84869158126fc8643da7f709b93e9013c7ca33dfa0e690a0f2fff9c9,no
pages/tw/031cd39da0fc7b24.html.gz,151123,df6057614aeaf8868a74181f4e4a1be70ac3b0a448e3d06c2984254744845f8c,no
pages/tw/031cd39da0fc7b24.json,201110,50c7db431142b04eb2844a9cbccbc599c5314afa1307c05a29e7d9a25ee5e006,no
pages/tw/10e80c22a20b59b5.html.gz,107212,bd4ca6447bc2be74863c30e925361917070c507ee3103259fb5c817791d8dff4,no
pages/tw/10e80c22a20b59b5.json,145910,2fa5f5ea02361be1f7793a296aa4cec14cc82e732b9aa2e053b02bb7b1b6f57f,no
pages/tw/13302d5ade4d5c0e.html.gz,121948,1b69065863b2d1351956e44b16188c91c7a84ac542872c710004bf676e8c4ddc,no
pages/tw/13302d5ade4d5c0e.json,159539,98711cf19bef2d4734a13f6254f29d85f93c4203a783f701133f7e3d6719ca70,no
pages/tw/133a5288d79c04b0.html.gz,107502,0e9cfc3748294a16a799443b5f216f2c4cf43f47f9bd1cd2f46f666fd739803b,no
pages/tw/133a5288d79c04b0.json,146833,b6d2bc77d7363c43f65ac0be2303c66cea79d9a8cc83765c74f2618dd34bad21,no
pages/tw/13480d41af940c2a.html.gz,110975,f0d96ae94a233b0b68ab3198e19288eec9233c7bcc5ec7922ee4a1defeea6ec9,no
pages/tw/13480d41af940c2a.json,147867,3eaeb6879cac09441a88d51666fd9c64ca71a1c71af5816df06671248c362bdc,no
pages/tw/1542876167a43219.html.gz,108076,d06962da3ff77d5139ecf5a40e6d3f001667994e117862039a34b862bfedf44a,no
pages/tw/1542876167a43219.json,150020,44c20e2bb565b624ba2e4909e9fd2527cf0a80008c1bf7554550c5ceb5e0d657,no
pages/tw/162734b1b4a55cac.html.gz,103742,60709e527a5e4aa317a5aec40b826cbfa5c4a681e0e06f9a1114d411648beda1,no
pages/tw/162734b1b4a55cac.json,142487,ec97dc06f7f51c1affe0f6346361e7a57f68304cf9c312024a0f2759ba616392,no
pages/tw/165e48436611faf0.html.gz,113006,660b6520fc8b7dfef4063721661e6745f49234dcb9e3e1439709a56919194885,no
pages/tw/165e48436611faf0.json,148988,b091d19c80860dd37190445dd7138bbc6b974d1dd37c51b155a3a224961760bd,no
pages/tw/1e3a93e95224cd0b.html.gz,101405,9aa1a3a28366210640507ddca8e0f1a94460493ebdeb6e8826c229efe689f4ee,no
pages/tw/1e3a93e95224cd0b.json,138849,c66cf831a3a848b9b9f6e6fe1ccd42815d428f54d34b66d59f3a14fdc013ff12,no
pages/tw/1eee8326ccd2edd8.html.gz,108301,4fa7f4e5b172979b6219d92862ce4d0ea443027f48ea08b958e21e81d76eb838,no
pages/tw/1eee8326ccd2edd8.json,149257,b4b31d7c2797e2f43c14c93532d2fce8561ca6d39c42f829f4a4a5acd07e3508,no
pages/tw/2a756472c391c61b.html.gz,109957,a6f47920416e8d1995b9a2f257e51d52702b9c425029ba0e39d1f856d2ab03f2,no
pages/tw/2a756472c391c61b.json,146622,d05755cbbf4d4040385b7e8db0da9268f20880378cc2f4dda8981b15cccc9914,no
pages/tw/2b6db8104ad1ce21.html.gz,105142,3dc7644769bb1e0c0f9feed5421466bbe650ae0942c452feead496bc89e1dc45,no
pages/tw/2b6db8104ad1ce21.json,150332,f6c61c4186354173d515fe336e4e0c1fe0027c538e3c2dcebfaa0eb6d9d41d6d,no
pages/tw/2ca6e6bef8ff07a2.html.gz,105636,e68f1f879ef20b8f87424238d1c554ea187a8ced4d49ec6ccf367dcebc6fe38b,no
pages/tw/2ca6e6bef8ff07a2.json,148251,82aab5ea7f4410519c4e815a49e5bbf6664dfd9332bba1e6ec4d78c9d48d91d0,no
pages/tw/32d7d42a95231932.html.gz,97777,7fa9f07b5f2b7ddb2d953b5bc54d3df78bc6e474f8d915c374c21419d332b9e8,no
pages/tw/32d7d42a95231932.json,139382,ca753a0f3ecb7e95a1421bb8a57bf45d8422540f62a5fca1c98ebb9412795bdf,no
pages/tw/35a499e7f12550df.html.gz,106403,77e7997f0d44d02c500dff87bcfd7e056b17645b0cfb09f758fd4ca089c43e5c,no
pages/tw/35a499e7f12550df.json,137056,8968147ce21f18e607805b7296a2d1f5e45965135452cfa205eb8b9ca21fd8be,no
pages/tw/375a7b1c30549f24.html.gz,105779,948fdb6df411226f7cdac03888c01267b966afcbc6c2721c11761af48c6fe0c1,no
pages/tw/375a7b1c30549f24.json,143136,00962a50b1be811ec32bdad5654e48fa5f2aa16e0c4318cf20362b4e832ccd3d,no
pages/tw/38453ee78c1bfd71.html.gz,129,02a06ce09ea6acbd70f91ccd07c726808e74b22b77523dc79e128fa6b8d438cb,no
pages/tw/38453ee78c1bfd71.json,708,f6766a51b111c70cea704c17b961d694adc4df4342d0954d6dd93e497af823ed,no
pages/tw/3882b26d7c98cab9.html.gz,110102,80b2d3c3a44bd9f6aa13f53e27292342cd5ebd51339fc4cba509bcf9731d675b,no
pages/tw/3882b26d7c98cab9.json,145830,6189d8b442894fd17bbf3d870183c39ff9175984bb49c8d05e224000e7edb8a8,no
pages/tw/38aced012950435f.html.gz,106865,e6deb179e9ddb4d86a1e654ecf5b396ba0d75ce68af57c7a83bc7e3e6c56e0e5,no
pages/tw/38aced012950435f.json,147188,61113a6a880eaac131f6f2401bdd5b0bbaf4612b8102ddc3d11681a6970f3cac,no
pages/tw/38b0975ebe45735e.html.gz,106098,6c4d277e7fec4710da22042225eeecbbb048ad8f9dd2c0971b8e5d9d16175130,no
pages/tw/38b0975ebe45735e.json,142695,a157bd55b7a7c1115ec1d9590af5bb338b07d9640217fef609048fa57a905ec2,no
pages/tw/3ef1a47db2f66d7b.html.gz,128297,1ff59db63de94912df1da39b8afbe3fd7305ccdf19489f93fb47b549b6fa39df,no
pages/tw/3ef1a47db2f66d7b.json,173945,400a8b5cfd45fd980dc5d1481f599f7dfe8a2ad5220cf09d31139544f479d5c6,no
pages/tw/3f1a2412b5eb5d33.html.gz,98923,c970a60a1e2a8808b6284cc636dcf4b86bbcd4cd1f2b08619ebec574ef013039,no
pages/tw/3f1a2412b5eb5d33.json,141304,8eb02d13f49d360722739de5ef0dbe9e253cbbb5bdd96187589441ce293cef8b,no
pages/tw/409d44071ab30b14.html.gz,158762,ba88332f1fc14e86d0068accd81aef6f34a39f6e0ec785ad65827d627c53b10e,no
pages/tw/409d44071ab30b14.json,260357,e5c96ebaf32a461b4c13880dc06b92f276b0fe1de64c044b59463444b73395bc,no
pages/tw/433ac66b1e778c2b.html.gz,97819,a439bcada24bbb1bcc6ab48b5052c3d2ec4516806aa518416e2969f9c32d6320,no
pages/tw/433ac66b1e778c2b.json,139347,f6b5455dd89edcd405607d63d237188ae12b7694d7f10d83ad65c844bbb63df5,no
pages/tw/458f33e7b938989c.html.gz,129815,984311d4c6e7a0ccd0cfc1f9778dcec3cf2c0496509cb57817d36d23a25fd5fd,no
pages/tw/458f33e7b938989c.json,174900,6ec9d3e3f2cd95512f17f67b8f68f7497253144a9dbe57ba160d8899238174f9,no
pages/tw/4a72df12fda97db3.html.gz,112251,ef183dceb3a78acad9561ba09e03455c30762abf7bdd488a654b77f36c6bb3f7,no
pages/tw/4a72df12fda97db3.json,108468,0d1bbd4b97060148e15740a82b435ae71fca4744f779114110fd114d9a37bd6c,no
pages/tw/4c5d4e3d0320a315.html.gz,75871,6ab62a9fe40d130124dc43da73f909eeeeba795b15980269ce0efe8f35d07e7c,no
pages/tw/4c5d4e3d0320a315.json,106255,37b0b9565fc0306de72b57ab74d631e688bbc49bfac0bf4e0d672f8f3bc7b667,no
pages/tw/4d820109cf710a6f.html.gz,106561,cc6f8a7984b5248e6fd98124fa9184d1cbb3a2e3c30d320ece7da29ce7196af9,no
pages/tw/4d820109cf710a6f.json,149328,cb93036d66e207825129d31b8aaf544cefe74733129db0df39cf16d9b03d3800,no
pages/tw/518bebbaf9b0fec0.html.gz,106670,3767f538e5e3def14cdf2c7d544c3df5f8430f4132ca4943690941c372e3950d,no
pages/tw/518bebbaf9b0fec0.json,148043,f7ace7ecf284db2ce5d5442f846a8ade700816219a68f2fefff9fd9f856d010e,no
pages/tw/51f6533171d3c9ac.html.gz,111651,eaf28eb7549b9601ec67ceff1e41e455b3b17a56b9cddf1b849c09d44f1c330e,no
pages/tw/51f6533171d3c9ac.json,151210,98d2335eeae0bfd09b4c4fc3f142b141080184b10cde1fa744413744864f032c,no
pages/tw/536f9653bd995627.html.gz,107350,afdcb8741fcb4f54a5fdb2ffdeb8817ae1c4d46023e7d694c5b1be01ffdd873d,no
pages/tw/536f9653bd995627.json,103348,4f5c52b7e07705839684bca543ecce41128049dae37f0decf50edcfaa032bc66,no
pages/tw/549065d01a94a92f.html.gz,74529,2aa7250f37aee8766b0322066ef7e050210d85920b9b2864e7244c0ee51d6d3d,no
pages/tw/549065d01a94a92f.json,65688,1dae0d455e33d17159dd4b22c4df1469e79948fa368e5b3ea2841d29ef47f89c,no
pages/tw/54b027fe32e13a25.html.gz,110500,cfcff7f4dbb5d9d7aa7b0a05f23ce27df08ab2fc22315e29cd424ecc2a677c9b,no
pages/tw/54b027fe32e13a25.json,151357,b44cedfb5919cfad95504a0f3f79ee4cf2e6ff89bc6bd2eacc46cbb1705be68b,no
pages/tw/59b47709b266ebde.html.gz,107731,0512a18167bd01f417d311903e39234c27d83a304849bbad7f035791d9071acc,no
pages/tw/59b47709b266ebde.json,148916,1d75421f019074191cdc4cb654c73190d985270ef50f1777203f711b177afe71,no
pages/tw/5e05f896cf7cff7e.html.gz,137151,2fe90c24bcc470f73ec31993265b56b6b93dfd9dfc922956471093718223e1d8,no
pages/tw/5e05f896cf7cff7e.json,77391,56b5bdec666c387dc0665270acb830c4777c6f7098f4efa040e1a6b8af62a6b6,no
pages/tw/607f6a51974c14c8.html.gz,79865,c27e3e89c52bd85cf273b2df0982a7412a249f3058790096d62ec206f8f09929,no
pages/tw/607f6a51974c14c8.json,103880,8da87b975b20246308398fd612c2fd5933c5c9b1866e3b8250de69186d4d610c,no
pages/tw/60bde4770b2cc0ff.html.gz,105435,9b13fa720285752c59813ea7f104a6890481fa7c74730f17bf20ea3e840e063f,no
pages/tw/60bde4770b2cc0ff.json,142202,9c87e56ef49ebbe65d177ef0d65b7365ec848ed2c938a7fa8dc616014f93b091,no
pages/tw/60d30d957261d7fb.html.gz,101843,c21a27a6991f903a32cf73ac99d0325c11680f1ba3c39309be9b3a8f5139ba74,no
pages/tw/60d30d957261d7fb.json,136298,2bc68a4044855370bb5c9f5c79df570e1328c03b493b8b9ac4bd2cacfdd838ad,no
pages/tw/60fe16b9341fd4af.html.gz,104843,ad757ffea12bfc1465b7a26a9214feb09ea250ab03263dab2fa2a7eb97325b35,no
pages/tw/60fe16b9341fd4af.json,147678,f4e15aa26f1ae10b6487c7ba420f723adfc1f2192e0412245fbc1b5a728fb448,no
pages/tw/618f5a8784f828d2.html.gz,97774,abeec8a3bafde8cbaf6750d806ae7952c1f4771565fae9e8e1dd744091f4d030,no
pages/tw/618f5a8784f828d2.json,139269,c1928cf1ccf8bec3ce6cc6be131d959d04d1e3bca45111e2adef5f2856240ee3,no
pages/tw/63392813cb8cee64.html.gz,86745,e0280538f5840815fde4c3b73be6f71c20026c731825771f364bfb091b283c5f,no
pages/tw/63392813cb8cee64.json,129593,d94d9e271cd2e356a0ba4fa55b0f34f643dccba2cdd8310e934b540f78ec76f2,no
pages/tw/6421396685c859a7.html.gz,82471,3075f30bc2640dc055ebe2681a486488374159f450893c89cf3e66fc5c02ac2b,no
pages/tw/6421396685c859a7.json,97916,3cdfb866e1ce2f228b9c159da52ed7e135fc312ccbde35f00de7854b0ea58d4a,no
pages/tw/69c27508cecffe1a.html.gz,98690,c5ad8e567c507cf05573699b186c6c338db8f9e9b877e5604aadf56525e789a4,no
pages/tw/69c27508cecffe1a.json,138243,912bc82281206f4e04677b7f0767858ec65be27590efae4297045a461c56535e,no
pages/tw/6b85d533e45b6105.html.gz,111276,6cfca24b29d165717a26cc2a89dec0165f64bd86a79b3b7150ded0516a4b40b1,no
pages/tw/6b85d533e45b6105.json,147173,d487ff324d120fdf70c1c19f20ec1912c6953da13c5a227bed8064d2fde012e5,no
pages/tw/6e9e289070468980.html.gz,101158,32a0a48c3e86f234956e5fcc6ea2b08b91c4b5896657501ac5ec63486548419b,no
pages/tw/6e9e289070468980.json,139907,85f94d0eec364aa857a18b115e56cfe06be48930129d45a17d99497bd99a1cfc,no
pages/tw/6ff98c89fd1c80d1.html.gz,121893,499bc22a226e9bfe62bef00203fead1273190eade1a4339272aae7205a7a2e1d,no
pages/tw/6ff98c89fd1c80d1.json,166685,25e720ce4a8c12ec20420d0aa51da32f2cef4dd02feead82479d3e379fe2cbcb,no
pages/tw/707bb0e0b5271446.html.gz,106883,163ef41d77c3d8f8cd697aaa1cd4fc38f0eff59ea080e2dc7f86c9e57fea2bcb,no
pages/tw/707bb0e0b5271446.json,140172,b17c47e5ba0daf82e621827a6d758d11a33d09d40380fbacdb07d56f019d4083,no
pages/tw/76a17bf093990e67.html.gz,130817,e65f695236c12719299c6c64db501bfd651ce68714c398946f7832ad38311726,no
pages/tw/76a17bf093990e67.json,271268,c20517a2c999b7d1f8396c90bed49fa9cbabe0eec06fdc636059e04108938a18,no
pages/tw/771aa4fbc792a6af.html.gz,95419,3eeaa3ba6e1750d50da6a6449ba7b3b670d9fb820cf001bb121bb9dade50c2b3,no
pages/tw/771aa4fbc792a6af.json,130373,80fc70d76a4e144a31ffe99a5932f537c6b41ac1bd6e37112c8ac62155d07edc,no
pages/tw/777182bfa9fdffc9.html.gz,108258,8cf6fda57073a8b064e67da1390f8de533cf8a62f1aca2a6a2e128de4e13d284,no
pages/tw/777182bfa9fdffc9.json,146907,0fdd33f29cf73cb0f8e65272e3fee0f3f207c21900c085ed38f547ac377fbca7,no
pages/tw/77cd238029ad5deb.html.gz,74528,6b46bea08292657e09ed9e30696fb541e31bad2e07a6aa165a233c6a2e247c8f,no
pages/tw/77cd238029ad5deb.json,65575,b64f0ad0450a23484798816db9be23bc8048da99c401eb537a934d1790f331fd,no
pages/tw/7c7e25c8991cf3f2.html.gz,108541,9d3dbf5b65d1dc969e1d8ceae912867147b952fd1a70abe89de5209481043320,no
pages/tw/7c7e25c8991cf3f2.json,149619,ec5166887d11c72811e827b4e2823243d67a5321efff3d86717e50c00d7089c7,no
pages/tw/7dd2c4a836734340.html.gz,106926,95fd5115af13b40b74a284946f548fb327d7c97cc8fc94ee063d40f77cc63d90,no
pages/tw/7dd2c4a836734340.json,149151,96856c76c3cd186d9f96849e8df86270e00a8ed75b5a1fd116fe7057b4aca3ac,no
pages/tw/81f0a0614f0163ee.html.gz,107605,5568abda42e92584d340b19bf698c8bf67e26f7a941d382517a271550d725a3e,no
pages/tw/81f0a0614f0163ee.json,152546,2e9e0bd32c0e8862a3f4f2cdb50669ae741fff38516b6d5424ac96838227198a,no
pages/tw/8324a82a648fe486.html.gz,81948,01962e60fdd43ca6a875e7845f1faabcd6c8e544b5688ed0bf0276afa26b9ae8,no
pages/tw/8324a82a648fe486.json,102845,f2785bae9d143b5650415a3fa73b3cb5b2ad242e1b76a4d5daea5f005d96054b,no
pages/tw/8849544d070de6de.html.gz,82478,d45ee9bec34f6339fa9017089c5f63fc01528d9b589bda732f69e4871e758fcb,no
pages/tw/8849544d070de6de.json,98677,4adb6d5ad52e863a0972f0c7326447fd388a051e6cb145803b9d363741d2f884,no
pages/tw/890f7d89b54774d5.html.gz,118709,d7ac57842b3f41469864e2ce73ca882e31d4154c55fbf80fbdb5ec6a7177b631,no
pages/tw/890f7d89b54774d5.json,159193,eaf51e328de534406d92bc2bf2f995ed922aedbaa337a9ec3ac17984b4c3e153,no
pages/tw/8eb60320e927604a.html.gz,98715,4fe4483452104be9a375844a160a99306921d6fef70b9eb4e79e1a1e0de50c4a,no
pages/tw/8eb60320e927604a.json,137230,9a8a4edb84366e48e70394ee1c7830eba464be511f1c76a0d43bdab6dae52e6a,no
pages/tw/91780cc0f70ab6a3.html.gz,104768,294e5edb098069a4213f27426d15489a5437e58f9fbf19b0b43d7a40424855af,no
pages/tw/91780cc0f70ab6a3.json,139612,d0ee1457287078eba3b4b9c8fd15807371d5a90512ea8df7f62569e36ff2f334,no
pages/tw/929f07c6537c853a.html.gz,107504,72f805a85f7d420db103ccec460feb5680dcba8624ef33cf390f2ae8797e2925,no
pages/tw/929f07c6537c853a.json,146946,484666d75b90ec64bad574f36d56e8f0957793b1adeeb9fa4fd5db9dbf0db45e,no
pages/tw/94308a97248f2968.html.gz,105084,563e610b1b07086d508423650c09216323f10fe5d81117bd10292de28cbdad8b,no
pages/tw/94308a97248f2968.json,143500,cfdf4efed82110aa1c8c4df241fcd9ee5f845eea1da92ef80368dd13445b7e5b,no
pages/tw/965542c1cc592654.html.gz,106402,a515972d36fc85f7fbcb97a23e50cc46f916dff2bdad47252ed29e99b2624572,no
pages/tw/965542c1cc592654.json,137169,b100404110896dd9bd1911a5d1ce21062afe13e4936035e1b4c300baf1c6e0bb,no
pages/tw/9823250d5773d29f.html.gz,106871,4befe20c2369abf834cabd77531c7e1eace3ebdca54a993a1d6a4150ea1bbe77,no
pages/tw/9823250d5773d29f.json,149389,39d1f875b049af2d74500be1751e184c90506b4e15e0fada705c1df290ca017f,no
pages/tw/98cbd3495fc35489.html.gz,147876,608b1642fc0f21b8dc10e7d77e603746f533c7904bdf6fcb9f389be8a6f352fe,no
pages/tw/98cbd3495fc35489.json,200775,79b54f2fe89a4d362b102cab6adac79ad771ac890845494006a1b0ab765b3b08,no
pages/tw/9b796be05f4d5948.html.gz,84880,7ee9554c1ee3cf100c0dd755acaefa2445b2bb234174f1afd0c9d8a556731a35,no
pages/tw/9b796be05f4d5948.json,85226,ad03ee1b01bd945421c6dbf7b7529600d6afac0fe3170cda4c1bda0c6a383354,no
pages/tw/9c92b6efc3d66b43.html.gz,158792,144f88df7d44d50c0ccf7f81e1a06bc1a16df1b48dd6b73ddacd20494bdbd635,no
pages/tw/9c92b6efc3d66b43.json,260387,e4768e3945425e304b3dc287554e68903704c74e1ee8fe822fbc635be0a4092f,no
pages/tw/9ccb91ecf8257745.html.gz,102996,b66c66de178434c293cdb4cd28b46390b3915e0bead18fb4968ac0c000e8a1ce,no
pages/tw/9ccb91ecf8257745.json,146055,2025fe676e222a00ac7eb31d96129d3ccdd90e82ae2d7be8aa33e635206acb4c,no
pages/tw/a0835b58f5c98acd.html.gz,78885,37a9dc940e9361c736eb7cf8a3c4e9a7c4518f889ffb61dae77bb4e8ec5d4c27,no
pages/tw/a0835b58f5c98acd.json,114273,546e5ad9d89bebf792281f8589a1809df832f76a101a999948ec37f1345e062a,no
pages/tw/a100873845a61e8d.html.gz,95170,fd10bfe1efd37413cf4b4d014b47aa7d31c1cb7dc5e1dcddbab0918c2a75d146,no
pages/tw/a100873845a61e8d.json,171798,315bb312b43bc6bb72764dfcf08f8c57ab80bdce24453c8d279596b121d5fc6d,no
pages/tw/a3d8cea66dacf0be.html.gz,95169,1e4cca08b76106855fd0565340b681e4b6039c0c153b9a1f7305f552f73eb5e7,no
pages/tw/a3d8cea66dacf0be.json,171911,ccedd83fa74ebb44c86d71f6458e701b4146a2286856105a78cd91de2b576bfb,no
pages/tw/a83d523d066c508c.html.gz,82444,8d3c6316028a1c8b81c1e7f73003db60eee53ea2c0e41dee02b635bf7b7ac940,no
pages/tw/a83d523d066c508c.json,110693,cab6889602f36b221a67a9439d7a096da40d6ad4993519e2e85d449adf3c3a1e,no
pages/tw/a9831071ef56c36f.html.gz,124706,35074f18be2fb986ab8eda178bf6899fca3af4d2471985bfa61fab25395fc793,no
pages/tw/a9831071ef56c36f.json,164695,b5c9c59a5a47808d8b6303649d0abff989464f240c97d677e1fc9024e40bc570,no
pages/tw/aa43cb6f153bbe84.html.gz,87925,e3a2866dc0938e98d9e267f1a70595f7fb64ed0e29428e5375d746ae5872fa21,no
pages/tw/aa43cb6f153bbe84.json,101395,10df2b022b0ea6bd2137f7a656bdd36a58bfe30a2752c911ca4973ad0f7bb000,no
pages/tw/ab32eb37b5ed4925.html.gz,117571,8aaa0687009c84de94928f1bac3af886a26608ecdbafc770d7caa86592a72110,no
pages/tw/ab32eb37b5ed4925.json,153869,bce4950dedad46bc022eb2206333003d80a5caa8273c52cfacaa18578bc80746,no
pages/tw/acce1fa596a71a4e.html.gz,107238,8045bde5c91a8ce8caf808098fba87a7b4e344b74a9a2e54577052161f501794,no
pages/tw/acce1fa596a71a4e.json,148913,b409a8606e47619ef6f415b18fad3f7698bcd2417860b04d2c3d96237cf0b3c7,no
pages/tw/b2b9b64331cc8b16.html.gz,91404,3575921df565c98884d683dec8fdc1cdeff857963126ec6794bb08e97d77a182,no
pages/tw/b2b9b64331cc8b16.json,103842,244cf9554ff3a8fd8279a2c40b11cbd0923f778f2d370aa1d1b8a0a00333e57f,no
pages/tw/b59297541daabcdd.html.gz,102019,24f1657f26a3601032637b03d634a5cac6ef7db9e14453c433be94798cbc461e,no
pages/tw/b59297541daabcdd.json,151842,531975416cd1186aceb43ba6591e9831ea15d7f4196d2a296cc2a31aa166e79b,no
pages/tw/b9ee72afb8681d19.html.gz,99628,4141bd98be674037beb84cc8667530535d42c38e0938c91e0952a73a210cc20f,no
pages/tw/b9ee72afb8681d19.json,136266,9eab8a003d8b9556a61a772e8aae140d3505f3e0a4ed85127832f1df48012ced,no
pages/tw/be31942bbe72919c.html.gz,112529,6d5aef31f4332fa8b0d192fe652b1c203824ce77e2f65c32062399b2bf3361d6,no
pages/tw/be31942bbe72919c.json,153013,5704c8f1ab45977303896aee7937594e8b0909803b3c218c5db7f157cdea918a,no
pages/tw/be3b8388d5a3c66d.html.gz,105441,30eb2545e536b176bc46d9ecbbe56f86e34f0ed854c0ad111042c697efe70570,no
pages/tw/be3b8388d5a3c66d.json,142133,79d9bbc6a4d5a59055e1c1df8e1cfb85eb09c8e57a5a8a6daf39d3f1ece78604,no
pages/tw/c072014d118e6c6a.html.gz,76543,7bee7d48a07cd9988f663c711ff8d3459d6eb0a93f885f627d275b64ad50acbd,no
pages/tw/c072014d118e6c6a.json,88757,2a1b3d77876048aef9f014597e5846fa2542874fe5eaedfaec94ec7f6f5eb69c,no
pages/tw/c69b52f7450a9072.html.gz,111652,7f802b247348588a113866e11c16ad2c7d04d7b4af357ea63ec3b743f2509e2f,no
pages/tw/c69b52f7450a9072.json,151323,54a44fb623403befb649d157b3f7915f7f6e55eadfa6e4a881f6c67925bf1e8e,no
pages/tw/c73e8380c5d99aee.html.gz,104647,368662874af969b3d7a62cc0c7ff1dfd5960cb86b03f2c12c917e32e4ea3169c,no
pages/tw/c73e8380c5d99aee.json,141172,8d557c9b8678a47aced93ba6ecfc896360eb3fd4586594cde5c86c1060197507,no
pages/tw/cd93d87b0229f010.html.gz,106677,3a5eee751f6502d825f92d1ee5d8fe3a193a3a4bc6806b79b3f84d002ce93de6,no
pages/tw/cd93d87b0229f010.json,147930,b530ebac54a3a5c23176075d1c8c0d1ef32fb51ac352b9c9284cf5c162de49ea,no
pages/tw/d08562d5b3de950b.html.gz,104407,390e7b34f49e20628a8ccff1a552d90ce320e7cdd88f223930e280f8bead1c92,no
pages/tw/d08562d5b3de950b.json,172051,ea4c11180efd30de7e4b31cdc47bf7dc9a9f1df6d2b899ba5927523610f210e6,no
pages/tw/d24a19d651c6a4c0.html.gz,129,fab14f2c4f026bba696c08620184915e2eb44597c27391cee2eaac4582aa78fc,no
pages/tw/d24a19d651c6a4c0.json,708,1e634a3d2a9da788757c78de1eb8382ad774450fe9c7413914ba02af3b671104,no
pages/tw/d2a30bf11a388771.html.gz,76190,31a36fc9cabef6a2352b954897462eb8f9ddd6710ed364db41a08c1fa8290b4b,no
pages/tw/d2a30bf11a388771.json,91696,7cade6564bea1c6024b658d442b7f17cdd5fa8157be3192b437ec8c23e9fe26b,no
pages/tw/d3c2c9aa4349602b.html.gz,110778,c913ac612d0ca697a25df75721527e90a546c558b5cc920f20b265203fbacce3,no
pages/tw/d3c2c9aa4349602b.json,153152,09ec0726523407aa5e771546a237ad2f5eababf8c6ce1fcaf78264a62c791694,no
pages/tw/d73f15993719bb12.html.gz,73729,c28e0e4c9066064f7c4ae793bd161c45c2ded81a6d91722c4c5ee0f0432fc611,no
pages/tw/d73f15993719bb12.json,84794,d06220d5a7470bdffe4a3eed8a8a15d4c3a474d320163b33b40b811f523444fe,no
pages/tw/d820efc5a1c0a307.html.gz,110953,c86568779868bd70700dcc4af77a79afe590b7a3c638aaf33cb6decebeafd0fa,no
pages/tw/d820efc5a1c0a307.json,144591,8cdff3d94af2745021513dbb486e642d3346842a88bd3a6b34a0d97c9448e42d,no
pages/tw/d93c597cdf33c8e8.html.gz,97600,ed4b5408101e2196ed8b1242d004c08e3061772748e961fc4601cbff4af7038c,no
pages/tw/d93c597cdf33c8e8.json,136284,7267fa4f7becfd73bcf501bb8ab49483e741cafe5b022ad83c85e28e782c6c5c,no
pages/tw/d9939a590a6d8c60.html.gz,130569,b8c9da96e4045e42ff2a796653b67f71e9922ed36f6a88cc71d337fc394a5d41,no
pages/tw/d9939a590a6d8c60.json,169014,c4f21c96d4ba3b18edc36e1d109effebb47805d282a64100c3556a3c25349df9,no
pages/tw/e267127820be49d1.html.gz,82468,237422cba79461599f9c65f3e92224482dbdc536fc1b4bb48581e8876354632e,no
pages/tw/e267127820be49d1.json,98029,3dd9e13d90d2f9ba8ea6cae987a72e5446607cdded7361a9694686899f3cd3d2,no
pages/tw/eb0e46d89ba00a6a.html.gz,84214,cbcfe53b5c5f5a69c912429d76494a48395e6210aa712c6dc195dd7734085c45,no
pages/tw/eb0e46d89ba00a6a.json,109769,b17b020adbf2057344f24fd0444fb086b8a9be189cb071317615e8842b704a29,no
pages/tw/ece32ef308fed7bf.html.gz,133097,9be1aa14ecf4e7fb8597c64437f60ea0c5d75f88315c91f8be112734f85e2fb0,no
pages/tw/ece32ef308fed7bf.json,180453,3650b743c8051234521eed4f1f6077eb2225a9babf8c112d0d65ec6a61e57b57,no
pages/tw/ee106b07baceef35.html.gz,126391,ee2fc8a774875b1fb32eb84c4b1d88c7611da7070431efab7e24399f109430fc,no
pages/tw/ee106b07baceef35.json,167330,507c20310ecb5f2e70c6da2d51e61a455f654cdd1b1c1f23c56d8830a249bef3,no
pages/tw/ee2c89f11e0247ba.html.gz,99520,dc2f9cf0748cb37e2c5ba2f6e7e66d5e9c38a085d4afab542f9141d2d3b73006,no
pages/tw/ee2c89f11e0247ba.json,137345,4a31730dd4cbc35456e18e5bb955856830fb68decb02cbaa71d4325c2328b9d0,no
pages/tw/f4271a4e32a13be9.html.gz,105024,8a2b35f7178848054a28ec1fdfc0516c5d70103257360c530dbd4d2e235022ef,no
pages/tw/f4271a4e32a13be9.json,144795,20f754a76a2ba2e632eb740d1984be57ab233d62a0d82f8f018028c3063fe9cd,no
pages/tw/f4ad6479150df76b.html.gz,99846,47ad144247eafb3e5a5496e1fd7e967e9701f9199194ed880cdab21f45cf3e38,no
pages/tw/f4ad6479150df76b.json,134123,12a57fd11116d24866c94a36aec887b2ac6125f704f6ae82eb20d8047bdd5651,no
pages/tw/f5a90e4e2bd2f6bc.html.gz,76720,a21fe27abdf33075b015c658ef42f77d5fa7861b016bb03e399171c29b73c0dd,no
pages/tw/f5a90e4e2bd2f6bc.json,72548,c7d462226405a4d29234744c1a3c277c930044c53a86fd72b9b43040bff4fa37,no
pages/tw/fa8397fff3f64a7b.html.gz,79793,d8b6c55e2320ec9e068210f0ba0a2fcbbaa3934b468bb71c69ccf60ff94ccae1,no
pages/tw/fa8397fff3f64a7b.json,73259,c1b6c8993de6a7c44183b4f6fccc59ccdfe00ce4879c0c58c04ddd8f8a66d78d,no
pages/tw/faf7c61ad1290670.html.gz,106553,3c88dcf9e0bd13657482e22e77cc21e732d6159a59215aa8cac06ceb8ab7293b,no
pages/tw/faf7c61ad1290670.json,143331,2e5bddec32ae66ac6f515c6bf619e7cd2222bf369d352f3dece0efcebbc62bc7,no
review/rendered_code/00230c092fc80103591a34f0.html,1478,5d0c852b374e6fe0bc0099100ab9193c130032fe93786ebbded7a123335df06f,no
review/rendered_code/00486927a3934adce2540079.html,1644,082022d63e52a56cabd91cc397a0355fcf7877a410ac3f61f36f62043aebffee,no
review/rendered_code/006a79953bc53070f2c17d33.js,3572,ff06dba55b732112f6e80da9e1d6de8d03c3e3f0a9ba341691fd099496ed730b,no
review/rendered_code/007fd9cd219c77a7c709d49a.js,966,06713a1dbc60469ccb2489f975c0e6320fa6fe2f8e123fd5648ad3040c261f5d,no
review/rendered_code/009d6b13d2e6b34e8e92ffb4.js,24839,8c8e8513e8d8b05650bdeeb437fa3f46778a3baa090506cd34622b6cc365bb9c,no
review/rendered_code/00b10bf0a37d29457f95f30a.js,7380,f3af22b00423b3e27b349780c1f14c683b441abb62eb28f13d0f2caa932c293e,no
review/rendered_code/00cd3c9d41549d1af976d8ef.html,2656,e2764b8cfd1f14278133863b65c77c36fb5c892d579882e006dec731b2313d4c,no
review/rendered_code/00e221c19e9686d3cfbbd6d3.html,1307,1e3c53bec50b600afdf4099f65a8c0c206e8c55130865c60d39a72c412f0af86,no
review/rendered_code/010c75726a05ee5ebdc12296.html,1181,ae6da2f5faf1b035bead42ed801df1d5b50a3e5a01e5e057d36c8c2517b538cd,no
review/rendered_code/0114f6ffef0a4e07f83d78ed.html,916,0d629a043407b0526db669780a13fe1fa6bdc3ac35eb155030b7969d7955eef4,no
review/rendered_code/0137da7cfda81196140cee8b.js,966,5bc9fc9f2ca05dfa1b1027fd59ceca20999edd4cd65d9f758c63b4904566f54a,no
review/rendered_code/013e3bd2a9be5a74db85c897.html,1029,a43f6c065eeeb5dc47ebd71cc871bb0acff70ff1d7112c001bef5c9c2d1b9df7,no
review/rendered_code/015734e5b5e8640f36047b8a.js,11208,a66951b17f2c5ca2b546e112c368f390024bab83e1b675d514e2b06289ed9408,no
review/rendered_code/0166b40fd241b623febc7e19.html,1472,0b13e30ad7ccb65c55bda03ca72848a35754aff3b065b682b16f38816b4b23ac,no
review/rendered_code/01834bd3979635682d0cce9a.html,2335,54b713f2ba00ddfd2ffb571cbc2a8b13f81e8ead81dd3ef5f3a186274340836e,no
review/rendered_code/018643d8e15687e7dd5156a6.js,965,fac7bbc5dc61180894aee4a648e77982983e17434d426ab40278f30a10999dcc,no
review/rendered_code/019f111743b70606599914b5.html,1469,2c8813ddbd5eeecfb2ce5b89ebe7f67a773645516915da42ea527c321f62bd77,no
review/rendered_code/01b11fe745a2f4f91a247a13.js,12170,efd7d8cd2414d85a8cac2b3dc961a837537e6eea4dd694e8c4e042456ec8c86d,no
review/rendered_code/01d1ee080f6b101edcc5104e.js,966,7627467dedd00b2fa0310477e9230f980e66ba41585757943fc4eb25cf42bebb,no
review/rendered_code/01e4784fbbd2904be8714713.js,16128,9adca1a6f1934afc8e9b940f0a117be0539d3046540fd443d4d94f459853b0f7,no
review/rendered_code/01eafd38da9e82544419daf4.html,1649,980f42f5b3b390b34777ac83902099a740708b95d8ef1331f2a6eac6f437fb03,no
review/rendered_code/01f21aea5ff2efde23ab09c6.html,1052,1571beb9eff9fd31fae5a5bbc07d337a8e3887c23be9cc50617489dfd37960b2,no
review/rendered_code/01fd8b8cf73e294970d93b34.js,191997,12b7ca839567bc2ec82fe68dcbe2314cece9fd22c78d995d459d7e1758e354a0,no
review/rendered_code/020587ea92b454b0653ae304.html,1116,3a365f591778a82909cd0379b65ee4ec8276ccfd8cf406ba1665f4d350944a61,no
review/rendered_code/020ea6ebd49fda6132f855a4.js,12901,23f775add99720cde0ee9892b8a21206d698700083fc6287de04c0e287082e05,no
review/rendered_code/0210a184cec2a91669bec84e.js,15167,9178a58803e66ef9f01cd6774495f2aced6bcd07ba963c104943bfc4514b2b45,no
review/rendered_code/021c6c704616d17d0f274a25.html,1513,5ce467b771e798610b21e5302aca443d7b0922a816533a2f8a5274ffac39599f,no
review/rendered_code/022d30575d779515ddb27b5a.html,820,7e9704fd00b105d7caacec7cd874fc354a07b3efe42e487d1cf120b069773ab3,no
review/rendered_code/0237dd039c55c3333e424604.js,14319,fbf9bfd267e72b6284eea92554b6008abd44d8dbd4ae244fc83f69dbf78556f2,no
review/rendered_code/02608f214c4d2ecf9d453fe6.html,1363,da511684ac5fb028046e65e01196d07c3d04fb77ad848b2484d0ce05062f1fc5,no
review/rendered_code/027a6f619d4cb75717e35f12.html,1823,5213a2e8d5a1980ac245513afd2342af915f6162955f54262f874110bfeb77cd,no
review/rendered_code/02e3f475e9945032459e632a.html,1249,64e88fcd526578e1d227bb28ca514f10642055f9cce5e9e810da1e19781e2af7,no
review/rendered_code/03211464ea03f29d1a81312b.js,3032,c65aa52049f9f1605b6ff3b2af771c259b38af8305d4e08ceafff8f11fd2b62a,no
review/rendered_code/032bc28f47cdd8bf587789db.js,7615,dcc547e8b29a854639f9d82c468d34465f529423924f6406850dcc1244c87909,no
review/rendered_code/0335210e392bd31e5dd5e700.html,1499,e906b765696422f353c7b00e727a5eb2423e4b6a8ef1fc167b836c2350a8f315,no
review/rendered_code/035959a6a2b09dd944ca9676.js,965,fa594e301aea4e7bcb8db500fd61e3913452b69eeab8a7566ec9226915de2480,no
review/rendered_code/03619b33a8323d673517d57b.js,966,a8409c14610e79ced49c75a6adf09c29002b95b334006b774d375ce547398cb2,no
review/rendered_code/036a86da753d6d2dc175c8f7.html,2799,2ae0d8f826fb05d7ce792c667d42654debf7cfa7e0e6d6adec0e0d0fb3d75f68,no
review/rendered_code/0382ba8c80c9d0edafe2a994.js,966,9305b91e0e93151c986b555831aab854c5a9a2187451bc175ae080d615f979d2,no
review/rendered_code/03ce286b20f9aad6c2ce22b8.html,1428,2004001af41d19ec28b2cfb3c51a58b56d73d5771da6d3894775bba02c485f05,no
review/rendered_code/03d3252dee2d1512437ab4e4.js,966,f6d9103d97b240ba34beed4310b02cd2f3c16689ef93ec722dcd808a58522a69,no
review/rendered_code/03febe570d45fba55b3e8f19.js,7447,7569f37bb2fe8159a9a8a28a4bb013973bbbfa1249846aae07fd66d3cba3e484,no
review/rendered_code/040d0c9a85a0d799297bb4cb.html,7105,e653c26f1fa715623e658bb86f353386ab3da0c9b12a36f8421d7be430474ee7,no
review/rendered_code/041f1a9d5764d6bfaa9db8be.js,3108,5e3e7759a1257dfbabaa88f1aefaecbb0bbc63e21e2a6627c7596e84567d9283,no
review/rendered_code/0429b0b87df942fdbf1ca477.js,3612,d8f22fb9cae1e5b6a07c6b18bda91e2344ea07cd801ff9714224375aeb7cbcc7,no
review/rendered_code/0435ca69dd24347ec9eee699.js,3108,2e4a0f87d77a4e08f777bf64995d7b3dbcc55b8e07722b81ef7b0d1d55aec4c4,no
review/rendered_code/0450c1f339fff706853a468c.html,936,f39f58c84f8f87aac03889ee38a5fb28d31a0845f8e547f862b2709562d3e065,no
review/rendered_code/0484e4be348a15586706dc09.html,1075,68c35cf2a84862546a779869fd82f0d3aba987cfb40fd6b7847eb560687c853c,no
review/rendered_code/048fc80e622890658d3239b0.js,4676,afbe2be95ef63579a8370f454bbce8848811d9f923a2b6b419fa2dc2b1d5d3b0,no
review/rendered_code/04b33bf7406314d669ce2e14.html,837,ea6d8e1a4a0ccd2fe1cb142bd2b4dcbf1a4c0a33d93db6f2e3bbf36633a1763b,no
review/rendered_code/04b62858181e76e15392ecc1.html,933,920f8b775e1a376fcfe4cb1e3e3952340fc96053822e799e709d0312227eb175,no
review/rendered_code/04d0f73017a0f0fd6f100db1.js,966,1df3afd1f10c3bcd51bf4768d2b11a82004c8150ce5d07109bba78109b5bdad9,no
review/rendered_code/04f53f5fe2fb1e595e7d4a82.js,11217,715db719ff45c64fa9d2f42030a4912dfb35b44132144aabb6eacce3b00df06a,no
review/rendered_code/0505bf6ea594dec7f61140af.js,966,41486aa76dcc501929a59bad46ec61fda3b24f836f51b75fa991949488aadce4,no
review/rendered_code/0535c6dedc915be4dce0c662.html,1028,c159e219316798323ecf675cfa56f07479c4fd2d710920f869b882b0b4e33ebe,no
review/rendered_code/053c543dba87e304f3eda5a1.html,365,aa6faf56556e874bce659dae95f946beea0b324ffb69f371ab7eb8b449287688,no
review/rendered_code/0546c08b0fb165ef7b2ce334.html,1281,db4ecddafbaa84f9499ada195357e5827e18356e49568c3dec9a33944a9e9109,no
review/rendered_code/054b759b4301e669c46c90bc.js,12527,8012fe60c173279caaf7337330d6f966a9bd0209288f736909bedcf515266b21,no
review/rendered_code/05744bba89147403c6098f65.js,966,fe37fc9af9cc1f93d58602b7bf32c17c965631217ebac495fef0d9c4ccaf57c0,no
review/rendered_code/05890e6480637d57b1c0df4f.html,1508,7efa6d72969621db366facdecec21e9e4ee9206cb988a1a537fc39f02a1d787e,no
review/rendered_code/0592be51e826e6a3a00433fd.html,1092,c06864d0a609db62f80b42715299598f25333a718e0a5c82879f7c5bbf09d4e4,no
review/rendered_code/0598d64e566c346843a64b76.js,7801,719f99bf425d79bcd8ed3fb5f9b9c4113dcf0f403c45cc79689cf61e04c1a544,no
review/rendered_code/05a22133466577f5c7912916.html,1429,35359d625d56bb755e80296755690716ae66dae340ac7541c3e28a2e341ed8a0,no
review/rendered_code/05c12e330f4368024809fd1e.js,10849,9c254824b774b3b267983c2422a08ddcb3fe8c42e3ac4a4b3084ca9ea53f7db6,no
review/rendered_code/05daac717e4ac92126e79def.js,966,680e73931e7d8cb53e8b234546d5ebe1caa90b512e636fda02791507b98196d9,no
review/rendered_code/05e25c29d285afb60c862408.html,1446,b142a5a22df8ffa82eff21d6e9dd7d35a9ba66aa093802dfac2a94e7d02ad39c,no
review/rendered_code/06108122a30a7c2de30ce73c.html,1381,5b60bbd76744a468549134ba651a5a67a493388f325518ef79f0a0115ec2ec9e,no
review/rendered_code/0683fda53e78ee901364a9f3.html,7099,0f8c3d9c7368ed21628205e80790a4d2c22301c610f9e64cb6d3f9d355a18f6b,no
review/rendered_code/06b38c56eda16967200fafe1.js,3524,c704f38f58ed0fd2f79c1b5da214d3f7f12e78b61a8e17077323c152313aa100,no
review/rendered_code/06b523da94a94dcb90159911.js,3800,53293abd25682af13064cded0f6e76d439b85e35ff5fdc577d93141ca845be57,no
review/rendered_code/06bd9e03bad570eded0d54cc.js,3594,2046193bdfdd2a590d2da53c83929a7125a095f7e63573f46ed55e2a517b0203,no
review/rendered_code/06cc3114791b2846798b6c0d.js,167,5234bd315a3de721a8fea8a7eb384f15602ca2ebba908aa5450182275ff77b4f,no
review/rendered_code/06e249d7cd998f766b0cfa5a.html,7791,fc0f9ed17a53ae1e42f0874069bad48ff3f8bd13be1c9142f0ca938ef28a3f72,no
review/rendered_code/06fee5e9921653cede421f74.js,9180,9c93ba3043111674dd85eaedff729e218a700742e1ed22ace25564d4afba6fe5,no
review/rendered_code/07355f8eb39cb8bfb2680537.html,927,107b6be57a5af3b6c775dd21406d54e4ffbacc439781c34358d347f61c388a58,no
review/rendered_code/07440b8758bf70bed438115c.html,1538,705343ea372532fd99fd6b080b28b216e5e69f6f4c02f84338f27273fbf15c7e,no
review/rendered_code/0753b1adc8d594dcc2d870a6.js,4016,a03bb96b82e6cbca85fbb819887fc9820596ab3eddf0619cda26be8bb893feae,no
review/rendered_code/07674342c22f4113de7cc2cc.js,966,fa290b04488dd79c3b51de2da50ef5c15735b877021f1ecec7eca70472b8577e,no
review/rendered_code/07b54facd578b58e3de5530f.html,1109,c6825226f791082386e8f844a4dc7dbead076f2c8b765b8c8ff9d513f080a432,no
review/rendered_code/07c136eb46d3deafa8029bf7.js,3116,d888ed08db07a87b546664a72de4fde2012049d72b2e09913ce50c9fd0c84252,no
review/rendered_code/07eb157a1d6b0794ad286d64.html,5081,df95268576cd93d33629c477e36b0ae6bed6b715c3b42bf8008f6417a190fb75,no
review/rendered_code/07f9da1fa99febb9f17848d2.js,25006,81e8a4c024bcd5aa6e76ea9aaf471759910521d3214c874d8b03ead591aec37b,no
review/rendered_code/0801c2a229593654e5c7118c.js,3568,15dd0de983a850d5c0103a37864794a9e4134b7ed7b2fbfd5588c2b2481bccb7,no
review/rendered_code/080fc3d0444e14005db979c2.html,1938,54d0bf3202292185d35df6136b733809e8f8d400af3daac8205cdf08f1f6b429,no
review/rendered_code/0830f30dcd91420ec55b5c30.js,966,c3f8ffc7acd237da31a862f947940939add8b1c00b1f85179af70d47eb6001dc,no
review/rendered_code/08394f4a61cad597c9933eaa.js,6482,6e41a7727cbfaba885beaaacfc1ef4cc82905ee4476f693a0b2783ac7083b31b,no
review/rendered_code/084c2ac9876d0c4c70a440c8.js,966,7de9e6b0abff6cb5a633d984207e87acb50fa92c6a7e779fcdca4bc9fce47391,no
review/rendered_code/085a93aa23c9893eb6e03b61.html,1561,20441baa2e4de92c3798cefc2c6f5bbf2ccb2f6d85657c368a5d89bdaee4434e,no
review/rendered_code/085abd302939e2f22e28c55e.html,1916,9db2857fab3f683c597209fa99e63578272e76bc28aacf0f9c2502a8f68affcd,no
review/rendered_code/08886847617c25d57aa336e1.js,11099,9456480d2a7d795909d928236fce1821af4a15d1e22c15c3c21c4812f64775f2,no
review/rendered_code/088bc317989bf333c67e834d.html,1352,2848bd43603ca6e3ada7d792f1b5828498db027b01c18fb17b314e9cd8d3a0d3,no
review/rendered_code/088d8e01c5a44db96433eb8e.js,3424,ef6326b54e9f525c251c125fe30d0d44749fe2dc9f97c9d33e54e9013af3a649,no
review/rendered_code/08b4b5c84e7f08b237448d54.html,1484,d489d1b7a80fa41ddf3b672135a88962e5798b8ce871c2d495bb17a1d5ec9038,no
review/rendered_code/08d15b70e3f2c3ce10e4fcd0.html,3227,7d2899b9ded73b32925ca4a0eccb01dbb477889961de38e802214d4a73f689a2,no
review/rendered_code/08edd6bdd5ae2074d912cbf1.html,1713,07c1a679cf3236fa7da054ee25efd98925ef0b879889404f6e106af71e6efe79,no
review/rendered_code/08f9b4776308df2b91f017a2.html,1851,459d5b4877c12790aba50e714f5c5609320137de2ad3306764889497b79f0050,no
review/rendered_code/091dd8b39e8acfa17547f6ff.html,2094,5a01a643c14cc5b5fc0c630261ffeea7290d8b82f4fbf5aa53a8041e82f1aed3,no
review/rendered_code/091e16bc9668c8cc2a46eed7.js,966,5bef3a9f36c557139ee02d73b99088264989ca5be4cfd5584db06ad043ebabad,no
review/rendered_code/0934bf8f06a9c10d2ac1ad35.html,24625,babcda068565be24bb26d06788c52e659db1bc7647e872416e8ad2c632104644,no
review/rendered_code/0942e8e7a3cc4885ff9d100a.html,1997,9644e9a7001a9d4237843fe85e12f368cf2e714ebe9fc2898a7d411cca12df2e,no
review/rendered_code/0945ca0aa57c3454e132362e.js,966,fd9ee0b0d49568a831944b8c1e2ff020068cbb27815bd5bd1e09316a782f5dd1,no
review/rendered_code/0970505cdbe061df1226d8ad.html,1494,1c997200deb2fd99ae01d5aa352a4f7df4fa863404c8649d1ad2f040a3cf3c5e,no
review/rendered_code/0988a97a1214f521422d5bb2.html,7438,95d55c81bd2634a9ba9f55a765605f0cef695314f0e242aef274f6aa1f1cbcfe,no
review/rendered_code/0992cac1f60c8412e03a04c2.html,1802,df1ec67d64620092fff8376afb0bbbc967f49798bb8afabbc3e294612fa29399,no
review/rendered_code/09af16b1760f0b2faf70b65a.js,9549,588d3c308299cab582f0ebc4e9ad06376f82536daef7edaa7d702dad4fa33cf5,no
review/rendered_code/09e37b39b2453c114a652211.js,11201,a0e5f442dbe5f979d2b683f1f892e0ab3c57202b54d617f0c72403df9456cb00,no
review/rendered_code/0a044db421756fdffb21bd96.html,1468,2b2773fc757584496725314ea29cec57924ffffdd3baa562b8b9fb1d2446bad7,no
review/rendered_code/0a5991fd5bd53e57d3bab798.js,966,7be3ef6525b48a44eea781347699cda5a991a3262889249d231dc42430d7ba8d,no
review/rendered_code/0a7518cccca0ed8ce8144c51.js,966,caacb13037fc0d70da3ed82e2e1f298e0ee84d9cc43a445886adffcd25e8419a,no
review/rendered_code/0a82922b859720c77e8b6bbb.html,1757,355972a00d163ed0fd75ac7b657d214a4f74b8378797e3f82ebe2adc58ac09f4,no
review/rendered_code/0a8e8be5c9b6d3c52a75da98.html,18863,af60d7d9c2875d24822b65fc11999284048e5f22cc705681a788a81340182bd7,no
review/rendered_code/0aaa4b6292a87cc507cd51e3.html,2099,ed7785ab866c8ad262345f256fe7928d5c999fe28c0156c41e388c28f2d92390,no
review/rendered_code/0ab2e34e64c80f47bbeac96b.html,1083,3b41ccde298e8afb68ba7a37d4c0247cde82781de7cfef71396b12873e1f948a,no
review/rendered_code/0ad44220bf3eb94835048178.js,3132,e4f1d5da621e58315de92713e56c60ec71dad5835d1c4c97082f4ca17e0ef1a5,no
review/rendered_code/0ad590dd3d9c743aea86046b.html,2728,b73199bec20a2a12b9034aa11a3c91bd6c7acf08a7ad145ba09359167912f9f3,no
review/rendered_code/0ad6c16e1da1e43a3ff0da3c.js,17222,c64fcfa4c26ac4631aa93c3bc3c39654d0a59adcbb4afa3ae5fd60bba5a9e13e,no
review/rendered_code/0aede4cb2c238aa7923b483e.html,8906,d4e467b06564a7633875a050d318a5f8e6ea23ec33d8a0f16407ee42249e7848,no
review/rendered_code/0b612b3955423b117030396e.html,1383,5bf80e4ea8a5df881ae23978513445f496207823ec3e3eccbf86c69fbe9e27be,no
review/rendered_code/0b6a82efad973ec7ba0f8b94.js,8292,31146e7630004d6104ad3df7488121f213aa4173ae8828926d614860f59dd1ce,no
review/rendered_code/0b97e74cc52ef9c79b69c1fc.js,966,890721cdf5f2e391b0501588447cafbfaf76f332cfec2f97fab02fc174266e6e,no
review/rendered_code/0ba1346a55aefb35dd0b3d11.html,1708,75207fb3c7a47d46b1ecb3c7c97d64d520a6ac0c96a254f7a0d9a18dcb230753,no
review/rendered_code/0bd9850eb62f6b2bedc8b2a3.html,1403,524c2da9414debe6394461e0a87a1c256615fb001ac5866e4f98a53a66ada88d,no
review/rendered_code/0be196b4c4d6d90e196f4958.html,1411,3e84f46ed4386df6d2823a92f0723441a3433870ab623706e6b88f021210e137,no
review/rendered_code/0bf896c5c5c2142597a2685d.html,1484,c04378b27fc784cdd3179fc76471a30149294568131b196a8d71f61db6b8b622,no
review/rendered_code/0c0a825b647c6bdcc4484b53.js,10827,f9238e01c95552e31214b9ccd42052e22548012aa9ccf7e7615334488eba3cfc,no
review/rendered_code/0c12bb8b68dcffab7c1dc1b4.js,19533,8b6ecf95b0040a2d861e36bd94e70aaaace2f89155fff47a503515c0d2a95907,no
review/rendered_code/0c3da8f630557711305f6420.js,3196,cb060d7db41e00dcd442516a9f686957386300b3dc7b1f8750817353b9c44805,no
review/rendered_code/0c3fd6c966a03128f8bf4e47.js,966,8675477868c0aec1f421f38b354ca2aa7405b010784b726fd1effdb9db66f916,no
review/rendered_code/0c7f19df115f77abc31560a2.html,3051,ba79dc3f204d208a6e3478f1101c3efcc0e763f527563aa26789a91ae19bd256,no
review/rendered_code/0c81f43daf67adacdcd545ba.html,2979,531175da72729bfff6a9524e12a0039db709828b377059314dbd4c73109db7d9,no
review/rendered_code/0cbbacfccd02ded2ac1b9761.html,24538,31f2fd479d0a39e7a46754e277b605af4efa6e5d2eab5247e91f2658096ca75e,no
review/rendered_code/0ccfb4c62544a32a914a7ee7.html,8997,82f45c02898355b6670a9541776eb1cf343722dac8be57b842e5143e7bb19bb1,no
review/rendered_code/0ce066b9cf9d8f5ca5709aa6.html,1331,51c01546af72d6ae97b7968f43097c3be743c1be65a88e4b71d2a8dec26932fa,no
review/rendered_code/0ced07a0a0141241dcdbb988.html,972,f784bb2e01252ebeb22e9d8f7688f494aa9a76e06bd6adce26c79afd84b3974b,no
review/rendered_code/0d012b9569aff67ca9ee9e05.js,7388,2b29c54b21d75f385e6d5a70164a6c9141039376e2d588a05ef5a46988c4eac9,no
review/rendered_code/0d2624182c20e5986fcf98ce.js,7389,92b5e879c5f5462af4957c6c94a24d4629c4f0f9c360262847b0ca12b76bb62f,no
review/rendered_code/0d274336bbce27160252984e.js,3376,2897c3a5b0eac6d633d578edecc06fa2d750679a56a345c8a6c4945c27604b79,no
review/rendered_code/0d54b92494dcc3c5cf751b3f.html,1004,1fa3ab2903240315f492a55f9e61d1001f73ffd7f7341cf3a8b6c74bf66fdf7f,no
review/rendered_code/0d5a74359c01c90b078a8bbf.html,1419,6be17bfab30dde661a819983a2ba65fc65dbd04cadef1e5bbdc4ca1078e2beee,no
review/rendered_code/0d746bb1eeb7cbaf0c57ae34.js,10513,e736d03ec739b464dce03536a8427fb7f1caacd2e5f988fc09f5b5c73aa427cd,no
review/rendered_code/0d7d6b4b5268e3ef7b9d9901.html,2995,58e582fef48439fc1ff57f7a3ed3a1934cb66b56bb5d113f143cb65eb335982a,no
review/rendered_code/0db05e7351b14b882ef1f873.js,966,9946f4f54e95208dcd498235d8148d02d01a236db9b181cffb2032ea12d5799b,no
review/rendered_code/0df385d7ee3fcb65c8268672.html,7408,d6ff3f738dac8a3c5f9f4db2a57d367c1ec28fee0912ad7b39f75485105ff059,no
review/rendered_code/0e014b494898c48d5463de1a.html,1462,38a77558c2813d68a9e20b454ca103bdee18e0a034b3d34acefb3b2d0cf65fcc,no
review/rendered_code/0e03d0e39ba940e0ac29024e.html,1592,a605441beb5a7e0baeaec80d8448018fec51e4b2cbc53148cde8bf90359e611a,no
review/rendered_code/0e1303d3af2ed68b8b1188c8.js,3148,78ad7cc416e2d02b2d46b16f9a734a1490cfd8819cd7f04536837d689f56255e,no
review/rendered_code/0e371be3c14a7f2cbebceb6f.html,1828,c357cf8466061575930d7f8028859f296f84fa0088f73cbddb3c9a9844f9c485,no
review/rendered_code/0e646a0bb1a0f86be0ad18b6.js,3132,d5a50e88347826b9e08f69dbf29c56f1a85617827973eac1efc45fab72efe3e4,no
review/rendered_code/0e896a18ea31a683cada7844.html,7807,954f1fafb1d872ea5664c3fb41de5493e9e4ebfa4850726842ad4541f12397f9,no
review/rendered_code/0e8a4d6bf90c8c6a51c48b4c.html,1243,797cb841923e57ce7222b24ba2839a5e210bd34fa272055f7e2fc0cf200cd610,no
review/rendered_code/0e951114276f109e74ba5779.js,8020,fabec21f8a550df010e0b8d698586492c5a4528e58297be0ed0d39c1a16cb1cf,no
review/rendered_code/0ea28346522e611fcc216447.html,1452,d0f435c65beaa40912cfd9892767357152858e6899d4e616928e63f951d92d3f,no
review/rendered_code/0ec83f4cf23316c182a46343.html,4862,550a6f94f53474c36bc8d21ec7d7c3905b50b89c239109c642a6781661dec7ec,no
review/rendered_code/0ee8fc785ef08942e40c8375.html,1412,892b6b63b13d6df8e36efa529607458209cf2c2cfef445833804dd8d06cf451d,no
review/rendered_code/0f5a3d9d20b09d9f8d4520f4.html,1436,d2befd3bc47357caaeace0f46a3d26f31abd697b473fc262bf672ac9214b420d,no
review/rendered_code/0f60008c7fcf1d3462290be3.js,3268,6648a2582e8a13d27bd2222c71f90a3f12c361ffe4d470e166618a13c30d27e6,no
review/rendered_code/0f677855da4795837f0764bd.js,3468,d4ab98304f655517380aa7205c90d59e6f2ae61bc94e25484fd40d47e6e085dc,no
review/rendered_code/0f79930e7fbb20ec7ae807d0.js,966,1e5504b793b4fcf0f383b6c641dda8b29b74e337a053e2c238239712f8e9400a,no
review/rendered_code/0f85cb49f3ca6fba0a91c3e9.html,7332,cdaaa5e1cfaa1fd7a2cabb6ac957ad6ace5d4d2abc3b5c8b9f574d9aa739cbeb,no
review/rendered_code/0f9180cdabad532e6679a8f7.html,1406,c63a6571ccd825796fbfa267e27b65f76430e9a0d93be9198527b1e416a22dae,no
review/rendered_code/0f9c202fc3e8457c540bcace.js,2598,594f327c5ccd562e62ffdb8dd47b8d0cdc77a95219e38385d08d90c93f09aedf,no
review/rendered_code/0fb500f0f300f96fff548532.js,3696,6ffe9d63c9b3180ebf0169ed876c4826a41504904db65bf534b63750e9c0366f,no
review/rendered_code/0fcade29a3091a50199e854b.js,8969,6f6b0b5283df7040576d78122293c66e1807b36221d201c6cdfcebc9cd0efdf1,no
review/rendered_code/0fcd2a0b906b76767b70dce8.js,966,5c19975fedfe78ef37c59d7d96e0a8496884f6f1442f88759b1dcd42e40960d3,no
review/rendered_code/0fd1ab43202ec7749de79fa1.js,14788,4f3c8279c59fca113ccdb40ee912f2253e56459600298c67682c009e3fe5dd85,no
review/rendered_code/100088d8b18ab1ef606f9e9e.js,3384,d8cfd1706c6851f4a3b1556682c4b9cc6526bc5b76d67eb4d6b42d0891243bf9,no
review/rendered_code/102be9f9ac770693e960fcd8.html,14678,8c3c65fa99b11c6d580e14e7d349f6ff4b79c7a719e9cc2830a741bf27c57e82,no
review/rendered_code/1062edd52674085bc52b20b3.html,7088,13f8a1aee57fecd07734d80976686f0ae6c2513c671293ddb072262424a821f6,no
review/rendered_code/10903d705496c9678a3c8ab7.html,3868,9e39c2a5a9c5505ffaa45ef1676ef2c0cc700130b808c27dbef77ba5dda950ee,no
review/rendered_code/10a64e37ddebf7fd52528766.js,3164,59c6579912b0b994c90fb63f16585484d37ebdb8102b387753349af374824823,no
review/rendered_code/10b8059b21208d5a50edfd35.html,1356,1ae0009f72d1428d4dcda147dc7d8d8b582391797f1ae9f17b79c0dc256fc460,no
review/rendered_code/10cf10a34429fe85286e0f9b.js,966,3d201bff1667cd8407d79a1b5b41f3a9d7a890ac6f90ed9d815743d0ff68816e,no
review/rendered_code/10d925e43aa37dcb7460d6c2.js,9707,0d7ebbed8e83a58b2dda38cc1f07259695a6050c5939d76ad3ac1cfc1f73bf1d,no
review/rendered_code/10e25fbf8686742eb2cc84ee.js,966,da59baca04cd40576126a33d11c2a7fe52e3cb0ecbc134968960ed0412e82a00,no
review/rendered_code/110a7d74d59c5c35b39a5fe0.html,8487,b9ac55a34ecfc6b3c643b99d2e31e92900365740e8f1bc096c1cd091e7f75fe7,no
review/rendered_code/110ba4a6e18c5ff5402fe4b8.js,966,37be02077074accc79856c99631f5f0b6615a2d987e6e8a28445649002a6e313,no
review/rendered_code/1113c43e9b65fa15c33d99d4.html,944,eed23b9c957c4af59d472dca413d3f2084c202e1816c3640a807994228f9fcde,no
review/rendered_code/11188610a7e25ba8b38cf7ec.js,3468,7661a27c113865efecd895ddd734b131a1deeb9f90ec7ea845c0cbf0c3e5d617,no
review/rendered_code/1123b4ca5c5246ca4afa2465.html,781,0a151ed25a11a857b0912171e5539077f241dee63080ddd7d7b143f45dab8067,no
review/rendered_code/11350e4662c424b1d335dc9e.html,1340,97c459822f56bf872f38b4db88dc538e6207b540a84a39aba4f1abd63056666c,no
review/rendered_code/113b351d2dfcbff590665e53.js,15437,a61245e3262cedd46bb74aca3b8d4cc52f85b270d901e51d761294ecec800a62,no
review/rendered_code/116aefc16f2404027c102adc.html,1453,74bdabc4fc7c8f195ad30deda7d7dfeed65212c3f47d32ccfcc2f08a6bb0d8b5,no
review/rendered_code/117636cee9ce0765ebba42e6.html,1468,153f97e7e24d1ef800b9ac717c222c957c4a5db1529256ed5b7f2fa383d8aaa2,no
review/rendered_code/1193166718ee7cdc2603e892.html,7982,a444197c8bf57cbd0d0e587083a8ae54b8109407a61c4eff8ddc264fea3c3f55,no
review/rendered_code/119dff22dc19068a7ce0b7ce.js,3104,85ea8e44fbf3f3902e8f4b8ed7ad66f97d6f8d12621bcba45b31a268981edf17,no
review/rendered_code/11abdcdf9330c57256426e07.js,9554,34fe02fd632aa658719931e74c6774a966d7cbcfb1fa5f7ef79f00d2bf6b84ec,no
review/rendered_code/11b7b0086783c1041da326d6.js,20034,2d0272997b32d38579d88ac03145e8273eaff919d469e6b420922e790a176bcd,no
review/rendered_code/11dabd5406fbbece05cc2fde.js,3916,e7ab5e2fd7a448b1f91b175e5f1bb8aa4ffc6b6514fe16cea55147359df7fa42,no
review/rendered_code/11ebc04803e2d093f9a37c35.js,3152,dd186f5ef346a59cc3f25a5b225aa82d2a02986237958346b9455f9c3187b76d,no
review/rendered_code/11f323e37d718760c27fc270.js,25121,d47f9e3c26d4cf3a1e5962a53b0e7589bb580dc29b4898a919cf753bf3bc12dd,no
review/rendered_code/11f8e1586e3e0a8961cd9213.html,1452,4164e354d620ef7fae021be3aed395055ae175493649e9fc94005bc1e05f4932,no
review/rendered_code/120f0cd81510302303e97dad.html,1240,0441bf63d32b7ded421f5e0fc3c3094a46659013e3b1423cfd96f741101adc8a,no
review/rendered_code/121953fbb9567e3e509ddf6c.js,3024,c2ba3544f3eb6e31a27d579e5bd7c2635392602ff2202f61a9c6b1f50d29d2bb,no
review/rendered_code/1224344c036e1861dda9ed7b.js,966,b0e48b0102492952f8e3da5065550c7796f4591d3b58ff88d85d08a6b32d860a,no
review/rendered_code/122a72d868f99d08c6e5f6e0.js,966,7482b4a80504d55a5d1c1634a5d78b37b72375b005d86a74cb982ddc6c7c9877,no
review/rendered_code/1237867381464ee72973f285.js,9575,75b27f1157899b789bc721c911ff1bb43bd8768be57dcc42d8460bb4839c811d,no
review/rendered_code/126e02b49a58a31335ac6bb3.js,966,3b901e43521cacbe0d7ed9514870ea971255af4545577160c082717de918de45,no
review/rendered_code/1281f1690da3687b4255fdf0.html,1365,476aca9f5ceea884fbe692abad2d422698b58eb45758a1a11eb7b53572c025e1,no
review/rendered_code/12b0c6f7c281523444415f0e.html,3523,4a883b8ca971f802ffb2a065fb7614802066756165d49580109fb234f64ff3b3,no
review/rendered_code/12d8c55a531c3ba848416ec0.js,12845,6411fc9f141fb4758f16dd6f3f7a9a5999cc2331665890ea0970269012d9b9a2,no
review/rendered_code/12eb4df8d40ece4ad51f7661.html,3111,6719e56e7d1b59de4ada8d2bbf1c98461048d1fa39c84713588ca0b7359ba4e1,no
review/rendered_code/12f20e24369c39481bb9f7fd.js,18520,15df7bf83aac6f8a3badec5a82fa5cbcca8c9fd131e77143dda227ba27acbbd3,no
review/rendered_code/12fd9cf6dc30726299b77459.html,1503,3a18b8247b9d0664dd6f6e1825086068e34493951965d7d562843629202cd1d2,no
review/rendered_code/13133c5e59f979c08db83368.js,3052,640a32283deb309f05af91433a00f83f944ac6d8d0659eac0d597a3b16c1579b,no
review/rendered_code/1316c92656c194e9d56de8e2.html,1437,8c146d2e8fe764fa36f7fff4c32afad24909e67faeb9b13dca5cc693a227efdd,no
review/rendered_code/13280e7bfe80bc417042af4f.html,1477,0fbc7f5498ea4117b7355fefbba3c46232bd0d3390f6b43260cc3697507df01b,no
review/rendered_code/132cb6cd8ef38b7ef78a0d91.html,7161,5bac2714aa40ebbe1ea66f68c213dfef439fd3e1e848187d5e329abfd875443c,no
review/rendered_code/132e20ecfc1753f8cf1b34d6.html,3297,63d8cb15541fa751ae2ff4adc6227318adf5f803aa8162829aa3d14ff2204bdf,no
review/rendered_code/133c4d5991ef3dacd7ade02d.js,966,72d443d4e65fea38fe353294e4439d5a8ea1db07eef2db7d0987c6c7e99b784c,no
review/rendered_code/1348fbcd8ff32125d8f4f735.html,7876,e267f0e9e522d54659804427419f470ed408f0a314f048f488f57a38f01be4d4,no
review/rendered_code/134add2fbbccd9dbb50e2668.js,966,543e7004cb85d1bf17ba2197cb49dc647fcef7d3e6201f9f9c56ac9953761cc2,no
review/rendered_code/135c469c8a9f42a5ee4b9ced.html,985,a529051882ca28938ba1ac7ec377fd20bf960e50132a842e0a34ef0f4dc442a8,no
review/rendered_code/13624181d9cecb9a8c2a9636.html,2201,8f9b3f3039102766568cbe7427dae29c0be3969ff543598c6c89d0a179e1a745,no
review/rendered_code/138308d9c75e21c6f3388ce7.html,1025,398f87296415464e7b2695ce3d098780c88aa87fa74af2b0b2413abf2962b1e9,no
review/rendered_code/13f1b51c777df434647c4165.html,1407,64da3f36c2acbcb003e2faf1c47c538e9aacb38cc3b703ff5fbf90e0b351df57,no
review/rendered_code/13fb7b564f7b0acb523aef8b.html,1462,a620775cfa8a1fdf1085e60f87e6400469aba00f5c4a55652b11e2feb1deeb9f,no
review/rendered_code/13fdeb3f2b89547a58ae560b.html,1429,dfbb684f2b81554d3595f0a9a2492c151d9cd3109430fd3434fa8f4b2eb218a9,no
review/rendered_code/13fdf54e2571fb5496de3343.html,7530,1ac2e6b82dd1bbf5a5be69a4978f5d3e71c34a0730d513e54aec5e243fc3d83e,no
review/rendered_code/140690a56f70fa96094974b0.js,966,e8da760126bc8e76ab80502f45b784243ed694bc12023347723ab7f64301cd93,no
review/rendered_code/140733e65b9fe37307e42852.js,3336,4e5178d860b9d7898409032596b99c9f3a7badb26f4ee7c5296a694140ba67fc,no
review/rendered_code/140d994d79f3b1515157e3df.js,964,fa5ca789de3df93640d26f1a5516121a4608f13e1c210b63bb30b8775173b377,no
review/rendered_code/141824d461ad8c1a82626734.js,3536,701a5ec9f3a6219667d76579166e09c30fa2b20fa1cdbd7bb48fa82c900207ff,no
review/rendered_code/1427ced5b3c9df14fcb97d64.html,1464,83e0f6dcfeadf29fc28a0dca740a64cd20a920cc7395a14777488a2c252f0337,no
review/rendered_code/14390d9361320caa6553ed43.js,3594,2bde3ca3028bb6931641bc85fffca07c174e3583f2eea7babbfc602c9f3ebb76,no
review/rendered_code/14bb0d2ed8d652026a6b59f6.js,966,b7938d2de4f845ffe5d569d320c97a32d47510cb340d3a5454d3750c76aed1d5,no
review/rendered_code/14bc8e755bfd0e89706439ae.js,3580,1a05954d6617fc350ec251046e9babbe16f36b7643f1c213993707eaec29ad07,no
review/rendered_code/14be32d57b37dd7f92db3fdb.js,966,e94e2e6a2c62f09e7d3eec2250533c944d55146505c366788ca0c7a0ad1d5d94,no
review/rendered_code/14d37b07254068e259caa8d7.html,7952,049e51930b68a32b21b1e3ae08b3cbece5c76cfea9438d42eede1d38779bfe92,no
review/rendered_code/14dfbce9605331feb98232bb.js,3948,0707b58b2ec07c769681d5e3af882adc661497f3106b24c12fbf9be2af2f1348,no
review/rendered_code/1523116ce6d37fc970fafe37.js,966,a2780471a862a61d3bad9ccd1148e0f9dcbdbc6d7633a7cdf4f53d85246c4369,no
review/rendered_code/15242112b021f81c173678bd.js,3852,3107eed9dd325acf126ae64c8a8ab47928ff3716d69e6b0e316032975449079c,no
review/rendered_code/15432bd43656383cd6d1bc55.js,13744,814f457baea5c8d101866bc1e7f815f606b472d7c4fbbc250a99e63273e4c2db,no
review/rendered_code/154660bee0847a5d76837ab4.html,1346,965ea406bf41c649baf15e60480bf05cfac700ee2941267429b43ffffacbfba2,no
review/rendered_code/1591c6bf0f3ba933b3e41f85.html,1750,8e9cfbdec377ec8f714a19b822436fb3761bad3015f6abc91a459ae6aa526a1a,no
review/rendered_code/159327cc5a581305f04c50fc.html,1772,1268554947633894049c748a43e54d33d6b5b05d11ce8cec1f27a21051215cb9,no
review/rendered_code/15aadb13552650100734837b.js,966,af8e5af4fc498bd783ec4bad11fb5a90180b9e38ec0010e10bc77fd19305cf4a,no
review/rendered_code/15c4004448e29be5380b2205.js,3616,1499128a4a818afa297e57fa08b6c41b03317957008d902e28437b7b685fbae6,no
review/rendered_code/15e96b23bd80b0ab91985b0f.js,965,6ded8355ba058d670ee8300789724d500ef5eb9afb90030a3839c7a000d5a14c,no
review/rendered_code/15eac883baf9f9faa22ff221.html,1449,7ffe0fe460a4de11b4b09feac0778e0ce9cf3df90c379f168ae3adcabd12a0a0,no
review/rendered_code/1615ac7e547cc477a9cea9a1.html,8768,c73c85dba92e707cc13c865a2c3e61898faf9136761fc12e0de8ddd171ce730a,no
review/rendered_code/16334c1156b4cb678a93953f.js,966,6cc9909db35bdb2f3586ba1bf1d095f02364571d6da06d6f4fde0ae8046142a9,no
review/rendered_code/165b993193628f5e31477d81.js,9760,b46d23afe8d5da7ea69a86c8c6d3629f7efe9710ce2f5b76e40cebcf5ebb98a9,no
review/rendered_code/165fc6786808bb5dfacc908d.html,1833,421109de916361aeb163714db5b6194998e3814c1c01db4cb3682ce00be0ed36,no
review/rendered_code/1677751133d1066ce1174b35.js,7380,ee431b8805de34b8fd70654849d3624483edef71957eea564182af8a61a89253,no
review/rendered_code/16b12a58c8c8ed3a252a242e.html,1472,ed7dfbbb3e0496606cfb13336997642f27ec77d852e8a6cb17a9ce9f9b5385af,no
review/rendered_code/16b13272942e9ba0f940b301.html,1331,f2fe6bbc1131d1d5c9706da94b45dadbfdcd5fbdaa9db8a9d390761e2e9ea428,no
review/rendered_code/16c8e9ddb8d530e8d6642093.js,4060,03252263d84acba4b6bc4bc84b5207b5cb3af527f9d27714b552f887dee69e16,no
review/rendered_code/16e5249dd8d2513d3fc0b907.js,966,8ca94eed2b264fb82fdffe55af1310288b41cfecffa98c826a6b40685d0e8190,no
review/rendered_code/16e7836794daf66b4b537f40.js,8020,e38694246aa05ed70a394a1414c4722f4444cba69c953bed71d16ac11aa2be9e,no
review/rendered_code/172839b976a2fb73cb47d393.js,22183,0bc33925233628ed862ad410c65be64cdd3c11f405ffd98457353d3bb832d3cc,no
review/rendered_code/173c4aaf627142bb386fac10.js,3692,dd6ec5400c494fcfd9ad85321a6863534da2181ac47460b902c723cc7e5ab540,no
review/rendered_code/17400b29aca68e87375cdc7c.html,1505,68e44f54d19867850711cad241d72b75b80fefa6096364c01f4ea2c6a2a73a4f,no
review/rendered_code/1742e6fb565993d858c81a32.html,8722,5f9fa093ca2929613a1d19a92ff2ac40765fcad3c41fb9f75af043453ab01596,no
review/rendered_code/174b5282c796d847d41ff73f.js,965,76ff4d0b91a11c46a77f0d3dfaa794e0d6638e9fd47b0a45059861c5ac7cd82c,no
review/rendered_code/174e438d2f72b7e4db949068.js,966,fccb9f5c04600be687a807fd2f85b1680dc36e43b70acd3f03d748d8f63b2dfa,no
review/rendered_code/178c5f745dd7b6bd5cd03e78.js,3488,cc03f6bbc4db95c8e9c1563110df8ae32a055f80e38ab33b66de7a2abc9ae5b0,no
review/rendered_code/179f9fa4adede48eb66b9219.html,1531,70ae8b2276fe7ef64a5b0a3ec75c53bcfdb6f04bd8845117875d52db15a55c86,no
review/rendered_code/17db74f04981cbf19205e1f7.html,1490,7b78762d925a5ac6d23eaca80d077fcbac6d032bf0d1fbe5c54efa82a19a37aa,no
review/rendered_code/180a15f896538adcd6c5bcae.js,965,3700524b0601bd9d140023be345672c5f0f4bc6f8856ddc81f6c92c9c956f3e3,no
review/rendered_code/180aff05a76855df9779b371.js,3436,b8ee85ae9e6983922bb6794f540d3eb71e1cc7cb6e15f748ca45c43fa1d41bfa,no
review/rendered_code/1849d19c95789ac8b5243e89.html,7572,511e166509fac107ef787a6cca3c5df42171d745b22f6a73977afd01a169da7a,no
review/rendered_code/1869dec0940630ec5a02fe77.html,5790,5a81b79a9eff29e6c51ef2ed5b4811578b026308c3cf96b60636f90e1b9544be,no
review/rendered_code/1875ee0577f55535ae345347.js,7625,0dde96a901d0a39ebecdc9f85b67b13e75891ec27465deec1879ab479b359fd2,no
review/rendered_code/1877fa2cdb058196a57e2da6.js,2256,59b636479280594081a92bf3e09313b90848123dc57088473daa80d0a47b785a,no
review/rendered_code/18a4aa6101400406bfdacebd.html,1481,7a2b78f1ceae51be8714bd054ff5dcf1f1f594ada1abbc05d4f234043f964c08,no
review/rendered_code/18b41cd8fef0049eecc3821c.js,4060,4a8644d1f7e0d19e97535e0b6b276a1dd12569484a0e5f3a928076f9ef5076c7,no
review/rendered_code/18be2ea85e064d2ad04d1858.html,950,049c4a14367988d3862e42cc6902a6236818f013288dc2ce0a1c30c3925c1dd0,no
review/rendered_code/18c43fcb7093c7ccb7fbca45.js,7612,3ac04d58675565b9cbb873e3f2b389b0fdf2973e383817aad8c28221d1223652,no
review/rendered_code/18c8bd2063cf63d05bee05d4.html,1032,f89b8e57762be4b52f3cadbf233fbdb8ccc8ec939f012b279aafe44f1c94a004,no
review/rendered_code/18dd316215a8730b1e94d8c2.js,3908,ea8631894029d2f111d38479bb01a7640cec3aa8663fb468e6e7236d6af5fcc7,no
review/rendered_code/18f0f96080317bab3b4ef749.html,1444,03f25b9fee053aaca86a41946207375920a8726db27999a060294cabccc3651b,no
review/rendered_code/190930e829bba26f6fad669e.js,12839,ee9ea477e443b2a1e80eee78505bb9f00f821d2111b13d06fd2f63a5eccd3455,no
review/rendered_code/1918357756c915e11930cadf.js,9048,9940057d46478bcf9249d98be42121b1362b1764a5a4a3a782395cc76881ed77,no
review/rendered_code/19271501f1dcb8f6facb42c6.js,3792,65a80e81e4f203552adbbf41454298594c1f6b4f054946b182cd71e334e157cf,no
review/rendered_code/1956f4a4da33ee517e96fe19.js,966,84e85e71e61415b912c08c713edebd70b921a2ef616eb811d9c84c7ba0223e38,no
review/rendered_code/19a40b94b3729ab9e4d3179c.js,3408,f660e2564aa749802bd70e00b0b7ec242060f5005b9271a00ceb8eba6c64fc4c,no
review/rendered_code/19aa51777895920ba803e1fd.js,3012,29999635e6b954f1ca2a4581049089d13ddf732c4a32c31b9f94c0c1d3a15f29,no
review/rendered_code/19c49a427a87dd891b68c70b.js,3488,ca9bab251d6422d15524b797ebe0157dfe33ad026eb455145e2a0fe3f2c85f94,no
review/rendered_code/19f35ca66fa142ff46cc0cce.html,1439,7b4c345682495abea286a165a9d710968e9d03da01a8ad858e32ce7d17c657aa,no
review/rendered_code/1a0e9a699260d5825f07d852.js,3088,2500f8e358784a08ee1cf0bc14479014a202c6fef3b6ea3be787ed58ace234b6,no
review/rendered_code/1a37f91e49887f4858a74b25.html,8408,90fdc9c9c3bb8d5aa67215151a27117a576107be0606c3cb08f90049d131fccb,no
review/rendered_code/1a3e9bf47a2b78a8a2d58570.js,8185,8656c06486d3cf1f986975f96561706ba5bf9e7b429790e1f25afdaee6bfcd94,no
review/rendered_code/1a40716d51b6bcc72f7f7373.html,13867,eae5a09ceb2e566b5c538bc1726616ed9fb10204f93203f37adb619b950eda5b,no
review/rendered_code/1aacd85f734758e7276cfb6b.html,3695,206d51630301a9a386106dd8390a4693511e328ef0fe54a4c06aa7e386d7c9c3,no
review/rendered_code/1ad6d144171c127fbb269152.js,966,b9e37eae3eb18ac2d392e1d785b808881c7090df97f0f932a6d946e7239cc4ec,no
review/rendered_code/1adae3db2327663f1cf72fc8.html,1455,7853db9c236f648d1146599597a147699e2e6344e7c61598d8b3f07a88b0dce9,no
review/rendered_code/1ae6abd28d52056c922ecfaa.js,8937,13aeea4b9b0bdccfde2dbf349f2b594243bc1d4738e7e56c04d7f8408944b614,no
review/rendered_code/1af51bf5afd84b8322e34480.html,1028,17612330e1be383301b04ba92a55319349263ed389892adbef8996f2caa74e6f,no
review/rendered_code/1b2218bcfaec3b5100cf7d46.js,3068,4e96eda30d3ef9305514831bd159372cd5d511cd5543f5c65f3fab47eef184d0,no
review/rendered_code/1b283a309172902c3934f132.js,3268,b566d96849b2361424fd8f9b956d82a868842ca61ab92cbadb8feda298c1b4b8,no
review/rendered_code/1b349c15f554cfbd64998280.html,4386,791655aef407ee10bfff10fb9852cfdd992d20f3b6c0c3c658e1756328525164,no
review/rendered_code/1b3a39d7bdaccfce02e9424b.html,1421,8e1578976bbb8846481aeb62b9d4cb91548018512a2ef2fb253d2e50c5452206,no
review/rendered_code/1b4267e0e1d7ddd96119b67e.html,3461,ffb5e28abf0b865edbf2eb9b0094ca3b397754a8db47395f317fbf9e26bcf264,no
review/rendered_code/1b455d24c75e9e8761a76cc3.html,1387,60b4b2521ed42d27700acdb2f36a448e9be3cd5c0978b9d722c3175301ef4d17,no
review/rendered_code/1b55031759c785bcfd5fa692.html,1449,d633e2b50a0ecd72251725e83eb289a5794bc29499cb1d08a190a46854f92ee2,no
review/rendered_code/1b590bfc88e27e2158452679.js,966,fcce7d9f4158be8bf6d5909911d764b41f46d1d4ff14968efc7270840a5eb758,no
review/rendered_code/1b5de4179de5312ea96fb094.js,25555,c303f57a82c2fd69434a83288e35160e2d21e84d45e53066cbe907d09a17829b,no
review/rendered_code/1b6c0533ed230187eb6470b7.html,950,4bfeebd191a6ed13582c51f97cc6f61fe9d29d97bf8dacb0542e64271ee52806,no
review/rendered_code/1b76678c781af37c2105202e.html,1364,ad0fab6ba612379b7b3cab483aac379649bbdf6a1d00725dca6721ef20a29a9b,no
review/rendered_code/1b83f5ea466232a825e843af.js,15167,1a15751899aee74c2656c1a30b713987f30ab45ded55153bfcc1df2c1d488ca4,no
review/rendered_code/1b890d6f812fb5fe446f083e.html,1484,2cd73a26d4603855c8bd1ef42c2ac428d7fde7b46dc0a07d0d3448def0bb4a13,no
review/rendered_code/1b941ff23015e152f7ac319a.html,15150,db4999833784fd12720a5e8bb8133dce931bb37e1c0f6e3c54711a438675e2c0,no
review/rendered_code/1b9bbaaf2d5a24cad571c27e.html,2114,889d1d4aa2978450693ed4d12ae6a149f7afaaaf32f71f7c5d874b1fa3e7aa7a,no
review/rendered_code/1bac58af0ab07206986c2e8a.html,1564,767c03185a3d4be5c5a68a1835e5856a83b32f141739c49e9da7311a84c6c614,no
review/rendered_code/1bc4d586fe17efe13f231ccf.html,1407,33c216f1253b66430037cfa720f9a87d49dcb65eb8c5a03f9e3533b82f1addd6,no
review/rendered_code/1c13f0631b3b62fd3fdf8fd8.js,3484,2265ed2aa7960188f3b4fa7537e8419fd8b845e2b7ed65c6d55c35062856a706,no
review/rendered_code/1c4bca2e04933f40a9440e4c.html,934,d8c3f008e56e404ab0d935c210ce94a74431e3cdcaa1984ffc28e4b6c0d1abfb,no
review/rendered_code/1c4bd8cb3f52162fa6295609.js,58206,cbbb37a23b8537570f6d02c387d60e1eff1a776bda17ebeb0fcc7cb0f13f685f,no
review/rendered_code/1c4d68a8490bba12f119c87a.js,966,5bc4be980744858a08e84da6f68e6e866570d88203f32c9c476f50bdb70b185a,no
review/rendered_code/1c52647d75a0b72f83f32c41.js,966,aa4f686758618a62a25efa4a96a5aeac4bd9cda24c298713dc69766e8fc99408,no
review/rendered_code/1c57fee9c040615199e85cdd.js,9677,ed8b5fcae648b8885b06529869c9907f6dd91d2d56342a1dde31ad70041a5e40,no
review/rendered_code/1c5dcf0132683fb64d566851.js,966,8685387780082dd0146e5965da8e092e3aaf689aa24dd022851b1049b16121f1,no
review/rendered_code/1c5f22bd36098c12e4fa29b6.js,966,cb07de1c144f141e865304460ce7648361b8f3057b47995832950c9f2c2a7d0e,no
review/rendered_code/1c6efac9e7038f1760bc8ae2.html,769,7449ff181ed09279f9db163999dd0325551ff8f117e4676557ad8e9a93e4ff81,no
review/rendered_code/1c70c3ea46f9802fab90c38e.html,1376,cd4da17f0241662b1bdac2bf7f8ffe740eb806413b3e3f0e9e400e2fd2927e81,no
review/rendered_code/1c764858ebffd02f84fe9d50.html,21055,c779d35583c5ce7f455609b7ba38809323add2544403a17f537bde15d92f0682,no
review/rendered_code/1c7fc54ae889864f2d275cd1.html,1195,a3339111a7a80fe0919c8649b22c608fd3ab762c4c133818cbfa203480591af4,no
review/rendered_code/1c80f2e456cfb803151983d7.html,1479,8b455ab21286ed0f5937d42cbcba5f85082c20cb357c206c23f9b3fd0eaa8806,no
review/rendered_code/1c847b98e6c872e35fd36091.html,2322,00ee34f1e0199a8f84bd045862628bbcab50e61c389ee4d8b9fdf2c52b8c4ef5,no
review/rendered_code/1c8b5a5c34e4deab3ff1dd82.html,1354,9b94e9b3756575b865cc77b4a60ca63fa3483c6ecfa0de0278a260247b7d8513,no
review/rendered_code/1cd714b62e45cb5a77953e7c.html,8481,6de229446b5e4564a160456f2034e25fd47036a786fbbbe68ea6e42898c53cfe,no
review/rendered_code/1ce968cbc714532d72625c9a.html,4911,79402eabd671f1052797b8410d415d40779b4db4b5d89faf608c65ebf625df5c,no
review/rendered_code/1cee5ac3c3cfae835337de4f.js,966,0e175a3d98f7525916f5393bab2267b3cf9cdec9fb9ebcfc3507bc6bfb672672,no
review/rendered_code/1cf68d0fcc9e77325f25a701.js,9416,0eaba8c95f64024424f933653177a4ed3c667173ce0adfd09fc2883f76ea547e,no
review/rendered_code/1d06f566f17720fe594eb35e.js,3556,1b226958babd3f9684c13e4579661ca2ece6d33fb4a1d822deb7598fc5455d91,no
review/rendered_code/1d658e341e9b1a1318c16273.js,9581,84d284c6a4e8148f184ff0d0409f9a25566ad6a6c7f44b28cb6ffb04be423bad,no
review/rendered_code/1d845f567b1123751274848c.js,3160,0869419b8ff02289c65f32af5dea0ad79d49f2fd1cbe2f00434fcbc7417546e8,no
review/rendered_code/1d934560a4464ceeed89eb6f.js,25283,514bc5b0bcf1248f2551f7997ef1017968c365a5f58857266cee4e003b4a11f9,no
review/rendered_code/1d95980bd1988aba8f9f0a96.html,7864,277fb99e49756fad10d82ce879b934c23bde6c38c22232fee7fddfca2b92f2c3,no
review/rendered_code/1db554015e048283bc801170.html,919,9063d2c05700bc8ced437b5eac1cc15012bd41ea8967082505c304449dd4ee0e,no
review/rendered_code/1db6496cddff5771fe4bab43.html,1892,a110b459dffb76a109a273401bb6d85f99dce045b7d6c9fa074486b40b8edb31,no
review/rendered_code/1dcd0835ed4536ae3aea7d66.js,10832,6b793d3e81c7e28b2ea04efc61c5c868a12a0af8ec7ace2f4d446f38ef78bf90,no
review/rendered_code/1dcdc56f0d2a7f59e0034a17.js,966,c99f101620e3a00110d8a0925002ae530cf4d7f081a10e63c169d1f46fda5f44,no
review/rendered_code/1e03ff7eef2fbabadf56854d.js,3076,724a3131546e88701549279a464703f8724539782cb5295e64aa91c8afc050c8,no
review/rendered_code/1e09581a6ae16eb26fc5e208.js,14157,d65a7bac9987b819c55cf17f57e9e3a26bce1f8f261e9a74a54bdcd8aa1225f7,no
review/rendered_code/1e0d3fa1bfccd9b1de519346.js,966,95fa37ae82d09d2ba13ef563eff4718d7507f8964fb356b21d4ec5aaf23ebf5e,no
review/rendered_code/1e3a688606eaa5b0bd132e57.js,966,8f3c3a6787855942bcb317b7f311d4e6c8a6d82b84160593162fdbce456a26bb,no
review/rendered_code/1e43a2fcf531afe5fc138a25.html,1004,f48f4e977bdb654ea7ee5f07692b19ee82c5cef5089edc181781a17f4b058f62,no
review/rendered_code/1e4b2271bc9d506581f35e9f.html,1734,1b48d27262a8d3d10afff8dad4335ddef487f286ce891665acc05406aaebeaec,no
review/rendered_code/1e617371aa33620540cfbb43.js,5977,8b6cc44f37557fdafc84cc979ace754732e8a5d09177f55c4539b91fc9569de8,no
review/rendered_code/1e6f3a1ac7965500da6b00f0.js,12839,7aa8d87d6016fee2e3131a5ff54690963419aed96ce649ce9cae2d4c3085564a,no
review/rendered_code/1e8c02d3a4168e16982653ed.js,3108,e69a5685fcb0be9d02f6321e3054eaf7d22f1c9a7766fd9acdf03b6098efdc5f,no
review/rendered_code/1e96450fa31a2384d34f20bd.html,1704,8169352841b1f85b12f1f57c179eac234e47a749f590744e64e6e9d492b3eefc,no
review/rendered_code/1e98338b02af44149ec2b93c.html,2241,613b2132f7663e90c1c640489f06e5f5f7db9aaa74b76e283c8eda3667a7029f,no
review/rendered_code/1ea8ff5cd6f8be3fa87dc9f2.js,10991,7d0f083e1af41b9e364c31a7cf03dadad79a591f5e71b806414ea3058c3e4b14,no
review/rendered_code/1eac0ec52850a02ea90b8ccd.js,4148,2350e9034885621dbd63a72c7404af39157e0e7006b9ad2ff967bf7eeadeeebb,no
review/rendered_code/1eb080b260ee87b793eb902e.html,1464,240c0702046ee7a0fee635c503e1a0e5647517ca50403a1e481d7ce2b2402414,no
review/rendered_code/1ec45485eb5e549c2fe5bb3b.js,3384,a196d2b9e36ab49b582d8581ecfcdcfab39176b64a0a7fff076ceb93a72de395,no
review/rendered_code/1efcfe09bb4a9e11eef95ea6.html,3693,61723670c878634eed70d2aab3a811131485d75a7c3892e71484ec8ebee6b9af,no
review/rendered_code/1effab7ba515f0035982a0df.html,18527,0122e98c75ec56639c98e08bf6e8ca6658bf6ea81ebde306c8b5c162d70ae449,no
review/rendered_code/1f0013538e2fd6d98be4f27c.html,1414,4e5f52ce102a22056a1fac2dc7ea52d20b0a4a82a2a4fe66fd8902fcfa0da7fb,no
review/rendered_code/1f15cc4310238e728c32b44c.js,12639,4537edc2adc5f47cc8d95abb96f17d85cc4d75f9e3b4364d3ce6a0925443c567,no
review/rendered_code/1f2263aaed050e9a26d6add9.html,1006,989c86618ab64a06012ed1d63fe932379169f7fc69122ebf271137159200382e,no
review/rendered_code/1f71e2e2cdd3a266249bd639.js,966,77e7044ba0427d18eca3ac36b33d4d38d1fff44be897e15ea5a7e349af75fcfc,no
review/rendered_code/1fa68a1f8cf0cf1d5e3546fd.html,1460,314319ddd1843561af8b16f9a79f694e61f05f64497ee693ac150be2bdd533dc,no
review/rendered_code/1fc60a58fb30b748e7c26c67.js,3656,2b5ac137d15cf8d5b5945a8ab1a7438cbf0f2bc5d6fc120e3adca050169da260,no
review/rendered_code/1fe6310a8addfb3a0c76afdc.html,977,a903e823179c05982ff53e56f9d1d4bbed1cea97f2679136a0a6160807aa9c0e,no
review/rendered_code/1ff1ef52fedcbb1e0d7bf4d7.js,3592,bf9cf321f4235c0f3aae55e43c14c27aa90a0689d573f474beb1c5fa05c04ebe,no
review/rendered_code/1ffd146a35456fbe90735d38.html,7490,50c35ddde2ee80cbc54f3fa6be53453e92dd8852b84507e1ca7ca1bd47c85b1a,no
review/rendered_code/20042d9be1558dd5268b5a5f.js,3104,a898c150c8df9488bce12f198babf468bb31c17357860dbad5d6c8cef2999fce,no
review/rendered_code/200cd21740bd60aed22a6449.html,8375,354ef099ca5e9c08e94509f2a43ffc4c800fdec3dcb0f561c65433f1db0bb2de,no
review/rendered_code/20148f956b3129c38624ca40.html,1452,4bb85a86ff9ecddd07c34cd34df440db382105c34962bac16a512deba9342020,no
review/rendered_code/202b2da36b3c4fc0391da8ef.html,1386,5977ee3a9f09bf5e0eb7e70f12162d4261bad69da8a2c58ca53ad119a8a7be20,no
review/rendered_code/205c015250d2f8121b381413.html,967,18fda4b1023b15969f679612d6576f28d1282e426902cd6653d8a251748e983d,no
review/rendered_code/2067e516e2d6883cfd1b80d9.html,2241,e909394bf4ed85b629e1c6d91dc1bf999fc4a799a699328e1f21e765d5ee69fe,no
review/rendered_code/208c4c2060eb9ae3729f3a15.js,10866,571f70ab4136f5e8eb5aabcd3231bc4394f0fc0ba88f36fa9d0f80d6c3cfe0db,no
review/rendered_code/209259c794595dcfb88cdf0e.js,966,ca3c80975f9c608c41f55920fce3e8e83203790275972e6485b1a8a10326ff2f,no
review/rendered_code/20c05e43d8b8e64004150f5f.html,1395,b90ee11c538342b514d1ef683880c29a7762d2ce6f3bd977843df5d0109d9867,no
review/rendered_code/20ce8d4648144a7998de6096.js,25708,e854bdc0d360ee4958b9042e7fa24e777ce908f654ea91ec7055ace6a533187d,no
review/rendered_code/20dee33c8faa4789860c7f3b.html,1804,979920c113f4b135ffb37636bf28abae83e923f4f91175ee366f7fbe7aec05c3,no
review/rendered_code/20e20f6b8171cc381dd64de3.js,966,c8babb6329a1f95af2ebca921d774c644ff198d96d06fd6f93715a6e7b13f9cd,no
review/rendered_code/20e76259d4897569ba818126.html,1406,46da15c779523e5b7f508c976dcfb2c3baa5d4e975dfdb1002abbe47e1404160,no
review/rendered_code/20f25550f1a1219e0264b178.html,19984,d9d19b18481b040053cfc07924a091e0198296db54381bfabb263e8a82b0d051,no
review/rendered_code/20f42ce894a5755d2d153cee.html,1209,13f9ae7d2a25de195ced39ec127f953ddfdd0608ab020516b2d1b790c37cdfce,no
review/rendered_code/20f67108c68839188b876418.html,1207,b9d0c82d85cb366926810b9b7aab33c9e4223af67523df84782f74570a433d59,no
review/rendered_code/20fac6df37577d7f16a2efbd.html,1518,6a0f291b85557108252868db9376c3712e6372b7f6470d96f10449eb1f65bae1,no
review/rendered_code/2108aae89d72d880a1e21655.html,1486,4a1d382b8951e5be60b004d12295498571c721e5bc0022c379a2b242dd3ab4a7,no
review/rendered_code/21273578b5334a32b77c289c.js,3368,d48cd5cbd669f0481263eeaedb7e719ab43699b625ef8205b6db04390e0deecd,no
review/rendered_code/2147d2a34b99e13bbed59425.js,3052,d2dce27e024e52dfe3f46b24620ff97249706d3afde88d47dbbade17e5e1ff5f,no
review/rendered_code/214f240e0914515342ea0821.js,966,f27ca772ed8ff30ee8bc4d88c530f36fdddb46ce58ce211984539f9bbb7cae8f,no
review/rendered_code/215eda0d0423be6cf69f13a1.html,1222,e8dc72cc01af0863cb6ea07275f25294873962df23e80ffde05d64a688014eae,no
review/rendered_code/2178a32f10e20bdca02d47e6.html,929,422684a5f981b02ec93f5727869b2c03009473b69e4cc2fcdf0db0bf9840f266,no
review/rendered_code/2179691656ce82a619f71de8.html,1064,b6192499dbedbda944280629c65729d91f1346f8c0b6406c56eb43d7ac67cfa9,no
review/rendered_code/217c1feb8daa469da4ef5abd.html,1465,e46e8198558054136d7b707dd69c1823c58f397fdfb40ab6e33728229b0225ce,no
review/rendered_code/21ba976db71fcec6599cdff3.js,966,60285964106af88239f64515391a96780ffd113ce0e333397c572651b0106ba1,no
review/rendered_code/21cce1c1fc8a5040afc542c5.js,3328,27e41ecc186c5a1de7544d38a5050ae6426336d867d117d9483b316833bb358f,no
review/rendered_code/21e6449ff7f3683a37d60f86.html,1413,9d1c0d69899c7d014f6403ee35d2d2a8073d63de7d48f2d23825eb57f4f0da1b,no
review/rendered_code/21f7714d84193ebd6d23fbc2.js,23781,a75e9b50889a264be068acc1b20ef991059a8c1e55644cc8a352c6d9f0c46699,no
review/rendered_code/21fe07f51e71b07998e8dfec.js,966,23531772d01cc1144b68a886ed001e8dc1a39be9918bc91e5e0f34020782f380,no
review/rendered_code/22218fe3ace820237fa2aca6.js,3416,f58d89467287e983a14395c12b8d01dd77288edbb497a984fd1ffe81ee26ddc2,no
review/rendered_code/2221965a71f6a1ed2ddb0ca9.js,3596,ffc696cfac424715071c64c38fe984a6246b10bf96d97707d1b6ba1e36de5a38,no
review/rendered_code/224bbbee2c19af380ac4e64a.js,966,f44d550de39dce78935d0c99ee297d25695a915c9f5ba14551a71e5fb04899d6,no
review/rendered_code/224ca402046fbbea8034fea8.js,966,5a38bb3e77f42459fa772ef09252de195094e2c49646893cfae2295bc355ec12,no
review/rendered_code/225d6056a4344f71a5418174.js,2980,7eabe5d06378da4539d9b4767638017b4fd1b2f50e877a24a131c29c67440b1b,no
review/rendered_code/227d8748d22aa026fa9abf81.js,4060,64f5ec6be70da766b8a3fc9e2e49e2a4ec9a811e6ff19556ff0e395b1751acab,no
review/rendered_code/227ea7f6193db3876edd518e.js,3104,8f98aa35d2c9ecce2240efd1c7ee6bb1486407bbbf8a9b95bf4608f6d8db94a0,no
review/rendered_code/22d8c81922040a58a1b4bc28.js,966,11645e77e5beb7693273868848b6ab2857b2e79141feae66ccde0eb073e0b7d5,no
review/rendered_code/22da17f76ccbef5b1829fe77.html,2110,896308aa8d83ac7f2747df9350adf66e1bdc0acc6011794f7db92c7fccd7fa56,no
review/rendered_code/22e9256ba29e52d693a475ef.js,9229,76844b68812d337f172275148eb442dbd05ed12a502750590f1275227712f61e,no
review/rendered_code/22f577414a90eef67d904132.js,966,2287b8d8205bcc05363fb8a1e756f5cf06ff6e1230d07dd6821ced21644d7ef5,no
review/rendered_code/230e8a8153f0b8446c510b78.html,1670,0204108ba7dce91890a811d9420486d37d8d5a752cc494716b5a83e6455d6dec,no
review/rendered_code/234fbae7c53a92e9fa916cea.html,1462,4f310192734ad5f19b0e8e71e95d946e301497dfb3e84da1c73ed3332152a622,no
review/rendered_code/237a8889553e72bf6fabc4db.html,1450,c46a4e0737fb42ba8866f61421da1a4f60259408272af273761cb03f8749406d,no
review/rendered_code/238c5337a262397d3693b1af.js,966,4551c50be4f03f55f6a4b855c94c147a86854278a7fa65100122daaf13632c00,no
review/rendered_code/238ebf6d9a3160b2c3ac79e9.js,3132,ac20ced7ea5e9bbd6a4c671e6bf9add88b3fe2fd496318b1843b76013baa636c,no
review/rendered_code/23a86aeed15a7eb1bf4af4cc.html,1341,382d52b89f925caf1ffe4efabe80983a66a3772ed24441f862d900defbe83d09,no
review/rendered_code/23c6d37df6eb3ae9dd61c375.html,1378,b276e36aab3e12f87fbb9e48c6766836167b8b8dc86840b0d5f5e4da6b2aaa87,no
review/rendered_code/23ca0fcbe932e90583f4588a.js,15855,d70ebf5f21f35c2297349b776a898938744aac1fd9519337b796fff776374ed3,no
review/rendered_code/23f49994eb5d3447d171892b.js,9018,7dddfe4b2bc349fc28a9a27f5b858a23b23f03d1640c9a787c5bacd87b666664,no
review/rendered_code/23fefff2e4b621f3d09c89f6.js,6785,2b8dfa5808ed1c07a4f0cce35c5ff401f3f14a82f80ec831f99a1b5bd9e4d74f,no
review/rendered_code/242e2cb2751d878a8d294e85.html,979,c676e45fce951a10e6a3616c254a3a16edf6f40f98b79d5cd60af4ef8eab36f6,no
review/rendered_code/242f6085126f5d8ed43b5258.html,1264,1528045fa8b0c9c1b65ead6029759ad21af564f60aa4eb5183e18485b5466266,no
review/rendered_code/243e2603c9365a51f564b9e0.js,966,ade28824aa0cddd58d21d0201df3d918f68fe6db91b6cb6a7984207c8b147993,no
review/rendered_code/2440b16af888268e11e54585.js,7290,de27bcfeba16f6ddf80b44aa7667b9b6c4eeff88d5606fff3decea8fd3efeca4,no
review/rendered_code/244c57397738d0b288bf3de9.js,10737,63533c9f965dd5623f5104a18a77af421b6cecbc9d27b703ef5702c5315827bf,no
review/rendered_code/244d8ee538a6311ad8a3fc1f.js,2908,bd15c34b0b87c9a5ae15405a6b00281fafeeb2ebf2d17373512ff9519fbe0eab,no
review/rendered_code/24537e42d6f263fe388eb5d3.js,9420,3099a4eb8c7f8bd6911ac6ef2abc1a068e411b9a998aa2fdd903b1c801da2548,no
review/rendered_code/2467b14f0238550957257d8b.js,8904,31d3f815c09ecb58285325cd7cab316da5a577adf067680c705780e6b9ee92df,no
review/rendered_code/24a55b3dec6bcd27bbf2a665.html,1477,62456c702dd37f74dcc3763824ebee3ce179bc37e1a777079a306059deef5a0c,no
review/rendered_code/24e142dc603cb357ea78f23d.js,3576,56f84df7e9a1b23b8bee941ab7d83390c04b5b5be0ff491ff0383b5561bff9eb,no
review/rendered_code/24f9f5880b8b4143f39da288.js,3516,2ba323c25a4ed55e4b89d7fbcef80600d5bfce5404495fa6b8324ed19032e7a9,no
review/rendered_code/251b1017c9d2894ac38499c0.js,3364,9e92c34d34aab8a37322afffb35128fabdcba9e60fb50a801c8314883fb7fd51,no
review/rendered_code/251e672c007f82ee97ab4083.html,1462,dc1847b25c212d8657eae74d112b56aa31c05dd9ae26e186671fab89d44d0029,no
review/rendered_code/251e824b65ba73c02dd9d7e3.html,1431,ed2fc67abd21ec195938d7089000fafa7e1c7f62585c63cf82ebd1af326735ba,no
review/rendered_code/252cdb5223767d7414707d89.js,3232,60fd4042f6105f2a172a830afee9f5344eb9c04ea279cf42d4e01a63b20c1b19,no
review/rendered_code/253e6e922b970c278ed3f1b6.html,8864,011e4c88d49fa63f4369a7a9adcaca759d6cec5abcfd97b6c54dee6b34e68a0d,no
review/rendered_code/2548e54e6f2bf9f2563d92b7.html,28152,e9ecf8e5d0db252ce611677ec2eeb705afa5633bc7628003f3e743322bb49f13,no
review/rendered_code/2574a874455d00d3deb6930c.html,1633,cccbcf28b94561cd62f0a595513e8f077d7c5fa3776b8686c93fcfe58595d929,no
review/rendered_code/2578af2485923e7675884707.js,1520,100fe29ca7052113991f73605d7a782e36223ae78cdd9a218843362524606254,no
review/rendered_code/25a2ab3935c87ab82353eee7.html,1024,cd6cbb4ab25b7a8e7088263e42aec01bd96df64e6dd84010f389a03f8f98116d,no
review/rendered_code/25ad6e01f5ed0608b117f3fc.html,1034,6ea788b002de9606fcb7136e4017fce8f9a619279483a7608a275b433fc8ea62,no
review/rendered_code/25b8bdcaac91e348e2b757ff.js,13394,040d45bd12a6d03d54140b6ecd37799b9a091c3bb157d1504ff7e14da1e37f02,no
review/rendered_code/25d56be8ce28b48df8325cb7.js,21697,b6ff29ec29c3348e6fa3802d60fd14a42a5fa0d93452d130679890df5eedd3df,no
review/rendered_code/25e32c341a5507775af5fcdc.html,26052,676c7148bdf44e1f3d8bb00f669853ea5bd163807ac2d8a3a4762387cee98875,no
review/rendered_code/25f24a952f0a9b9c80380fbd.html,1000,2ea6a5f49999d7dff3842fc1c53c25c42781b1e3312ffb7f7841a502977a4e2e,no
review/rendered_code/261fe3d81010578214484cfa.html,19182,c126c191c0364d56897afa2d2eedfbc761fe8dc07d2c15aabda87c6232b95390,no
review/rendered_code/262d6037e1c863f6f11fb981.js,10838,a0618e5655d69a5ee25ac560bdb39f490edeefc26f320e393e71301de5df9594,no
review/rendered_code/266800f933fd97fe096e79ad.html,1725,2051119af345ed8bed8b7d0e89aced94a1ed087a0314307c04e85139963b430d,no
review/rendered_code/26772643752df103b843f9a3.js,4076,bbe04217965654d5d2c0072c82fe9990b805acce406894c9da4548480a543830,no
review/rendered_code/268e738d4b9793579328ec9b.html,1441,e9374218ebfdc668f5b4b2a5312b3626c5a7c9aa5e6929499e4a0ce7fd827490,no
review/rendered_code/269fffce4029917783429dfd.html,1460,6462577375caf6ed7105d54b1e003d5d67832850f40a022fd0603e40f729e1a9,no
review/rendered_code/26a20bb68f46ba98529c38cb.js,37324,81845f6ec76f255165d5ee38f2f95cedb02e36d3b91bf2d3ec4f8a38150e79a2,no
review/rendered_code/26b4e28ee27045dfad17db51.js,3320,3d1e8db544ae6b680dd2f50189851d5d8c72b4c16b032bf605978a26c08724f0,no
review/rendered_code/26caed80933cbdecb3205265.html,1476,d990f803bb5d4f0c2d5d5687a3c57163cbfb8bcd7a8d8574636fc5ab028dff43,no
review/rendered_code/26e2bf256f00a658b267ac6f.js,966,889c36d64758218d6034a42a31ee9526f2ab150a4e07e49da9e2f1ddf3c1faa0,no
review/rendered_code/26ec97fd86deb9d8dde3bc0d.js,3120,6bac807c9bfb1a1c40595fec9c92fe5094a06246de8a07cde46145cbecaf7ed4,no
review/rendered_code/26ee0d2738248fc604ab95f1.html,5159,1eb39e0678874dc3f55eb8b75e5509dfb74092f5fd20f009015705d978d7c017,no
review/rendered_code/2748b72b1d55819fe90afb43.js,12850,6bc411eaecae88905c95ef6279a72a19bf710e8acc07dc84c1d25bdb0c025bf8,no
review/rendered_code/2751c4720377d24f30525ad9.html,7286,4e59e638d8e6a82e393512400a15881572e4eaab9cbc89dcdd6ad73b24b532e1,no
review/rendered_code/27528efa9990d99f02d38219.html,1387,8f7badd025c5719f5240bcd82ad5bb44d4603ff661c1fd1eecc90baebd92680a,no
review/rendered_code/27765175db1de971fedf1f11.js,10849,5c3347f1c5b6784be1c4c5e8aa0b972703b59175f1963ef9ba2a37372070ddae,no
review/rendered_code/27795c1e965b3c2427f027e3.js,11184,d3c7bc95d7af7d507fe6fc241e371111d3fe1c550f5689053b3c1a86ee3c030e,no
review/rendered_code/277a1c70661d4d4bdf19f9c2.js,3460,4662c676d5ccfc506c39eb42703f9f87476582b8c89af1e6339425aff4cec545,no
review/rendered_code/279b978d81464874a7184995.html,1481,e1d911f01404497164f8a39d23563b54ff84672aeee95a1a9a7c43949e812c90,no
review/rendered_code/27d732c9e651d2831a90bc40.js,966,04379bc8abe1ac6b666862f11a0be6c5721c6e66e3970383e8dd7d3b37b07f46,no
review/rendered_code/27e5085dc61717e8cf8f8678.html,7991,269f342fd449b6dcce4f58195de74fda4165a2b2ffa9917f4e3605aaf4a27154,no
review/rendered_code/280c2e0c14dd4eacc5e6270d.js,966,95118f39e302c43c9a8be283c0d30b4227f103adbbfec0a4e972075615b575fe,no
review/rendered_code/2811dbc978137f6d0d889353.html,2972,d393a47a85b6fcd38f04cd8948d9c7a65de32c064f6ede5fc2edd933f99db19e,no
review/rendered_code/28194944f49cd9f31c1a7fd0.js,3312,2a266e11d7f5b4406bc765013f9dc8d3c47a550a1d271347d88bcac6f7aede72,no
review/rendered_code/282b3dc560f0bf2c9b96458f.html,1837,d45d0c41262c40414f877bbac86267667e99b05b86481b26d1a1bee33cbc1b28,no
review/rendered_code/283fe412d354db1726bf8259.html,1170,4c2fa198e0ea5256149ae78175944dce0cf934dd7c74e66851bcae080981e9d2,no
review/rendered_code/28978b2b6fb8010413afb5ec.js,17821,e89e0fa119605dee509005f8797c70f5a12ecc4d7ff345d0f693496c41910336,no
review/rendered_code/28d0dcf851bbb13a8f3b6417.html,949,13bc47cf98eb8e161175df731690bfec26acab52c6d6e3140145a4dc38c1e6ed,no
review/rendered_code/28eaad13ad32ae1ead72ef02.html,851,3d9663ddd4974daf96c628642137ca16358fa1cf53304ec30495f492a9fa616f,no
review/rendered_code/29169b12eb5dcc23eaa96dbf.html,963,c44a69be4ffac0db6185cba31a1c92d520291b106f0a7e5d13bec8dd7231c7f1,no
review/rendered_code/291d491d3f3b4d0621313192.html,1876,7cce19862ceb48cc939e2ca16d6309e180dada1d0261403c800494a07e48cf1a,no
review/rendered_code/293b2702d5d37061f0ca3e96.html,2972,ed463e6a91d929aba02bec8f5551db467dbb42e68c063a50ca10202364b0a2ad,no
review/rendered_code/2946a079e61ff60dc9b35211.html,1365,4c41d4858da20d0110f7d02f32bbed4d854c00477827eea6b1b9e44f3fb780f4,no
review/rendered_code/2949cee9708daeff11a176ec.html,1479,2d52fd6fd00bf3fe54da9a0fba84b7657fa22b9ee63a46dfc7bb92a9bc85da07,no
review/rendered_code/29647a5bd37caddbcba063d0.js,3136,bd387c56e75122944713551555624df97e449a8dccafa007c83cb05af12cbe1d,no
review/rendered_code/29738a639e2f73d32ab62231.html,1822,8ddd1529bd3ada3e8d288c1154cdee46c41319284263ec1088686e28c6e1dd6f,no
review/rendered_code/2977827019c47e98ecc8d424.js,966,c1214c257de7c03e3a06c87ffa67f7fd5d2d27614500ed1939efba6e2d81563d,no
review/rendered_code/297b01294e51b1f224e1ed8d.js,12409,65c6dd8470b604303173afdf830144a95c71748c23e1427edc67e45ccf325ef4,no
review/rendered_code/297b6ced86e40cc0855f1ea5.html,1869,fd3dd3555fbaaa99f4a82752c6be78edb310d4fc039e261dcf780f7b0497e40d,no
review/rendered_code/2989d6b1f8c010c01cdb14ab.js,16661,eb0257b87a53289f27ad997e61654014b2f2eb949ae7ff7af1c598a5badaed01,no
review/rendered_code/29991e2471fa70ae633cbc8c.js,3780,6a46b903e116d1ef1d1ea9702880b69e539b9b4a381a73397aa691d42d75e501,no
review/rendered_code/299eb48a21555e6884fa3e96.js,3436,d10b4f6f32faf0d7f8201547449d38d344c927d7bc8bc7c148fcccfaa83727be,no
review/rendered_code/29a6a7e93a22dc7692745ba6.js,3364,f8735af44c15258bd87d982abb647386c17dd31440d50d2e7b246478e1786deb,no
review/rendered_code/29a81762949ed6e6b64b692d.html,658,c3ac16cc3d74f28bf24ed70d103813f8c69c49f0c920cff65769a4713a50112d,no
review/rendered_code/29aa995def803f50d3aff9c6.js,3084,5a7c93061f2440151e997545e4f60fb1ada27c9e74c640a8de887c732d8f9a1e,no
review/rendered_code/29bdff1d7a9ac5f64cccdc71.js,7625,7d18ea065072f62be368bc1e514d6c8ae9a6e8cbf733f30c9ef7d923271d2487,no
review/rendered_code/29f58d9cb4addcc0a64e34b7.html,685,6aefe627f7a0b263303a307183372b666d6143230353dbf9192fc16d785aec38,no
review/rendered_code/29f676a8fbafb82020896305.html,1366,408bb00b3f56a62661bb3c31b24f549462755290f89804c5c38197c873adc7f4,no
review/rendered_code/2a0cbb22bff863bac3047478.js,966,69549ec7e937a7072cddf51b0135917c61c2db45dd8a80c0c82d7522c563659d,no
review/rendered_code/2a20d382f2444057e3fc950b.html,7712,ae7393e8601c6dfce42f9354d2da278a5077e550eeb13b4214a25ac8afeb1125,no
review/rendered_code/2a212c230d3241cc0d606f99.html,1292,45a627f26bcb03e2bb0ad3d4048dd76e56ec3d57d293fe6465e2aaaef4050741,no
review/rendered_code/2a275e3c783f5cd79a5fc995.html,1214,d0b7197b04711cd433aef4423be6ff8feb2d2041feb2337140fb6eb6cb229482,no
review/rendered_code/2a29fff33addd18fb5f08354.html,1021,cdc5b3fdb9915e3bab16b791d15a3ad211587c0b85788615f422e682d0f09a41,no
review/rendered_code/2a358b313cb7cf2d073db0f9.html,1448,ff4956e8e0815ae638f6244491a58808cbacc18dfbd590a522eb0f939cd5fcb1,no
review/rendered_code/2a3635e635088cd2b6b67125.html,1492,951f7decf5e39eacbf0e43e585877886a27b809a9245a425720f648a62bbf20d,no
review/rendered_code/2a3a29e657c19e9dc472db64.html,1491,fed427fc43081e41b43fe99a99bc08f8be7fbd098dc2b5573bbbe0ece58cd1b0,no
review/rendered_code/2a4e259f808a9a228d409dc3.js,18885,85a9fc18e091ad54f05fe0d6292735942fb29935741fa087c2b827b9815e94f0,no
review/rendered_code/2a58f9767d30618f9703b6fa.js,37745,7eb00776f78af5ba5260d7b62e55f474a10176b9dcd975db02365515878d7247,no
review/rendered_code/2abc52bc0ca4556142c5eb0b.js,4076,ddf2f902c18fdb8c121d64ec8e7c7e6fdd872b9701d8189c7db18f567478f412,no
review/rendered_code/2ad0d61c330e0f9f653634e9.html,3594,2a5b3413b251e1890ff3c069f4108cec05ab595b3c811c86ae1b38ef61e35949,no
review/rendered_code/2ad2929af0cdbf5a167b5098.html,1698,c2a96715af3d2b82b41d8baa8a2c575603f24e9d0e51b48d97364add62b6aae6,no
review/rendered_code/2adaf09ce97dea049fcc60a2.html,1456,a00c20d5f6ed81303b16cd2b6484e04b6dfc9f8c11fe27b0929b3ed87494db26,no
review/rendered_code/2adf8d1a4ed4997c9bad7c41.html,1527,dfc6deea607b06d40c269e6be47c9031023713272e73ebcaec7b2f4577596492,no
review/rendered_code/2ae485768af7392f4add59be.html,1495,e45d03554c8a1d512ec65446695d90dd0732e8d5abc247f071d7267544f79141,no
review/rendered_code/2b079f6cadfa6246207a09da.html,2427,329a0e8cea9a840b276a10bfeb5b19b8753a0901dfa08c694b84f5a53ccd48fd,no
review/rendered_code/2b43218c9a21a9b6e7d9d812.html,7403,62a21039514c5f86b5adbeecbd8090d16d47bfbf6ee2c76ec10ffe05c37fe90e,no
review/rendered_code/2b564afa3dbcc274fb6f64a1.html,8546,9de5aaf8abad2e4024697db0cb9d05ed2d95fccae04292b30c90da83c3d932c6,no
review/rendered_code/2b57149c9ff8a1293a2da6f3.js,3852,c6bd892e366961a357c869f61047063ae5c5d5377efce561792ea936d162abb4,no
review/rendered_code/2b7981d991ce84fd3f001273.js,12369,53cd8ce084d4fa32431fbfa9598b10ac6f259f3beb53c042bbea536bd480ab9a,no
review/rendered_code/2bba44de12c2dcf28c914d41.js,966,8cadcf4e288797010c48d8fd02279da8dcc5c4009836aacd119fa3eec9f06f2c,no
review/rendered_code/2bc344751c574634843a81e7.html,1791,a4b37f7972343137dc4e8a8e29c330dd29960e91ef9f8d27477955fce552d806,no
review/rendered_code/2bce1996d477203138ce4b04.js,25414,eb3fafb2cfc55009b65fbbf7cee08b741d3e1e92f8d26bf7f63b8497481a5a59,no
review/rendered_code/2bd972bee82c0f73514ca0c7.html,3028,fa8d9f1f3233d55307f2059bca1d96cd13fac2dd18d3515504d5605b7da350d8,no
review/rendered_code/2bfb6b82790472a773667d74.html,1475,fdca1a9dc14104b26663cd500c5fc5625647d20a8b14a3b2372b59a41dfd0b42,no
review/rendered_code/2c216707ba1cd7e91af9cbc5.html,5608,f24179558349bac5133f966ac8eac410e482d11049957c9d26da600b2f9af209,no
review/rendered_code/2c3ae62e60335ecb327d6434.js,3248,6620f5f2232e56ca54cc549228ac5d721c3039c20f372479953aabe2fb7736ec,no
review/rendered_code/2c63c263ce67776d0a901fff.js,3332,dd436b9c545d44c50acb2df2a3beaae97b87b5b32936f82ce31fb950c8da62ec,no
review/rendered_code/2c6b0dd37c6138fce7fd1b4f.js,966,fd33a18e46e9d8eee0e4b0368ed798993a0441ed6523c9a68b1ace4ef077c5d0,no
review/rendered_code/2c72aa94918d96cd55f696ae.js,965,247d9198250856813ce3eda9cd6d55532f0b1f3043ddcd01b4eb553400a50125,no
review/rendered_code/2ca3dbd42dd797539788709d.html,1465,ba32147cc04bf9987f0298d7484aeef43714dcc75ded14598faf8be459c6425c,no
review/rendered_code/2cc0585f53e84a2245d30da5.html,1430,6a119cac87ac1e3aac16913e3bf3a353b9c8ba6fa796859c82a65305e52d307f,no
review/rendered_code/2cd8b633e4cdbae530632a28.js,3804,20fa4fe01fbb00d2194d1fac9820f80ae26e6df2a6a559d176ca24d9b3c977b1,no
review/rendered_code/2ce191d775e981b304291095.js,966,318d2607660c801999a25571a0dce9754580ad3b262d885afece2df4afab48e4,no
review/rendered_code/2cea43864fef0e32486eff5f.js,3716,1ec2931c74e91ed267e94f6dee5d6604ffadba4f86aed51a2c34a5bbdc0dc9be,no
review/rendered_code/2d3a7d95aa1b5eb5e229b675.html,1462,03153d66da22b138de1d810796f2e680ab476e01b69c840394b1f9e5fa6edd6a,no
review/rendered_code/2d450b9959b19aca9461a8b7.html,1096,158168e047b42293fd7f1426081f3ff08a351c4994ff46e41d63b759ec690a7b,no
review/rendered_code/2d536d831dd34cc292368e47.html,1432,0b2cc72d5dff26e4e236add312f6e8b79af965f1a32955084c30589069f0f18b,no
review/rendered_code/2d5da6a0e0c919b72c1c5a6c.js,609,4a1e7d6b5a482c61dbd88a0f8ca2ae25e1a7f6385ba5c909ef37758725b6ea5b,no
review/rendered_code/2d6107d6e205afc5d27f70ec.js,82217,96981b7256a58897ab41e287cc245139d76966851135b6ab4b1bba3a3caeb2b1,no
review/rendered_code/2d683b8d665911a4cad606cb.js,14780,4423b80a38ec9464a3ea6ce4af1cb16fc656b6c3173dbd03bf4a17f4b02cc4a6,no
review/rendered_code/2da055d79ab6dbd703b8c0eb.js,9207,b78cb14c72cccc515ffb935a759d6e7a157ba51d2df6a19483884da0f4101954,no
review/rendered_code/2da09685d110397607568f27.html,1454,2e046e2e5bcc6d81ab1376b274b7231d4428349b6aeea7bbf936f74902d9c909,no
review/rendered_code/2db43f62223e612548ed343e.html,1419,94fee160381d1098874b34a43eb5b46acb193f4a2a20c86fa89dae98004cc7a8,no
review/rendered_code/2db958c151446703ccf78b6a.html,1807,2729caa20e6664fda701a6ba4d1c8a441a9a6b74b133d8cdcb417619ff494215,no
review/rendered_code/2dcee6261a8af563b94526c4.html,8427,d0035fd211d3404d1fda92249e6db1939369c6560a63c058cb914824634d478a,no
review/rendered_code/2dde3e095b0c477a0f526de9.js,3204,903dc1e2acbb26738629a7d2e2eb15f40f9657c80a7224316f816049c94f9f82,no
review/rendered_code/2de0c4d155384e5b782df097.js,4004,ec373b601d041b899e4ec282d65e1f8893b80614ab30e55a222679bbec6a2bce,no
review/rendered_code/2e04bfbb95aa93850c20f75d.html,1800,b97313a78871f69d9a0e5f61964542d3f0663827eb282a2e919e4f103bbe86a0,no
review/rendered_code/2e0fab39aefc86ae4f01b317.js,966,f8a7bc1519f222615c9c98a5ba001281b2b3ecc0f8311cc1f421477ee67366ae,no
review/rendered_code/2e29f5f761c86f8ce22ec752.html,1613,fc86b3be867739d24d7145d474a985ef5f490ee25c4e2b7c6f864b8717a34d33,no
review/rendered_code/2e2df271ace0603193743fa5.js,966,46dcf8e38b5983d92a07707eb6328276615572d52e97b365d44facf9b40f3734,no
review/rendered_code/2e36ffd3bade3ab489461dfd.html,8586,abcc4c1a8c59be05c4399f99341ccd490b61dec2b50f5a2e2e109bb78d1bbcda,no
review/rendered_code/2e3a78b532fd751a7c5853c0.js,966,c3d8ad0e9912a6f454e71676035e947be98e250ddf1e82c8d81a1c88b67d014d,no
review/rendered_code/2e55a85469fab17d9e32351e.js,3392,80945aa0e89d294a0d6f38cc7a7ae0d89b214c48aafc11eb8f506ef4cd95f5b1,no
review/rendered_code/2e69cc21ce638f24f84c1702.html,1498,7d5fd21c6d28244193439b8f258195f2f1ff4445f68bfdaf0d4ef62bbe7c129f,no
review/rendered_code/2e86e231988efc7f311a52f5.html,1043,2cfb002cc72f9647020fcae125e6fbcc7b574f186a4cb8af3145645597626dd3,no
review/rendered_code/2e8d78c44b8aa5c3a7dee3cf.html,1469,751382254450259d103fea84c8aafab3ac8af4b15e51425d89fb285f5dc39bc2,no
review/rendered_code/2ea3eca90b17c97427f9fafa.js,3488,96cd422bb81a72c94cc064c21881f9a0083b42b2335e71f8b57a104d1c2ceef5,no
review/rendered_code/2ec43f2fc77b86d8b1b69de7.html,2899,993bf7a304170965fdc0f5c8a91da8132c6fbec4f5efab858b3d9bfd8fabc36b,no
review/rendered_code/2edcc994e06e78a871c3bc4e.js,7389,227314d3e8f04f269662e32ed57925e8bc5227fbe67be4620824ee0c6a592ad0,no
review/rendered_code/2efa84f751e1d902dffc827f.js,3372,7722361eac2a422cf599d4f3fbed3790ec94c3de17c60db86b85eeff51ba8be3,no
review/rendered_code/2f081e74485a500b7f451eff.html,1455,3eb1ba05da02c8b82599113286bb362984ea8eb31d9101baa9ece91e99bdcda9,no
review/rendered_code/2f14e33e0ca5863f5a392171.js,3404,0259cb92e0960da1a390dd2b4ff4e22c8a4fe446422c1188d04f3fdabb9cd6a3,no
review/rendered_code/2f2dc7784b00099bf28b1a49.html,780,c46da561e9367f87c9db7ca1aba9669ee216400dd55107e7f298bab4656c3a17,no
review/rendered_code/2f2ecfeae936aa3f0fd87a04.js,3668,ff9615f36564a100d0efad0bfda7b4fb37a40809747d6e5be8d357ac4656f2c0,no
review/rendered_code/2f30192426e7a2c08ec2d0c8.html,613,7f6eef8ca4c186cc21c2d49b4b67d01f55aa7563099f013c98bd9ff964d183b6,no
review/rendered_code/2f38ad1cabe9c5cfcdadc2e6.html,851,307ce0ac0c06aa034944021d67d1aeb1dbd46a4bff05fc137e48dcbc718fd086,no
review/rendered_code/2f45bca4c2b6e043ca725f4a.js,966,f40ac30d265e865848a98b031b00ae5e420077c3522416180a00a24a7e164c3c,no
review/rendered_code/2f4a9ce3f2dd11abacfaa86c.js,966,c175bdf2167b6e288dd4ad820f4002c510492121c889dab556c58dcd7662a45d,no
review/rendered_code/2f553f48c9defe529bee953d.js,8904,c2acf30c627b24fd0e70f2d0a79bee691e64b9e927811857fa8c9df25c308147,no
review/rendered_code/2f618e2e7775e25ef44204f1.html,961,918c6ccdabe59e0812fc77e986fd174f47d41bcb6b3b13293278f1fe03c6c0a5,no
review/rendered_code/2f767e89d2313a1b36d1e33d.html,1745,9e3e8d964f275daba2774f0603e731a26ddfa4360f3127083f3111d5b18a7a43,no
review/rendered_code/2f8ab12c53868c30f74bed77.js,966,478807e5c28a9429717b082708a3768a042d8ccd61576dc9f50e65b7fc7a9732,no
review/rendered_code/2f90617c959c6a521e62646e.js,966,e32a1eca0a97cecadcfe250aeb159cfdeac2db10889c7a6b256878c45bd9083e,no
review/rendered_code/2f9fd3037ad849f4e88e4bb5.html,1416,81d0bbd2fc93a82fa35284df240fcde86719124ff5b0a87a9e5dabe9b5927a9d,no
review/rendered_code/2fca7021efd872f4dc083be8.js,3256,97972065be3d073f516247713fbcece9a04cc31941039b9559bff640b9721ce6,no
review/rendered_code/2fe7c134b8c62533ddc0eedc.js,966,475ead2e75d502f4117b590fbcd547b310ea38f1480fc09dfb101d56af4eef6c,no
review/rendered_code/30023efe270165b8ae205a28.js,2363,7c054a0a41344a50356bfdceb3052affe0d365c47bb644be60021fde8fd1263c,no
review/rendered_code/301293f30d470ead967de4fb.html,1763,b2523fc90aa58af3b0e957336522814d78125a1bcbfa7704dd6395f42a5f34dc,no
review/rendered_code/305f49d15e22355da8f055e8.html,647,b81069442461a4fbdeb9d7b3741e673ae4e89fac76b0fd9b3c8765abb9037ca3,no
review/rendered_code/3061dbab0f45a90445936e16.html,1394,eb223de3c992255c559004be04f42d8394b2a4bfc1f79f0138f754d2fb81237b,no
review/rendered_code/307173c81c742580cd1fc5b3.html,1101,88537d98e8f292920853416672275cffef2e822e90a73e63672aeec1e805653c,no
review/rendered_code/3079e1525429360876a97e21.html,5522,aa9c5a3f5b2de328ca21892c848608ae9f6bbe84b008092dc997c678554a254b,no
review/rendered_code/3083caf5f42fe8963757dc8f.js,966,163dd66a292184f1d1daf9afb54907e5e7f1927831074c18fd5d02314d97bf55,no
review/rendered_code/309e3644957784945b36c46d.js,966,282395a318bb509cb4af46de3d409eac1665b362efb5c7609e29c02547ae71e9,no
review/rendered_code/30b8b0703f8f86599a6c23c5.js,12527,8e3e19b2688c0766ddacef91bb3190c7628d525bc51b67d4470c9e57e2b739cb,no
review/rendered_code/30c91dd75554584900963033.html,7174,50b5cc994ee6ff7b2961e0f0652dd0718edef654da2ce3e2422dccc1db542261,no
review/rendered_code/30c9e96845f6bf97acf15f2a.html,994,e08a1141e7ede6a8e1719aae0ff5a06dad2ba54077b1220b18f5fc6bfa3b341c,no
review/rendered_code/30d61a724135fb84fd1188f0.js,3076,e4301e66a23acc5da2fe5a9f2d4c2fd47a2908e19986a6402c9762122c0e3fc6,no
review/rendered_code/30e75b9202fd50d73c6759ef.js,9575,5ffb1a65c4bfb91b82473cd652c3d78cd42333df4be7416b3ff5e17526a1d1ac,no
review/rendered_code/30eba6a3897d153138169d4c.html,1440,80fdf48cbe61a29bf14aa5927ceec117f1ab7cd92ac33fd9c8a3c02ddd12e83e,no
review/rendered_code/30f6c19103be9b33d05c7330.js,3020,77824c8e445db6b0629f12fd7d549f8e74b642f13dc96665ebe017b65342bc01,no
review/rendered_code/3100acc94ff7c4b1cc24cff1.html,1983,f2af211d8f1259bed236b8d2a9ef96412d418ccb08dbf922a645fb434e235cca,no
review/rendered_code/312855f3563a28c0ef52c10d.html,1471,f37799db6ab673cb5f95b1131f76e45ebb83d8f687ab9efccc32b1d97bd8ddad,no
review/rendered_code/3154a8a7738ce7d131623b99.js,3168,1bf477bb5693b3751ad2677de58f2cc5727387faece354b7c594a7944f58180a,no
review/rendered_code/3164b68badba63fccb26fa34.js,13333,5973aa115683bfba5da26fa25e3ed7b503070de48f48475408271790cfa851c1,no
review/rendered_code/3173451c74bc7293bc8e271a.js,191992,ea1e5fce50b885d2307e8563fb2edf0fb72736e9c9b840c7e206cbb1b875e2cf,no
review/rendered_code/3174925419882067b52e4a7b.html,1423,b28a17aac1462373c819108570f5131ea98e6b5958694c09040309de32f7997e,no
review/rendered_code/319659d3e163a108006a01c3.js,3056,8bcd5638a4af6b209e81423d33ef07510299cc135a022540493513dfeae743d6,no
review/rendered_code/31a7ab3ec5e96ffc1a683f3c.js,964,b755a49fe4e2c4a2f39ddebcbf0455a5a2b431f52058fb044635945e089f8df8,no
review/rendered_code/31aa493647278467468399e7.html,1488,4b141860518e34889928648433f523aba8d0487b39585af923b3039973397fe2,no
review/rendered_code/31b7cc906cca84c0d7cfc67f.js,3108,799924222c93a84afeeca6d75b4cc3a9e9474529c1b925acfad2385ffeba949c,no
review/rendered_code/31e25e6e2c84125e0259cb07.js,4452,6a5db87a67945ccadf051a2e8dad380e19784d357ebc6d2c98b45b33286dd86d,no
review/rendered_code/31eb42b45291b7dfb3615440.html,8587,e154c08360f2c6ab93f24d0ac137c212511d2d81cc61eb11cd52e864611e8b59,no
review/rendered_code/324188198d9cb4242a5853b7.js,13178,446e7b2d673dbc8e53158dd1b63d4e6a66d32eb7f6ffce1567b2ee10ed7ecd21,no
review/rendered_code/3254a55ce15c4acb6351147f.html,1304,28124779fdf4ec1ea78176db210bc62cd58a64a0c86c4daa03a262d2c757bc04,no
review/rendered_code/325785408109a04930be1c4d.js,964,511f37682a71a31fe4f6685a464002b194246d69a3a0da2daf0fffcf07e1316b,no
review/rendered_code/325acc09df912ebc905c0c6e.js,966,b05bab239760ed9d0038932eacfa19d3de81272dd8800c4bc284c1856fc47aac,no
review/rendered_code/327315110219228157bdc023.js,11687,772be2aeea74a394a1ce1490d2f507cdb4f7e439118b4930ed7d94976c1be6fc,no
review/rendered_code/327b57f4b30bf67f019a641c.js,3424,88433919fb9ff253cbf0160b48928c72f184fe7572a204e501ecff3cb19bdb1b,no
review/rendered_code/3293c0ea256ae2b3f1ea413a.js,966,ac8a80427f8e5d221e84c6432c2f423fe286fb6e4f584a7ee85353be74deac15,no
review/rendered_code/3296dcd0ae49a3ccdf19349c.html,1425,0046fd11d3cd08904685c0ddb3c7bf7f40f9877c855b128c1aedc10df7714fec,no
review/rendered_code/32c214427373be5d9d21b7d8.html,3853,87b900e054af6cc5bc5c9bd1326b05e5b23f69adba260c2e62b5f8ea48869ad7,no
review/rendered_code/32d2fa1e73e20028920af404.html,1670,dec2f2e3189d499525a0f0b89c9c91cd98b77e2cbce2f340a0037452ce0d76fc,no
review/rendered_code/32d4d74685b1485cd18bad5b.js,3360,118bbe668f1e7afe5d331b16fa99628cde71b49dd7c32c2c9e7da58442a8feea,no
review/rendered_code/32d6246af819d2569987ff18.js,966,081f864aefb12e675ce47dedf7cb4f65f3fa9a9a0d65b45429804ab949f9173f,no
review/rendered_code/32e8e4f8582640adc889e74c.html,3453,9ee97919f1804fe0b79fa45af5356657ef5ec472e38884de0c1bbcaed03e7ede,no
review/rendered_code/32f08adcae31b984d30c846a.html,2797,a3f7a6d59dbfa71151f8c564b249e7e51538a325438bf2021d7ae5edb7e33aa4,no
review/rendered_code/33425442c0b4b53a7061a302.js,25945,6b13b9ad359a91d68d2e8ecb96658a8a3ca5706888ee803381d5b0b5e777879c,no
review/rendered_code/33466b0b81f258069c7d206d.js,3140,39d9bb8e07773a18709157036cccef6012a5e62f15765ecbca2491cd92fb98f3,no
review/rendered_code/339847303c99210b88a0a491.html,1484,4a8a6e63b6397a6a748a7f42c93019c2016da4e97230c2b6bcd55092dd332637,no
review/rendered_code/33c5b619487701c2be71bb86.js,3132,c116c2233778e46a490c0a7170ed741bde46ff0a43df974fd1275b37f5d420fe,no
review/rendered_code/33e0c5867d3a3bde43ba249b.html,1426,ade81eb133ccef5849799292174860df12f49adde58213801244babd150515ff,no
review/rendered_code/33f6088d65c1eabd3746de5f.js,11096,f5854b2e614ebf1f8431d24f7007bff1902889924b376ccc59b56bf6fc92fbb7,no
review/rendered_code/340a692503de08dca2af2c80.html,1803,fb7ff9689106f707ca2c6729274605713f1e6a5c95a3340d4b104db2c02cbfb8,no
review/rendered_code/340c16f1791078fb18bb60a2.html,1440,c54db03344ad82ca76ec8aa82ec296313008946276a95bdd969e61fdac40fb4c,no
review/rendered_code/3411b3393894cb05833ec07e.js,3312,b2072935bcdc71db807dd532532a5d04fce38442eb2798b7d89da00a1e0967d4,no
review/rendered_code/342ea67c7e609b0079ef8d2c.js,10513,313a27bfb67349093d3b600fba2daf4c8655ab7009df31b33b3c1c4f87557c46,no
review/rendered_code/34485f4529a4851bf3b10e57.html,1476,22c70fcc20477761aed5c7fa44a4d2e49978870f9d852d50552494313073e5f0,no
review/rendered_code/3452737318b4774a10e6460b.html,1328,0e9d64659b609bdf7be86e5168ff94bc28d086328c65161d141ac59e53a387f9,no
review/rendered_code/347b34838ea5b504ed46f678.html,1448,8fabdf6ad0050fbda23abca4d1606d8f87f0cf050d5cb9ce69fc5962765b391a,no
review/rendered_code/348d8f3fa710d53a50be395e.js,966,adbd055c641f906ee850d359075a07a5653ea69bd61afc9df3264cda7cd8cc22,no
review/rendered_code/3494e00cbf54fcea9071f971.js,966,ea56fa5ad2c54e93fc25c23acb5e8f5f3c4385b3aede694032dd3cdf23bcdc86,no
review/rendered_code/34b3bb6a18dfe273ff8415e6.js,3576,7d178fa2789be2def50afce46050cd1b57fcb43521b4a422710d26ac4872406c,no
review/rendered_code/34c421aabdc712a482782e30.html,1471,0c11446705dab95f7f1103bd0bc3ed1a09b5cc32494db10a4f3ad88598b9042a,no
review/rendered_code/34c4b0df6484d49157733905.html,1445,734f2338ce99ddc51ab8f67de778ae8e79f710ca6ef2d48634b44f968eb1edcc,no
review/rendered_code/35232ccba4ade169be1863a5.html,1387,31b1ed0acf9c34e98ad5bb4e7bfae742c7d323195edac61b6f1cac48e3ce282c,no
review/rendered_code/3549373ead12f85439049802.html,1448,cce9de927fd2f7ae456ba33c2b93469713a8b9ea40195b3d22bea38fb601badb,no
review/rendered_code/358073fd27108135f9e4ac81.js,13728,ff51011d4484a781270dc7114da524358de064ffb79ad37674df6a9b6fe9c6af,no
review/rendered_code/35acf77605b72c7559e952dd.js,3684,a027e0b2bfd3dc1ec4d2de3b184fc32c9f21d3e2c4f6dfc321f57c7495e2e287,no
review/rendered_code/35b82a10e3fea866c800f11f.html,23814,7beda2dc93f4be7927197e016f168d77a9e2fc243417e98d8e4924c573a26a9f,no
review/rendered_code/35bfce765d1c93be5d5ffcc1.js,11216,2887dd2f820a5a54a93fb5cfc70dd4b955bb03844d87565dbad08b5a08ce126f,no
review/rendered_code/35da9cbb401558f4a3bc0ab6.html,1379,093633912de7fe822e838f7e93e041c11f4f2f5f254ce28f96cb4e7ed8372669,no
review/rendered_code/35ea83d49f5a884e7ea9d34a.js,3232,13619538bdbbb93b691e0a543346a48f0598d648b3adcb12fa3c3e7e606b14c7,no
review/rendered_code/3602490f8a0ce33663bbf328.html,4668,dce4513f8fac735f42e79a9e00aafc4565f39e292af3c6960f193448e738ae6d,no
review/rendered_code/36109dbc43619b879366ee54.html,19107,6ed70bd10bbd32dc3cb900d0680849c7e29828bf97e9c6fa0e0241dbcbd5c0b0,no
review/rendered_code/36504156e1bf95518a66e228.js,3408,24c1eaacb34c124bf0c0b68dd1c8804a92ec4f65e4871344ceed8e5b4e980bf1,no
review/rendered_code/3658cbfc5342cfa9e6eb95b0.js,3834,f104b37f92a67b673483e03e637f80ed5461aacc0fc49228146d95171a2e78fb,no
review/rendered_code/3660189ebe9f98cba0dbad99.js,966,bb767bf00c7eaee271cf88c6e65c7df5d0349c6985d9f7a81305ab41d9b74aa5,no
review/rendered_code/36951da17268478765eee01f.html,2362,a61a67441722ab5547fb1d37281514adf3aed0f776f9c51475266b69e4a1a02b,no
review/rendered_code/369ca28cb757df4242184ac6.js,966,0498e2f3b7c13372b5d2b3f5472d57e859f2cb2af97774ec86bd4ddc253a6f17,no
review/rendered_code/36b7a99c779467bcad94f998.html,1491,6a707b452492a836608a6f813f6e40710f773715aa8d827a66d4030b1d658546,no
review/rendered_code/36e9ca1bb3ca8fa29214ff9c.js,9283,e16445043916a544b02f22fde21949f464fea52d567b42f041ebbedccb51f1e9,no
review/rendered_code/371f18b553f96a431d6559b1.js,966,1dc6698bd0eb09491c1bf9bf447ed9e8c62cee0c201e4f353e014e0cb93d6ae6,no
review/rendered_code/37420c30a6711216f35367e3.js,10384,b3f362a61d3fbf00373cd88ba6e19a6750fb221e1498ba75ebae7589c5e0c712,no
review/rendered_code/3749ccf40823f81bd39dd484.js,3460,c9b0b8519e3d4aaa1b901ab45f261834fa119b2239782f75d90785fc2049a107,no
review/rendered_code/375c174c54b5bb6ca8d229d4.js,3532,f3bb0a97f9f8c4b30b0ffaafd2c39ac99d0eba8636b072241be710f3c2b24151,no
review/rendered_code/375fa70c460a3aaee0a4097f.js,966,4862a06fffe0454ab7fa4ece83774e43a2875fe9a737d03433fd8218d5d93fca,no
review/rendered_code/37640f092a39315f8b095457.html,820,a7c632512471465f0e6cb8dfedd9d8e4902c2b7a005ed5a7716b6e72ad30e3b2,no
review/rendered_code/377951cce1b62630e44847a4.html,1481,8fd70f3f407d19d0cefa4cab394b3c78c198f83b28791de2d9e742d8f9aa3944,no
review/rendered_code/378351dd0dca0872205d28d8.js,3396,aa11deb91391bd5ee9e40ef7012651081729ff5724568fe6861614a6c0899f41,no
review/rendered_code/37a500ceeb52dad2cf41a082.html,1739,d10e268b8e1c9a560448668b1bb8980e04108f860f31b8bc9d8462717a74c81a,no
review/rendered_code/37b36965dc5ee8e0814cb8ca.html,1442,8a0db19c1fbeb85a0336a8019e7827b77dfebe8f40013ff8536c77fee9efc750,no
review/rendered_code/37b6b92644461100edd8293d.html,1479,22dc6cf01dd41664d3a28a8a6fc34aebfea2dafd400f14b5268f6636205480d7,no
review/rendered_code/37c278d164c7a87022131bd4.html,8239,3b3896cdb115f8de48a2471bda56072980e2a5fe5f4d24e65bf8133f5040e196,no
review/rendered_code/37e50d5b559cda4264dfe334.js,966,2fcf2c22bb2b764e561f7aeda077bef6df5c4beea097611feb7e2a07c92c39ff,no
review/rendered_code/37e58d0b811060e6a5c5e9f5.html,1431,7cbcb2c73771157094e6ee1699aad66499f2888c3d76d71689ace4139457371b,no
review/rendered_code/37f485da4d395f25c56ef145.html,1494,ff8639a84b65c896f8576bdb4cbd2c8179cc2a9b069534867d7f1aeeb880c801,no
review/rendered_code/37f51ab211f3aec5266de07c.html,1581,2474e7891d3e5feaa9dfe7c6eea728c0334d3342132828fe31109d0f62b96537,no
review/rendered_code/37ff688e5ba697ec630ea4e2.js,966,d84660dde6fff5946a98d06aa32b249549cb6480873c8389314a110e9e738924,no
review/rendered_code/38054a5d9791418fbabd5a55.js,11485,e984d80758f3bb698b28f365703711800e77274cdff2e7b03e79297c45bd8c0f,no
review/rendered_code/3809a8f2382bc9a3db57d3a7.html,921,e559cf95b1efd7f5096c5b88ee0079ddd61e50bec7654f50f9f152cf03bffa35,no
review/rendered_code/3836a711970e513f17feb99c.html,1019,4fb1daef05a90ce4f453ec099812f85375606e71f742e6cd878a43cd496be90a,no
review/rendered_code/38699b5ca26fc94e450714a3.js,4164,2141a8480b7632bed0fa5c9a8f79f12debc1e796afdf322f11a1b1fb3058d48d,no
review/rendered_code/388ea09d0cef5db9731ef893.js,14487,3818e6a3eb309b0d8c687084baf01062b46aa9247f3601d367e79eb455609f13,no
review/rendered_code/3891099cf8512f90f9ba491f.js,3088,5740e67d67d4d560d0ecf15112c0ee10e0f3eb6e0827a04576e41dfbca85f723,no
review/rendered_code/38b42de4872c8f94467575b1.html,8083,4eac4b487ff146f999ac295fb2863b4f42e6db12b0e6cb95347c75cc3da357b2,no
review/rendered_code/38ba13ca34fa933f65a91c91.html,1439,8d066ab1bead825067431002bf2e7975ddd9f3511877b667b022e861d1e9b68b,no
review/rendered_code/38ffdbf3a2f98baa1dc62416.html,1804,02d88f7c5ade85853e3ed8af629415f64c2c9a009f20c3c31673405e0eb7dc2d,no
review/rendered_code/392312782d53aae531096113.js,3516,96c289830cfbe7b38ec03ba8d85484a7a44032d318aaabc94f7187ad53c97cbc,no
review/rendered_code/3939ba9c41eae9d891c6440f.html,661,8de2f9680b7fb31469c3d00e1c33c0fdfb88723fd763ddd9bd872b555209032d,no
review/rendered_code/393f5ff5585dcd50544a2511.html,2759,8909f027e140e96bd513db37a058b4c4ef7d2583c103a45eca1e38b4a6b90d00,no
review/rendered_code/394b3d10abba3d395007fa66.js,4060,8c44874c2f7304b8e45382cca68a63acb25d46a2df0e1c944a47eb4a1096eb3c,no
review/rendered_code/3966ae54b2051e9e3d73662d.js,3048,1dc13d4465936fa7a07f7b7e9084c80768d871e1b81652c43e24c431311bb547,no
review/rendered_code/3971d5f7e81aa92eba835b75.js,338,61d3a7815e38d23767d801b8fde3b357e1974fcf31a1973c2b925bd51944fed6,no
review/rendered_code/3979812f9e1b5a18c3103a5d.html,25911,c68620caa0c262c5f9397f48027fe5dc866ee4133936fe27d6ccbdda216ae55b,no
review/rendered_code/397dc3b20ab4381ec296b508.js,966,fcdb2cff4a55fae83eb04b661c82fda09498ddf8544f661a53605ff31ffd8481,no
review/rendered_code/399aa1b47068d58440b7f0df.js,7835,b746f5c7a32558eb3ede9ede346b6582d8696cc2f7bf181163c288b5d35374bf,no
review/rendered_code/39d951f9113935b65e6949a6.js,4087,ef558fae88175420675186dfdd25cf69b0437cf9926cb496354d8ae02c28c41a,no
review/rendered_code/39de6f35bd11838e01038620.html,2225,9b6e280cb6e2090a5c265336e54ce448f259887881a002b77c417482cf2e1fec,no
review/rendered_code/3a0b34e9d27e32b206b3926f.js,13047,0b5eff880d2610296733b0e43bae2c1c2551acb6e369945ee1dc64c13f505bdd,no
review/rendered_code/3a1bc2b77dc6f9ce02ca8578.js,9491,ba573a4976e2e87d01e0dca23adb8f0a208bd6f4b1d2473e1aac3098f785f534,no
review/rendered_code/3a445a05fd4db9ed9311575c.html,1529,cb06ed5e40c3f90031dd27983681a29a96dbeeb05813016347a1b1e842dc82c9,no
review/rendered_code/3a4d73b3ae35aec9cbfadaeb.js,3592,1cebcac56ad8f7ea9cb3972236a03de4cc9a24523ebad3e30e2bb4f423a6cc6c,no
review/rendered_code/3a718063acf089beec688c20.html,968,400f251d28eba78172bb5653a1ab4696ad87cae1c65e9e06f0b793ca2d41e3d3,no
review/rendered_code/3ab06534cd5092eb5a45cb7d.js,9537,b015be38c83d776c0a3e618853c6b34c63df78514cdf92add6b2dbac26c10e60,no
review/rendered_code/3ac8cf5f0f6ed8d1e6b1e8d4.js,966,cee4dfb3576f8f44a3a0a99cf8d344abd1d7a80ba9fc7b8f4606eed522c07a5e,no
review/rendered_code/3acd84fe33bc3bb539c3e9ed.js,3196,810228e73eaf6e281e1cff7c79215a8d6abad448aa1d1b403bf7bf785c424eb9,no
review/rendered_code/3acdab1d0edb8e21e4f0be6e.html,3976,23c0ddf4797c35d067e5758516b11efccea639df5529c0335517b602076b701f,no
review/rendered_code/3ae4ae55c8b102dc363c52e3.js,3608,785f8f68f45c419bc692657029a70c4447744fafa1170687f845d43e4512cc0b,no
review/rendered_code/3af7adc374ad94b612a01c2b.html,1254,ddaae75c6481299042bd6dd468d23d58d713fec9531332feecdc01360849f971,no
review/rendered_code/3b07178640eeb1c1b123a347.html,1446,4c5534022ca6ba44040277297269c71097f4342c39077a4438e65bd8f0000918,no
review/rendered_code/3b5090b4403e420ff416cbec.html,2433,a120e40d4754f8c5f5c9f19d322970259be9e2db6b5d752377f914e43c288bd0,no
review/rendered_code/3b58ec5045c3ff71b431144e.html,1047,7d5e00fc0c31631259ab25004a831e4ee0f88265dd3e6f4221d9ff732d549be5,no
review/rendered_code/3b75baeb9b27e3916861bd98.html,1085,e266d1d18464c9af72d5b497114781131a2c92f1194078d5cd8d279c2c0b5fb9,no
review/rendered_code/3b94e797caf39f8069c0671d.js,7666,a5ebe213500900f59b72fdec35ad4a503c3851fe9262d74c851304ed276dc7c7,no
review/rendered_code/3bc852adb3a68e6426c494f3.js,3124,2126ba3a53e11f013b11cc302071a88bca8420792396a567b702858f3e189a5d,no
review/rendered_code/3bd04a74daac9cec217fed30.js,3997,01e6d78a49b2507f039019c98b9147c14814aa0c6fdd82f81bef8433ca196e51,no
review/rendered_code/3c143bb143283cf60632d058.js,3304,6aca9c33466e87d14ea467d6e16f6cee55fc24f289a762b0794ec28ecabcb803,no
review/rendered_code/3c2ac21e2b0c585d079c419d.html,1588,5e0d036efb8b815b2d611c2bb76ca802a86119a012e5bfe4b8320c3835478d5f,no
review/rendered_code/3c3483d001b95bc1d77614c1.js,13744,ef9a5383f3937da06dd68fcb03071dbc54975e0b6998d1537a0127483bb20599,no
review/rendered_code/3c3f1368ce7e6bdf09176d1b.html,1481,bed4c886ec889b4de2294221c20782c52545701c02371f66a30aed9ad186e7e6,no
review/rendered_code/3c4131317258c3bad2292093.js,3092,44b4bbb2f322310284bd781b6866b09685de1a1818034fa8d4ea02c308e33a1e,no
review/rendered_code/3c49371a5dfc2bfa67bcb430.html,15845,88a7f8f68ff17397569f28e57c619683fc110351db38f3f567fed16b49e72567,no
review/rendered_code/3c77ad5867245b7ff23bc168.html,1508,c305fe3f1b6a341c3f1a4025e1009c681bdf6df7a5c59b42c413b229aa756275,no
review/rendered_code/3c98f6a1a05dc700021760b7.html,1273,20a3b04e7076bb114b110b1a66bbeddf4cf1f561a3a353df4b52f264d419332d,no
review/rendered_code/3ca3fce3f9a9b47f5e59dcab.js,14487,f0ec3cab3c5251a6bcbb458e06847aa0588a75b2803782db33514a777f5ab464,no
review/rendered_code/3cac3553de59dcfad1652973.js,25630,a1aa51134bb9e337b4d944f6b6207f17eb8cc5ea492072d032e7ba1cde2b1b26,no
review/rendered_code/3cc063483641bf0a729152b2.js,966,7214e845c64a3f30af169fab1b25971275b35b10bcb97570dd8090a93d658a77,no
review/rendered_code/3ccf57c7541c091be3db07bb.html,1465,4bc8ac09ef2a7d6a72bb57bca193eee72387dc2e91f29bdce39c3b9d363c06e9,no
review/rendered_code/3cd61b17cc0ba50c35834e0c.js,56747,52b2fe7e04b53ba11b22c40c5e4750a8007f380b469ed97c03ba8cf9d7bf5507,no
review/rendered_code/3cff4d86ee12337b932fdb50.js,559,89b4cdb9cafec5750688978350a7c14a7c9acfed693884d68bc287a2c8303449,no
review/rendered_code/3d01969a865aab344311f37b.js,966,e202d3de00bd9b6ff4c2a5da531ed0b1e55cae9b363f39810540e6d4961a192a,no
review/rendered_code/3d0300f08d0f65e7be3a8db8.js,3408,99dc58ecbee0cd501bcf4bd5c68c0036af3c930e408a04872d9c35d2ebca58df,no
review/rendered_code/3d21c090dc02001d45909818.js,965,abf24b063e0a6448e2ae5aad83533976c913a37a1fd4ebf9572a65e75e7b52f9,no
review/rendered_code/3d417bbc4964419e94eb1b65.html,1703,ffa849274af5f9b23942280f1e998fef84ca554f61e02de1afb41e2b56d810b4,no
review/rendered_code/3d53649140bd56e87228cf8e.html,994,bb823e5a3249ce8548819f4b2ad588fa117e25a93d26cd8518e17b073d59a205,no
review/rendered_code/3d56424913091ad58e70acf9.html,1313,0419c192593edaaa364ea1735850ce733d8320b40180d4341d8102d1ea26644c,no
review/rendered_code/3d9152336cacf1ff4b220de4.html,1473,0ffca0218275fa7bbb82ff23c7ff33509c1df6ffa9b69bc7346a92d6fe3a3ca5,no
review/rendered_code/3db9e4d9abef97e0d7a58637.html,22911,c7d677bb7d467cc10a8901e4ca5c3ecef13b82a7f31232e5cf06b2c14b9797d0,no
review/rendered_code/3dbc7edd4826fcb90c0179da.html,7662,98418756c666267b2fad2c872fdbe9825f36731ded5ca300dd837bb6b16a4311,no
review/rendered_code/3dc78c93ea4f815ab96c5a9f.html,819,b4ad44c2f6804347a40cf469aaed8b272c01cce4f674b9097119a1db6fcb814d,no
review/rendered_code/3ddcd3a25837aa5fa6461f81.js,966,6112f216a3d39b8f37f74e91abf19745e7f29d6a597692fbe56198e5729c0d21,no
review/rendered_code/3de6f29da2e858c7d50317e9.html,1028,5b1420983d40b45212cc4230e35b0604ee1a999bf0095c65b3e52a97c2c35bc5,no
review/rendered_code/3e12e3967623d5f1c13852f9.js,3088,2b573ba0a4f872ae31ba963c330a94d710510a1ed201d8853447ff74cd5de4de,no
review/rendered_code/3e1719cd29adba5090a1b260.js,16214,1b66f78913ffe960fde4ac32e5c3c6888e0c7a37e2aeaeb07256409bb9a7a1b7,no
review/rendered_code/3e21f3985059ae4e07f3b6fa.html,7265,9183f72b08378c829b3512f27e9452e902c1f9954c4a135b46da951a4ead96c4,no
review/rendered_code/3e25274b64cf1556f35261ba.html,1488,7721e3f9424cbe2bc4416912e020fed994add5770cdafa9ad325963de9b7b214,no
review/rendered_code/3e32ac1b333f28b04273f508.html,1476,22e1c1d987f7040ce9fd85c96c3699ec05ae1fa55defee6ef106c74a46b3e408,no
review/rendered_code/3e35ceb4b5fd964d135dce5c.js,3576,efea2cb24fc3861e56ae49e02377fbc44aefd4a02bb99fbfbf74ff4014e77200,no
review/rendered_code/3e3a7226170305f1d110ff59.js,3652,911fadcddbca89343a023f6e3a6157a9ec1e259831848546f24dff2f353c1fc0,no
review/rendered_code/3e5cf6ad2c1afc0a3fe9373f.js,3796,a41036aa4e0b15248b24d45535e1bd77d7583428525b7a6c4f6abe4169bee182,no
review/rendered_code/3e6e9d8b7785a3e21910e2dc.js,3072,c84a09c8e60469137314a1412d66f5e968a634a6ae63a83bc3df06e5231670fe,no
review/rendered_code/3e6f224b1a9fa2208489c23a.html,1407,1e63617df55e71b598c918ea099d71eb3e53d88afd104b3daaaf81f70aa7d657,no
review/rendered_code/3e71ff7e356f0a7d3546b0a2.html,1554,ddc49647735e026a289751b75f3b9c4db95d6e23f037cb2d2bc7973f6f9630ea,no
review/rendered_code/3e8ce7d23dc80121a76e17b6.html,1514,0776823e082fe3ae9fc97a80b02f93332e5a8f5a28bd5d2ad98902b5e555b316,no
review/rendered_code/3e8e0ddc728bac114b8e532d.html,8374,86ffe6e3d80e3b1af4ac8e32591779e5fc2c79d6a352b84c79d7928747a44146,no
review/rendered_code/3e94ad37724125eb3215eda4.js,3704,39e358478c1644b136b5c517b682e3f82703fbd07d7d5120e822e3e4d3f5b63d,no
review/rendered_code/3ea351690871863487712ef3.html,3634,04395b54bf2da253988f348eaf1b0a82324f541858435840b9b4e3178662d018,no
review/rendered_code/3ea6695d290edf328eac974a.js,966,18e139f77f28952f820b4837ee5048ed1d5bd528c8c25aeeb5639968d385ddc6,no
review/rendered_code/3ea9f55daa4e89b9ac7a3eff.js,966,bed94c5e8d05a0707575ed5f506a5d578e95487aed38b897552ec2be5410379e,no
review/rendered_code/3eb6dc94708fc09acb54644b.html,1479,b64adf9ca7314d8b8bae416f2d19af62f26e040fe5db14b102b4a1cc9b412231,no
review/rendered_code/3efea90367caf746b280bd1f.html,1330,1095dd72b520ee9b7a6daf19d4645cd068102c909a56486bed54bd90a66705f6,no
review/rendered_code/3f19be2b62e2c3e9c144cc69.html,1859,f0874bdc466529fb815b701604b09b2dc7bf500076d6662779f373718d0a11e1,no
review/rendered_code/3f1c993a22870eef6e936e05.js,2976,c2c4f6bf37b6d56018e4a6cac0da0ec80d3168e76239e73180a59d5aa4793179,no
review/rendered_code/3f29a8221d2cefb236c34c22.html,1784,215ebdf553e661a07074fabdf4b97197e00e702f97cab85beafc7a2438f2bbcc,no
review/rendered_code/3f31806f16dd89501bbdb2a0.js,966,66aedb5c8aa15972d94bbcfd0f9a84c995d5fde5ff5d79e52dcb15ff8175ee79,no
review/rendered_code/3f749ebe5c0da17fd107ac67.js,966,b6230e302506fe9291241b44f3088314856a5f8a5a487fb471686efdf68ede55,no
review/rendered_code/3f82a0ca05bd0ffaf85eee4d.js,14779,648c5317ee5776ab875dde15a3a9a4bb55a54c1c1929de5ca3ff7dca59da4e80,no
review/rendered_code/3f88a43539de2f8a4292f117.js,3132,9d2d81efc5c4cfe928c5418d3510889554988e987f0a13210655d9e2eb837967,no
review/rendered_code/3f8a3dfe502e29a05ac17c1d.js,966,977cfa3454926aa1e8338899944f7ff108eaa6168b6dedc092a671fcf5243a96,no
review/rendered_code/3f942f66a5b0aef2dd76d97a.js,10522,a8dc3873388c03302766f8b3eeea7d7dd8c3a46fce007193757357833e3c0c60,no
review/rendered_code/3f98a901a6a592616f15f57b.js,16766,3624381140c3efb4bbda2d2ba5da24c59f91d4ad6d483eef2e438bac56d788c1,no
review/rendered_code/3fbffaa14ec1ff56cc6d9177.js,966,806620653a193c6a58d7867de9b6f6dcadc96b24c74a0da9df9bc2f059f90bd0,no
review/rendered_code/3fc5829ef53ed22bf9d1c591.js,14844,69fe04aabfbf3bdccebdc32e5c90ec898639d498f2497fe2b972dfc4324dc2e2,no
review/rendered_code/3fcdb9fcf1910eeed992bb49.html,1381,e4f1635a172bfe6ded90bbaf09fb91d7fc4533c0d1e485f69c1c0891e5c6e377,no
review/rendered_code/400a30016875937487da6536.html,1454,d854110e24a08934694425fbabd8470ca99cb0bc328eb33ace12602f9fd7fe06,no
review/rendered_code/40341f74441de606272e087a.html,1457,f05bf777e529469acf0ac471a046e90423df2e044c615450615631e01584ca69,no
review/rendered_code/40495292705a73852e40032c.html,1440,eef7d2d8f654b67e194477e155c29ec0bf281c29e86557d2fd19940a1cdd54a2,no
review/rendered_code/4073dad123672b57e95aa415.html,1694,9169e4421b3f5697587fbdf262479d79de19dd08718e81fd9eb1f5748ad244a3,no
review/rendered_code/409f9a79b1532498d5b97081.js,7388,7d7466ff7ae1e9b1a836cecea9ccc37a7d344592ca83e77c37cebfc8a5e20c90,no
review/rendered_code/40a6fe7bd3f6a58772f6f619.html,1496,fa44057c4df256136ebcdf708a04b06cef39afe72f8a7f1e3cabdec6bae40512,no
review/rendered_code/40cbf1638a6f89b48c9775f3.html,7511,0cedfb37564990726b9f00290a35fed88b1ff63e00de32a80e233ebf2ef81bff,no
review/rendered_code/40d3c696b3cee0e7d4f97c3c.js,9595,38a523a5d08e59a5b7e979eead67d2efd3838bb674722ec01e533c7a6e30a87d,no
review/rendered_code/40e78763a63c18256168bcf7.html,3137,59f834ec219892d84cda9f36b34595c058d36635c135652dde060c4286ab1a12,no
review/rendered_code/40f95c4c105074e549925c5e.js,966,c25fc619b94c78ba195558ffa0744c9b7aa6923b86b261afa776127d82c01f02,no
review/rendered_code/4107a5a9c98ee692a7d5e89a.js,3028,db230d4489f7487068157d3f84e5a374cb3276bc733ac697f110d0986ff15dc4,no
review/rendered_code/4139f385fb458be329b5ea31.html,1443,60c85d41870a9117578e6456569baffc2603c8c283c61aba1bf120e65b41f482,no
review/rendered_code/4143df725e1588f7c4d07405.html,1533,c14c16cc6370343e81621336ec1bacd6fde09477981a4402131aecaa5c5a67ac,no
review/rendered_code/4150bb9d69cb638c937b03c7.js,3180,f09c3536acdeba604bc17c8ca23e35dae9e5ddf2fd9e202ee6d83bb0c4c3b192,no
review/rendered_code/4150bdb917b592ab4cd36e39.html,1494,1ca4a98ae67b1478d9cd8fe0a16dc97df5b6820658276bd1dc8c6bd308c59782,no
review/rendered_code/41da427f3ed1762953a4a232.html,1008,8d595e511d326c931523254d9266d10901cfd9140658058beeca592e1aebd96f,no
review/rendered_code/4203a3154b8eb79c81717522.html,1464,b0ca7e176d87aa5626fdc11e2354559d31f1206b398f2ea44260cbe6333a8f37,no
review/rendered_code/4246aae835fbb6d4cbfa6e91.js,966,a77fa08841eb2380e0a859624c0552cc64453a5377b2034370c205363218878e,no
review/rendered_code/42543469b23a2663d0fc7e4c.html,1317,ff21c0b5bca207a38f494ebe7cfaa0c02bbf1129b16c11667c12c0a50cc3abdf,no
review/rendered_code/4258001c37fec391a1ead4a3.js,3504,eb77cb1c57e467f1bb37eaffaf137c0d482b32b69f33be8f2cb66035c3525fa0,no
review/rendered_code/428ab42c1b1e64fde8f4239f.html,7631,4267eafe17688765f86f09ca3f899ba6a3a2fcf96b93cb063b195cf50266b76f,no
review/rendered_code/42a0c573aebcce8d5ba8a805.html,1744,0bcc2218c63bba62d377325532701bb6f3e16b51da29da6a45ea266cdecf3473,no
review/rendered_code/42baeca0b34175efc883bc01.html,7669,91609bafc555b3ac2e955c31f88223665b7ad2102c812ecedf993a0a6f343924,no
review/rendered_code/42c0bb792b928f10c1edd305.js,3216,27e4334ff44097eddbe07a6b37a0b9c748470c95a9026bad17640311eb4c4210,no
review/rendered_code/42c26349a876cd27fb7cbb7c.html,1185,bbadf3f64b944d202e971bb9bae437a5fff493421ce7c9c32364e2bab4c92d5f,no
review/rendered_code/42f917f67cd1b797b86d6707.html,1470,3ac7d5c1b091030b471bbf2c294cb67f135cafdc5acab6fb54485fecfdf137e7,no
review/rendered_code/4307f7e776cc9be023ba2c5f.js,3336,5622b715fba1f8f07c3853ee791e273148038bcafd8c4bac0e9e213dae0a5b38,no
review/rendered_code/430ebf886856962db1a23c5b.js,966,d3cb2ad57104670b37c362d34b9eca59627fecf9d03dc76d8f6259b13afee0f3,no
review/rendered_code/431de728251d343b5a6d6b2d.html,1395,ff2faf5a29170e00a762dd9b19546bdf5c322cd26c9b7d1e798c472a60058313,no
review/rendered_code/436a3c1bc85adf83e90f03d0.html,1004,fb1812b3719c10a86b877b82699d5be649be68642d1b60a4accbbf32d111600e,no
review/rendered_code/436ab0584d96963b3864e3d5.html,1029,2ebbd2f92d10fa7bc08c2d98c70f01d2901be6c73b0c2114a4119a2b68e8d869,no
review/rendered_code/436ee3f95ae568463438f3b5.html,903,5bf99716177874011494b66aa88d7b845f91d516424ffffccfee5c2052efc3ec,no
review/rendered_code/4381e8746dea125523ed5f0c.js,11283,4b83d436500f2d021cc20aed8726b73e6d3c0a1612bbc17f0048ec1ca509eb25,no
review/rendered_code/4382aa594d3852f71c74cebd.html,8760,01400247ca099c052c13cd8269054b80733146eed1cb7f98f8151552bdf75650,no
review/rendered_code/438fdf81d49d145a9f1e5879.js,966,7dfb9e901024b54d8c57e87c5dfadeb78feb06a2bc9dafa94ce0a1a601fed48c,no
review/rendered_code/43ad7857e6b7b38667dc550e.html,1469,452c0bacb8ecea6ae379271704faaeb75daa79f68ae24341ebeafd8e4c4a50d9,no
review/rendered_code/43ae011ad77ce862feeb5ce7.html,847,91c34d09685f8e4d3365acfbb679391f16166958ffb7b61a20e1e5383e4301b9,no
review/rendered_code/43c98105ad91668615e4efb0.html,1484,028daad879261a808f30ba5bbd564a174dddc452f404367b994ffd49254d36fc,no
review/rendered_code/43eac74cc698f77b506b50ab.html,1472,2e8fa81e70db8b3e8821c16c11a9f67b401aaaee35d217beccb35a3222baaa97,no
review/rendered_code/4445c4c87f0cdbb395eb3a3e.js,3716,d5115960f0eac95004cfd839cdc00af921158ff353b09477fa06aa66ea2eee7d,no
review/rendered_code/4493b30421ab6103cf946038.js,966,525bc86ebc40b670c224627612c13d6fa4742a4cff75b810213a501d9daa81b8,no
review/rendered_code/44b636e866ad9748395d7f78.html,3092,6360f3c2e868c6037df30ff89a280afd7b30dfd21e64bdb4c00038bda2ac83a5,no
review/rendered_code/44e6e55a9a34742ae89918f7.js,3400,56918a7091e2f4ac798d49dae831e7e41a0489e468da44a60ec242b7cbe2a1f5,no
review/rendered_code/44f041f5d2c806f95171c1d7.js,3696,092cf6c434709a22cf10bfe86954936e72613e03120034089b1fbdf4e5266503,no
review/rendered_code/451aefbbf38687766592e741.js,966,23d4bfda829dc1e5c4ea279c295fd57ac52340f436d244f0fa36e21751729bc4,no
review/rendered_code/451cebdbfd6bdf5950f5186b.js,4164,aa37d9a0f09bc219c50151fc111bceb33f524fd8220ea506c316066ad5e5ff6a,no
review/rendered_code/454547a0fb0d55b04cfa4278.html,8638,25fa2bbde8fc189b9e3dc54799a5f3b4e662651fa4696ec55145715e5d2390f6,no
review/rendered_code/454625421c37b1982328bd8e.js,8020,ad1d2c7c610a071570cb5d0197b6d20292a0987d2c19cddb5a90cd44b5440f15,no
review/rendered_code/454dee1d34df2f81f74fc8c7.js,3948,48fb52317108cfbb87ad042e86feee9c300e3947a265002f241bcd31253b56eb,no
review/rendered_code/45531585ffa2431515b08e0c.js,9528,f79a58df26e93d717d9deaab65f7bcef9e2ad1fe3adcd0bb459e81066e94e65f,no
review/rendered_code/4553808774e4b6817aff986a.js,966,3e4e60e7c631060f4facdd2d18481eea78a18ee45e75c8feab70da6953f7ddb6,no
review/rendered_code/4563100f43c0abdc2c20e650.js,8947,73f9c3f9c2a33f80fa60968b2c8f60496b0fd87b0c247b01df37768921be8592,no
review/rendered_code/458dad75dc987a2de18493cd.js,3416,f60b2220c409ca0fe4520f8837e8590adad94799c3847630efff6ccccb0278f8,no
review/rendered_code/459e0bee7f215b1b861085a0.html,1453,791ff02facc965b95fcd8a53f37ab92d71ac2b4410a89408f86eb967dab1664d,no
review/rendered_code/45a90ff56fe134099ed85621.js,4618,b0c197f22b4ec19ec2d9075d2f5646b08567c92ff7a441b9f44092269f01adc9,no
review/rendered_code/45c208536f388173449eb516.js,3428,e8f33e3ebfb867735d88220208e0e81781fdbb7b763ec00005937a404dc1c9b1,no
review/rendered_code/45ffd93e5af4dede9dfe99ce.js,3364,bc9888be3836281374e2d575ded3373edfaf360e8398f31d3e5646ff1d9c8740,no
review/rendered_code/460759f8a80950c11e900b81.js,3384,8fbdfd303c89f12606fbacaf9e5d2a452f87d75c52e83b0bd7bb56ee74eb7bef,no
review/rendered_code/4624342a3ba4ee13a98e32c1.js,3160,b5a3c7095557090906915d8b74977382b4b8950fc0c4c1a6c0ec300abee384e2,no
review/rendered_code/4636af91dd3812066bcdc405.js,966,c1559365a85c488d75aafbd988a1c69c5bdfefffd7c000588f21c7065c8ef199,no
review/rendered_code/46486db1cf09aeb5f6894402.html,933,5978613f9c6b31ba1593c363fe09ae842badeed1e896abaedba8658358a9975a,no
review/rendered_code/464cd96a2fb7267a3d572a45.js,9353,f987b7594bd02ef5f5c25945778e1cd2b4532fb300aeb7a67520fc5160c86df7,no
review/rendered_code/465be117e423b25a1ad2d6f3.html,1478,fd42f6cd4cf2a8ee414336eed90eb9c179dd48a42eab8bf5de37bf8d6af7237e,no
review/rendered_code/4678139e8b68024e24062182.html,389,4af60432a82acdf2e6104170e77442d3f87ef68306c87330822338e401de9104,no
review/rendered_code/46894f6e813294a3b95ed781.html,1410,e5b5ab92ac93c554ff58b3b03fa4d4598d522d6985758b5683a7d9ede94562ad,no
review/rendered_code/469eb36ea9e7afa9e5c43f41.js,3344,3e52a1743ea3b2fd6d20f33e2e9793bdb1b213b96f592d89932eba83a9539bd1,no
review/rendered_code/46c0d3362acf8c11150bd4d6.js,3032,3f3f7b3223d4e9d9d8ea39a23826e953ff1305aafe87aaa682a614735312b20d,no
review/rendered_code/46c8b930283f2965eeef7ec8.js,966,52321e19434dd25627ddc9cca735baeabb0ecd9b1c000f7179437ccb5475b4e3,no
review/rendered_code/46d2f93f31184964abcb0bc7.html,1447,538f8c43723648937de8cde1d303daacea6150881ad841f67ecc8af0c6c81d8e,no
review/rendered_code/46eef12b047e17349c03fda4.js,9233,a15604be0f3ce9dd07577a2b8224662cfed1b85a23b85d154e45302ea796a2dd,no
review/rendered_code/473f7b8aab95a20684ca4578.html,1471,c4546afa6acd01e30d8f0990f666cc36267387b83a9e16b0ce30983534805dee,no
review/rendered_code/4756470e1de3ef9b38cca8b9.js,11543,c37db60517e9ee67444b2efc07abd52b4ec55fbf090c2ddb39c4f6168aadd2eb,no
review/rendered_code/476220b125b89e8d0e0d0f23.html,1458,9d248e93dd24a121476bc96a898f25c1d8143828292225cfa8310c4b03c5e8e3,no
review/rendered_code/478716022c3d5b84cf460da0.html,1265,b0271db1b1e7c522deeacbeea2edbc1bc4ed23b469889c75118503bbf96096d1,no
review/rendered_code/478a31693663b21bbaae6589.html,8407,8fc4026f6eb8b2edeafa5e208dd045ef2b0309a943f24e5aca9d39c68c908529,no
review/rendered_code/4791acebd66ab6ff58d84fc8.js,966,7e0e3e5a18471fc6ea85a1976ef8c36ea0443a0836314941797109a5fc4f0c2f,no
review/rendered_code/47a1d20f8e278df9c3579899.html,1896,a24b22aa8ab9f9e591d2eeed0cf39772b053fc89799ca89828dd9b5f7c2635c6,no
review/rendered_code/47d45d3982b165a43378b709.html,823,01869b82a9410270e287a417cf05f4b164fca679e3b99e1c57436ac376be6fbe,no
review/rendered_code/47de0035695b8ebfbbecc0d2.js,4148,bb8aa78ffd7e81a790bb150c32b216ef6d9d62667024aaaf4a7d60e721523d20,no
review/rendered_code/48093f565eac79452eb75e09.html,1502,33674002b15dcb25895d2d5a2c68b0586fb37599140590619f973594e4854b78,no
review/rendered_code/481d50cd3c432ce57992dfde.js,11338,d5e46967a5a64028c92bff8f15aa04b82032439c64cadda16d919698cddb7ae1,no
review/rendered_code/48285bbbe384bbcc081d38b5.js,22933,e8039a7bd473bf206afe6ee6b2ead2eed14a7cbf690473088971bb411ddd72e9,no
review/rendered_code/482e47d81274119fcc0b3610.html,3953,f4b0fee169c1511fbe3e6e796ce2457b90e85731a5f440b58d69ea3e997e69ae,no
review/rendered_code/4843353b0ad11aa5ce5966fa.html,1774,f88a9c3e4ad2857a091f706c200694a660b28c9efe75996df8d75296a330fa2d,no
review/rendered_code/485a56b71866e9ab1dca306d.html,1406,8dcdef8082afda6c14104c8a085b29e5efad3235ad72aba9a8149c59edccff71,no
review/rendered_code/4871841eaa634abc922a3b47.html,968,43d4c8337c288553fd092f1babc6a960571af1e288a51f3c70bc62b302c31fbe,no
review/rendered_code/48a3363e056595c8093906f3.html,1482,fed0f8a79dbdc7ff06a698dac90fd3d1d41d3b04da8ec7c0f8d93a27d9c201f5,no
review/rendered_code/48b934f03cd9824b1934e92f.html,21953,36bfa09829d123418d12447fac18439fa8d467779f3214137183cec9854b0170,no
review/rendered_code/48c71ad609641ae6d7923a74.html,967,b354d1978273bf67b2e2a934f816cf5c7af8858694a59dba60ca7eb65d02750b,no
review/rendered_code/48d7964fb615bc5877bc2672.js,25006,f3d7e7b22f8d764c8e5d2a975c288795cc36e7f35b13f73b50e3b2d7d66d426f,no
review/rendered_code/48d94c5aef086e607eb1b380.html,1415,da62e299cfb8cf11d40ec363e1e2eb023ee43982d9cf844eb5be48e8d73eb7e8,no
review/rendered_code/48e1a3ac1f9903f776f970e1.js,3312,a02fbb71f968fac40ea9fb24f762fe3d56a3a67059fc41becffe20b4048e7e21,no
review/rendered_code/48e9c2746d5206afbdded1f8.html,1380,6391616b6aeaa5145fb75058d72c21a54cd60c5f36e5f46eb8265f1e8d16edb9,no
review/rendered_code/490cb0065c3c019eda576951.js,966,43a5ff21169ea07149a1430418d5de82732e23b977822c74af1b331adf7b68d5,no
review/rendered_code/49382ae89cd365165f0e565f.html,1431,079d214cdbe8bf68048beb6e98d3737cdfc5c877703f400587fd524baa41502c,no
review/rendered_code/493a1944492eb19b1e9b657a.html,2058,cb338cc9204e4ec357229f87ce03d23e9e8db7be12c009a6d081be1e1b0deba6,no
review/rendered_code/494eea83e63d3de052aa27e9.js,10990,9c74d097db82a053f62f9976885d43670e33c14d44e77f09ba3dc176bf982bfe,no
review/rendered_code/497a2ac6f0ee8b98af98f886.html,1425,9b62133d9aef1a8f23a5879278882f9ac0733db162e389c02fa5532a30447c8f,no
review/rendered_code/497e2ec0fcf7f6104a69e1cb.js,3356,143bca715a46df9c634e89136bde0b0d7161551a16decdeaa060dc67b0d20a02,no
review/rendered_code/49e5e9f8605bec21e8b9de1f.html,2435,06fc29678a32fec5221e0a1834b35e237393b3d18b13e4387f5799e7d74bd8a9,no
review/rendered_code/4a0500d88f7394a645cb5bac.html,2254,5fbd065b17f29b4f6adf7bf537c7d0930aed8926c7037083a67cb387dc9af040,no
review/rendered_code/4a463a1e81543756476d77a1.js,191997,d21b6f3870b4356cf1d04ad577e2d2faac6d598c548acb5c57775aee801dc0e3,no
review/rendered_code/4a4f308123f3cec4adb9ce8a.js,12467,56781af47767393e7c83e856110c43bdedb8eb7bc84bcedfa4aae772fddf40f8,no
review/rendered_code/4a514466f8c6986c4da3a505.js,4060,fed99dfd3eb31facded4994107b2923f324710eb208a467a9e15fad98ef48c39,no
review/rendered_code/4a82eab51cb07ffdb5151cf2.js,2984,033ad834623afcb155290f205fb2757de247bfa568bf41069c82016174390fc9,no
review/rendered_code/4a94e4a32996ddc0eaa481e4.js,9748,8f5bf80b50e7e1ad303525a2ca8e1acbda4a816a8b9052c29d24cc9082b4279b,no
review/rendered_code/4a9f0fda8b0f5b1ca69ba56e.html,1763,e84569048ae6d2e22e2fbfd61b17593365e0733c414e023a4934e28d521af6d7,no
review/rendered_code/4aa8fb50a23c78bd7f35addd.html,1814,f99c47bea719ab96b33ee5d013769e011cbe3f41ba63409725e07a40c6ff6779,no
review/rendered_code/4aa9173a53ba2a1b3348516f.js,3792,4dc47fe0b078a1558fe8ff2556a7683be7b76f18544f9de8e98f180c1566612f,no
review/rendered_code/4ab34ad6d50566bc6bfa7221.js,13415,5fb12baec767f6e04cbdecd27884d0ff201a80292775353dc1af2b54dcabfc22,no
review/rendered_code/4ac88fff49c5f457c41886f9.js,14319,864200f87d2d59f661ed6d3105565d1e0e531dec33a1c5f828cda0be487831f6,no
review/rendered_code/4ae8e9f6c43a81aa5f891216.js,3516,c67fb65031dbdc19e30cec2d3eea35cc2a89d9042b4b11cc88e3e5814abbd4e8,no
review/rendered_code/4af33484279e6eb13ce2cc8d.js,18680,fbdabbac76a369505e4865fac58409c09510aad3d6903ab44b6b0c0b6d71a1a5,no
review/rendered_code/4af6161e5b6e2d0881d989eb.html,8001,689633a176cbae73474856a95ecab50f7998031dddd2ee698b3f338cbd030a13,no
review/rendered_code/4b3a742ff4c099ff726e7c38.js,966,bb28f67e1f18cc8ceae86bf46b34566d6c40a51aa96e4182abb737badb4346d7,no
review/rendered_code/4b7a89b2eea9444ca68367cc.html,1470,d1dfffb669e8f837e9048e8d120daf705e379dcdbb2949648ad018c55a24508f,no
review/rendered_code/4b9fcf9722570561bb546d3c.js,966,69441c2b54844be778069426fa41da03fcae9b0ba8e872e25e77d21966cca523,no
review/rendered_code/4bb86468198580b9ce950244.html,2098,8665d852dffc55a514cdbd1543cfc049f45a2406cea403bd01be1efda92ab8e1,no
review/rendered_code/4bff6646c5d2b46398a41471.html,4591,991c9e300dc3f3c6237c7fb1efa64323e017a03118117b21a377b36b558f3025,no
review/rendered_code/4c339e1b7f5df1e7b964df06.js,966,89860d335b21395019619e50d171cef1ed7b282e5736dcbdb78a4280975fd3ab,no
review/rendered_code/4c48598df1f6fc1ce0196087.html,1433,c580b9d6798642545fb19d8cbf40d58b9ba86427e0a1345554f9d683514dd314,no
review/rendered_code/4c49d87a5987bfc8ff767a71.js,3360,37636b2845d223925f483b70a6b2831e726db69d4a8b71f702133f832d59aeff,no
review/rendered_code/4c672802a3a3b0a805af27ea.html,8215,c352e5efa1ad7d7c9b8061039db556a93781c6c9940e13589a5292e66781094f,no
review/rendered_code/4c8f87ded17e7df5f29352bf.html,809,a61a9427c84274affc1f6fcf9d983b68b1e79f1ace4502d4090b14f878c50783,no
review/rendered_code/4c9b17b5dbc51c10b84de58d.js,4227,e13d493ed913a960abecdf9f42f1c8c16259563f8ff94a407b0350627e17af9f,no
review/rendered_code/4cbbe548a28d69a022258c42.html,1074,65ba437430158f924757bdad4fcec2722bd0134adccbf27cfe6747e121c6ac85,no
review/rendered_code/4cbdd90a2e7ab99ada688d7e.js,14260,2418e9445b40a1bfcc4b1b9d9fe6df798f6d5b26f164345b790aa78ce5091f6e,no
review/rendered_code/4cd258310040e5e55e9525e0.js,5565,e9d89d1eef3126098adea63759a621d3abce8b1a018e84c7871ea5342924024f,no
review/rendered_code/4cd7280bf0f6251b338b7ae8.html,10512,5c63876cd58d21ba62db233e1ad0d87e21fa3751332beaa8628a8ca5c6ee9145,no
review/rendered_code/4d23512d4805ee141266891c.html,1470,d0c6e1562762482eb4c09fc05f5b36e18278cee82bf74cf6553fc165cae903cb,no
review/rendered_code/4d334b4a42da50d7bcc6e5fe.js,966,33f88ca57c3404a2ca2acb3a4b7b7d35ed500aebb360114db042844579c9597b,no
review/rendered_code/4d356dee4bff0178f7b48172.js,9233,699f07200d5025e4b1affa2baafe0b0637cf6739c9e382c451e6bced220952eb,no
review/rendered_code/4d51d3cd788412785e81ed02.html,1400,e879bd94fa1d8f2a208d144324f4cb45caebb26d24c9b801f4aeecf2e6fd5de6,no
review/rendered_code/4d76adc598363858a0c8f4e4.js,9076,5ead47599d75519e47cd5870b093b7d4c62f81f7bed2a33917601d6b6fde9b0e,no
review/rendered_code/4d7ef6d5cf546d52ab63341b.html,892,3074cc66f456686ae11bece35d02f6321e8a66555f7748ea0c3b4b02c461029c,no
review/rendered_code/4d98c866f7ef4dd9b25972ab.html,1499,e735b03a24e9e3dd5027aa05bf8befd1a92add152800115eb44d869d5bbd7c0c,no
review/rendered_code/4daa5b62beafed4c79bb6264.js,37277,bddbc67231d2dff1d1138cc80041f0151fca2dd1b2bea307f4e129714f4793af,no
review/rendered_code/4df0e54db78e2ddcdfa36557.html,1456,a8292b74495c2466852afe4208630a957b32212a86da9a262c17e46f6f06ecb4,no
review/rendered_code/4e45867c7151a25a8923c692.html,1015,872de4ca98134d38b57ff7dd9eda745b6c58c0cf538efcd203963539a164a3bd,no
review/rendered_code/4e4f0846f681e805767eed1d.js,966,2f96517dc1564bc2c182cd36f324d84b23cfb6be5ad9618c0630336bbd148ea2,no
review/rendered_code/4e5557a0ef3745d0d2f9c755.js,9353,e63fc2ce774da3c13d13530f6677718fcd0d15ecf7bbee7d1ca1563fe47b2309,no
review/rendered_code/4e6ab15b369b2000876bac33.html,757,5483dd213d384f2d292163504070ea37ca1ed703ecba7d081e0dbf60247c1e55,no
review/rendered_code/4ead86b9c6500e908777ea7d.js,3360,5948326e61e45d49ad4a8907a49f42d0507369dc0da4fe68c0acdde157bfc6f6,no
review/rendered_code/4eb85da703ffe98abc62760b.js,3132,bd2e82b5c121bb31929c6110be1debbf611575e0d4304c57fc742a235b904e67,no
review/rendered_code/4ebc8fd3055620816a88473b.html,1814,a39e6b8752cf101a4bf02a2983833adeec9a6629c698706ddf16819d8697744e,no
review/rendered_code/4ed0d71429a2d0281755b8a4.js,3720,7030d47a64865cc2d82389535a15ab2b5f373bd33f35aeec2a8ef0dc3c8a148d,no
review/rendered_code/4f091872ddba62a2ab042d26.html,1786,4783c2cf2c24c63026e9cd66f563fc63fa2c51ee1b15fc6ac33e30eabbae252d,no
review/rendered_code/4f149950ca82c7c0c48d7879.js,3112,add892f15a46383bdd4655526198c82eb9eb1ce4e8bfd727985dbc677b042217,no
review/rendered_code/4f282dce8f92dd97c7a1ab01.js,966,384ce845008bc9b6e814072b1a9b331239b0f27b488d1dbb3b75abc5156c4217,no
review/rendered_code/4f3bad4ac4848b7a662b91bf.js,966,8f7c28f6ac70cba016558846ab63a04e5c6bddf5926afbec2ae7bfc2576a48fc,no
review/rendered_code/4f40ee16ff85913065a84a16.js,9623,5a008d65306a47c9130ef1b331179f985e5fa1ea81f880f8df4a514da87d296e,no
review/rendered_code/4f493019c1aef05f6f345998.html,1455,e369eb122224b6cc6195c46844d457ac9d0ba893b249b326f8d610bebe9d2953,no
review/rendered_code/4f598a85ff362a68858cce7e.js,6309,12ab1a819f611b883fdf15cc7f4b238238cef40812133ef445c70d3bf951ee32,no
review/rendered_code/4f5f565dc0e3fd3e1adce6da.html,881,c0deb7caf808f155daac77f9cb1bc22cbc4b6b043722987a1c0ba0b4ceb42a72,no
review/rendered_code/4f6448a3e8fb1306eedf400c.html,1367,2886406722a77d2b8a5df2c34478fc499944d6fc2cdc190167e206887419052d,no
review/rendered_code/4f659f973c89ce58f1f5f9f9.js,966,a34eed02f3fac320da41fdaa01cc20f76faee4d7f4ac44b1a091b56353342ebb,no
review/rendered_code/4f680eaf84822767f4180bed.html,1025,f529d0e6a4182b3cdc1071fd59a95b3a2ef646fd7478d7cdf731c4261aa47733,no
review/rendered_code/4f6c38ef523f693e65f505c3.js,323,691d409d8e18735dd821721772479364ab6b81cc02c84e4fc0728adaf5060fc8,no
review/rendered_code/4f80a5592d9164e3afc39ddf.html,1492,5d0c4ea8c73cdd17be602042ac14b5e68d96518fb0ae76839227744a0a37ff8b,no
review/rendered_code/4fbda21fd020b16c6b2b92b2.js,965,38d9a9ef76362cfca155efe1bbd34bdd11f03736a5b6c9bc7ea33ca63dcdeaa8,no
review/rendered_code/4fbe235603405791dc540556.html,1715,06a53b58524204e393f2481fc7bc078deb0ab924619a1f52cde1112328a86b6e,no
review/rendered_code/4fc97ae7439b31c791b825b1.html,26232,42aec735f2dda1c44123a0ded00ef89896558ab8eb48403222a3da51e54d6fb1,no
review/rendered_code/4fc9e82bd60200db9accbb52.js,966,a2e25c4f2a4379b421652b196980ba2be29c35495fcc05d9b51d3e418f6b405a,no
review/rendered_code/4fca2a48573d697eb20628e5.html,1420,89359b7597d1dab548cecfe63db03b0d99ba83b72d0787d7aed319013a329401,no
review/rendered_code/4fcc984b85494270e00f5fa8.js,10492,34e1100f83e19cc4e240743f316a7d26b48a419b69284a338e7bb688535ac37b,no
review/rendered_code/4fdc7274cb0a21103a8082f2.js,3128,867f121504aa8c08ef207b88b4887fd839b9f05fa4cbb408881a9aceb953b284,no
review/rendered_code/4fecca528185e8919d1f3a0a.js,19116,2022dd762a52c57e99503820fbbe913684f33c7e7bb6b5deafa86b39a7c42b67,no
review/rendered_code/502457a5837f807d42a8198e.js,4148,e5f7568c948bbc6ea673ea838bef94ace00d0e29cffd04d4533914aa471884e9,no
review/rendered_code/502490e433ccae10c52fbd3e.js,3884,d688b37bad557b32fa3fb0e13feb55551a1278be501ab8439fc29cdd3df07f7a,no
review/rendered_code/50298def0247fd6f4d1af83f.js,3148,4e1db2c27841b8ceb6ded51a0c2ac7fbb41172f3adf10ced7b094e0783a6f2cf,no
review/rendered_code/505b730da55e3b243f5a62d0.js,966,40b76490c825cbd75df35263c854b6f1c1125959cb7eff56d241f8e2b629c265,no
review/rendered_code/506e473bcb877e85ddaa4d83.js,966,c3f60ec58bd20c99e0179b0022ad5ba13cbddfd14236e63b669ff6ad322452bd,no
review/rendered_code/50718f2e8da3264ec3e943af.js,11099,3ffd963152728ae6f1fc05b8faddee0d7f4f817c5bce2db4398fac83367c543e,no
review/rendered_code/507424c5f9b26aaef4c38c01.js,966,e63c9beb234914111d77bbb8539b7d1876e4ad7641841018033f84daf5a9763a,no
review/rendered_code/50824a01d0bd2abac7b3e17d.js,9680,8a348fc6d61dc8ca2b80227bee76d388bd386a6794526a251c4eb87b9634f7a1,no
review/rendered_code/508a2d182fd039d0fffe03f5.html,19383,577608a15183fe46e72143166a47175bd25ef05582a03fd77fe41fa84d036993,no
review/rendered_code/508d2f2446dae31e318e711f.html,1288,4f32ab4bceeb9ba58fbff810607a8e893d45bc322daa0bf54c15e9301fcfb803,no
review/rendered_code/50973417ddbdeb06d547ca5f.html,1676,15ddb0fdf3be6e4c8656e0f7587a29ba9ceb255250b189aa34f3827e71d1677e,no
review/rendered_code/509ac126eec0039a137f2adc.html,21865,74fcb2f6585de432d2c58dd8974104561c95df2aaf622764e19274c3025a38ac,no
review/rendered_code/50c3185a268e3c812375c712.js,3568,f65912e0ffaf6a5638ebbebbd15c34b5e1bccdfa34cf3cac9d65dd08193aae97,no
review/rendered_code/50cb124b1fca9a18c88f29aa.html,7373,fe8494dc9bcb730f6123f5ca0c4bd20937726d1ab2bf2d0ac9593596302113b7,no
review/rendered_code/50d57e6d3727a364472af8f5.html,1268,069193f4d03c6a90b5ecf5d736b1e05c0b3a66752a9d217ba6c6f4f955215ed7,no
review/rendered_code/50f002feb55f8015c0a00687.js,966,02e80fdbde5d63900758889569c6f8bdac89afbb81fac540325a2208ea380dea,no
review/rendered_code/510f9e9c4dcd3ede815bc824.html,1406,68a48d731637b63265d5ebbe4c97b2494dadf1e42efc2d7f06733a335948b203,no
review/rendered_code/51d399cfc82a801e3f508792.html,982,31febc93f5e421301ce039a454b508b6a3f9b489f67e073bef22d170ff23dc86,no
review/rendered_code/51e0b9113000ed4803402c16.html,8176,b925691f3aa0bd81ef2dfa90325acfc59f90abfcd87e614c6b57b7a13d7883b7,no
review/rendered_code/521a95fbee36e435efe52c65.html,1475,4c332aff74cc44642d7aff25465feefd61f60f58cb13dcf0f6756cab9eeafa8b,no
review/rendered_code/52206e1b4b7873bc6fd2ede7.js,14973,82f5bf1539fc85f4257d1e09cc124ebe615150a6137521fb87281df039a36846,no
review/rendered_code/5226f548e4301483e88302d3.js,966,c257511c27a001e947837a988809b0d7e24a38d88c2a5b4ad3415ba4ec9cbe51,no
review/rendered_code/5243f550f69bf8a363117947.html,1461,858e65e376c77bcc0c8c62cfadc669c50fc0054f75b29285361a22e534c62d33,no
review/rendered_code/52490f090405abe84d53c073.js,20087,b2d266df062b16a256cc25bbd0dfe9855cc38cb2b0a5c515d6189d799e10f14f,no
review/rendered_code/5251f11be7dda3e8a7ba089f.js,966,915b6d88c6723d191efe2674722ccaa7c489e513e681dc7686662f0c923b3c18,no
review/rendered_code/525c7e3fc059a587ace67c93.js,2952,d06e7eacc8fb6163b4a375547d0db74bad693f98e2ff2db02d8a655179f091bc,no
review/rendered_code/527b1a57b1fb20103b411466.html,1719,603bd7296812d7ca59177508cfe120ff0683215ed8beab5c79ca4205ddb8bdee,no
review/rendered_code/529056811adcdd0f867e0d9c.html,2175,fc72eef8a222f6443a580c861e8fff7f8d6236754e3f99f97471512c3bbd62b3,no
review/rendered_code/52c32e06f7c200c084804370.html,151431,b79ebacd946805881aab3e20a3a0dc0c81d4357885c82b09ec2f89b834c4e020,no
review/rendered_code/52ceb1e18412b475ed69bd56.html,1411,cff2a46289991f6b1e305682513422ffbf27cf28965f3d477c2365e61eb6bc8d,no
review/rendered_code/52d89f1e7eea582030f8fe62.js,3188,e7e99868e168a281d344d8b0fe94c21c820183b0a41b268abfd32f2b714baad0,no
review/rendered_code/5324528de369be973d2e6195.js,12529,94c001916b2f13b6d3d389018eb9b04056fa347926b72c6fa9010ceb266f8429,no
review/rendered_code/532cd5ed99f4b8580a8c46cd.js,3896,af654546f23e341fa3030c947086e4db412e7d6645f7bfcf330d24c3149b0d8d,no
review/rendered_code/532cdff0606376364f3b5d02.html,1790,6c8ba5e1d5a98b5ee289c1d0e8c0466758a3632b9a92d1724cfea4220a2ebac9,no
review/rendered_code/535aea8d11f2415e009a5a6c.html,1131,1ed5eea8ae126eec0adf72a268a3857872ac88a301c50409b926bed4726826c0,no
review/rendered_code/535d6de771d05cf10d28697e.js,3608,337e77c4bce7f8fd79e21499a3c95948713fea4aa614424b475bcdcdea2d1631,no
review/rendered_code/535f2d7ec56dbafdc3e1de4c.js,7741,3e62417c372ff145d2e00c5b464a89025c808cf9b07b89e56342c491d663d39c,no
review/rendered_code/536369634bf2ece26b39df25.html,20129,d50de5637e0ef9bee6258a660a09dd2676622cea62e7687caf4c7af40a1915ac,no
review/rendered_code/53681f5fa9b20ca7a271776c.html,7497,cdc83e8b0ceb73d8b29203ea8fa8c748eb1ad96663313494d19269d6ffdb9c5a,no
review/rendered_code/539ffb8002fe1f7781008dcc.html,1401,9159c91519bcffc42dd4fee787059df42756bad0bfb972f0989278a5ee69f29a,no
review/rendered_code/53bd40063c1a6ed45c2f4018.js,3076,9b6c77475e265d09c0546779ce53c1657fbea6be4268df91f4962def4c67aed9,no
review/rendered_code/53f59b5673ce8ba816f1f892.html,969,c62de5978ad8daaa454ccf7aa5ff6bb625d3706e66e6dd405da2525c39c4ca5e,no
review/rendered_code/53f5d7e7435a9c1ebe563991.js,966,694f3b6d62fe9473007688fe0843a6c2e58c6b871a94c2230b01a2d58f71bfe6,no
review/rendered_code/5406812429ce77262c32b6d7.html,1081,a657e7448e075d75158572dd9c12b0ea3b922cdf3058776f33a601bd039dabcf,no
review/rendered_code/54071622a5ad0d1c646b5acd.html,2963,21f8631c5095bd1aedbfcf8a48ee42bede19c2324e316d3552fb69d0d184db56,no
review/rendered_code/540bd6309a6a0ccbc34473d6.html,8577,4fe7046d81acd421f65e1a2076e1b42b285578b43da19552ae5c56cb60ae25ec,no
review/rendered_code/54248bd5788ea1d38956e70f.js,7666,d507c5890fe44cb1ca1902b7bed47c78fc2fd8bd6211feae15a1a17a7735e08a,no
review/rendered_code/5449fd8e6df1d3d83e4e9e23.html,16193,396e8dc27d678a22e499e3986ae81408ee72e1831c75ebcf616645bb5c1f9cf5,no
review/rendered_code/545675cad87013d31feb0557.html,1454,4c58e2f3c21d2ae571e433fb715ca09b716831b081ce8c18d3dc23857eafa889,no
review/rendered_code/5468bb7bd6c7605b9b5c988f.js,3492,989f2d9375c9bbfda6ffc4ed3e380c5cbc34de3f066e3213986e12357b678b9c,no
review/rendered_code/5492ab52a9255852ade558cd.html,1368,cb078d95fc91a75fcec7d707ae5af83a492490f60748c53dd78e772b866a9243,no
review/rendered_code/54954bd7875884510f986a8c.js,8056,c276a3e62d6151e5681a6f64b424336c5a39be309fb5b9ffa9be0325732363b9,no
review/rendered_code/54af382621ee2e7e3915beef.js,966,b12fc76ac6eaf7cdeb57d852179b5cc3982f5b848f4e63728cf78aa97388b1ec,no
review/rendered_code/54c1a20f8d3253983a4dda95.html,1405,69b5f5f86c0706dee0ccffe46757fe6d4417db6d24a4df82a38d3ab1faef267c,no
review/rendered_code/54c827f07ca8cd35151e29e3.js,966,1883dbe2185058f461695c59c323896c035c2e4b445a86862fcbd6c74ad186fc,no
review/rendered_code/54d4037960a7792661f35b1e.js,9378,ad1853bddb505646e8035429c2834a83e6b6460a49df6cc18df203dcae73c8be,no
review/rendered_code/54e870c7077baa87bf5e46fb.html,1357,d78f2bdb2e754a06d74a3f561412094efbabb4ac1d51bdb7fe48c40612fa18bc,no
review/rendered_code/5526ee63570998e79f5b954c.html,1386,8f2956724208affb2cc96863cb2406b9408eb5faba4e70d717cbcc30f9f7b303,no
review/rendered_code/55382dd4f28e06eb3b3790c7.js,10914,b41825582f617d4af68ee9154e506b9e1e0f6a091929b601bbb885e05a984944,no
review/rendered_code/553cdbeab07cf377884d167d.js,966,27f8a3a7484d69e5b217c377e38c18d260715aa543b5b9bb9b23eefe40d59685,no
review/rendered_code/555310cd9e0f8993dadb6c07.html,914,07a59c56dd206bdb5a17cd2232deffb69c3303a5eca98ee0a2fe703d71f6a44d,no
review/rendered_code/556013c38ac89d4de48f60bb.html,26142,21e8c713a0bcc23993c0092c16f51a7024fca4010f1ae7773d79f9cfdac32439,no
review/rendered_code/556601f15da6299fc6b882fa.js,966,f5768dc1b11e582a9b3379c379392cb94e8652825520190a4a2593a3ee8e6641,no
review/rendered_code/557cafe9168cd60f436c90d8.js,965,fc64bd291b7c9f38c6482a862722e8b729e5fe935bc6ef99e85e5d792b1e0e89,no
review/rendered_code/558ede9cb00859fba3d03a88.js,3396,12fa118ccd4b7a12a66d02427a4a71847379ac8fc86f2a3b0fc5487a78e4a452,no
review/rendered_code/559d1e07b1f6c1e3d382ce8a.js,4076,23665c218b222341cc3c0daa412c4398a1837406d103f0bd0495567367a7d794,no
review/rendered_code/55a25e9dace43e0087556718.js,3504,d97fac377e088d14d68ea0004d82689231f86848ec83938b2b5d5e297413c408,no
review/rendered_code/55dbc2bb67f1186d352c400d.html,1461,55aa4facece4dbfee68f102f432fb1aa76cb69e14585e1c33bc8a19b89b290fb,no
review/rendered_code/55ddb4ebd3f8e15b326a5840.js,966,f83bfdd37659911ec92571423f4b0cebcaf820ad6233dbca55d91db3d348fa09,no
review/rendered_code/55ec1c703a94cc503be7d6d1.html,1476,fee1b9f34fa1cf744666cf6c5858c21e3b90c4c7afd4b6c302e19a329b53c055,no
review/rendered_code/5618e1e8e00d20ad6510c381.js,966,014d2864dcd632c5cff919759d8137f8ad57bca5e44194a9541567b0ed281b31,no
review/rendered_code/5619e81abfc797ca368994bc.html,1473,6ea05672a9947fc90549d5f43360a0891d2fb689340f48af9d6cf9b363aea127,no
review/rendered_code/5626bbb3860cbf3bcdbc13e5.js,3360,b977c9645cb4e31a80f0929b5405335d0370e6a40d149e101e35e5a2e20e4687,no
review/rendered_code/56464929b7cf3d94cae42c9b.html,1006,3cdf6f6a97f1c616bed0f4b6ca3586b5c988a22a9c5a6fa3076815be670a6637,no
review/rendered_code/565cdc7366d368c42e058237.html,1391,50778feb9678080f391420c1138c934a6afb2c703f46c4cd921ae01832636284,no
review/rendered_code/565f7a5542e034cd50e240ff.html,8687,3c14a21e89572292f6e79d73dc2725c6459baf43778cbcbf4c5a954abf89917c,no
review/rendered_code/56957540018751ff1c59a6ed.html,650,e15af86d6ed19bdab4549da91dfa7892510f50ed0ab229d52f90437d178e4597,no
review/rendered_code/56bee48bd13b696da3ce3b82.html,2473,509c2b563b0132bdafe29d9994d67206cb04a92d04de91d58d019f12a82b9d06,no
review/rendered_code/56de982f1c34f47c976dfefb.html,1455,3c822fe4042645101f826209dfcebb4a8834e4f18e5b7d33c4fcb0d6e2e475cd,no
review/rendered_code/56e537ad4aec02317ec5c641.js,4060,a1984f6204f34a80327181802390e84b711d513ecf6bab98cf4acf4c37b7eb29,no
review/rendered_code/570483230f3f62342584f1ee.js,966,f04c622226361e1d7758b7de47741f0026e0b8c751bcd98c9835022a0ff08aac,no
review/rendered_code/5743a1ec8792ee20817cf910.html,3571,8e85e127a6ed6e6bbde07d35c48718ae863fcecc3b5620d39290d7d3ec1b8751,no
review/rendered_code/57479349b105657d571cc257.html,19707,3ca163dc0cd78c1470e0138b47ee5f3bb463112cc02b7a576b3f11590af878cd,no
review/rendered_code/5795276517e0665909ee96bf.html,1990,df4170d8ed3858fd1b2943511b8c49ba2705f1cfc57f51b463a97669b9a42eec,no
review/rendered_code/579ce8488c241c51e4f15485.js,966,abf200a0201caab232afe0681acdde2d091b25a87c22d59f2de7a8f50b8da56c,no
review/rendered_code/57abfdef09e2c469b59aa789.html,8453,36d5ca36239ed280862de81b98e61ef097cab1b61abcf44fa7904b43d4c1b629,no
review/rendered_code/57acf8a4c072e11dba25722e.js,3160,9f99edaf20655211e81bb10872f2f6b6ad77c8b934ec9b0a4949dcf53a20bdc8,no
review/rendered_code/57c342fa4888d285fc749a62.js,9076,3a927ce4da94dcbbbb577c711b39348315932664e065729518247e200489c89d,no
review/rendered_code/57ed7e7baa9af5565016bb30.html,1316,ce89d9e7448b9aa90caf8d45025011c1699a7628834ac746b770078a1311da6f,no
review/rendered_code/57f0dee7038f50a82dfad09c.html,1477,707c8766bb2a4e95ba4651addeb4e57f340940e51758dba33844637b2dc1f36d,no
review/rendered_code/57f4afc53d27127bd27eae1b.html,1041,931edd1b564ecc20514537cffc1c66067d28acfa56219abb60d86ceb82197efb,no
review/rendered_code/580120568bc5958fba7f7899.html,1417,6b1623ac5d6e4bd15c55bbc32de011ae23a5fb6af359be21a1d9b7875d4c84fa,no
review/rendered_code/5804a45d5442555f88e0e513.html,1260,c59a121658d7000c6966660952ccab7c022b460d2f6b50c27e3a0b2d3a03b879,no
review/rendered_code/5856f6a31e5bd281e623c109.js,3076,98ddeb66ba4dc68fcf6de29b0a5134cbf51b1ce2836bceb4b118b58dec3b3a89,no
review/rendered_code/58843b846d9499d0cc185998.js,12370,3b72ccca8ac5c8c7223172e05ea9f08ec5daf7059e312a95973d8d7312a35aa3,no
review/rendered_code/5893e062a1a84da5c679a990.js,966,cc660397e4e94a8f77e6901b3b3159a26af3241cca347333eccbe1461a7be359,no
review/rendered_code/589cd02182a75215a2dab232.html,1167,ceec85d359959598e4021bb8f2a4cd45b061a6bc7164651df52310a0da12a241,no
review/rendered_code/58b4cace1526d108b8bd3f2c.js,29060,08e4a5df34e9209a2a9e6cf05369f26e4e39e26f870bc384f3f4a965379471fc,no
review/rendered_code/58ed7e8e64932599ffcebe6d.js,3040,fc5a1b79f9a7d0e6ed5580499cc50d850236efa5b62be222056cdc9475109171,no
review/rendered_code/58ef20a3d07074fb89887246.js,56594,7f7137900c98e98f13906389031ef031aaecc8906e1c646b5586ee6d19172e28,no
review/rendered_code/59131ceb681f466bef372bdc.html,1329,9fb4d28a1f66489fd1b185abe027746bf59338001892b9aa036a75ae4cb0ac0a,no
review/rendered_code/592b86bfec15ca59d1fc3f00.html,1373,8f0672a37ae6128102ef655f5967c1c7cfff6cde0a9fda891b07e9a8f6d77c03,no
review/rendered_code/593f366466983fc5c1e94b23.js,152456,f3b2c6e3d75a14106bbcd5dc8b453849c32e50a764b9745e11fe2d1e430574fa,no
review/rendered_code/596f915acdf62504046d321d.js,10703,e88f37799da15db58f46758d448ed496942c6d76bada86b2ae167bbb7680a337,no
review/rendered_code/597dc1bc7b99e49b3214ed40.html,1369,5d91fcdda59af76d2c15185f85ab7a3e5e0a77674413c3ef4ff24fc681a324e8,no
review/rendered_code/59b8187a5170137c71eeb863.html,1988,ebd88cc81dcc1856e64d085489ae718e5b4fa92bdb167575a0b6cd07b3019c6f,no
review/rendered_code/59ed29fb3ec7e0c9ba52b012.html,6628,98383bc8cafdead65f7e4610839c1ae160f75227e1ecc66786db16c31ce807bd,no
review/rendered_code/5a2ef7d702b55b34b60e319c.js,13115,27dbdd1c7709179f2c55bde85598c9ef20fc03534ef6e54a78dc38964fb2d9fc,no
review/rendered_code/5a3d61cfae18c6ba53f9b763.html,1918,bc966a30e4d0e0d729c9769965b93f0fc0d1ab0e49ec749996a5585ee2ce5bac,no
review/rendered_code/5a5c2381d529a77418d4cb51.js,966,f8fcf5a51a6944f83b561a87743e2dfb038bc86a8c0c9a8e92b8c82d907ff9df,no
review/rendered_code/5a6b1052c91927061d437e50.js,3504,1bc492e4226fb6c71c18e949734c6aed4a0ffbabd3c2fb8f359ce38e6a9e49d6,no
review/rendered_code/5a6f75f0e70290907259d576.js,6012,e57e0f5582a79c350215b8082aa36c46ab3dfd96373694c2b46180323bf42c7b,no
review/rendered_code/5a80606a04f96a4018899fa8.html,1821,a2bccf09e932b8a654a426abe17b51903c3584a140901a599ac94cc60bd07daf,no
review/rendered_code/5ab2a69ac79e4227c406d51f.html,2101,1c1be4044bae7696d5db9cefd6ca59f71e1749c83e5618ede6b5b1db5bab7877,no
review/rendered_code/5abd859924b52d1cd0173846.html,1298,e6cc970557a24fdaa1bef8d37fece51cef70b6e6116e45d253e8b1969f10e8fe,no
review/rendered_code/5af6ae953aefb4b2c3265d0e.js,966,2f012b01248287f50afe21ec0c065a188bd60b292a8acdf3106a925419e104c9,no
review/rendered_code/5afc532ff4f551e1c59e509d.js,3400,8105abc59c54e5b27b905c568bb9703818e810d7faba88f8cc595b7d4d0b0d1a,no
review/rendered_code/5b08e2bf62484016cf49fad1.js,17860,f78c7fcdfa58adf6ee643b76707c8240349e23a6e2aa42e9d7722c4624b0ec9b,no
review/rendered_code/5b4f92c7d50bd082845dc252.html,7645,7a30b53fc8c22259b54d0d6639ee041a0957dcd09cea8e42dbd04408a082a20f,no
review/rendered_code/5b6b6ee5832f40fddb241103.html,1320,b3fac59e9463837842329e285ff9d7f10aed4091c22871b8aea1cd9d5a7b11a8,no
review/rendered_code/5b800ee32d7c9d14ae19d23c.js,966,3bb1e30bce59a8197aca3675f61967fd3d548c0f5bbfa0dbc3ba95988cc55776,no
review/rendered_code/5b887f98cd16d57a3425b56c.html,1869,2b26acee28620e405385c45d87a9b34e9d93ae0600593b2a62b9e57d887a5e14,no
review/rendered_code/5b892ec668b738bac8782574.html,1846,1364f2220480b4a81ff438f4527b69058393e6d1205bcd44956bc41f6b77331e,no
review/rendered_code/5bada797cbf1492aa0f77759.html,1409,94ef9a4b9ed5164bf395d29ea772b75432a21030ad49da2f600e6ccf50516bc9,no
review/rendered_code/5bbb73236749090f899836a9.html,1459,7394ad07ff8b643aaf170fb89afd96d0bd3d300d6a50c3cbe1be745ea7708421,no
review/rendered_code/5bc5249814901b6c8020def5.html,1670,a504cf72bb40af12f51eb2c9759202a3d72f85a7f2d8c70dfa8b15ed48c83bdd,no
review/rendered_code/5bc6da6930f512fb7a053441.js,2992,c524f712f1adf3828186785f0e436ceba17b04a0a51ab624a7b6bdc2fa4236ae,no
review/rendered_code/5be6d1b407d9914ef529431d.html,2924,e0cc7513d45267c1f9578d01ee9cdf788f181eb0cac982f391d7a3012bc26fb6,no
review/rendered_code/5bfde968f12b484ea8566469.html,2210,de3d5946e3ad22dba53e984d4d3ee8c0629a8ca9fae5eead6a49dca09988a932,no
review/rendered_code/5c1c84a6ef1db7fd67ac061e.js,11433,4aa287196c4f77bfebf54b71d9a4d962313f84e62ae33747e11ed91894b47330,no
review/rendered_code/5c1d3a92c794cf43a2ff8497.html,1290,ae627f7de9ca223491d3c14610b387b520c4f7fd341932f7a1033d9360621c62,no
review/rendered_code/5c247e47976e31e5e5854c30.html,860,bff9e7658504efe5a25590dbe021054ae95bffb038d31782745de9b178b1fc5f,no
review/rendered_code/5c54e801da7f16a6801ae953.html,899,04a3fa9dc6f0a9a29454f82df63258e46efd35d43925d10e584cb28f23d453c1,no
review/rendered_code/5c7c42e467d1f71a61427016.html,1446,255e0ca5a2b5daa15928438df93206d2ea749f29da566d9b43e7902c872ea359,no
review/rendered_code/5c7c4eeba41515e53d4eb972.html,2272,801d1ce6a22d011c21db6226aa5e07dc49361b68fce654bada9833582b722f3d,no
review/rendered_code/5cab98ba9753681284b0cd86.js,966,8a1dc9dbfa446d98ad0a95b1a6bb8131d366fb332da3e0ddb730d23f30b2fe9e,no
review/rendered_code/5cbc44b7f8151108b2ec8606.html,24639,4fa94f98c80c97ab1d3df6ce33a2e4689be4a281bf1bf249db2701d2870f1ef2,no
review/rendered_code/5cbd0a72afc5516ccd17dec0.html,1431,bb7327f32e50306c5f56560a9cd929fea93c53302ef98a32903686f9f5daa657,no
review/rendered_code/5cf8f067d089a734685077d7.js,966,688a33fa94ed0bc99f0944e0eba7f4c9a75d58aa9c5c44f9aead465aab57fce5,no
review/rendered_code/5d21ba00cf8197214fee9d7f.html,1820,65eaf82f54ae9c171dc1154a3976cdbd3c5fee96d23593718df15dc8db1326fc,no
review/rendered_code/5d2b7064ba8cd53eaeb4ab2d.js,966,7bf5fa8a819c0baf8d07f7ede65a76485bbcad250083b35673063bc2f79e8b5a,no
review/rendered_code/5d37440b60d66b1e05908e16.js,966,4bfb1aae155d81fecada011c844121126deb65c7f348c72abbec9dccb0f9d4c9,no
review/rendered_code/5d3d44804d206f15b4107f27.html,1476,086e41d66e907022973fd5e646683e0b85b37363d0f79bcb15c649c34a463833,no
review/rendered_code/5d470a43783801111937912a.js,966,02d206ca740a50d96ed8ac7a00b362cae82df8cb3847c442b32fde0c5ab0c6d5,no
review/rendered_code/5d55364827e326d35978c8c0.js,966,331c416d09d3d3906848f185bc51fe9e2eb8f302dd9d9ca3b5e232d03c508deb,no
review/rendered_code/5d71fafbaea91a16f0eb38c0.js,151664,ca8598d52e4de5496c0c560833f4b41a9117517b4016058086c2dcae425c3e69,no
review/rendered_code/5d74973cdee5c055e172a05f.html,1870,09ae7971a523adbaaf8fb35e4eb57571a2bdd0f92421dc74a908e9824940472a,no
review/rendered_code/5d8851c20f1eecb6dda97862.js,11430,0750e0e14543862e921b2554bbee6039c467b65d880dde4a5b1d063b3511809b,no
review/rendered_code/5d99816cfae9eb9241614815.html,1443,c5d6c7888f86361a2dc8a96863d5746155c57823b74afe7944f6cacc39941bbc,no
review/rendered_code/5d9cc312f8a86db16f569f5b.js,3384,d3a54da866beb4f278cebb87aaba033f2ea059fc82987be90802f4da6920eb1c,no
review/rendered_code/5de1bb3ed08634abb2cacdb1.html,4062,fa0b24501e3646aff2503cb58964c4b1784c225c10f33d1a37126b7cc4fb910f,no
review/rendered_code/5de7215941d73e329724fdd9.html,909,a6657a0c9c7744173ab9440e613824deff044ece944e1ecaef86051d2180d9f3,no
review/rendered_code/5df73cd46f184e4d0093df45.js,966,7780b35647aa2fee95e52907d2972ad8a18d3e6f723650a0112db8e43dafb377,no
review/rendered_code/5e8be05a5325b978bb84cedb.html,2201,b4faddb6bd49171c790d7924ea527d0b96085346bd28f2443e58d2650610b917,no
review/rendered_code/5e90ece2f3934a9b801debe6.js,3616,fc67d483d3b33275a04ef961f2647f2e699e8953aa6b5cf958d01c9aaed12573,no
review/rendered_code/5e9a24e17b61f2e3eefbdef0.html,1459,f7eac45b280d6124661e906e14d443d2718c4c36f5e22bb28f80a96dd844ada3,no
review/rendered_code/5e9ba9c7ddc357fe499cc970.html,1455,26cf244bace3a6102f070d7e03b5728a7a95a72ea7e014fca46da10b3347974e,no
review/rendered_code/5eb76c1b9baa0cda09cdd648.html,967,acccd904e88c171f9f8c5f30670c378af6be9f93c06015f01e0d8124f6d7697f,no
review/rendered_code/5edc691856ba875d8dfd85e6.js,3116,35f5db539836aeec1e9f835194c106abe4257d60820739970c96b0e9e0bab6bf,no
review/rendered_code/5ee6fde98f79d46d757ee75e.html,1465,5f7dfb39fee1be6b43d87fee952e544fa4c3af2be2f1fcd336c3ac65cf7ce61e,no
review/rendered_code/5f036f7cf8cb64631174b7d7.js,3536,f209b2effb48ea8fb3310317be727dab33d6b7a1b9b923048c17a6aa7aaee316,no
review/rendered_code/5f0676aefe0eb532374a55af.html,8512,872a0ec898a27458ec4743460ac733230376867f3f1bf2383884871ab6ae739e,no
review/rendered_code/5f20f5369548e431df6dd37a.html,992,e35c4a73f6452ba0bae3752b0378f83143bc07cad4b3b3e0f9f894440d2576b6,no
review/rendered_code/5f36659e692b8cd0edb52478.js,22919,c14dbde3f7d084c924226ae138dbd860bcb77359ba675aa20902377efa16f70f,no
review/rendered_code/5f3b16dd4d5112dc34a8d60d.html,17415,1bda5ad373fe410eb071d0e323144958f6f2c541f984488b0ade83eba2f678c3,no
review/rendered_code/5f45a3a93107e773b4270e84.js,6752,ef1d1029684b18b8725b22dc21446a0e40b1c19ddd7af24933d70e326f059758,no
review/rendered_code/5f533ad10b0a4908b9947dd4.js,3064,359c904f2896abe9ec69bdb43d8694f36acb0e2c5583f2f3d57d77070b271271,no
review/rendered_code/5f54010da1aea99ec91bf109.html,1307,d85dbabcacfe65c2156c155822c759eb273cd0f4fc0b11346ca4d34d2f430cd0,no
review/rendered_code/5f633bfc0241a080be59ca17.html,975,710aad0c6c717dda7550db37d39bc821831c80269db232899ebcee3cea137ee1,no
review/rendered_code/5f71ce1ef1fa1b7c601ff208.html,1451,21d9664fa376cbe2472d32d33482f32d2ba69c26422d98c37862a71e8ebb8b29,no
review/rendered_code/5f759325b4c9f9ffe3ddf47d.html,1442,25cded1c3037071a49e2eca61e693d5f3e9e5fdabd628ff22f58f55eae9a15e1,no
review/rendered_code/5f9fbd59f09f0147c2848774.js,3352,629fe606aa334e7e85fd258227041b408c15d30a7d80117548ab09c0a6f3eeea,no
review/rendered_code/5fe706edc2bc84ee6d09ad24.html,1123,3e0a9e608c2471ef75bfc0ddaef9bd356ce615614b6805cb05a50ed024ec281a,no
review/rendered_code/5feb9545f000b3f625fc9bf8.html,1454,4f717a4c9cd6e77efa47d8cc26f194abdc92e1b65189f1e30c7b79b2ea2ac1ef,no
review/rendered_code/5ff249bac2db481c94e5189c.html,1417,bc645b935257f8e151bc058d2703d41cf1cf156912d968b71b0c503239d2fa11,no
review/rendered_code/5ff5761cfe8ef05a0546aded.js,3040,56e92890474f19e13a7a7aca63ca4c0507c821508ccd68aac31bdb7361917cdc,no
review/rendered_code/5ffa84067d30359de0111c4d.js,966,9aac5b3bda76f020f91d3fdf44f7f5c0452ff10127d050a280f9e02fcc918e62,no
review/rendered_code/600249259048d347fbcfbff9.html,1547,0a42eeefd69263b49c0b262c774ee409aa181ab67526378dc6fdfb65809b6d5a,no
review/rendered_code/6010af1c609dd1c2d56813d2.js,9800,a52e7b28dfb0acf132c92986c0badc397d66b9315dc678f826a91ea1bfebf58c,no
review/rendered_code/60125fbbba98f3056cca8ccb.html,1451,f4c174cbf9fb777fdcbbfe131efec19a4890d2afe7463c24502a2955f9f8bcf9,no
review/rendered_code/601bc7eec1d1ecef44fdcb11.js,966,b48a689d29d87e8727730650e23388f3c0382ab6f9f4335276c739ffe4f64b2d,no
review/rendered_code/6030487f41be4b4ea65b3c8c.html,8465,2925e4751cc781f3ac5c9acaa91328e5818cecb6e539e250259de34b8760dbe8,no
review/rendered_code/6034565a3af46896d366ae90.js,966,8df5dd1f3f73e5f43d4e1da2c6fbe7d4331512715ce11f0c4a488a10a83cbb26,no
review/rendered_code/606f66582956a21653bb73b3.html,1880,e29bfd1227878ac33687be4204d05fbc3550ad8f8b4491d56181e6ea101abe44,no
review/rendered_code/60793227806d8f9642ed2326.js,3172,23422df2c5c643511c2c40b4940f04147589a6ba22805c9bc0e1420c099bd6e0,no
review/rendered_code/60a4a6784ed433487c14b7db.js,13348,3a2221efbd97d9f7867a15b140c4510719e2bafa8ccb9053d78d6665f37a8d34,no
review/rendered_code/60af53dc6054a1e937af740e.js,966,2db762088c3d7ee8e4dddd70893251cb818e8bb82ccee68cfe4640b725697b66,no
review/rendered_code/60ce0d230cf00facb4314b74.js,966,da822b20db671a0bf3a0739e3c7ed21dcc120686653562abe2cbd262670f3b6f,no
review/rendered_code/60f2a2b2ed83cca996dace4c.js,3312,2580681f6bfb0b201b4987e8f4f390e805b3ead541408292c5c4d39f7d6e6f78,no
review/rendered_code/610b9c993218bef3c76c0c8e.html,3532,4f8aeaa5dedc8f1184240f59fc62864615bb66dad7f2e77203d5c8d5d66a54d9,no
review/rendered_code/612906b403e9f3db41e5c20b.html,1481,a05989c4f8d8b3ae771be4cf2422069f8b4cee680d0dbe4946cbfdab6a68c42f,no
review/rendered_code/614141df341ca616675adf5e.js,966,11e9fb2a83744229550267b02c9e1e7c29c8730a9eb893b1b2e53310359927b9,no
review/rendered_code/61730ece861a649680f235ca.js,966,e6188658d9dadbbb7f7730c3e5fa4c26a41ec66ffc0cd685a2e5cd4b731689d3,no
review/rendered_code/61734e3dacc749f91aec13e7.html,8728,c2a26b938f1a7fc156ee65fecdbfb7191ede7b30a14b5fdb7977f06e27602b8e,no
review/rendered_code/61882703f463f7635127d5be.html,1324,1a7e11ef8719af5c3e23854eaecc56cc371b8163b24da824e90d73842c9a9d8a,no
review/rendered_code/61b5cb5f38ebff3edec95465.js,3480,d42d4c4b2ecc881e9d170ab86c98f75be4e2b4114e7ace3f080296d39a438261,no
review/rendered_code/61ba1b717acec8abd5d7527f.html,744,e70af9e8e5ede4f3e0a444e7ee3dda74aaa4af77a03e5d0124300a285e4ba021,no
review/rendered_code/61c85dd9ee83641b48c824a7.js,966,2c2ed126f70862128eb0c11d4616c528ade5189c17645d163b5e3e614489954e,no
review/rendered_code/61e9605237749f5857e60bdb.html,1063,fd073e7fc0ce03af902b99ccf60756978de3235c383e66cbce36a2b989bb2265,no
review/rendered_code/61f42b238a14d8c001ae67dd.js,28509,b891095222429ddbaa9df5f6a9fc7442df4e1dd79edd70202ee3477e63af0443,no
review/rendered_code/6236923e19b7a60dc0b118aa.html,1326,753fd58309a7cd3b374aac22f581edeaf0e19f0d593556bf27d74a81820b5920,no
review/rendered_code/62420a7b1c402c3877377df6.js,966,d45d44e89f9247761532890274467217e128686d8940d10d05bce47524f5e0ea,no
review/rendered_code/624ad41b5b2030e2a24e2a32.html,29284,82bacf09c7ca50d48024a0a3e1875db6daf82be986aa318cb69324ac69f7ac4f,no
review/rendered_code/6261e30f61a02fe43e8f689e.js,17229,200fa043257c35cbfeebfd5194cba0c20351844063c8936401d1c980738290ea,no
review/rendered_code/62a71be9486bfe72ddd8d47f.js,9751,41f1ae91e3e2b73ef5bb4ab9fb6d12b462a6fe192263eb3cd8214b34815203a8,no
review/rendered_code/62a796d125c1866b092b4e2f.html,1436,138b55eff2cca1c707d32d7184138b39708997d14f0c397ddc444570ee0efb64,no
review/rendered_code/62b3f290a2f067e707e2d9b3.js,6752,e4820ed509be9587011a6ab409f1e29f99738a2186e7de3257ef0f32be414678,no
review/rendered_code/62b7465e7e7eb6b48d34743d.html,1012,c579381138f720bb561f7645358ec3345fa87963cd7ad30bb138c9626df69885,no
review/rendered_code/62c62adfb2b387ab46acd0f8.js,966,d3621168ee93ca1e7aa04f9d2038b743c2ec81956d20ad8e74707007f5c12ee2,no
review/rendered_code/62db9a13474bbad12fd7a2c1.js,966,317784f6d66445d9d6d12a8fc84104ad61a19292d2ad807c0f44a8488ebad1cc,no
review/rendered_code/62dedf2373622ce570f850e6.html,2290,4bbc615ab78afe9f4f2a3ba0aefac71d2e526d828a8b08d53ba3e4572b31a516,no
review/rendered_code/62e23991bc5a000a1db133a2.js,9224,f6cc8ba94a10877682141b6471786ff63df1097bd47f9f08ddcf33a285c3af75,no
review/rendered_code/62e8a19844dcdb2ab91476b5.html,948,2d608d8da2e704821f4f581dbb34f9f8ad35cd8873641303c6b7aa3612b0d16a,no
review/rendered_code/62ee8bd65500935e2e2c9a2f.js,2321,4f0bf2975f05da4bccfa33fdf4951fc8356f0387576219ae922411d167465ebf,no
review/rendered_code/62fc68b6133f737134325e94.html,1464,108382dd63c37cae28e9e06e76a33c5756c79e9926d7008d6c73eb9c4cdc9bc0,no
review/rendered_code/632c513c797e0b9708bdee04.html,1443,eff0fb875a7ea7db787934d3fc89a0daf71908099f71a0828715d6f2de35e6d8,no
review/rendered_code/634a5a0813a122eebfb21650.js,966,6470374a8fa8d192c53bcb49fac3fdb870f661a9ceb392bbd0fac3e2fcacb7f9,no
review/rendered_code/6351c919644d958ea536d027.html,1447,f8659c43617cf4eb5d4e941b1f7ffb37a8ee124db76ec52b8cd1d02284305076,no
review/rendered_code/635dbfef7bb689ee66497f56.html,1472,c20f66280002114ca99cda3e5360c1c604f428fee31857b818a976e4502dc006,no
review/rendered_code/636824e07e58f8d450827ef7.html,1460,8c203c5999d1ea24da2057b127af8bf2923039be8e06c75ea24bc6b59f9b2b83,no
review/rendered_code/637470d8d7a41dfdf707cd27.js,966,8a3bb8931d3f527a4c5cb25979da83b8a7a7967de4bf79b402d33ee46e9218ab,no
review/rendered_code/637531307a0c681dfd16725a.html,1443,365261bf2debe445d3b6582f3484835f1661ec98e527eb3e6d387493898c7438,no
review/rendered_code/638cb21b9942e7d728bf1560.js,3896,063ab851c0ba1de9e25ae1186fdae459e1128b1276e9343f20804f7b46d79134,no
review/rendered_code/63945e592ea111d48b8dfad2.html,1464,9965829df585cdfb30e6f2c55ebaa4c0e9770c3f96899835b6b09f31fe15762b,no
review/rendered_code/6399995f4a5899fda942751f.js,9635,bfd0e9c8bc60ba38361a876eba2d1eba7364e1215db8bd2a363f2a3fbcb0d63f,no
review/rendered_code/63acba901d39c97274377def.html,3360,cab627c65c4202857a9d2af94280e894d15796d7c70359d73a816a30ee306908,no
review/rendered_code/63ccf0047a3f05facd142405.html,948,66d617e534e27211cfbd82019511682653028e2417a7f7e74eb103f650473cd0,no
review/rendered_code/63eeaa8971a28257a7fa9145.js,4087,aa8a70d7333df6ace2c59b5142e71eed3e4a53e2fce5e3140e5bf504dd57114b,no
review/rendered_code/63ff33da82c220a7f6ad8d12.html,1476,8e9b8cad612349cf8187c39d63ddd17ba73a3ed18e3b2b37145c6f61ae8df7ed,no
review/rendered_code/640d1a47fc71d7d67104bec2.js,966,58b3bd3cd936c6d1ebdfdaa3ad5466bcf8f5f273a10b988c96b66be872b420d1,no
review/rendered_code/6418ca9843a86bf40a777047.js,3132,5c97d0830028fb3aefa863534e374715a3446ba2ae7ec2f178577ecb6ede9a64,no
review/rendered_code/642f56725889673fd014e4c9.html,4933,808b533b980cb82166d4e176d27253f3d3a934e16243c4ef268d9f56e984a67b,no
review/rendered_code/644f9fea566e765552b276b9.html,1453,46e634767de515f422225cf094e41aca5ab5ae1805ac3547d5db0239367543e2,no
review/rendered_code/6467b094c933044b7aee8f66.html,1392,e11ea00bfdde3572c39773d8604f9e78431ee4e6f7defa16d57b8a5bdc6a19de,no
review/rendered_code/647a3cc9d318ace0015309aa.html,1471,ad6f5cddd34960412ff54f0c64f57a531b082722a919714790bd6e5eae94e071,no
review/rendered_code/64cbbe6da04029efef56758d.js,966,52213ac940f99f9bbfcba00f714bcb5d8d8d88668e6137f2966a4b42deec5481,no
review/rendered_code/64cfcbd3f50b9fb0e43ffc7d.js,3436,58e535f65878e243e74c4ed050a98fc83bbdcca548b3e35f291eff34e97c55d4,no
review/rendered_code/64d566393cde2af34532fd74.html,1415,7db06d0adce79aef800686cdd596310143e392d466eb0daa57562d2ad0ddb8d0,no
review/rendered_code/64d57c3dff7e15e4c54df0fe.js,966,d771c27d3e7f464916b512f9fb8e9d3befa1f7b06490256012ed9627cfb90c1e,no
review/rendered_code/64db4c695032b5dc92a68f8c.js,3324,8a5354fe3e44c0ef3965a0220e00bd19d70f8286d392cdbf8aa2552d416d1f0d,no
review/rendered_code/64de11ac3f73a459c9a24e1f.js,3016,3cebabcc94594ecb0bb707a871382564a969a192ca85da722eaa67830433cf40,no
review/rendered_code/64e80d25739c1921578ce0f0.js,4148,dd414e8818a28ff6cc81c05d1350c558d4a1ed2c24361d55c5166c17b93b95f1,no
review/rendered_code/6524f015b22f2e18ceb038e3.js,3060,73dbe97539c234f654eef14597a545fa8f4c4848e4a65e1c54715186eec095bb,no
review/rendered_code/654296d6bebb3e167e883bdc.js,3464,25b03d73224a1f8a1189045531a420a7747e68eabaf7e94b99e456b2872b9341,no
review/rendered_code/655902f2b3272e5d105d49e9.js,9283,7d9cc30666ab02761df14192fd9a0d3ff7432e21959b1ce93746e72d65e200dc,no
review/rendered_code/655a437d49910d9cb4f248f6.js,15167,3f16d09f843928ae449c886f7219404d104c73357c9f0439a7dfe2ddb99584c2,no
review/rendered_code/656d002fc38167d5388e181f.html,1449,047eee754b465add5f42ce1761db2a4198a1ac67f12139b8bb2d196574573835,no
review/rendered_code/657708498cf612e431b5b8bb.html,15125,1f96bab060aa708ec05e3857db7ffbc2a1619f6c809c8de69790c2710ec35702,no
review/rendered_code/65880fa8eedb4dfbce807471.js,9066,5b04ed593faf615fc61695c6430af1c6100659f3cab6eb33527f7e6615fc7c3e,no
review/rendered_code/65b15910f8c09cd4a10de272.js,8020,a7f2726c30f5defa5e1a3cfa015286a37b04daf55bd0efd24c3f5342628a630c,no
review/rendered_code/65cec98c1aeb815a26cb6a6a.js,9177,ac5f3c83a254efd259d84e8e54661db4835850c7ec151cbcb3d778be76145604,no
review/rendered_code/65d0061b1dc58faaea2459c9.html,4887,df52b3b89422e82a99d7f63242def7b7fb34542c79266c1c7c9d9dcab5a51e51,no
review/rendered_code/65d49b14f5c9d4184b7a12ca.js,965,15c02c021784f6acd5f8a379a4c9a6167e0c2c49547ed1d1f948839f084833c7,no
review/rendered_code/65dcfca3d4a6ca02156e8aa5.js,3556,09c3736f4a26890af21f8a6424c35b6f162ec9e5ba7f4629b570b6d619308e81,no
review/rendered_code/65f17c1a14d8db9b01d8c267.html,4924,cef336bfe8e77bd31d576184eabb264e7a73e8c0bafa7fbacf9c7a597d61995c,no
review/rendered_code/65f2202c2fd0e1e86d4a8b88.html,1398,587cb0f0700429aa1e7fd251b267bd50fe78604b5477fd824fb464934f10901e,no
review/rendered_code/661893f9224db862e040dade.js,965,0fac8a05f6997b0898e38ec20d84b65f140fe6c4b739740c8195c4068d26775c,no
review/rendered_code/6624df754b937fe813844654.js,3716,fd0925aae59c39ca73e12aaea84d377cd3310f82d0959ad10b6f13c8fe954e30,no
review/rendered_code/662890cc17ab3cef6b568a8d.html,898,f5d22fbda880cc5fbbe1f41b4c2e9b676daf5d9c0f12cd5179c99b94fd639126,no
review/rendered_code/662f13e77571fe71d2352287.js,3396,0838d8f7724f899ffb8c03a6a34c17dea8135dcf0f1524a165e6d102e14b9264,no
review/rendered_code/6639fe1201e4dac8dbc28e25.js,3316,f895537919788c038377438bd1902d599b20033480e6859cf0ecc40e27c5caf2,no
review/rendered_code/665ac662aa9e58e69b6be997.html,939,0782d31551e63c78cd647d9e6962ee60916552f698b8ef1286e386bd8870db9a,no
review/rendered_code/669dd3be27a5e087a0e321c3.html,934,e51c2aa1bac997076ab16bae2f3a705b2533f38299406edef647f95af966aa40,no
review/rendered_code/66e6d75953226a73f0658bc8.js,966,857b6ee2753a2475975855de845a4b19fc9b5350847422a72685f8fdcf4288d9,no
review/rendered_code/66e7916842927ccf9e4232ac.html,1053,d6e76e16a93b2cbf1e9dcafbdcbb8feaed6661508f365047482728c92eb3c0c8,no
review/rendered_code/671143fbc6a20bc8aa3b6c2e.html,1807,03502967a425cf02cbd5209cb4b11316289254ce880039f48293be3f254866f7,no
review/rendered_code/6731a3e965ed0d3b7a5f68bb.html,1388,1ff56330742cfccec090da159f657f7f257f5fff41c49600fceee0f97ec6bf5d,no
review/rendered_code/6738abbb4f9cc3f62d4cae6d.html,1763,e647a26bff2cc6afe6f13069407550cbbbb8d960da2c1e3cb75d1e20db7f6ce2,no
review/rendered_code/673f0febc941c58831aa1cf9.html,1468,bf18df80bda804cae713a7692ce58028bfa2ac6385236e5b0ab975d1b6fef698,no
review/rendered_code/676c4431526ac33a9625f2fd.js,966,082747be63b6679d2f7a141afac48608e182b380a7e4a450e0275d58d81930bf,no
review/rendered_code/6779fd6014d4f33fe401b280.js,3052,87dd45786698491479ca67e4969b69a1225218cb2d98b3a9422dbc881cafbfd1,no
review/rendered_code/67838df6ba8b25904773e351.html,1695,6bbd70881b61c77341b6d9d5a7ba8cf5248f5e8aee8420a22f9ef529c059d2f7,no
review/rendered_code/67959a2493eb6a9bd2c46041.js,21685,ace179808df17dc3d44b80030e530d77d8a58355009e9ac09a82c1fb1273c01b,no
review/rendered_code/67ae11e9d1273dec8689505d.js,20024,1a12ef30699000ae6b7a73bb225f690275c81f9a5738e6ad3307137c511b0ddf,no
review/rendered_code/67b9a3c104883cca52e234ae.html,811,3a187b4896bf38ce54ddc0725e2de358afed3037bcee599aae30ee2855d8f1b1,no
review/rendered_code/67c63d436f97df8333d84041.html,5292,6d5b6dd1bef1cc86d9cbc9a8df935ab98121af1340b25a913b3eef8bba536d7a,no
review/rendered_code/67d134cfb95dff52f18e7a70.js,5862,a2708d387bde7ec84490e3e183b5b346c3fedb4bc46709ccd58cc91822101766,no
review/rendered_code/67de40456b7ca7e59fa816f1.js,7294,d202c200121599614f4fbebd6cde15d77a8d1e61f048e09ccb22e3312a4d2f3e,no
review/rendered_code/67e87deff75982382b348011.html,2161,f4c2e3db8f1a719c36c484f2704c85cb027a0a266b28c26ddfd827c831e251fd,no
review/rendered_code/67f3085366ceae15be78cf84.html,1400,856dc837613605453c22b25cdee2a0c99ceab74491300f2ce146726ccd0c5d88,no
review/rendered_code/67fb2f442d4c88595046da52.js,3036,4ffaebb9f4bbaaa80971962447feabc4afee4519513586441500b43c00d814a6,no
review/rendered_code/68157b03855798e54d2c58d1.html,1388,7192b718cd76e40e363841c37496d5569c0174138f51bc49b0e2c07d7174c582,no
review/rendered_code/6842305254b6327832dcfb9b.html,1392,9ff735fed2e263588a0d660ffa13f860a8ee6477075129f0f8b1c5e41be8efe9,no
review/rendered_code/684ad46380ae410231b544d4.js,3780,173f617f813223e8a153bc89adbc54bd8f572c24e83193b0c2fcb3afbacb47b3,no
review/rendered_code/68503c268ca88ce291d23a53.js,7407,1b2843aac62e171a470490641258fcf3eb9492e5c56bed2680d7eab0b8ff44fc,no
review/rendered_code/68644b78659495797063a418.js,966,a1840d89576edbf30167c67ecd2a5e380a9aad682c4ebc69d5827f1d506f6f57,no
review/rendered_code/686cc95158763c7a05ce4b37.js,966,91dc338a08506b0e8111f2a3613676e0c5e77d6b92a6feee2f46458d20e58aa3,no
review/rendered_code/6876661baba1c4181e5a65c6.js,966,c4f67af38f2b53591b1f6b7392171fbca6081995f8c5eb63136d7720fde0f164,no
review/rendered_code/6887ac58757c240790fdd12f.js,3548,206d7e46bb4b60b8d4ac7362eb480a370bee2d42fc0116fe3847e45fbb41103d,no
review/rendered_code/68a90c7e0c7d358cf7942294.html,1477,2a8cba953dcbbf8302c5663dcb0ee8aa27cd4442fbbab754284cdef59fbb2807,no
review/rendered_code/68bb4421f686976860771184.js,966,43b0711ca97e24c92d309a60ae6e707b587b74090ef9030e934bb4e4c41e458a,no
review/rendered_code/68c5628ea1127a99b8933c3c.html,841,088b568d206050ffc7a5882114eb1325d44e695c6b515b000b261565a5085153,no
review/rendered_code/68c5a161639c4d4da26ad037.html,1470,9e968cb4866389e56dbeb7fea3ac78311ad42991ba4d8f113d9cf2a7177bea94,no
review/rendered_code/68c6ceb4a7042cd1193659c6.js,966,acf8f03b9290c8f0f356f0986e3173d1adbc32b2f76c51def51847902691769f,no
review/rendered_code/68d47b5a984d5410e7269057.js,966,09c8e60f8e403503617abe506ee1e5249e19db8f27b3a8dfe849a5723c36c7ab,no
review/rendered_code/68edf2b387508470386ce9eb.js,966,cbe77ecf35350f3c6ce3dff18e17b3e484bd0d81978118ec5e7a5eac21f0db64,no
review/rendered_code/68f2ce7a38c580bf7f126da2.html,1383,849afef1f952a9bc3bc137108bed019fb6667c1f0d26a7740cd22935bf77ba7d,no
review/rendered_code/69293671fc0a6740cdfa0c18.html,1458,0c3292261091665b4942b44b6ca4904fb161f4722a9db53e9b9c8f0d77e4158d,no
review/rendered_code/693c3b2784db4c1843c61ea6.html,2944,97a91e4590caa3b9e9c0ba3b68f89f10e1fd25d492302a26eb2327773a354882,no
review/rendered_code/695fec412a152e7507b77c71.js,167,f58428e04ce0c7d94cf595e8f8030444580d73e754cc7c0ccb88fa21b4fcd2e0,no
review/rendered_code/6997dc0b50b126ecf852c48e.js,3788,aa66c0040f27cc77d896da254dc4f357e674bb1af71a05ed2c3b1bee43b7b7c8,no
review/rendered_code/69a2cfd9fc16fcfe2a8e968d.js,2976,a18735fab214be35b67fab1577055fee04ce0e0718cd78a136a74e3bc6c7ae48,no
review/rendered_code/69c96b1ff5046c3456b3baae.html,1380,917cecdf6001ffe5e654538e9c884e13a6bf9d9f4329baae75ffd891b6b3d21f,no
review/rendered_code/69d84f4a48b185d246ba015e.js,966,39f953deac8c2d3b11ea9c85cae8cd2ca5b81f5896bd25d5dc528b19ce6101f6,no
review/rendered_code/69defbf15d4467c92bdc346a.html,1116,e3dbbfc6e746403ef2d6c15791fcb55a979550a25c46aa038fc5954d780275bc,no
review/rendered_code/69f710dbf3371426f1943610.js,3568,f8f8008928302ec08c95a765ad502d3d1f5689b6bad43b7e6887a41e326169ce,no
review/rendered_code/69fe18aad51cb6a4822ef803.js,966,67c309145edb0dd5e28e776da75c1ca651579cb26f372a0d84edd2f97edec93a,no
review/rendered_code/6a03a62a03f4480aeba9c522.js,966,bc3b9483d99e057e88fb65bb926ee483c1f5d815cb43d9420aba6ea04f794eb3,no
review/rendered_code/6a1e57d7df91fcac8dbc8445.html,1418,77eaad79d3536bc6444fe0efd4f0b3bb377ca35b1c3554268d9dd753f47690f6,no
review/rendered_code/6a45ad7586f216453740e8ca.html,1459,774dbd5f2ec075a85944c834a50db1357116a49652b00176ec37540b68b6101f,no
review/rendered_code/6a8378aa1a589400d9cb18bd.html,8307,51734652e9573beb0258cebcc5313b0d86eef41fd8c7396c0c9eab122fdd67a5,no
review/rendered_code/6a89b925c031722e5e13c6e1.html,1426,cd0fdc1262090f3bf042f098cbb98e926410e304a5bbaef20564d1b8516a8253,no
review/rendered_code/6a8b3b142a2cbc4d11f92f61.html,2101,2bc660fa84a255026f9dc61efef56c2408fe1d131b80b6d01f83c8d2f415c764,no
review/rendered_code/6a8fce31a0b140fbe8e9df2f.js,966,9241190457537670b2b51f09a9f205489d579995eb45226ec58d6e6b93451cd9,no
review/rendered_code/6aec8b322a6d27304b6971fe.js,9549,9935f9ecf7fabd99c1320144d0a1954a2ed19d85e2fb176717436a7412a90d4e,no
review/rendered_code/6afe4be974433e02af82e95b.js,8072,5bb8af2ec405863ffaad9255f7d527c58ee69c0cb9e1e0c2fb98285ba9b9803e,no
review/rendered_code/6b318d78e044ea415527d0e5.html,1015,ae4282029484bf672d50c195626ab9ab877dd4ddcceeaa82a81afbe4e8a51380,no
review/rendered_code/6b3710bc5780cce670ef32f7.html,1341,26565b75e9768dfcd8f4a5cec0b723ab1a2af345a7e5fbd2560619d59e917250,no
review/rendered_code/6b784cd25fb43d24972ade5e.js,966,f41d260c7323c21f8998162ec54760b01419fe941f018a3c0f794330020231ce,no
review/rendered_code/6b78ddcc7750ea56cd67a70d.js,3360,4860cea8a10205c88915c979b8694c7dcf3686ae8b089d6feee264281b25d639,no
review/rendered_code/6b9bac43910c6fa12c831b16.html,1458,09e3e6cce31ab08dce9444401f464feceab397ac09963e3564b268ce11a36e62,no
review/rendered_code/6bbe538f686d7f940b0263b6.js,3924,e736fab59cb4d9178d14cb71286d68ef1948482837c0efb09b988786f44a09e5,no
review/rendered_code/6bc501d20c32b5c727bad2c4.js,3912,d1732b9a5d4a93c90480b99035758fafaae15029ac94eb163f5387a121e1f5d8,no
review/rendered_code/6be51fede1855a72f628f7cf.html,1606,1480c54498231e0e61692005dda66e6c862be5db9560fca8c86abd4b6d4407f0,no
review/rendered_code/6be7226c1f8ba28bf269c300.js,966,ed77c9afc66c61636aeb04cc4183ecba0ca69000e5da28f87f4af38af1bb8d51,no
review/rendered_code/6bfcd08b906feffe91c4cdf4.html,1461,373fe569ac412a2d2ac9ea983a9ca7b6ecb91a52849c62014f800d004f65cbbd,no
review/rendered_code/6bfd867dbcf39c06f986b262.js,966,ec52e8b0d9c317fd213ffd6539a8595a13f4116e8c139170830d7d67de9ca62e,no
review/rendered_code/6c074602dd771761a71becf1.js,15184,bd1332a0e7a05c628d4efb095f4e135d96819b36153ebc2d30eafad8b77bdbce,no
review/rendered_code/6c0c425e9290cc2c29bff94f.js,23773,ff1b873041a3aec73e47be1bb48d8a74888c4e2940f74127c5cb82e11b280f8b,no
review/rendered_code/6c2e5caece60bb8576ecf4de.js,9752,59abcd8ba5f7205fc0e31dceb0193e786719a5d11705e5265607c3dbb3a8457e,no
review/rendered_code/6c399227076884fb16ded387.html,661,18ffa5ff364527b87be7ce716b89225cb4fa963660f315e0cdec66327d70a2d8,no
review/rendered_code/6c3dc2c244570a84dcc0ddbc.html,1429,30378cdeeed1664d8e650699c4b9103236d7176609b998edfb924cc449ad87b6,no
review/rendered_code/6d26eab105a769b5ec269b9e.js,7111,bc1d413a0983ce56dda51d67fd49b401f7a87d435840c0366fcd39864fb2e96a,no
review/rendered_code/6d304fb4efd89898f25565fe.js,966,35c4bf945834a654f196bda90cb97fba5e8df32737481133a6294dbec6bb2354,no
review/rendered_code/6d31d4af1bb0529254b48724.js,3276,d437e8fdf0d128f82bb817d6055cdf7a67423eb50fb2728136af3c6b64dbf892,no
review/rendered_code/6d526a188c4775ecd269b5c0.js,3332,8327a8777834c6ae998b3bd5e60b373dbb8d76f069205614cc76bd9d57325702,no
review/rendered_code/6d5654441ca0a823c382252b.js,10862,cecf81575c7c6a4692e4c6322d5f70256be11139645db1a7d81829d56ef14419,no
review/rendered_code/6d5900717f44bed9155302aa.js,966,f6584fd8789b339e8b13ba3ce39d15ec6a6cfe4e9b755ba1f03900d9b3f77d08,no
review/rendered_code/6d895325f2d9733e1ec93223.html,1924,e5deb94298094899e93c797fb9e60b2e17c2106dd00502edd93d64621dad79cc,no
review/rendered_code/6d89d658b1bd1965a1c18890.html,1518,bded52be7102db3bce295f1ac036fd8b2c6be3736dcd71f6a4ab9d67a2e38fa3,no
review/rendered_code/6dd2102a4a8b94f2bb783497.html,1451,c6e74a79a4c98e432995c44102f3f5c2d0474b64d3dfd8b8da23a0bae937a1b4,no
review/rendered_code/6dd9ddf61d56e41a79e4cea4.html,1392,3ed56e053a917d556f8d87ac465145ace60e6164ef5c98d06de2e777e936c746,no
review/rendered_code/6e042d8973b1a55820d1b708.js,966,b4013b2202b97c385b9e82fd3cc7842ba9be4cdb355a96c4423e811a7ba391e4,no
review/rendered_code/6e09b4989e636216d9aee67c.js,966,0200eba3499993235acf52b2b2f00809bbd127abc848e2eaf25761ee35cf6e8b,no
review/rendered_code/6e1cfe3d8c16a664f6732524.js,966,0f36c195825e10ddab3cee7c1ad825fdde657cc81662c3126a2d7f40a3550d1c,no
review/rendered_code/6e2c8a3e0046ea6a14856d5a.html,1447,a85833ff85fde1e1485f3e9aed0e63e2ce65e693d5a6f858ad1e94bd13ff03a9,no
review/rendered_code/6e30a82ad20f7c6b6a9676e2.html,745,074b5a6f586480d1035f2fdf09c66365caf4e4e8e0d9958b5350afdbf979cbf5,no
review/rendered_code/6e454ebb9e85b923a8d90683.html,1502,c6e15edc2225f5d407a2eafe6d4c43e5a0b0b89b167c85f82477ea91e18ee419,no
review/rendered_code/6e56e9de78ab29c43c1077f7.js,966,fa23c380460809129a0e5656a666e7619313c136f018797bec39cad2b161f2b6,no
review/rendered_code/6e71dbcdc662729770d47cf5.html,14770,f7ae62039987cc3d4fe152c4b65b5f8646291f3c22b844e2294d82f4679a8f27,no
review/rendered_code/6e74733c5f7d57c37d427a50.html,1292,89672ac97421c3a67590fd8aab97b3e06b4009f3d655f59b341d31ff4c9c07f2,no
review/rendered_code/6e81107ccf0b63d1ea401c01.js,966,9ee51068f70031aa3cad3e94e4302f50a5f49a5a75bbdd419b73fd7b6686f188,no
review/rendered_code/6eb3daacbcf615113a7ceb54.js,966,5f36bf6321fc0a541b5038f9549f86951843a0c392c7171e05ce560f06cbd213,no
review/rendered_code/6ebbf6f37b60b9dca0357521.js,966,cad7a890fe4a52d6c51b5b2a5f0d61022ec04431a8f90065e43ac34d671056cd,no
review/rendered_code/6ec1b402f5329bca605d8498.html,1472,b280ffcaad1a1e7cd78ae8dadff2686127180cae7db34c5dec72fb1485ddf57a,no
review/rendered_code/6ed55b06bc78694f8a31a92f.js,966,bcda38fc15ebd01f9900102826dd884bcb153530c84f9bbff5933692e5f42910,no
review/rendered_code/6eda4a4bfad70b22671a1ce9.js,966,0b56cab7e9c8de0aeb76e21ea1ead7032106d59673b13e3f5719a804173ae800,no
review/rendered_code/6edf976cf742fe19eaa99eaa.html,1405,0ebc3cbc0fc63dcf94472b189eb40e3cf129708a4c60de3416e84853ff78baba,no
review/rendered_code/6eec501a0b9bd48d2be50b81.html,1421,ffea49dc4d20f4de74e004a954d478914a49272fa0f62e11517dd084951f2005,no
review/rendered_code/6eff8894aacd4fa02784c5bf.html,1433,73a3dda6687f29ba664892e3d359f0649e534db6bcaf08b1dfe626f9a0df6427,no
review/rendered_code/6f112de07856daac48ce0855.html,1747,3845994994036569aa125e7b4798af627b4984b2c3e0992b629119bbe72d4c4b,no
review/rendered_code/6f3446d3e0de9bac92018cda.js,3368,97fdf3684f6402070fe534a6f0c0c2854a1b080d7821ee0b2f074f3e5618c490,no
review/rendered_code/6f40388219c055bfff23987a.js,3276,daffcf631082148948365fcef2cabe8d19183a0f6762e7d22ad931886ed5bc5b,no
review/rendered_code/6f4040c04e076c0487910fef.js,9463,7dff4bd96e215c9ddb8d0947b5cb130d18af39d898140457942008b139ef6885,no
review/rendered_code/6f69dad832c7adadf64381c5.js,167,ddba4a1d2895f1822a12af0d652ace590d34598792ba4352712161e87711e355,no
review/rendered_code/6f83b5e812f70566a408aa7f.html,1398,756c90d51ce634e022064deaf9ba7a94bdc8c6f76f99c6d18e38246f7b3e175d,no
review/rendered_code/6fa196fc3272c9df0c885756.html,1460,cbb4281ec3017cf05fa3d7429db44b24512b9890c7f8e7635794aaffbc3483f0,no
review/rendered_code/6fa633c7c01e5712fd558516.html,1636,a33b667b9569566ecd2bee0e9f4fac27260b828b40b79eafa61022d89c50ba90,no
review/rendered_code/6fb5299a4a42f3967ee5dae5.js,966,6d1a9fda8f990dd77db6156a9ec0fd1cf66f913afc4621707931c32ab40599ba,no
review/rendered_code/6fc0e358521f402bf9a7bd6d.html,958,48f3c0a1d5e46bc6a216d896dd6fbd415a92394dfd375979e12590609d03f79c,no
review/rendered_code/6fc4b1f0f90df83492c48bc5.js,965,c1fc7d1f08bdeb21eea76a553f6a76fd12eacc106dc38909871a239557da40f3,no
review/rendered_code/700980c8b94fb8fa98bc301d.js,9513,517e6f03380634f4e411a4080cf3fc327461f29a64e3c3fcbc3e8794fd765afb,no
review/rendered_code/700fd0c8ff421f852cc68470.js,10113,05d8af91071b78d61b6e44ff038cc7dc2f5159e360bdbdd75056ba8a555a22d0,no
review/rendered_code/7012e380091fd67533232656.js,966,0ea30b650dcf8a139673d278dc2f3dd2aa78d229dc01d16cbff6457498063e4e,no
review/rendered_code/7014d1107a471381b671480b.js,37516,7229f205c95cddee3ad52715db86d6f9b3a01ff4a94c0078cf1257a828f9bc12,no
review/rendered_code/705317c1958638b793de9dc7.js,3304,d330bda22ea8423846885daa8d0c288efcb5c11fc928ade9f2bd30000ed73aad,no
review/rendered_code/70626e602103c5ec1c69837c.html,941,e480e58c9e0535d2f43892f09543b0e02d31f9eaf53225d975f072cc7b6be93b,no
review/rendered_code/706bb7796658ac62a00bda50.html,8343,fe74c4faea176a2e1651decb6b5454b1508daa8979e7db9e934a5bd5f0443f8b,no
review/rendered_code/708558557b2d69c2113c260f.html,1814,59a3bdd844167f9fc3cb3fb9cb3e05724df49808fd26d0d7c35beb4bd17b216d,no
review/rendered_code/70b23b67c60891169e0ec811.js,9171,fb9675660ded7506c99e23db5f4ca4f99cb8f705e6194b91d35d2166b03be90d,no
review/rendered_code/70fa5d0723c046d3c75dbe4b.html,1454,1479ef2d4f975d1d17c4bb47ef3571d8f07e9c70e8961d00d142554885e4a440,no
review/rendered_code/7104107eca91b05dd4c61ca8.html,3506,c9bd72d5e5bfd2e6c293a3dfbe9350b99d8b3baaa85c2a721f55a654186545b9,no
review/rendered_code/711a51a55f7bdd26fefbde27.html,1040,43bdedc47ba7cc4d121b13b9ebabc6f99a878a90a290850ab93ce75b98635588,no
review/rendered_code/7147455e08bc48dec8cdf0b9.js,4148,c83729ec015037df3a0739ce9914469ba312cbdd9eb3c4385faee8a2b5f91292,no
review/rendered_code/715366763b8083a69313ac1f.html,1420,54ea2ae3bb71a62e73ae0f85fdc2833668be371d4c3f0d2e25246af2849132b8,no
review/rendered_code/71dbe6baedebc76e3fd7ad09.html,3933,e1c3d6d13732178d98c35174c310d5ee267468cb7617fbd66d50b72c544ed82e,no
review/rendered_code/71f7c70c5a3a5d743a42ba0c.html,935,f0ab175d059c946dcc33a50ae42e249637f368fffa2ebe5381f8751c7f4bf556,no
review/rendered_code/7249ee4722e6963c5941d142.js,10608,dc3fce4d9d549d5977b42f38d038aaedde7218e3518ee6bf4349505349e5ed0b,no
review/rendered_code/724c207938686bba94440b8f.js,966,a5ba2a19c3cb2c116eb4f647acbdc471f346384d66727f451f4e794950763585,no
review/rendered_code/724e352dc347541a98136ab2.js,7496,f97b56a8b77ee3249fa087ab2c19770d60260f6b72f3776444c1265798babfd5,no
review/rendered_code/7269d2d67dea263087038d69.html,1103,402f68412aa0b50085f70402140cc6a7c39eee67d5eb7eb04790913ae6a35a05,no
review/rendered_code/727ee2c1cf0ddbba0eb979d2.js,11438,6a5f95134fc3d65c22ccad532010900e6acf278edd8bdfe773089dd761203a84,no
review/rendered_code/7289984c5d8ce5b1824ab613.js,966,d867516fda8eb984c44391f9d9fd553f4275513ee52c9682b5618baebfbdf6ff,no
review/rendered_code/72a081aa26d655eda8794b8d.html,1405,0965e788e2f08dcba212b82c7e27d3db81ec8b3670269eafda08104fea6ed084,no
review/rendered_code/72ace48b3326a94958b619b4.js,3408,627109e32202567347054808faf22bd6fac08e684793a31c7260dd1be7d92cbf,no
review/rendered_code/72b52936944b15571649f9a2.js,3232,77207c5b3b93ddd3944bbbc93f9339d64e95d7f618e02b9d725c9de164b45f20,no
review/rendered_code/72bc75b68a8a6453cfa05b7a.html,1359,ed1245ef4b6be094a13277beb9fa3fb2f69bd318e66cfdea8d2df10bb6ad8859,no
review/rendered_code/72bcbffe0ab5fa20d19e87a7.html,1467,21e0a7acf6608d9d79d319b6651beb996da59b8c5a7336d27994cf998879836b,no
review/rendered_code/72c91a269f9c912cfb7abb2e.html,1526,31fb1a8077c93707ba5bcf723808060c6c4efe9bcb771769e2635e77fa0235aa,no
review/rendered_code/72c9418d9053e4dcb6596869.js,8904,d2bc28376831f1bb1b926cdd62b29882a4222879e6363dafb1758e5ddd118f9b,no
review/rendered_code/7300def24ab8797d8b6c2d42.js,12947,e3f6b0e7b5452b45a483200a376a446781017db0d3c2e9548d786e032957a0d7,no
review/rendered_code/731539424b2eb6a1b35f73fd.js,11310,14f2ef35f83acbf99103d3b0140b5cc106aa6d39b9804a286bad59f8263e31b8,no
review/rendered_code/731a2a9f30824039c3218f43.js,3848,25b52c95c3a37796b8be1496f9da007c6a1de27ca8e403b9a8489ae7cab70e5f,no
review/rendered_code/7332017149cb54c0eb703169.html,8147,0905e3f4d491420162cb9b3a735daa667e4fcc16df6a9ea378439b2559bdc74e,no
review/rendered_code/733a67ed7fc72ff750938891.js,3628,af9cd673d543f975f7247af68f9d5e0a3abeb441d0288910a1e5f8d601d01560,no
review/rendered_code/733ba838dc0e444e5c1e351e.html,1451,c1a53d3ce4fb8f91a985f3a8ab1e05fd4e40f39c6b1c85135f75aaf318b77977,no
review/rendered_code/734aa48b796960780a0dd103.html,1487,5693e668b372a362a82b03e1c8a86314e741a06942146e8d73b4c528c24babbd,no
review/rendered_code/736854ba83d7239ef5f95bbc.html,1449,38cac2f6e509deb5a751eb0db2092362a06e86b8ea2861fcc12ed94558f69e20,no
review/rendered_code/736c2bf43bfd4e9c22804818.html,7567,7c382a165cf5d395959ecb06195672a6cbeb84955f1bdce9c73837daf9b06eff,no
review/rendered_code/737167e6e25d04186122c7f6.html,1988,581e6f846aba831f6618f0b7f3680a15dacf110e6ef1bb2d47c800dab77ae345,no
review/rendered_code/7389d75f64556d487d4ce5b9.html,1470,b8c3c925c03aa5b4c9b6180ff982c0239dd353ac600087b7c94591aca6d9aba4,no
review/rendered_code/738eccbe5430ce12340c050b.js,9177,5d6d1465d1ba43956d8b8c0576d08dfd7831046215a968651b79534e7fc6b34a,no
review/rendered_code/7399bc8fbb9e87a721a735bc.js,4144,41e5ab7f0e0a2769b807f023a99fcd349d3ffd349065f7adf39d494e3b0ca95a,no
review/rendered_code/73b23ecd277e84ba03d334b7.js,3480,b3f860151e5c84788479b7fc7c1a58bf3e24215d424f3d398df217b5ecd8725d,no
review/rendered_code/73beb85534027b30abd2b8b7.html,4618,1f7618390a06d9fb7b429ba78dd3a192b0734ffb52af2bf5e92feab155ce7759,no
review/rendered_code/73df5aaea1a91749743002a3.js,965,1384f1279d20bc42b0dc8a0ef8325ba67ff819c471e078043b66046b58a0679e,no
review/rendered_code/73f6457015364e8c873dd84e.js,966,7e3e09d9a9ad7f6585824e869c358cfd0a4ed373d16cc14f1f280cad0c7fdd9c,no
review/rendered_code/73fb58ea02255ba036fbc0aa.js,3016,6937b181cbe0f54bae5a993154cda79cebe929e8e800d154d922d16181a97858,no
review/rendered_code/74161046fa69313b27bb4fc3.html,1342,03fb70597ac2681d9d3aff201ee648b58491528fc062272b66f8d149263824e3,no
review/rendered_code/741d19255f6946137d166021.js,3360,3808188c7851f9a1f42efa6d53bb35651c56919707e00c8e1aa8b1bcc1354948,no
review/rendered_code/7426f720bbb209af9fc02020.js,20038,3b054678adde2c03ffdd8e821d8ed5f3b5bc22ecbd9473c4fd37ab9e9d4eaa2e,no
review/rendered_code/743a91c7f4eb01ccc931d6c3.html,1882,14c81a9deb2eb2eb0e4679b7bd389a87ecb612dfb706d2b9b00f809f8b4dd4ef,no
review/rendered_code/743dc17c19d5cea11b8a149c.html,1072,2aa3cc386ce5dbbf62b1dbd353d2c699a173f2943df79ec1eb97a12d2e6aac31,no
review/rendered_code/7440280c133613e19779525a.html,1456,bc34bbcfca8e0942869bfb40cf40d1d43e03a83aeb2e06c61f33fb1da4160c58,no
review/rendered_code/7469f43d96957e2fbe7f5fe5.js,25144,b9b055a2a42cc798c64d68195c254ad31332420cc3e36045a5b97e83cc90f522,no
review/rendered_code/746d1a0415d8894f11bca811.js,966,f1990a7460f0dc1382acc3521171c317af3be42f2f2b23b16fff11aae1b8e2e3,no
review/rendered_code/7485c97204d144a1abfc8aa9.js,3528,7a240287defa09b7fb707d7f0958e32900d04677385c04b8198e9cde533512a1,no
review/rendered_code/74a55171a2e7ce15b16a9b64.js,3600,a6f788a4f6d559d9f2e78f16e71e7ca9ecdfe1a64264aa3a493b47364f6c61a4,no
review/rendered_code/74ae93f71bc09b2c5fde3993.html,1439,90b7ee06e3ff2c77b0c62081c1163b1484cab564441b6df8409da6745272b3cb,no
review/rendered_code/74c3d09b408d4c6188f2d312.html,1480,3fa6e2720123e4d9fd05ab876dde0a109e37e5fecfea9ebad0e80e078c6e251a,no
review/rendered_code/74e55fbd3e8c70ca7b387beb.js,966,9c5ff7457e40e9f3073d634f7cb12f487f2b95cd4d75723c9ca45d09ac1e31d0,no
review/rendered_code/74f53548dc2a04903b13a5e9.js,966,94f1dce629339889e1909d3cbbbbe01231fbc9136f94e8fe386309f79e6fe0fd,no
review/rendered_code/751ac3c13203bc55d8cf3b3d.js,19188,9ff4d0510915055ced27e3016ef62470687d683264a8c7d78f6b0d99a9aaa663,no
review/rendered_code/753d73679105289f0242b728.js,9066,e0d09cfaa0533f173bf1ba97914a05253cae98838e7a2e95ecad97cf8a066810,no
review/rendered_code/7540878344856534e523734b.js,3500,dfcd6a7ca280e3b01bc11177807a4a85bb052034ad7258f120edf89f5a78be37,no
review/rendered_code/759b4a3e4eedb5f41c24f092.html,7617,e198fc5438b4cc5ffa1532a580bfdd233894ab14392c6963834e8e2c328ede06,no
review/rendered_code/75beb77c17a8a7946e809a1e.js,966,3c637e6d0a5bc0d5ab1d80151603686bd08644d2a6bbbd0ba0e67462949f7182,no
review/rendered_code/75e1806f640c56cb74aae84f.js,3340,0f599940e6a223f54db4443ee8b1c25d68b41b7ed63f64777cd2511db96dbce8,no
review/rendered_code/75ef25a6c1c77cb74043433b.js,966,1b60f44915e74d76a09bd81bc4e1f5a19054c5f0a54735b12c6d60f7ef3681ea,no
review/rendered_code/76167ca38d120e8d3b2a1882.js,3372,86c189792fbf8eb1cf7a6395b8c7effb8a5e60da1fde50e0edd234b70ddc27a0,no
review/rendered_code/7622a912c9ad8a8d5b8e35a5.js,966,f44fef973eefc43dd2b74421dfb3211aa20876b415f43e4bee3e09769196750c,no
review/rendered_code/762893ddc42a9336090a96cc.html,1448,e3b6cddcf323671b01790c8a6ebd0392ff954a1423b565d4cdf88aeb517a50b4,no
review/rendered_code/76949a715442eddf992b276a.html,1071,27463daa212107e7ea2a822906a5526a04fdc1c1acc41dd1f307b8f6cc7bc941,no
review/rendered_code/76d92ca73b1191a2ead0a930.html,1362,c44270c98de88909b6f12a33507b582215f174b3be29ce15e50ea4091efdad19,no
review/rendered_code/76dca8268ae66d369949f2db.js,3048,625d13eaa786814fb2a11648cc4bebe70de4948ce49510305fd77aa2b642afb1,no
review/rendered_code/76f64587ba2baad7426254eb.html,1463,c9815ee9333c0dcb9a5f25c47e0903038c3135d64efb918d06c78e78126981b6,no
review/rendered_code/76ff434c50c1277a50c30a3c.js,3496,fbb9834a8e4960f74eb94a013b486d57d5a1c172dcb1b7eb30f4b0db55bdbeb5,no
review/rendered_code/7718b510ca288a66b7096fd9.html,1371,6fe31d87d471c8f320a973ade8d1993a26d424c4be37e61a426413a91e17dfe1,no
review/rendered_code/7727133cc792772587a0a013.html,1469,85d665c84adaa617585df6c5d7c280a1498b1e245bddf77d8c9c90baa8f7853e,no
review/rendered_code/7740b94175ce26cc61c4aad8.html,3017,7f61bfd3c8c5d2a6b657b8242e9a90b922b90e739b20e123ef03f0a86e692d36,no
review/rendered_code/7754ed366d613d73f4d04cfa.html,2762,ce0ebaeef9d3b955c38e9f9ae2aafe0852e63f422d68fbddd6ae7fb308f43ff7,no
review/rendered_code/777229b126c11d4bf2cbeabc.js,3160,bf8429013f381c0bd5396c3e5ecd2f0b70e3bb95b6522bedfb4b0b7228ddec97,no
review/rendered_code/7784a2991270ef4e2dfb9cc5.js,3620,997926200ef10503b59a830c019057dbba3d7b94467be295263a6a4fb1c63236,no
review/rendered_code/7790f557fcec1aa4dfcf8158.html,8539,289210b7c0727b2e70310d2ab679b20b128850ef361958b24b3a7aa4535ff8db,no
review/rendered_code/77924c63e1ab09a2fa4b39e8.js,3592,1e19900eca67c4cbf18945ef88da3cf750acdb008580813efabf191079d98ce3,no
review/rendered_code/7793ebd8ee40631528354f53.html,1741,1e9cff98bcbf5bd30905ec5f4fab5d16de30747a95d31cc798f2847d400e6b22,no
review/rendered_code/77d6b9c3302aa2322ce89999.html,7501,f4a10daf8a979b5b761a36c48f50e5e0060d8f99c1db4903a06c98d6f8b68f64,no
review/rendered_code/77f1c3f733a2a6bc1850c40b.html,1460,63330a24b778e99469842f32ff41fc1a95b16000d60c283653971e2b5b8385ee,no
review/rendered_code/77f95545ecd0939f6dc9d3b7.js,25242,74c692f2eb583da59ece4c4ee8f2a2e01e547b719b9261c1bbee521f107e9e0d,no
review/rendered_code/780617f9970882cd780cac08.js,966,15b55634a35bd0d2ad0f4f35a938bdfd5f1d0f6adbd36c438e42247eaf8ed1ed,no
review/rendered_code/780ca94f3ee1419e33bb2a01.html,1457,9b9426f55f2d6b670baa54f4ff35e746259c9b80f5dde4ecbcf49e4538b6b1cb,no
review/rendered_code/78143e55df392ea7cee553c3.html,1092,a5744c1dd713c1b373b63462bb735821da05e1fd6d04aa575b55af242a7ec450,no
review/rendered_code/7839d53ad33fc0741dd0d056.js,3312,ca34f1b724fc317d8aadae27e07c7e79f6d514fb201f711185f327eff4951da6,no
review/rendered_code/7856620a22571eb09fd792d9.html,8221,8aba3e9419c69976144e48ee74437e313a3f50157c5f2d2b0c841335fd1a14e1,no
review/rendered_code/7877f2838b4ded0ef7562dae.js,3088,56d76e834a63afd3b8bd835ec037bd896673c04b3c32ff94653c2d74e0b7d0b9,no
review/rendered_code/787c9a0ade2894857b763c44.js,7795,5c215349912999cfed7dd492bd6e0e5492f53f52e94a8d87439fa19b7c318d0e,no
review/rendered_code/787e612718f63c9ab25d4d62.html,1215,ce63b4554ce8ed2478bf4b621f2033b25885cbf51c080226fbfa8ac9c2c26c31,no
review/rendered_code/78b0974174cb001f260484c5.js,5565,0e14fe40a63bf7eeb46ec5103bad340efc771e3f9844e239ac24652b15d1c5b8,no
review/rendered_code/78c946966bbf3b35868ed6f8.html,2110,96db57d9dbff45b72d9e25fee5705738ddb8e2c26aaffb6bf04be24722d46b9a,no
review/rendered_code/78d65a454443f3f710f8eee4.js,3540,b0924d50340c19c5b1b9debd8997b34c2d94c38e507d3cdfeba08cb414e4b1c1,no
review/rendered_code/78f7bd86816eb025b41dab83.html,1371,7539e59c54f9b31cec118f80b773632ba767935fcd61d45dec84cf014dd411e8,no
review/rendered_code/78fa405d3f0e83c7b33611a5.js,966,c5070436bdb78d84681dccd7a11ad9aeef42357bfcdb30ea3b26084d0dab4813,no
review/rendered_code/7917c496d67f25f964e54048.html,1454,b8ae8c7ed64385952e3b4456b0d6df811973838ae223d62f362550cdf3001f98,no
review/rendered_code/791a1b8dd4955fbf06e6ac1f.js,966,07ca3302d5764560308afbbb184eedf282b00189aa557209cf15c983532cfb55,no
review/rendered_code/791b9853e125e96e301cf4c1.html,2396,2a6ee1df71cbc80bb21f64aa088c36a89e7118f91899539d64df1d71b7965ca3,no
review/rendered_code/79281f143b953efa5a6a0834.html,1499,59124f9d985490fce743cea96381ccdbd4b9e1d76c1f77789cf2ba387ac92936,no
review/rendered_code/7930cb126dcf512260b02126.html,1494,b352526d8e3b494661a0936ff047a88d65629ef6f60e2e097c1353985bed8d9e,no
review/rendered_code/793d28160961fd5dfe2ad645.js,4076,c26a23de5f94088ef7822f570b86ab86e01f0143fabefabe6f7b2c4721b4d101,no
review/rendered_code/79436a3bc17cbc2361b51b18.html,13753,e0ad9f2ca541330cd2505091b358407db42a30065ee1a18414a0878565a1d4ae,no
review/rendered_code/79679689a0a7241ca4fa6d89.html,942,5bce5aca44e8aab70c4e6d6c3c10094935a9c90bf252ca44faeec47efe688a09,no
review/rendered_code/797ba741b64669cfa670c409.html,8204,be406afc68baa98196c2bee5a769ab12d570844f38212cac9b6b4e5bce6d07c8,no
review/rendered_code/79a375d8bc7d511204547086.js,966,2f5f839772c9ea5ae7aecc6088a5325c5027060d46a8aa2265deff3b8663cbd1,no
review/rendered_code/79c1538186951910bd2cf7c0.html,1630,5d6dae72cfcac43ce783f35fd8ca2e8977c15c1dd5ab5f99013c20f458a6e986,no
review/rendered_code/7a02f0ef96908f8bcd82de37.js,3076,7fe38add9618489891701972291b2f5deefb4c0193bf10b004f9f35f89211ecf,no
review/rendered_code/7a11e31857adfd8f8f658ad3.js,966,6011748c50e183e9f7e321801e19de659d01a08cbe57b031ae90ed4afd8c9763,no
review/rendered_code/7a130ea8413f35851de13abf.js,9018,0f1c67bc32017d904401f4a70de5a16d7d038c90bda5c7c7f63049c01bfdaaab,no
review/rendered_code/7a54cec9075c533d75fba03f.js,3792,a1c57e11dfe71c213e8d46ec7bacbbd6d6b0281cbdaea024d2c6d04a47197406,no
review/rendered_code/7a5af7df05d3773872afb678.js,966,69acbde78be02676e389c41b99ddb79646f738a8d1824dc4a99ac5ea3599d048,no
review/rendered_code/7a724cd74b0a08f69df52088.html,1453,2a342a52e782b1decf9afa076e6984ad65d475fe4018cb7dfd9f4c2153c710ba,no
review/rendered_code/7a8bc486539f5fd293cb8c70.html,1072,24b3faa1ceca1ee74e9d6190ebead7a5f0501af208e311fe403c9045d112e680,no
review/rendered_code/7ab6dc5619be512cb9d9becb.js,965,4b961a8a37400e92033618a8c9c768c455eb8e21d8dd10cc5785906ab4891a50,no
review/rendered_code/7abeade3db0c3f9cae2b153b.html,7576,b7b1093a28f04dde823a6e569c67b5d1cdcc88af6941c3e5ce3f8a6fd69ae1f7,no
review/rendered_code/7af272f6a2acbefcd82a5fb2.html,879,0211e8752cbdd4a90a162094507c8731e132d00659d99eb07f3faa982e6c72a8,no
review/rendered_code/7b06cd1a37643f620b6caada.js,25768,cff294d60b5d45788e2e3706b0c216d127ad318e439fa6e88cbc1a2b4386d641,no
review/rendered_code/7b1779b85b79ede3a8cbad95.js,3068,61369caf7529a13c8f5888ff17d739453331541814723b4aff7c5c509d7a739f,no
review/rendered_code/7b18d8a56c955514a9d3d65d.html,8689,391a8bda1dbbf019ad09a9f88939bd2131b7bb405cacac246b6c58728bfc724f,no
review/rendered_code/7b215656adbf0d4de87e6956.js,966,cf92182593be02d267cc166ec454fac9d359c9c026da48a149aa161eeb5e7a49,no
review/rendered_code/7b241739a11d7bf79b0f62ed.html,203,7b241739a11d7bf79b0f62ed6a7e9d76407171935fca733ba9072534db07b441,no
review/rendered_code/7b3055d8e2786e26289db05a.html,1847,ebd90a34141d4df972c45e6add8965a53d1d703b6371242b789244a6c9df6418,no
review/rendered_code/7b449a529634193b87abd393.js,9188,1ab398f83bb0ecd2f2c2ccb4937497b3ffb8219d5b568c133e15055f58b7475d,no
review/rendered_code/7bad4c299e20829f3b193042.js,12772,b92024bf92962cbea27538299ed3fe27b202e57bc9b82a93e5d455060c6b17b4,no
review/rendered_code/7bb08be26e869b59630ca830.js,10939,d4d9a4d994ebd6162bcab3d9b729febc36f375233f06a490402eb6c57103c0ad,no
review/rendered_code/7bb89eb04a755cf6c82ed23b.js,966,db2b090d5e1c20465e8a520f94717dce9379effd4c8645e6fe94e1fdb882a541,no
review/rendered_code/7bbf46254b5b8483fee2230d.html,7454,90a4d6d1596f93bfebbe98497a4903a12d587eebaf10726bebf9571f5453e1da,no
review/rendered_code/7bc7d750a7f7e4aa9a7fd309.html,1378,86b5b9d5bba45818abb6e2b8087b211c5e8e6a082ac6e369eba1203d43fe9df5,no
review/rendered_code/7c43b1e1731f9ca81acd983b.js,966,f1a1a550f159bd6d5995f370f485ac8086179135cc9932d287603d4f1d8d7ef8,no
review/rendered_code/7c72c8fa2c2001bdb6184de7.html,1478,f7130836e5b3183246a0037a48963f2b04b0885709098966e665f756ae01f856,no
review/rendered_code/7c885bbb3d5a4354ae0be3fd.js,966,4ebc4b3a5d32a997e8e6193857e7ee88b6ea2af2b33cfead13986c0093532e66,no
review/rendered_code/7cb4c57a10127b4763be698f.html,1697,296e595f8ddf9d4aaac09bb6d79b40203ac06f54a556ee7e34b51a033e4fae20,no
review/rendered_code/7cb5ef21e3a93967cd3b6b0d.html,2874,cff9b5a64e42ca03d6ce754378013db04e1e008ddb2a00e2d3ff0dff583fc5fd,no
review/rendered_code/7cdf6045c8da063da94e7e03.html,1895,e09684984cb32fd917329b74c33da78d467ecd6b08f46ecd1450b43554ca4dff,no
review/rendered_code/7d3c7de99d20dc79b667e9af.html,2542,0fb1e7f533abe218d241c961ba26347adb3e9a1610fa822ec4731c36b024a284,no
review/rendered_code/7d49cc675fd37acf8ce76333.js,9786,d30a4bcd39cfc6721c759f1e54d9df7e7e604790e8f78ef30ffead2e7a4c18c2,no
review/rendered_code/7d641cb6eb38cbc6017ea777.html,2867,5a2f9e5885aaa94ca9e25747ec0ba28a42ce62a1f7addb1809b63cc9c9a8bfc4,no
review/rendered_code/7d7692341757d63708e59809.js,22921,4c5ffb68502f3dbf8f771cb0c83fa545812d37a734488cf704cdbedcf09cb553,no
review/rendered_code/7d7f58b6e3df16e56b37e4ce.js,3344,f307ca658e08f67745b8c96a11456c73ee92aba23366df8a3c9367d213684278,no
review/rendered_code/7d912e2a696bfde9111e052c.js,6752,20984cf493f781a939e57d47a146a12939ddd77eaf3f5483831b12307907b300,no
review/rendered_code/7d974292cdf703c10443b944.js,4271,2c90bae24c3390627d3d5124b8e7b4bba6ac84d75cc1f39329caa2e471f3e5be,no
review/rendered_code/7d9751e8d98ebfbf978b04b3.js,6785,ab180fcaa3bdafea983c6a1bb10f93813a9b074d8c65fa7050d6655e3e664045,no
review/rendered_code/7ddd4daa1bfccdc285aca93b.html,1453,4668a77db15ee76fb3aed2cf762d2e820931702924fc65d64d6963274d50eedb,no
review/rendered_code/7df54ccea6cf16ba9745587f.html,1294,eb05c0e2c917590b66320c027d10278d47fbd5e7d7c5823bd2ffeff0b0e7867a,no
review/rendered_code/7e0b068dfee05bcf9dfb2ef9.html,916,0bd57184375edd25db91d531624981da2fc87d31870a321e8188d4bef0d9a784,no
review/rendered_code/7e126d6802e4325cc80448bb.html,1455,68acb36d18421a7573d0290bf9f1aed636adfc7b7914e316068760886dccc7fe,no
review/rendered_code/7e5330a6f3edf2a532dc51f5.html,1192,b47f4396e0375cebbc4ac1387ae6f96c4a0b4e145a06b1e1d231bfa3c41bfcb3,no
review/rendered_code/7ed116aad8e4e612fc79c637.js,966,e8ae7054ec069664781d2a54b3429ad3dc71f85671ba3f9f03ea5933f15c59ef,no
review/rendered_code/7ed80f3767f08d82e0188e82.html,1824,4e8bab0b0bd7bca2378f8b644b63c792e8551b90b41bf327a454ff473ee53857,no
review/rendered_code/7ee91fb1eee62c33480c2a10.js,3148,adc5a0e32bb2bd56172b793c31d4a9ea6352a45070a56e524907c92d7ed82d55,no
review/rendered_code/7eed85442b86efd888d63e49.html,1456,d2fa75f88065dd8eab88c2c7f729a787b12019790093cce420e013390b6729f1,no
review/rendered_code/7ef1a66555813f3d42be4831.html,1441,5532de2a2bcd89f9ed464c1483b2bed19bbb0b96fcf08695e8b1b2ffe3f43e16,no
review/rendered_code/7ef1a840ce1baab73c9abf75.html,1444,456c00520179dbaabcf69b3ff68e4c75f418732d5c1e19e233c391af46219a51,no
review/rendered_code/7ef1c6525c6ec1575dcb05b5.js,3997,2a31678b7273e1c847046d321bcba546ae03b380803ac61bc929606a3de63716,no
review/rendered_code/7f2d47e76e32133a914b490e.js,4060,9fc1271678d21b0fbad388aac2cfc2d8fa1ed52aeb7051131586d1a1977c3d8b,no
review/rendered_code/7f2d675f85b1f0e5a10e0f3c.html,6805,d710a103d9316914f7110524b79dd2d7ebcb3020733208409cf6bd610f74d9af,no
review/rendered_code/7f3a38fc03b0ca0388e0bed9.html,7561,b069248775e0287e9cff138acba71ceb9af547b7d407f0c6e4e08263c9c1877a,no
review/rendered_code/7f489f01b320e10d3c9b2d68.js,2363,92e1aa60127c70f3da01ec3755b562762a1860d8bbf1a7d09d3541f8a0848605,no
review/rendered_code/7f5247e58218682af8bfd951.html,1431,27155055faeeb3074dd583c8a4e39b56216078ae35fe47147287c258bc18f890,no
review/rendered_code/7f638a3434cde98d128f282e.js,3132,81515bce2599dcaa65fec90ae3d31b767f6442db2809b21875160d40146a99b6,no
review/rendered_code/7f7829e87cd0584c9a0c6bcb.js,966,7ad35c7768e80e4dc06f2554cd5ae05aa6b1f2e09147e7314bc11542fbf40593,no
review/rendered_code/7f7ec1a0ea412c59c552d1a8.js,3028,2fffc745cac3e9324ed4a3fe78ac456884da94a1ab7fe9f342388f8421ffea20,no
review/rendered_code/7f8d06a89c91b276e496e2dd.html,1498,03a3a60d515c9884b1b2e23fd093dd1d08aab50cd87a6768215d323c590ef6b6,no
review/rendered_code/7f93ea5cb6009be974e161da.js,7389,bde19e3744f0c78ea4d21c2f883a09f8e353b040f04d3822a35d85b9eaac3ecd,no
review/rendered_code/7fa18904f33df81e854c081d.js,11361,8520a9fcd3334ded95c6419d94186b74e0a0e0d40eeb4c6a362155f7515c11d7,no
review/rendered_code/7fde2bc12449c8bb9b7bf2ab.js,966,895b373941d8c194a6d5200d00e5084bf3dbe98df8d24377437986f92a2b6dc2,no
review/rendered_code/7fee18121bf44a82836e5f98.js,966,7c4e309bacbd7b00a952d6aac06e6b0d17b23aaae027074934831b71e0f4302e,no
review/rendered_code/7ff5c62a6e2d4532962a9af8.html,1502,6a2567ffeaf862cfbd0a781116129a103376fb1018a19b0578b93e0eb7d011ef,no
review/rendered_code/7ffb7edcfded2a6c97c94e40.js,3308,31f0d5720001f70214d87f9c0602242ff05a530cf2ff90511ef24df81c2d70ff,no
review/rendered_code/80020960f2d3c495bcc39d68.js,3656,bf6f7839321d4664e917873d6712942c1e57ace47ebdf65282359e6fa281a026,no
review/rendered_code/8075522fa5247c847d82ad45.html,1182,07eef13e9eb2adb4dffaa6d9999f71f7271afb71aa138f1214cfd876a0aa40bd,no
review/rendered_code/80b1f203950c690ea527a32d.html,1912,36ac5ec8cac6ea1f17840ddf564fcf1d1d39367a18c6220d830863e74544c466,no
review/rendered_code/80d1ae530253162a28547bc5.html,1719,85d29d9af663c9d39f4efc38ab934242c0e7a4b2543ae3a730ae3082d8b9b896,no
review/rendered_code/80ff8ae1b4aaa4613caffaf2.html,1510,4e915f9fdc8666172c6e4ff866b178e0e9ec3724b69fb37d4f9d2345031b6b30,no
review/rendered_code/81158fc1f9a578a0e8e0c87d.js,966,72259c07bbb360cd2768627edee3cbd3dae05788026e446d6ea081bd4be6ad60,no
review/rendered_code/811a1745d1dec19ab4bd20cc.html,1120,4c74d8830eb3b75bf6c8429a70ddbdb638f604a5f7cf81f73fe4c78ed9451587,no
review/rendered_code/811aa56ca0ff3c86530cfa4e.js,3024,e8ddbdb0657373c85f40cc0819ab725f9fbb376c1fbc26f7461b32ac50cdf602,no
review/rendered_code/8129c6445eabfc75f74fbcf8.html,1496,0e9d68baf517eeb3a50db11d4e1517087278194f5571384a0def200a8762e066,no
review/rendered_code/81355f9d8cb8aa07d0deca29.js,10827,26d5080a3e1f23c8e48d1671351286d9b0ab84203e05c9d38a42db45be9aab51,no
review/rendered_code/81385519f711fe562df8f20b.js,80623,d85a81bf1d657e13dcd45454501dc17d193061f403e90f1b9ac57600e5c77b53,no
review/rendered_code/813cdbddd1692fce82a27a9f.js,12936,b8cd5eaa45e9be360126861fd5cb1ae4731ea988cd7c6361cf502d8ddfe541f4,no
review/rendered_code/81b1e6846c4fbc2bb71394d7.html,1412,c252144855af20d268dd6b66fe886de50e206f5b0051a3c0654636fe0d11fdf6,no
review/rendered_code/81f733df9b7e39b281d98577.js,966,f348a869705070bdcf685fe64da4d4f0c0b0b7dfcc2e4ad5d0e97797e448af79,no
review/rendered_code/822307c6456114cf60f0a41c.html,3163,e8daa050beb006a9f1d4b0503bdbe672e973da79073db3b37106b4df89a36cbb,no
review/rendered_code/82248600ef79483c5c7cbfe3.js,3492,0c74cdb7648c8bd2d1b90117c627d9ac5664f245062e7ef2fa71df75d38bc6f0,no
review/rendered_code/8238557b7d7a3b38e7fd6d18.js,966,01129c8dec37b1550bcfa5cc7596387f12cc120817427ac058d26d4d0bcb5cdf,no
review/rendered_code/82571fc3a8c3c76171b7f2d1.html,1939,569c7053197d7765b65733ef9023843d327b6a23a1f250200fbf84556ebf45b2,no
review/rendered_code/8268830869889cb1fde1c520.js,21718,c0d7cc4a94d94f5dc3e6cc928d481f496d675e30ca5a1bcec300b0f95cacc9a0,no
review/rendered_code/829bd44e16ba50c33f33510e.js,9984,c9438645af0574ac2f3ee37c5b255edd367c1e35ed944f7b8687c565a1906fcd,no
review/rendered_code/829c6458786962eeef9e48be.js,966,fd522ae7960927a5b08732371e1dc3591625a7c9b195a16a3c012a7538e92c9a,no
review/rendered_code/82a4e2b3b3b19c3aae4c7a09.html,1059,1d3aea52a2d04f4d8d138b5aa9901232c4090a9256053cbabe9586f87ffe421d,no
review/rendered_code/82c491ec783a59d1af175cfe.html,1453,79172dfb537f0f4f27b4d2a85da9023995bf4d17aef445fe758572c15e932745,no
review/rendered_code/830d7222054487c546df9712.html,1456,9eaa80559e267b1b26c68cf3c1edb2c5ff45f6d8232ecbdbed2127a30ee98f68,no
review/rendered_code/830f00934219705317e08cc9.html,1462,93261a561bbc29e1d44cf592b7dc199c18c48fbc3afcb4ef79d79604fc25a828,no
review/rendered_code/833a5132618146f1719ce255.js,7630,78a80c617f0222eb4a764ea1df1bf1b807e310c04523b65d4152f3718fca83db,no
review/rendered_code/833b571e592a1ace3e170c29.html,2623,4bbe291ee33b7a487394c16287cf1178890e4cae267493d2dd69b800ddbe55ef,no
review/rendered_code/8342cdf9f11e00cd61523e0c.js,14766,a2957dc749481b7c1cd4667cdd2eb4308f39c7870944ee071e26e33021c263ec,no
review/rendered_code/8344b84546c71d6649345754.js,3140,6912151c6f2f0e61854bf5df2535f5dc791903c837dc238d19afdfc7e048749d,no
review/rendered_code/83535d85cbfb4e485c2560d9.js,966,59e49476ab571897da5494f8771a4b141c2ed6a7e46c311ef8b681d5edaa2045,no
review/rendered_code/8354176bb23b07daa62fca29.html,2093,b75d35420102546917994469f95e29db4e52f33b6b0c33831c3747127eed936a,no
review/rendered_code/8362976c119ff36d2ea1f231.html,1110,9b4dc675feed01446cae9f9757a8f23e4b8a463d5b98858ed78b1402be42fc46,no
review/rendered_code/8371d62ae15d8260950e5b57.html,2086,917af894425b23f1a0452aef043933eb4da54a1fd2a79629cd8588483e81db1f,no
review/rendered_code/837ca7714ee7026d8ad986df.html,1412,8459972022c8d8e639d93e318929db929ac8fd2aafadd7282a30b859b29b44c0,no
review/rendered_code/8382903a5109c5da48178fe7.html,27885,0ed99c87b521cb4122ef1148ce149b20fdd95e0ff7a4bf0cf5ad857aa7598a22,no
review/rendered_code/838e7cd84a5f39d20aaeb08d.html,1393,015a808734ee4cc7c1a54c6f86f78b165d0b5cf29c83fe2403ec93e6a06389e3,no
review/rendered_code/839f2e24bdb5b2501f68584c.js,15612,7d0311a05e49516207237b77939fa511cffc10651ff5bbb5749e36eeb5fbb3e0,no
review/rendered_code/83a37106cc89e559016abcf0.html,2302,6afa42c0d747904a63c4a87a30c341e1747378069e31cab14a566ecfda1b775e,no
review/rendered_code/83b20f7639b688b08e1d8809.js,3512,475637687de973ccfaac9d0a6076797ea8cb4d5166780cf7e6bc64457a62c5d9,no
review/rendered_code/83c394428dd8101accd1cb74.js,966,7e007ebb277074e604d8a2ef52fab80fa2225e082c19feb3191644a3d048c182,no
review/rendered_code/83de705559a01ec5081beb3b.js,966,f21a3cb0ba1e02b1a73dcc2e9c61541c7ae42b98916dfbf3fa70211de68d70a0,no
review/rendered_code/83f95d908f7b8b3ab7086672.js,6718,e68c1eb03b3fedb1423466b0a67c3f33259221fa077b198c20a2a2dc528f0151,no
review/rendered_code/8415ff2414d8ae277d956910.js,966,077c9eca091ad790c0eef05bb5b93681f7d4d5586d189b171c91450a8a9c959a,no
review/rendered_code/843777495dc8751fb8ab50a5.js,966,1f4937eb886953816b3ec4463229440b4e3b81fd5b3d42fa268f6e437897c102,no
review/rendered_code/845fabfed394edf88f08a139.html,1435,0de6530df54b1b8b74a271a85288e6feba595fd06c646dcbc762de1dc099c299,no
review/rendered_code/84703f7bd602099456048084.js,966,b86ddd63fed87f97088a06e01172210b51e01f25ec40de2d6078d52f61e0bc2a,no
review/rendered_code/847abd584bc0502b92c163f7.html,1460,f56d01eb3399b122c766e1a6eb58876c066bc29d792b1c061dbc76c58af663be,no
review/rendered_code/847ac684b09353e00898bc53.js,9277,f3795199ef0348d66c108cebc31cba67df31a221e7337488a3f37b6d95e60c7f,no
review/rendered_code/847bc911feaeef05a404e53a.html,1292,5e63af3a33ad703bfb7fa53b3387fa6627a43a18fb60f6ef56518aff0e703a28,no
review/rendered_code/84a4db1cbbe02330b7758565.js,3584,e6d7f7293059707fc9a793827729d789a001884ae2117cf399be8c294aab3107,no
review/rendered_code/84dcc1cdde1d8c9a85b6ba45.js,3536,57ac175b8decb90c7db4bb9197e13ef9cab306747a75c2940e444fd05013b3ec,no
review/rendered_code/84e0acd34bf40ac701372196.html,1415,76f494762ff52e20990fcb3706b0aab2e0e860ea55d23c8ef68e7e3706af6963,no
review/rendered_code/84e40be52eb411adc02e08e2.html,1445,0d9b6b6d0fe6bae9140dc1508ce2d036aeea0542cf089d6b7ddc0f08e71dd4d9,no
review/rendered_code/84f7578ef4eaa93129c7bb1f.html,1066,528398467e71011117d5a2fa092c27c22b1c931ff14055aafa593f0ac9cb65ce,no
review/rendered_code/850423154da485e40b243002.js,3320,6a885b927cd4e254c58e3f52bf4195c3d1b25dcc9bf8a3d5bf7ee4aba7f8b969,no
review/rendered_code/8504a93af25581e4a4e4968e.html,1699,a4601035d5ba7b802ea0bc1cce7ab4de9186e62fb1111706b672c7d91d05db77,no
review/rendered_code/8505a68c67ca48044b5fdf02.js,5977,93fcaf3ef0d39ddd8587f7c9bf33fad00bd58e457a09365874d34c51cfc77dc2,no
review/rendered_code/850b5da21997e7bc598a8a64.html,1269,7917eef29630ed91d5459e23123c585a1c96df0d2d5cc0426d6e30c613cc7ce1,no
review/rendered_code/851aec5c38e6f0a621fabf08.js,966,c003b547e0544a559d2fe9a04eaf097017cc3f58a7b62bb1810a1dd470d28671,no
review/rendered_code/8526d0d8e37494f120adb800.html,1358,c3a987f8469fd5d889840f49751fbb5b304fbb5fe053a4c41c9a825f0f1eb8fd,no
review/rendered_code/852805f2723ae527087b9f0f.js,4076,9e281a4dd64c7cab8955a56416bf44a918ace1d46215c8e84657fbf1ea0be05f,no
review/rendered_code/855718c6eb0bdb240c89166d.js,7836,caaedd59c388456c1c8b26d4fa6ba034a579719e735fa1112350836bc6a75264,no
review/rendered_code/855a0c9860093ebc723ce617.html,1474,afa42803862e645b270f5c68611617e2b49aa5073e9bf09f8d1bf864c6e1ac0b,no
review/rendered_code/855bcf799b882f83442c5201.html,19039,756493dc8b3f95cf6eff18d2788d93c64a33176a7e388fb8f87afb7491124af3,no
review/rendered_code/8585961b45b3a051827862f4.html,8457,c6cf0e0b643af8e1f59e1044e257666041287643532a8bc8873c9cdadf67efdf,no
review/rendered_code/8595d15c699e460ed22d784d.js,966,75692a4394d0867562c148bc7096352eee92ed2820ce198be7514fd0b3f45414,no
review/rendered_code/85a636521aa2a8b44562c782.html,7030,df4f16a2c7449a7d56b140dfe8c688c824f25939bf3c44f61a0fc3878aad2ea1,no
review/rendered_code/85c20f2b27e3912d85e37195.html,1888,f4ee9e74271620e330f2cf55723fb0e8034fb040a1c4c3326d76b2cb599b959f,no
review/rendered_code/85c6fea3daa20c49ce0a2740.html,1460,bd97efd4d0711c3a8411a50cc9963ebd3820ed660dbaeca336cebd8db48e587b,no
review/rendered_code/85d7ed49f478e0e2bbf072ba.html,1448,106479eacfd69fabaa64cdcb53993d95d4e20a6070b41466995d8811e0c4efe4,no
review/rendered_code/861447d8fdbf3465c03fed84.html,2522,e9718e40304bd3dc4c796443d4dec322354d348e9f01bc6df5f572e7e808ad33,no
review/rendered_code/86181ce543ea10aba3d9f0c7.html,1530,2791a823c0665b6b269a989b52e9cce0f9b1939811d4a41f4c1814d41f1a68cb,no
review/rendered_code/8623a1dd3c1f5b5dd86ea7bf.js,7658,e9ac020902dd0b5661aa7e4110a00b63f398b2afc89f3920bd8fc59cc3d82994,no
review/rendered_code/8627780957de21f54e15a8e5.html,1728,c294650e3e2770d98e0105a2224a538ed186b581d4adc48d78ccaa4f292d5f53,no
review/rendered_code/863556c327cc6d31b1766cd7.js,966,64d86b99aba9448c6101be5f7e24efa642f55fd4eae5b822947f2b987c710cc8,no
review/rendered_code/8643ee50da41be76e70ccca8.js,966,1f4a501a5ea2b25c0eef5475048b653d8c60c693824d178fd9c29bc654df9425,no
review/rendered_code/8655fd63df42ae9bc698f7a1.js,966,d1929c448755168d3d8d0e8063aabf81587b0e8c291d8e2a180d891bcd5fd86b,no
review/rendered_code/8658f4b43e18a282bce650f7.html,4381,5300fadfea8c3bb7d888c1f1421e96ef97cea70ad0d728e998f8c65754a29157,no
review/rendered_code/8665694ff027907284bf8f94.js,7447,7821e82cdd5ba57ae55bc9669ee4717aae5d3f79497417d5fcb5878850cd21af,no
review/rendered_code/8687867e9db25044216d4dfd.html,1280,dfed41cbabd248ebd7cf6283ed9040ac59e5468925f287b858bd588cacb90dce,no
review/rendered_code/8697578cd86c80f2da1dbcbc.html,1080,3f4e309a2dedca6bb08f328398d821cb43ad5001eb81e6417597a91cd6e6ad71,no
review/rendered_code/86c8670a2d6bdc3717c76937.html,1432,a308585d1b89d906438bc7bcb323ed91c84a168aa65bd87c6718272b75fedbc0,no
review/rendered_code/86d1eb62db421677084d2888.js,9407,b8a83c9658c968684dce3874b128bd8aac7d823bd31b036dd4dc08d31822d512,no
review/rendered_code/86d53b4b4ac1f766529a801b.js,3348,7590a9be73ead9602e70f700053fbd6d8a47175b0241de969bc1126fae06d2d5,no
review/rendered_code/86e1bf38924de977d9acdbf0.html,1818,e15cf3548a29624aa84b04b98de0e4d4e003276d2005e2fac3c3da5f61e9bf04,no
review/rendered_code/86f8ae3ca92517c71b6989b3.html,1213,7ef0e3b2b3e3f963a8fa336fb485074b1b70bc54d30ea535e8d511ec30089ab1,no
review/rendered_code/875996709b3a28a84b37da91.html,1511,64b8a739b5a95f2e1558ceb658364811ef20f9eb28988422e4e4f1e19e9bf041,no
review/rendered_code/87614105361f11e3351f0fb2.js,9388,10ef09ed1ab6313adf6e7f5c8ba5becc6d6d961b190f1e37dd083a8ff9927641,no
review/rendered_code/8769b0201fd7187090565506.js,7407,0d12c01e00e16acbfe6ffe1b272d9bdbd11f50673ea5d14e1e44a28478766788,no
review/rendered_code/8773fe27dc36eaca1b42a9e8.html,1333,9f4890d093685d378f3f93dd86d0d17ea64ad5ca96131566f6bdd8cf2c448c76,no
review/rendered_code/87d188c2475169171ad258ba.html,200,87d188c2475169171ad258ba508ea7cfeb94f12c7bd3c30770f512e2101d9e1c,no
review/rendered_code/87d6c623fa4889536ad88fa2.js,3376,0a5d644c6d6c370115e634214c574f7284bde39b6412a006f8b9e00f94a285f2,no
review/rendered_code/87d7384d669ae9ba1c25bd18.js,966,3b04b93d846b39989f16373e0f0ac7d337e9c10b6747cdb96a6cb242702c1ffa,no
review/rendered_code/87ef41a39f55da8a4f4c1199.html,1406,b92b0621b741affe144e13dbce719ade4066c6c04e0edd731e3352fca4bf7871,no
review/rendered_code/87f735e0339c5da87a38a852.js,966,794d6d6b7316e97c1b6cc33e93586c2933be8077fe5c97328702e5f2f5b6959c,no
review/rendered_code/8813ffe77ed934645d085176.js,3881,354a3dde17dbff4cc0a466b8626f0deedbebb47422b2ebd13626650e01fbfd10,no
review/rendered_code/8821074a76ef22992f768f04.js,10001,44b387f0f57fe4321f546f7f4f2d8b6e971af067c99b6e7b849ec98daf496df0,no
review/rendered_code/882687737e8def57fbc17485.js,5565,c7e8e88d70630331c91fa50f299f03479d835ab67953a96f12120d0b24b5b451,no
review/rendered_code/882785d46083dc5948854e82.html,8044,688901951aee53c1e3dba5115713c2d88f36744337acebe4c5233c4d42f21982,no
review/rendered_code/8831793402d8b93e0375e5e3.js,14186,4a3a2b276909e9b42313601031b8a2145bd2c81b12d5859f09d5731238c9bd60,no
review/rendered_code/88643a0d478008bbebfde095.html,9713,497b856ff3a67c7a368dbf8dd289988d6d9c9487735dfb380e4624d1a0bc63a8,no
review/rendered_code/8887878dc8ffed61582a49c1.js,966,0f84f5bb06a3f9bf597833dfb95181a2b77c72c3f008d70abf27699372d413cd,no
review/rendered_code/88879e8d85c45229090aad88.html,3367,7d43fa2b1be7b6d6e74800e2c23a1d42fc6b193f0199ec45f60698e89e234dec,no
review/rendered_code/8896e074705758980ad074d2.html,1318,b18615c5261114bf195ac002ca0e678171ea9e61ddca80a2958f0e8c9eb656f1,no
review/rendered_code/88ad6b723b8c97c790aee50e.js,3004,7ee3193366a54a1b04151b8189d441098256493d4b50b9e89c67c204442d1617,no
review/rendered_code/88bf1d2fac625339bbca0706.js,966,56aa31f5752a901db81e7ceec96e6324203b5b1c4d019584aab7c6bf9f451d6b,no
review/rendered_code/88e8a4305087cc6581ccdf03.html,7389,68036663e7dfeb579a5b568e7347910f00bfd8940be249cfe7f04498f6d924b8,no
review/rendered_code/88f826db5149031892b901ea.js,3056,706e5d35c9e228150656dd2dd59e309aeb760cf0a6f1f098d26266582786ad7c,no
review/rendered_code/8903fd484ddb9e9d123c346a.js,966,1f0ad6813e97b7636d38c529fe4133c45d1569f33fde2b1fd7c7b7ba185c3661,no
review/rendered_code/8942693d4ce98ebc3973d878.html,2435,67bbb05a94184c93ad5efe617a98361ea6018c1e478088033557ee3e85ef8a6b,no
review/rendered_code/8985a65da5e2cc167b02b015.html,1453,1ba3e7352dad583bbb54393c8aed8f73f6e91729bdbd5d41ccb6f8b6904472a4,no
review/rendered_code/898ea15da1f58a344e29bb3d.js,4076,86b7d1f6caf78d8fc03d206a78f7e9503eb327a26c3da7a3bdaaa8e591f8f4e3,no
review/rendered_code/89af087825bb01b6c651351d.html,1457,627e9f05f1f4f8dc1ce9665fce5877d5f0b7181d32556694775d7069a3a5117b,no
review/rendered_code/89bb812eb34dc2dc10fd7ae8.html,1447,42319f68f23fb5dd21e8415b22c7fdedd81522c3df7d33da612875e091b6728a,no
review/rendered_code/89cb481c0aab817b91207ea0.html,1451,150dce2968804d825b259cffd5bf44f74897eb38db7d26afebf857ea07056300,no
review/rendered_code/89dca4c5d8f8696aba309c4e.js,7251,8bbb3e758aadef8e876d99c605d646cc223e64c1f2b9a04eaa4df6628576d34a,no
review/rendered_code/89ea879ad6a46a2d3bee348b.html,1449,c0efe57c6ade5051aab042dbd84145158ffcf2469100bb1b7a66da16109da0d8,no
review/rendered_code/89ef782895943f260d22d636.html,1369,f4c2d2c04cb1e181b2700491e6a5c997a4de628743035de6a809a341f86075ef,no
review/rendered_code/89fe261e029b5fc80e4c9066.js,14307,9e523dea6a24e00958eb0670c019aa3f2e68b59d25b613309141f2d4d82d89ea,no
review/rendered_code/8a0fa4b6ca2de86de8da5cb5.html,1472,5c0615d6bebca7af31c8f5eb51e6ac277d126e7da83522d3512466d7a4271e0c,no
review/rendered_code/8a12d5f68e7b1fc5b0bb78f3.js,14319,e1462419497b01e81d46f830d5a59432e511dd9b216e01520a83afe6a08772ca,no
review/rendered_code/8a2d2e3f1fdb7e57196d483e.html,1455,32db11201621a0caf864fb24c3d833fe5f84462c7ac682717c59a2d5cea16ab8,no
review/rendered_code/8a5fd31f977e3502b690a6d1.html,1773,52d6a4293e49a32caab8e517049568f19e41d15c8315dca86b249b8aeb077dff,no
review/rendered_code/8a7681d8eaa4c784aa219ee3.js,966,23d022b1277f13f049e611840769a3164017ec8d0d604a1bef2439d0ae13184b,no
review/rendered_code/8a8f1219bac517090bd5d415.js,966,5901447bd26ac38ae3594919661297076a44c145402a5e56ab3b29ca3a1dc4ac,no
review/rendered_code/8a9a81a792328a2aa3666152.html,1449,6864aadd56631b22058a99c5e37e7ade56644c07f4ab4503bcd6c602b7f8ad2a,no
review/rendered_code/8aa5aea0b90f26b89dbd1514.html,1400,bf6d5c447e58d9315beedd0167dc994acf522561f4aec738864364b2e983b949,no
review/rendered_code/8abc50f24744f5334ebc1142.html,1472,6ec99b8f753a636b72a9c0da8cc96259bb9aec650d6c87a567c3311fc0877bda,no
review/rendered_code/8add5c6e4c50d963544dce57.js,3104,45adf9c347c803e5e17226b6395a0ddbac83312ce5f1074f32867a286ec9a40b,no
review/rendered_code/8b06b9e3dbb3384df15909c2.js,3132,d4d12a55faffa5d10073fce920b2ab8c86cb6a1779af2ef2bdb83696511fddc0,no
review/rendered_code/8b1b5d802a98e68e100dd162.html,1182,4c84dfdb6e78f6f0e8bfbb32d9c63e8c58275e61a062a0dd92f374a9bf9545b4,no
review/rendered_code/8b26bbe21d8c766eb8c5d4f2.js,3056,c966212a9e1f573a352f57f217adf156fd67f3688591ee42c39b5487e58dabce,no
review/rendered_code/8b32d4b781634f6500ced526.html,1423,10667039a0b3d738fde8e8e09212b55319575a4284d2926308930082bdc17e18,no
review/rendered_code/8b4bb0128843e12648052c4c.html,3306,9b1986e44c5e349e94d5041199b4879f4b75f265098f6861bd5bac3fd9375e8f,no
review/rendered_code/8b52d2139f3843acfbd76077.html,1864,f30927fa75611273730bfcf572b81f166111b5eed05b0d91ce7c3f4d3f101dcc,no
review/rendered_code/8b5d598f98e9a8f9de4ea27d.js,14341,155787d9b460cc55251b2fbe944a4db3c8b3ef481aa2278be21d05e6641318ce,no
review/rendered_code/8b6542fc767edeb13f37b981.js,966,392bbbfeeab2400e5c8cfa16425584314ffe06198a69d03338f9abdec667c1f8,no
review/rendered_code/8b6e97df240307084c4f41ff.js,9463,b1f1f8d114428e5ef1c48f468a428df83983e717173532ee38164744d935a2f9,no
review/rendered_code/8b8afc14cd50fd778396e6ac.js,3176,fbfefcf32ced5304afe66bfd0b1fb74a78054cef0416d11c2cbac5774c8343c4,no
review/rendered_code/8b9f470a135148ded1ac170d.html,1502,7555f0307f8fb1a3a28cd71280c1398469f4b3bbcdb0006eab181b9fcc93ab0d,no
review/rendered_code/8bcf5dfb9705face1792ee79.html,4274,2353d979e26a67a9130283a5d22e35c32425e5c15f2f5d1e2acd7b757c512e7b,no
review/rendered_code/8bd02548f3863f9345aabd79.js,966,be32815f73b930de1fa9265e95d36d4518645ff9c959ff62d52314a12f2d5975,no
review/rendered_code/8be3bfc2484872f742151cc5.js,16214,74dc3472f3c1a5fb54ef9a949e4097ec28f2c61ab7baf21a52f8ddd0d601c601,no
review/rendered_code/8c321d51f3fb6728d1a7604b.html,1472,b3294dc96e39f80217f2651f6321add004c4f30b58f46aaa755f5f980377af51,no
review/rendered_code/8c62f882bc668b4f46f29a8b.html,1426,c6f4b5480f596e8c44cafba98cf2425579c8562fe766bb3f90b8e7b8a5d25e29,no
review/rendered_code/8c75322c2d4b89728fab91de.html,3659,c6bb5a8b63251a6c3c6c71ef6790f258dcf5b8a6b7d46fe679ec4670d79a502d,no
review/rendered_code/8c7548806012c64f3f6e4238.html,7421,ebbc9caed064b63be6e4dc41739d6886bcfe3b1762e1f9f83e41e7c0173c670b,no
review/rendered_code/8c7a158fd061b28b0099eb46.js,3964,e3a50e485d77d90022096982b47d3c462db8861457137855cb96e700aae3c22a,no
review/rendered_code/8cab1d8df2db9fd0d785e57e.html,2979,71e499f6f313a636e961c1e7bfd1d4d00f4dbd3009fb36636e265314a0562f21,no
review/rendered_code/8cad441f2dabc238e85f56c0.js,3212,81cbc19c6bd3bf0353afc6b0dc5418bb6341983e00dd432aadeedc4dab74df9e,no
review/rendered_code/8ce116c27b0c16bf8e8907e9.html,7498,62062c59f292d59617414fb16db35870419e1c361653ff7d96c750991362f6e8,no
review/rendered_code/8cf2e7d46c23d2f85616a5d1.html,1427,1a656229fee0c90911d043a3075c2a47172552aef96896d542e6cbef2533be42,no
review/rendered_code/8d028eff6624eaab737d0725.js,12639,16d27ad6c61843ecec104655c49b83cab50bc6563dab438e10dc635a22274f47,no
review/rendered_code/8d09d4e918572621d7bcf921.js,966,006a35c2b589fcb43fa02fecaa8723c0592ae87e0fb16a1b201234d7e6d56388,no
review/rendered_code/8d1b12932ed046de0f534daf.js,3832,d3521cc8138847b74fb320aabb8791342d56d51e96e42be27307cf18facb0f0f,no
review/rendered_code/8d1f15e294cc525d9a866018.js,8831,a18aa90febd846def828c13c31f2d80a1e98b000cc204ec3e0d611f333cdf290,no
review/rendered_code/8d4480accdc0032b9cda54ce.html,1419,8b542b5ed036c6254c593f7b029b8c9b39987abc320e2da827f328b532ae3b63,no
review/rendered_code/8d4609ed6b06f7b44b8cf0f2.html,1596,3e11528fb883d6820ba480fadcd32bc2d3829223275618fc09a8f68ff3b363e3,no
review/rendered_code/8d4e95290e59d76f6c25e324.html,1476,393b20559f76275db1fe0e41b794555e3be519ca214854b960368634bb1e999d,no
review/rendered_code/8d57b13442b337b17c95ecb9.html,1467,207477fcdbe403f834ef5bd078ff2bc8db1819fbeeb9e65048e7e82d30db3890,no
review/rendered_code/8d8bc858e24c7ffe4570a75a.js,11096,799087d24e8f33c966dbd170b692629027a84252f1355e1a2b31a96ea270bb7b,no
review/rendered_code/8d943bd5b43fa26f79157287.js,3040,693009c3272396994ee9de32c992b89d50ed67feeb23f88da695bb4e5b4a52fb,no
review/rendered_code/8daa2c413ac3caadbdd7e8a9.html,1493,677ea9ce48b2d193cde785b5b180420e97c052d3084acc5af29c9259defcc9ad,no
review/rendered_code/8db9933317a30c4fdf74b0d6.html,2966,23d4f60f6c20ea50f88526e3955dc15c863d25c0665c2df1f0300adb8cb53edf,no
review/rendered_code/8dd68c831479cc634e2b5cfc.html,1426,9deca8fb19e3c0abd8c81754d3def20870011d7432676828913f4b6ff47451e8,no
review/rendered_code/8de4e81c583edbe604c3f7a2.html,1859,b2aa11fa08f200d162750e78410f3ce2a1484275e5b47d4975ea77ce6dff5752,no
review/rendered_code/8e052f23d427e342cba87e0a.html,3610,f771218fce10174d5db0ae4824d162f05e1e03298d6bd3aedd85f1fbe7694efc,no
review/rendered_code/8e250f62689683e657288426.html,1528,c0021a147316719e461266d28647ef21dc3a4cb02e8a718c42346ec2a14c4022,no
review/rendered_code/8e383131565b5ae062ed1de8.js,966,5862d1d1baafa44cb927a2437ed6399cc74e9214e3dad70ae75057bb9dd38d3c,no
review/rendered_code/8e3d0b01406635a807288b6e.html,4136,5f19de5928717fc5d2374e9ff0b90f3d8958576d5682933645ed253f54e4604b,no
review/rendered_code/8e4e45020c7a39facb3ab897.js,966,d054992a0b0be2378b5543a5edc7d265b8a659baf564c5fe4eb3ffd813060e6c,no
review/rendered_code/8e752fe1d24db8ebd1eb0ed4.js,7924,1216a81e5e1963098fe618c3a75ebfeeedeabdabda4457d1a367c884193a1620,no
review/rendered_code/8e915aa13b43b21ca71c1f09.html,1491,6aa7412fad024b43e3401cc65d11e07b41ca685676d7c7dc3a0b8c426a5a353c,no
review/rendered_code/8e9d9e47989ded4a64d5e950.html,3344,0adad199c29a243c81ffcef114257489a172ba043ff438d7b295df168ae4a52c,no
review/rendered_code/8ea38ab5768d123f3dc17b4d.html,1399,defade8adb4a47da9bc0c06e33dfea54a3a2323b8eb84eb6b188d1f2b4b98f5b,no
review/rendered_code/8ebac0d59cbe096ef5f4e917.js,8840,f376727696a28891ed458778c9ec0b55367d53108dc8e8b480ddb67a27085d01,no
review/rendered_code/8ed33b98c31b6689b112e294.html,1431,2bf151aaafee31448b101447d904b1b0636e6d2d197e9ad2a303a6d011695e6c,no
review/rendered_code/8ef28a12cf28cf5ceaf12741.js,3444,61a5445b3f718a6341f9286c5fcfa0b016d2b6a0b0dab0d6d0fa09844cd0b6ba,no
review/rendered_code/8ef5af8593e3c24ac41759f1.js,3080,b5205183dca17f4df7482975d11541477764254597ef09d4317bc40295da17df,no
review/rendered_code/8f3e35a685ad78d8588294ab.js,6762,79c2f411512acc9327413d3aa79c70e09e4018b961be742a440f5d93b4c998df,no
review/rendered_code/8f4640a21cf4bffe60378518.html,1836,0f933a5966869b980153bd7af04445210bf8ec7968195173c98034314e25fe62,no
review/rendered_code/8f5000bf7742f3e931d7239a.html,1799,0aa7515640a626de8abfdcd8da112c46966d63107e919ee62635bcd6577e758e,no
review/rendered_code/8f5c3d05ef7318e6c129c019.html,1505,a95f62ccb55111cd0d61212dc152d3a0c1228b72ebd86262c95c0a4e612fac60,no
review/rendered_code/8f61f4feb61a3b14db9198b4.js,7845,e6a7681fc8f92e104f24ad8ca680bd975523123b6f0d749366378d54d9e6b7cc,no
review/rendered_code/8f6bb0607b512e4c7fec85db.js,966,d73dfcc741c1feb220abdc8d7739e027206d303a691694149bccd8ae4a688d4f,no
review/rendered_code/8f6c009856664f4b544ce88c.html,3176,15e1e550533661f14eba9655ea0ff9a3124f32e5df6e89e80ee7c5de455c593a,no
review/rendered_code/8f77f4053ace6b3a25e78cc3.js,966,53edd35cfcc1b4c4bc7acc04d74728f24553ea995f72bd68a90d60bde1d8bde5,no
review/rendered_code/8f907c8c19a51eadced7647d.html,3903,e033e504049337d501352aed38f810e6d166a08caf69f4b800aa08d12fc86aa9,no
review/rendered_code/8f916a8c9ccc12bd082ec10e.js,966,a981476050b232639f59dac87c4a492b87c51024313e37f6aa2b9428484db295,no
review/rendered_code/8fd9d7f8bc4a6eba2a7ae070.html,1453,7005893d3df80e51438ab0679c8181d5aee184a221836e3e80a17e776a45ef1f,no
review/rendered_code/8fe9a9da3b1ce93a2015f0ae.html,1284,20237a607f13935b8fe8f1fd8e073d2ebf0624e9dc716bb4365b46dc431ed668,no
review/rendered_code/8ff90d87b8b238d6ee6341b5.js,9412,42002a9816a1a7a43c30da4ebe7516e2b9ec622f57a63e3d8a09008fec9a19ac,no
review/rendered_code/8ffa728f53104abae6732a21.html,1468,9840a0393c3c95d6603d9c358fae71ff58ea87b32a8f47ba476ba68d32fbb0a5,no
review/rendered_code/9036bb4e60ae182df2322514.js,965,61532da692635e83060cba3ab11228c7ed2f792a884fce0f1579b678e5fe6086,no
review/rendered_code/9053ecd04003400a31a34e1c.html,1370,c74a6c8541bcd65746a919588324db0d7267109862682f8136d635b4e5fc5661,no
review/rendered_code/909b0bfd2ff0fd8a273b48fe.js,964,6522f3817cdb60b0e219a385d172500f40daf9ba08ba71bfd6360bc2d1cafaf9,no
review/rendered_code/909b650644189400604ec786.js,966,15e26a0a216f4e3e19e71800e889d7eb9111b4696ddaaa111db4471f76fe2455,no
review/rendered_code/90a9b4830d836b467573bb54.html,7315,4d0d89e6721d7a60502b743688c79bc303f186ca383cd81f5d9b30970f52b537,no
review/rendered_code/90de3bf56b717e6641ebeb83.js,3356,af6edbe361e1696aa1ebcbe6c40c96ede28b330d5e3694aa5b92e0367fd72bc8,no
review/rendered_code/9114de1b623fbb16bd79ed6d.js,16575,7e9247752de0c3d02d39687fad8420a70af864e7baed9dd39e1a6829fc4670e3,no
review/rendered_code/9139d28a9149af52d2b85457.js,3360,6d08dfd030876a71d068c32c128d0f9f1088591dd3dc5b41448154d23c01969d,no
review/rendered_code/9145cafb0f7e18346349725e.html,1451,6bced67f1775b5730be14d4633d5b9bad45dd3ef535884a0ce2605ddbf1a01d3,no
review/rendered_code/9164c8a7735480fc3bd3f4da.js,966,c4a6b51707b43cb8f6be58a32f96c2e1ed15598d31f92eadec12a126389caa22,no
review/rendered_code/91a69f5debb29fe13098c22b.js,3200,a53e69064495586c308bed95e2210744e4aecd5a9f67554e69a9a8780b1ce9a2,no
review/rendered_code/91ac011580e8e1f3f2f3578d.js,19706,af5532084a00ff9da59c5fed8fa62bdbd0f24cf13474f651da3fe9c1f157a01b,no
review/rendered_code/91bcd871a0fcb5390430e09f.js,4028,6717846594aa99a47c26312f29ef1aafd82faab08853500ecb7d6003ea306f0d,no
review/rendered_code/91d278e9f1aba396a3fe4234.js,7866,1999ea04ee62c4f0d0253277de148466a00965c8bac6fb18facb5485aa301da5,no
review/rendered_code/91dc4ebc07f0e4fe2021508e.html,2400,b7ed6cac0d8063e006656c9eda0ddf00a482a35cbcb9cbaace877f6d6afbe003,no
review/rendered_code/922cf78fc9d8e47472a1dcb9.js,965,5bc1c38beb0a7031be540ecd200ddabeb49cda12a3299606a2a3d86f3c9d9b95,no
review/rendered_code/92326183a456b923f6915811.js,10383,7bc12f2dc14beb1533f66b9e83d1464eb890c376d5b7ba5b13f3f54349a8ddcd,no
review/rendered_code/9237114cf1c89e741f80d050.js,3124,cdc3bf9a5b597c90287a147d69afff398b4954e7fd7eff089f842a647f388282,no
review/rendered_code/92536dc7db247edfd817d4e7.html,691,a3c2a661a8f4d58020d0458bc081e2a6c1a49f0224a9bbd976d7fee499e20d53,no
review/rendered_code/925f0fd00462a0eafe6a977f.js,4084,a4afeefbbe426623a7b4ae8a8818a9b5aec271ef4983a78d698c0e141424c465,no
review/rendered_code/925f48b50c24a4353c4f6d82.html,1394,cf44cd24b4fa551f031a5c04e70dafafdc62e88975850c2e5dc065d5ae74237b,no
review/rendered_code/92c2ec29686a2d3b265cdd17.js,22311,39f56e4b7cd088008ae87513f608e291eefd982b9897fbd0cb1ce4b59916c733,no
review/rendered_code/92cbfd3f58d2a8190b3a3af1.html,8538,e8824c04f392a1c0d9335537de56ad54adcd80ccf6dabfe99357e60cb94970f9,no
review/rendered_code/92cca9d9f2049d995a8be71c.html,1490,4f70409bc8797114a8870b38c001878c913ba6ffdb93e1a6f35fcb50d32978ef,no
review/rendered_code/92d68723a3ddd02cfc4e768e.html,1157,b7bb4aab5c407e5eea9f408eae386c18ddc3860f9bed77aad20564e64178faf7,no
review/rendered_code/92f99e9afdf8f852c629a4de.js,966,c9219502b94c6021f63688fa17b6b20bce0520a310fe1569ffd441f2b6928967,no
review/rendered_code/930fb1791641eab212dfa70e.html,1859,06295a0085c32483a84595474baf505f1afbd6294f93e7fbce079398d94fbedb,no
review/rendered_code/930fd5ba159b05514e4e54a0.html,1459,46136b35688429e2e8f81eb1720d58c0ace11d9c7021d833754171d959f4c75c,no
review/rendered_code/93185e4fa5b4ef091d5a2b4f.html,1723,b6d9b9bd48dfc58a092c5c10511edd94aa8a8894c33f2034c890c1074a4a60d9,no
review/rendered_code/9324fbcd2ed451fdd3a2cda7.html,967,04dace81648d3f5b3d5923d484594af9988a58c2a55c3dd557d447fcedeaba3d,no
review/rendered_code/933634eb8c6ac659fa88ef4e.js,966,15a35ad67e234f5787ed764d48599d458c30890eb25ce6b1be97395ed1c07f5b,no
review/rendered_code/93397215a18fd319f5f1b766.js,966,8001587c82472a5e86b37c95f7be08fdbd6c43b5546510b1e4b4d67efb82aaa8,no
review/rendered_code/933bf20b460aa68d94655369.js,3688,6624b20fe79e81e937656e7804e60dceca2e951925aaeb89b314e07c88a304e3,no
review/rendered_code/935c6fe2e7f7f657a71ac3a4.js,152205,7c51aab90715444ec8d1ae987a3ad42bf4a774f741429e79574be25f6cb6f634,no
review/rendered_code/9363c7a3a0f9821a7f17cba2.js,965,bdc13a1697ee12954e66352892e5e7526954e1c802937600a0f8f84c0fc58c5d,no
review/rendered_code/9388ef961d49637ca68f5656.html,1430,8e09d2fbfef2cbfda07a2c403b947dcbb8160b77dc1703085a7dd41404457342,no
review/rendered_code/938a56da04e04212eeb4ea20.js,3336,6a25dbded5fa8da5e492402db239894934e17f20f0a194173f351606316fd0bb,no
review/rendered_code/93c96ee0da07acae2b08eadb.html,1459,bfcf47d4a165ee6a7d7ef1deff70ed4cdda1c107ef05909b0d6555f9f5ab327a,no
review/rendered_code/93dc9e65b713a536e6f6d767.html,1383,ffc345208160f1fa585776d547039a6b66d5210d3c29cc2af2250d97970a85e8,no
review/rendered_code/93e94a542a196249997bf835.html,2180,c90399096033ab4b3308239b8764b97830d2d5cb4615a5e266c1ef118b95b07d,no
review/rendered_code/9411adcc6b34c3813f597ed4.js,3068,c881dcd7b47a103ddba611723b3ac8df1bf57dd354868554993f1b84a4a27d53,no
review/rendered_code/94185dbbbb5797fa6f7d3d03.html,1788,471024e0485f8eafd69d9ce3f2cd452703557debd9290d8ca031aede7a7da445,no
review/rendered_code/9433e717d08cd31373dbdee8.js,3096,1d335cca4d74cb6f8d8ff00232257387f87e4ead92cc1943c08a4e1d018d62f5,no
review/rendered_code/949d4ebc672691376a71cf51.html,1581,d2e559447fcd8292afbce32af03aa496422775e24caa470bc6f275c8a53a7385,no
review/rendered_code/94c212652ce2c86f75553d64.html,1443,4c2e2ab8cf38e7a393fa472382e0cff3c1eee8fff06508e80c6d28d601f290ce,no
review/rendered_code/94e2e0866e74b3afdfae7abb.js,3532,54cb1c02b050c7ee65b5e1c6fb9f974a253c73d89b7b938764f3554cc5e80a44,no
review/rendered_code/9512d1356706204e7d998ab3.html,8401,c7508bf133f5ba6cb31330cefea0ed390877317ef85b18b0b3b59c500847c08b,no
review/rendered_code/951bba2ce6692309dd15adcd.js,56656,774787c681b33e4b137e2d9dad2eb4a22c51ddc7b9ff9b51845f40bad8cafda2,no
review/rendered_code/951bf35319650038bb3e9c3a.html,1400,6e9727db4a72fab35c70db2c275131aa6f2e54227a257b3bd089fdc272fae451,no
review/rendered_code/953bb9d16e8e481c52f52263.js,3176,4bfad51c3aec7cd3af0a9dff31b6c4e0df97c702d34e27b61081d182ae8a0ad3,no
review/rendered_code/954e2f69bff49f0088c41325.html,2181,d6856aca19c9ba962eb4dc4c1f27aed8a8858a29c7882fdbb52b60e0ecf2d62f,no
review/rendered_code/95583e21c6f85f70f7e1090a.js,966,6065d50e8e0cfc71b790bb112409084613fa4212a895a4d70755b3ba518cf35c,no
review/rendered_code/956344aa4f68de11a0155344.js,12581,93b00ed1f2d75bc204c01ace9d06d27a07495a0c1f86407d26de927ef9795ce2,no
review/rendered_code/9567648c5bf74be8b6db551b.js,17226,ed7e488961b728bad739f215fc13ecaebdb29a25fa028225ce591fb93fe85166,no
review/rendered_code/956c1190bfa0e9853105fe24.js,7419,9bd56e58c9f06bfe2254ec0200823936e4efd7a3307e5c839429d59b67cb5800,no
review/rendered_code/9572c8711f167cd644c5cd38.js,966,94d49457a7b774da13a26606255c998800b34ba6855fe3219417c789438b7c74,no
review/rendered_code/957c07efcd0393ec58ffb0df.html,1625,e41da4f8d1b98e76de3bf183b62ee4e5a79280299bec061c2fd98b2ad78eaa19,no
review/rendered_code/957d0b51055bf74b9ba13a4a.js,6752,a88ab3f28f4730ffaf711551608148d4721e87c8d014208356c85fb0ea5f0900,no
review/rendered_code/959e1a16582acaf41e50b7a4.js,966,1c2ce1619325cf9f6b3939ee472a8b9f605c50220b85cef9bf0df41464c0d376,no
review/rendered_code/95b05f172f8934a010a87a83.js,3940,881c45f6adb66ab4966f1a9ae270de0341874e088798e99a36d25be49a675a42,no
review/rendered_code/95b80189acc9ecbdd994d521.js,7845,0c0e6407de2bd3dd93e3e5c15c26671397ae61497bbbdd756b57ceba29450e66,no
review/rendered_code/95d2c3904abe4213e7e86525.js,965,aa825b43432e00dbc5b9ffc9dd43d73bd0c9c7cc6f7e5233a6ca968e90734af1,no
review/rendered_code/95ebb2ceb2ad41ed09f64102.js,7852,27f20b7d662e74ead5dc3544eabec188b4aed5475a86676dedb5c66b145f9e5e,no
review/rendered_code/95f181a75e627087355c25a9.html,1501,da6881a7617729b3ccb6627eef571500213c2750712ebab9ae0e5a6fed1bc0e7,no
review/rendered_code/960193c82b6114edaeadc357.html,1374,b3f24eaf5f7566109d0d0feea5752809cfbd9fda45f120018c41cd9c084ab543,no
review/rendered_code/96032e7d9456c91dc2bc6545.html,14427,559ef9f2a56c10c4a03781d696c69a772f0d192383a5e6de9ff39a6f72426ab3,no
review/rendered_code/9603f30cae5314774d93f919.html,7332,2b6cfa8f8cacd3a7807247ca5b8e7fd5e8bdf1b57531e9be28a822d15453f655,no
review/rendered_code/96298540e824d1aaac549d99.html,1139,76ecf205c8aaa594004f6b4b80ee87460450be7ce38821b36fd49af7a5a1802f,no
review/rendered_code/96678627b8f44992ff01cec2.html,785,d6ab3694cdefa2b745706fe89ccc3e2fe067a239e8b66e6a3427c88a134d9fee,no
review/rendered_code/967a2f62822244bc7b8fef6a.js,16085,8e9e6f85da102d520555c16ae87b93cc549184626dccc86d7610c35964e002cf,no
review/rendered_code/96a6ab3d34370312aec57cdf.html,891,03faf982a6d5531850af62444e4b76e7bb90a8e3a0079423754d427373671ce3,no
review/rendered_code/96e1fd2d757cbd4760c5ed45.js,966,810e6bda18f4df3a797216c0cd52112f24372e48cfb3f6165ffba19bf1094c51,no
review/rendered_code/96f67580a63a6277928554d0.html,988,8cf007e965259db70809c7d0216d1c1301d1a66f708a9e459712e9a95639d5ca,no
review/rendered_code/97567a44699b942a6308ac57.js,966,55809e430526ba22b0448e521627f866104b5b11fd32aa1eff4f790d9d70b2f5,no
review/rendered_code/97635c537a381485f2b0c479.js,966,db002af92cf14078c51be62717d705b4133a87ef0e722779aec7d65136bf3944,no
review/rendered_code/9767362a6351d29881d0aedd.html,2257,1de5172cbd6c729e755c78993327ed5e6e9d6d0681251036ababe270cfcb30cf,no
review/rendered_code/9783fb24b8123e125c23d06e.html,1952,48a11b965f4994564946bbe17c8ad921c9b522c7f6f230224ff1ada6aa5bfe9a,no
review/rendered_code/97c8ee36487dd97031cd079e.js,8960,3a774a996b17a0a6015bdc6f380cb1410ff7f99f2253ed68a7a39930ea6f295e,no
review/rendered_code/97d542f1cd572183cba5c522.html,1460,59ff8f24ea63edbad2d20970b9aa1853aaf6ab54eb6b7959b9abf25f4fd5b031,no
review/rendered_code/97e5cee4dde8bd81f51747c7.html,21923,a71ba1ecd47eda8abdec4f64c4be65ed81f03ae3ca661186c52aada5e3357de9,no
review/rendered_code/981d610f9f0d1ce98559cc56.html,8994,973de48b8a769f8e8f230a80972983bb1866a3bde0bff7da900344deb9124464,no
review/rendered_code/9838f770afa2efd40d105d7c.html,2389,54ed47cb3269c9f6670a1f749536d3d225e83f4e5fc01c985b661ef938577672,no
review/rendered_code/98803b5e99e5ab05ffc22240.html,8182,2cec035a3177e5aa66c9dc8956d753aef8a581e12f14abd69604b539fc529b2b,no
review/rendered_code/9883d12574a974e08aa4ebe5.js,966,761085fb7d1269b2afe0e3961897f858d3fef814f6f797b3833e7cc06e32da34,no
review/rendered_code/98902c2d3b0dbb77bac32bd0.html,7779,9cc85f260b55a3adb42cbd1544c24eecf356f2b86abae5d48a723425e18f6b6c,no
review/rendered_code/9890b2ce140d7f903a3ce4ba.html,1455,c1c916ca86c622baf5e6a2f1c614a8119a4d15798577727cded9a9c5d403476e,no
review/rendered_code/98cfd6927f6cd008cce0227d.html,1435,5a34ee03142ac6cc0d9138d22e31d586c22e0157e99f0a7820e2a69f0644380a,no
review/rendered_code/98d300104941bf1e9a11d39f.html,977,3bfeff93842d1ca226d53acf0b809034ae7d0de2aad120c6d06a0fb4dd4c6405,no
review/rendered_code/98da9ecd33de9732c73ad1ac.html,1471,4c7c8359cf593355608a6524a658f6033d0eae2aef06778d37aaeb870aff179c,no
review/rendered_code/98f64117b85284ad3e0a19b2.html,1478,07927ff5e0aabf356541c337b28416c2f325138c8632391821e863ae3ca1a19d,no
review/rendered_code/991e8bc87a0b05f27aede474.html,1392,008037546741ef6b31db876a18e039297843eb60ac75c4363b2e4226ddb0cf5c,no
review/rendered_code/9924e19b3a35d178669f2eec.html,1478,9cb75efde02877e1ad2235b3e49aca8868715b85d38b903ed41f4a38ade022c4,no
review/rendered_code/99261e6105db9e8c0ce56256.html,4787,9a1bcee9ceba7e16193f6019d711d491e91843b68c82131d5cdf9cc65dfe1906,no
review/rendered_code/994f2a48f29c9f5908f64a64.html,7503,ee20bf74702ec85cc071fda28540632c1ebd7260b74da83aae683053625d093d,no
review/rendered_code/996d0d7f56864db8d7befe27.js,3594,58f3f6e34abe68f8dcdad184ac62edab889d83c68f15e253d0977ca33b30f4d4,no
review/rendered_code/99db88b21f1ff50891542da1.html,1504,a9032bc453b5d457b8288f8bf310ff11c6589a4b40f07c2ee232820fc26bfa77,no
review/rendered_code/99df71510c1b67d54dfaf715.html,13204,ad8ea4dd2af74c334da37e8a21dc159614b30bdd2962c0c8805905fe7db6571c,no
review/rendered_code/9a022662d00a692f6ee9a866.js,3640,ca9a78c51c2db7da176fbfac342a30ab33b254688dd36f42de1814b965c84d2e,no
review/rendered_code/9a045c14b066dbd064f0235f.html,1451,ed68bd9556a234d774b52078aaa44f25e2f838b6d2b4ca783e87e08b3013c472,no
review/rendered_code/9a57b559529d4ee8dab079ba.js,966,afb5164fda9e6d07a736490caba1dd0f8e212e3959fed5b333e8f203ba9d212b,no
review/rendered_code/9a6349edc246f96d32bf7477.html,963,e5960bfc58dc5f52bfc55902174ef34b85df72ce76f75d672c04c8644e438461,no
review/rendered_code/9a6e613ce365bf108f3a78b4.html,1495,484bbf5e8166885e166cffc0f8461a2e1caa918f36347b97804f6f379a359724,no
review/rendered_code/9a8038ae0d08bd007388b364.html,978,76b936475e5bdb5f49c088dbc8511cc55efd9112520f8c96d64f574cbb477bf6,no
review/rendered_code/9aca6962c8240f6f8f6d232b.html,2554,ba66285dc1150588c41913ac22e06148382b48fa4edcf0c063f548f4c2acd990,no
review/rendered_code/9af07e38e36beefc69beead2.js,3124,0dd5659eb0faaed9270adc23b47127ed88f93c31c50508a526e71eeb38bae336,no
review/rendered_code/9af67a78d5e503140f2f8027.js,9317,8bde15ffbb4e27e9530c9fcf326c34ee8e58e6cb1e99512559062c8bb1a3f4ae,no
review/rendered_code/9b081a2c6f56b4fd7ad1cc96.js,966,35525c364d10dfd40c3f1b595d3ae55f7b03ea832065d58b16459580458d1969,no
review/rendered_code/9b19c77472936bd8c894dd4d.html,3571,77b587ce0bb3c2a0d16b9d58a7a4bb0d5fda2b105071607eaddcccaf038b8c2d,no
review/rendered_code/9b2d7550ee280db8729fb0e6.html,673,5bb61ed8dbbc4ba58c4c80e30f0c3b850b3eb71f7b0f783036d2f06a1836410e,no
review/rendered_code/9b46fd0e78f016ed4a5989a1.js,966,62421a10d0a08a47ea38fd2cc51c644ba04740f1f93c4d0b84c63f4ae464c880,no
review/rendered_code/9b47a76a9e8b460463c84a0d.html,1515,b27b71a89eacf0d50d6439c38e71346388b55e8c2806839ad70714b1bae3b4d8,no
review/rendered_code/9b632920d498296997f25886.js,966,205f61333ebe2b7452404b6a82bf7d6eabc202ebf6c38bca7547bfe04b00196a,no
review/rendered_code/9ba3253a5a50f8caa78cf2d9.js,966,51fe9d6b87eebec41001eff7266d9d269bd5ef0c393b9f963859130203515461,no
review/rendered_code/9bd4b4eb39726f809daeaa77.html,1431,c06c4c5dd7357002d63c2e58311bb373a9fd3461f477694e213c1328c4f3d6df,no
review/rendered_code/9bead5eca933a84b976f3df7.html,2202,f1267baa6636b57d846f5e0d7e9a909ac03e60b7ef82826abb5c6c0d41cfa066,no
review/rendered_code/9bf68c0cb69690627a3750a6.js,4060,f69f25f21202771f4fc085a3033f738aa3bbb1128f8884a11bba4dad86884423,no
review/rendered_code/9bf70b007ad959005e41ada0.html,8555,568c0632300471b588ae75c5532de58fa7f3bbd8165124c13fb7811f4e56db59,no
review/rendered_code/9bf95b76037502f63377fcde.js,9187,c92013b654f7fd9144c9e52e05bcf73b20743cf9e9c7ec3a9338a5fd43c73425,no
review/rendered_code/9c1cbc51d178628ff820d902.js,966,b9ff6e187f74f9d7bef4a186f18a5c271c9172e5f3b8ce2733d502949a431ff3,no
review/rendered_code/9c1d69a65498f66a8f26223a.html,1509,767de38f60048e85b0d674dcc89fbcffd07b36f9015e5897fa296f485e5ccc2f,no
review/rendered_code/9c26ecfd162505f551730734.js,3536,2986d6a5e289ef2432cdeaee89eba4a3e6dea08d53a8782bdf82ed9e9d142c72,no
review/rendered_code/9c2ad88d10b1579e3fd69eda.js,966,cfe32de1cda0e30d63ab300917de5360110ff1740b86010d79e9534f0d05044b,no
review/rendered_code/9c62274e254e351884fc7776.js,3360,59fb0ee522409258fad496b2c76eb98c9498cc99f543dad9cb1664673b97439b,no
review/rendered_code/9c804aa5c053a643d7b97d97.js,3524,84873bb8b28930a5dea24585b27d10b82660f9ef12e43ab4c7a41b2120449c48,no
review/rendered_code/9c8440f7f812a0d7db9acfe2.js,3200,41628c7981b18364d894e5eb4a0c5d9d96c2af23aa927ffe433edbba225b21ad,no
review/rendered_code/9c8edad090357adc8900664c.js,4196,15cb262807848355c031d088c2d7032afac25419f4fdffa4b95b8c770a54dfed,no
review/rendered_code/9cb123e1eadc47d481b84808.js,3060,328ab3cbefe66a376d1dafcfa57d4d96dde614dacec0d7d79d1cda5d67556a37,no
review/rendered_code/9cb83409e03e19449f751dc6.html,1463,fde891f6b96f87690b5124c19b3fa94fc8b1718a406e0e69d868af11191c07a4,no
review/rendered_code/9ccd09bde3ef850514ba6a00.js,7827,e4539d94ebd3bf1960d66e5f0e7260c22d6930c23b178e25640d74ef234465e6,no
review/rendered_code/9cdb5ef63b97b39b617d6480.js,966,aa01158bc05e2fd5c844d785820835eb448a962fc0e32899a761861fbf244cff,no
review/rendered_code/9ceba677f5fb06763c60207b.js,966,9dba6e0ba097c39b90f9a0c9e0b027c03796a6e4d3d0424d65a23a78685954c2,no
review/rendered_code/9cf3010748aa60bdb920947d.html,2246,7a9fc99639ce20dab1d71292dd4b90b631ada818c3908935bed8aff11059375e,no
review/rendered_code/9cfec59b1c545bd25fd27213.js,966,bbffdc43294380a70d47c692021c96a48987c8e3dc71d3e70499e8a3df99426c,no
review/rendered_code/9d0e5c1f91089e9ccdcbebe4.js,3552,4835e7876a43c558d2c2264b2890db56cc349db5c80c24e0098c2966a35f16b2,no
review/rendered_code/9d0fc5968e86ff0d0b3f9ecf.js,966,37310f32f0b3cc986e9c3168cf6490a1862eee27d1730582c6aa5a70d3cb9338,no
review/rendered_code/9d35c49064f09b3432ffc6c0.js,966,43b253949b5297878d9e67dc86d29b74fad967a7c9f183a39e54a0e6a90ee722,no
review/rendered_code/9d51de8c979f81eaf4fc6606.html,1068,2da1ab5724de91f6d02406c1748d58c276c9bf691dabd90743d2a899d5d314fc,no
review/rendered_code/9d56a365a56037488483cd2a.html,1486,2d10916a853e32c05ef9bd977621615b8d1acad6df5cd0e55de535f2bab5db5f,no
review/rendered_code/9d86058aa6be9456adbfb9b9.html,7672,1bcb330b9a68a77d729560ef8c0e491c6b8ca118bc42b68c5647d1550da8c66d,no
review/rendered_code/9d92b89db588d90997aef77d.html,1469,676e2db39a1340cf73e9e3675e4731b8ee7021ac7abd36f2263c12a1cbb424a0,no
review/rendered_code/9d9479c1a2242fb735f53055.html,2809,aa5c6d3ee04a540ed263dfdbc0a8166f3e4deec0294777b69da9bdb02a6744c6,no
review/rendered_code/9d9b85a6a0f7a011a9f4e3fe.html,1480,615369afc3c33ade670c9400efc1dfc4bcd46f3f9b760253e9a08cfda15f0d2a,no
review/rendered_code/9d9c5f4f052b3d4e4f54afef.html,1451,e4022c960da948242d60744e59432a13a600bf6a2127bb01a2c6acbbc14d10d9,no
review/rendered_code/9dad07bd73ec4e3c3d4fcec7.html,1458,604c380f06fbb8c7093646e948a9ee3a7a407f962c23d085bbff27592d7d3b94,no
review/rendered_code/9dca1fe0d301e1c4c890bd13.html,1025,67af8bde122655b1ec2df87f032be94858dd87ff62ffb6763d0ac44768ac68e6,no
review/rendered_code/9e0aa3fb67d129e096f09d32.js,20127,10e671ca75fa4232e4a01faeda0cfb252483dfdd99c9716ad2e3d0a4cee6ec6d,no
review/rendered_code/9e1119b2346de0617a825fc1.js,10991,bd69220aaf5c5f3690684c4c66faf43ed86c67e0a11c739a5c35b58af4d62361,no
review/rendered_code/9e3e8631f8c567f99e9cc3f8.js,966,785e9839415a2ff1efa69b671e11cf32de071e2a630a8292393d9404610eb0a7,no
review/rendered_code/9e6f04b78e28f07add5562f1.html,1421,f4f6bb4a4e90dbe43c24484a58130541b18a3ac20a37f6c5cdc1c5d403e07e45,no
review/rendered_code/9e729d3f77f77ac04d4352eb.html,1418,6f138ff4b5b3b331668e85201c64b198e817521080cddbba5d7069e9def48631,no
review/rendered_code/9e99e32170e43dc323ea2186.html,1952,a98edb6b793330b3e0b12b576edeab25b0290a7e0f4b51f36ae8d309b8a73398,no
review/rendered_code/9ead62064584cbb118b07b8b.html,1441,eb5b51f6071ed671266cc7dd6c26bfa5bb8592acccde2c487387ad544c081c19,no
review/rendered_code/9eba30f5c387729221ff95de.html,1360,e17f44132ecbc0870d1c8dbb0c7a6b4902f92c56baa656fe95b84794e43204f6,no
review/rendered_code/9ec01efb8698516654ac29b0.js,3496,bb53869c8564ce8105ce0acea535eef273cfaf9cf5cbc445c80103d3f62abdc5,no
review/rendered_code/9ec8662004fc8196b47f3741.html,1577,43145e2758b5c127d4a2db06506e2ff9a5323463c550616a267cc6453287092d,no
review/rendered_code/9f06884d7694bf3983fbdc3b.html,4139,da16fa8c7352043e1ac9862b4cb06c461952b2812f52cc8f5882204ec8d84627,no
review/rendered_code/9f188c29b757e87cfd216a17.js,3060,d049093df1bc650ca6b50ab5123849a5c31f10a1006ee326248713d8c9a52e35,no
review/rendered_code/9f22c60a84086a514d61cda9.js,3800,7e7aeec88a25f20030a142a24f535a890708c33be6a477087612e4cdf15f40b2,no
review/rendered_code/9f28b53ba492636d7f4eead8.html,1452,5c7c3bffe7478e98068bfede082775ce94b9d23b0314e960f31553d237338299,no
review/rendered_code/9f324b6b98e1b1cd291f3e12.js,191991,ecaa088bc76494ad863247e7a47a32ccd0d39d61915d3966dbbb0a4f6f5cdcdc,no
review/rendered_code/9f3b0e7f530c39a306e98e5a.js,966,5b01fed2db943cafede692a4c6e5f198b476439a4885008f2ad647b5102777c2,no
review/rendered_code/9f4144c3b98d7d589bad3c1f.js,3688,710e47e6889caf391d836b8d0d404a36f00721720189ed79cca5f72bd6ed2939,no
review/rendered_code/9f44afd64bef025defd9bc6e.html,1454,97a5ab7cee0ade2380396518b17b1983336ac86c031360f8fc0c768b5e2d70a8,no
review/rendered_code/9f5054eb0c967d1420437199.html,8694,f48448638583a6ad543282d0d378ca87aab28918f5320c643d8af451e18287fb,no
review/rendered_code/9f59dcbcf5af03e52371e822.js,3868,bb65230db4c5c2d857f74f468ad4b3f401657dd21b3ea3e45a349600c5c637a3,no
review/rendered_code/9f73b887c9d7a100050867f1.js,3504,17a8bfc1320767d176749b11d862a34bc4910208af4236a438121463f8dfb2cf,no
review/rendered_code/9f805d1b9d4296d042eab24a.html,1347,de9e9bee749d1ab21f15cca158e5728badb315bc6bcc8b28a968d1cb858fe7fa,no
review/rendered_code/9f8357f3e8e76c0eb1fbe7a7.html,1465,8b929ed139209d9fa6f8ad8f362b747c0c9673c98aa8815aae429f14401eb878,no
review/rendered_code/9f84e1c18484b8be1c53b50a.js,3076,d70a1d1575ddde9a9d7fcfb63fe6280fc9163baba71c24d06cf91ccae8e91fbe,no
review/rendered_code/9fa4040eb71e4f237b23c6f2.html,1371,b4fd3faf1756f309edbdd3e487c4b15bb38f50de8a396e72596a668adac271eb,no
review/rendered_code/9fb57c36733713b4f9eb25ed.js,10849,5352425cf0e6fcecc1a62341fb605ff2904d185b10fe741054eadc19af9655c8,no
review/rendered_code/9fb812dd72fcaf7e8e048f97.js,964,45edf9d3baca1f0112e756c9cc3c1c38081cce53c9a724738e88194eb28dd1ba,no
review/rendered_code/9fcaf7fc7b2745ad5cbab309.html,1516,f6a8edb7aa65d2cf69f0d0ead35217c9dbba1c5d8a63f9d6479b29ab425cc49f,no
review/rendered_code/9ff5b0e46ae2265abed658e9.js,847,1866d8d33989f934afff75cd37fa31816a37df3c7ac45030c6367509aaff46b9,no
review/rendered_code/a017f86c3af98b9ba0a18081.html,8191,dc71d41555c5607f9d09a65dd495dbb89df6fb5dd8ed5ed09a8500ab3b230311,no
review/rendered_code/a01b34fb85c2d093098af16f.html,14699,cf9f61f3b51e7689fc33e682c06ddc7ec17a5826be48681c794b9b10d3587f7a,no
review/rendered_code/a01cd91a4c076aa8abd346d5.html,1375,8db3948ff8e39341fdf3ed9b910210040ab2b85a7a7b9cbcb553712da3984d13,no
review/rendered_code/a0212de03be44cc13e9fd133.js,966,63eee32eea940f8ea545dbc41f31c481571272188a9a95e86a87de59cdce7bb7,no
review/rendered_code/a04267fa9b06c41ea6082f09.js,6752,1dd0c71b56f8187115befc9f0a5cf961cc202428a602ba3cd09d6996bfba9ffa,no
review/rendered_code/a045b512e091963f11c5d2de.js,3276,1afa2d1a57fb7e56dacd118e15f1e4e57cc3434648b426bf7b0abbaa52293197,no
review/rendered_code/a06b800778992ec56d722f45.html,2162,fc401e9b68030fafb411fe9b21c01965bcd2d5e14d3b85427188c81e0ec01dcb,no
review/rendered_code/a0b20c18e6ed1960ab2be044.html,1054,f87c2c56f49a5300c62648dfa2a806d7728df8d786b86f534720911c2db667a0,no
review/rendered_code/a0da2cf6ad2cea6bd2116f8c.js,151632,e4b950463739666b7ded9737daf48abaf467fce31da8803198fab468759e8421,no
review/rendered_code/a13ed07fe9f6598c779ee92c.html,1475,ef6398c4f3fd7ba27d36cca98a3868a02be10f932fe7d7e71fc937c0aab7365e,no
review/rendered_code/a1897c782348425c71ee3cfd.html,5183,3c487d0d00182ebd57131949e88f0956dbb2c4e1ac3732648de8f118c0d2eec6,no
review/rendered_code/a1ca253ff538d5c2d531d96f.html,1256,ae808cd96ccefdc2754e3b8744bc02c9fe331c3fe4633b45745f8b9e380f6dc7,no
review/rendered_code/a1d85766673f33f906eeee38.html,2729,0458e12f3f06164d4b4061dcf5ad64e411b98e98c95fec624fb292a71e78cca3,no
review/rendered_code/a1de258dbe8d40308b59e54d.js,3476,10e5fda68e55ed0aa3df61e407ca42762847cc0f50839da990ef92b3e15f52e9,no
review/rendered_code/a1e103889974a43339081889.js,3812,d134470331b3824c31957f50b69597a0938a54394f133616b3897867de422e49,no
review/rendered_code/a1e47243f543f1f8a29799c5.js,4193,e9f49bdc08fc57179b935ac1c03158acd2ade5e1d7e600cabe5c7aedee5aab03,no
review/rendered_code/a1e95c00ada32fbc943b47f2.html,1468,dadbd0f85e696dbf715ea86130ee4ab334fd6d07cd67cd89d74fe1d1d518d2b7,no
review/rendered_code/a20008194dd56d390d67e94d.js,3408,65a63915047e85f15296979a432fbb4097b319c21a492eb32b75b5a879db74ab,no
review/rendered_code/a20b23086be7838c4e279649.js,3448,fce3ae0230d9d7fea12b068a84e30e61fcb10c282968f73543139bc29f0d91d4,no
review/rendered_code/a224d493b89847e1ebe128e8.html,1921,f0e1ac9234a3108b4857dde1bc7a13f0cda7825f6a61a0d63d9c33e76707225a,no
review/rendered_code/a230424a4d7c83b938efaf88.html,4679,33f0ee5925c970f65465dfc27c46b4203dc6fdd0ccd9cfd1dc78bcf78d5be313,no
review/rendered_code/a24d4211ab6999905e4f8ddc.html,1302,d506d5c6cead00ce58c72f6685c1a685b2e3ef23beccb22567f70fcb28751936,no
review/rendered_code/a26759d84eb1b3f35c01edf2.js,966,a23051d3dced66c70f7a13f01fefdb3246d417dec037f38e5393fdeda17dfd35,no
review/rendered_code/a276823fb62dea24672f6f96.html,1340,925c72d27767b99dde4e0cfbbac782d434437a45a31b2e7812ce04eeca9f0b68,no
review/rendered_code/a28813eadfa490a1db35c11e.html,838,5bd58656c8c14b7fd04ac6124f469f7abcd2d5d05ff55e3b3c01f29ab712a80b,no
review/rendered_code/a2ab9eb2816764413739fa11.js,966,095add609a450a3b3adf2732bfbba99f8a9ce75feda796431181d252b67b1178,no
review/rendered_code/a2afb12a19a40b74e030d79a.js,8960,13f6098796fc51b94f14e1a07002673b3b8d5aa64312110bae5dc0df298b07a3,no
review/rendered_code/a2ca03612027476fe1a95388.html,2224,2cfdebb9432b5bfc18599fc5a4f2069b2bb929eeab4ba9805f1588e7eb8ed2a2,no
review/rendered_code/a2cfc81c03355f1939182b47.html,829,c1ebf8e45e1acb5a5103a0961665b1bb13bc91945c62129a7a3db3642304ff66,no
review/rendered_code/a3078305006f97099b149bf1.js,968,8e2b4caae75400d71d0a0eb6dbb649594175d6d9302e450943e9db07124ad030,no
review/rendered_code/a33d0071989da6dfd92dd3cc.html,1397,7bd2464302241b63c0012a3d3769550bbec6b1d6124ddfd2bd31a323e6a801da,no
review/rendered_code/a355d78eb254ff0e4c704894.js,966,2eb153ce69bdee2ca3872d1d84ce295179264cccd7574d97e9bc95ab2e572d4f,no
review/rendered_code/a366b4b4f06135e5c7af36d1.js,966,f6c4ab657acee0a3de49af1dd83bb48104d5225f849e0cbb110b93d4eb0aa8d3,no
review/rendered_code/a3864833873df25c6eeb9f49.html,1936,eeac1e4aaf4bbe463ff4647b1ebaac3975e93d393c21563351ec47b712771dcf,no
review/rendered_code/a392be848d75c5217758c03a.js,966,f4a1085810bfb5d992f9fadd57ea9b98497ce0545020f94cfb0178ef77fce176,no
review/rendered_code/a3a256d6ff182f7598800690.html,1371,62b00c6a1d86222b7b98507db0cb10ee5653daf9061d4a0f578eb4df0341323a,no
review/rendered_code/a3a9256bd58082c291c65877.html,1396,86323ebd04bfd4e5c28b52ea89b3af09630a0453b8bb83f75716e90051b2b022,no
review/rendered_code/a3bf017ebf295f6336b4facb.js,6762,b1c174a5d44253bfc39b924052825753eda974b99d4edfc0a962b03c59e6e36b,no
review/rendered_code/a3e44598bb1559b53e02efad.html,1283,16830b709318a6e0fe02b7eeb9afd7fd932353058053cdee16fbac8f210a78b8,no
review/rendered_code/a42b1551bbd263559dcb7afe.html,1067,597d800e47caefdd43a6b51605f7228b2c82d26cd0c8240d81c3421a132ffb95,no
review/rendered_code/a431950a8d258d79e10e55bf.html,1484,24228ca55fd3041d62b09cc16b9445a709716ec0f1c1d1e6eab42698951e3366,no
review/rendered_code/a43b15356a5d40058245a50a.html,1457,002952c0c30ffc9300620bbb8f59e8ec5fc51db76bf7d4c89947e74f74dbcf09,no
review/rendered_code/a459ad32b40114488197ac51.html,1415,722815d39d407041a271c9d32e508928a3e4d0e4f66eb8840cb61cbaa4559005,no
review/rendered_code/a45fb3771b22b07886adacb5.html,1381,35d107ce1f5a19fe9718c66e763b8d721ee215e184684199a7714d9aa961df90,no
review/rendered_code/a4667b8eb531b64b45bde69a.js,966,c5aea9745942a167697c3c4093c0679519df940a88725d03fc221ffcb7b3076e,no
review/rendered_code/a466ee75f1d0820957f2b5ba.js,14530,eb6bb84fbb7ffe899628e30c24628e566cff5bb39151f8ce700c92c3fef2fc84,no
review/rendered_code/a49bdbcef8ee450cb9f97947.html,1086,1a5c9658ff01f9ce2d0303258d80ddc3c09bfd9172c12a6144be0586d900689c,no
review/rendered_code/a4a7730a879421b20d9b8132.js,966,28ef2c10abe9734d0a4d7b4c8b6da8dcf576bb1b75b6997c9bb25c7bca2ae875,no
review/rendered_code/a4bac5d519e8bf8cd6e9ef3c.html,1476,1f0dc08a6cfb3abc5e85ee0b85b1549bdfc0a80e87e3dec9d665bed9a96bc61c,no
review/rendered_code/a4c8681fe7a67f53da6434e0.js,966,134d878136fd79d6882eadca1b22106ff88b73a3457533ad7599188b6eaa9144,no
review/rendered_code/a4cd9cd6eb8b6340aca105f7.html,1472,6ccf369da99c41d72f0ea154bad3cdd3643a78e9078ec7303c43b9ee8989241d,no
review/rendered_code/a4d843981bc5088a20a8e1f4.js,3396,bb8403335b257e4024bd9f1453a8af4363524b06913adc8d1412e891775c778e,no
review/rendered_code/a4dbed7a4abd1ba77b332fea.html,1487,bbd348c85dbb8d0d975b6478d1a6b2d257cd91b22e1a10a7b432785f03470c2f,no
review/rendered_code/a4e30c24a3649cdf4875bfc9.js,11662,4fb1aebd9e2c90e0a807037700259f6c418b8b39c741d98e8d4b798d6894a807,no
review/rendered_code/a4e52c83bc09eb93fc43b115.html,1447,cc0959f7403f5f2ccd50c778958c6a93ab0341a521f5701c8fbec2deb015b7db,no
review/rendered_code/a50ba1f6bfa16225eaf93639.html,3034,11b68b6e26c35084ab5230ba25cd5c08c1cd874f6e9104c0beb6dde5cb0b36ce,no
review/rendered_code/a51687818094031af66a2a56.js,9751,f75e45ae97a0a93d2708a329c34000fc51b61d09ddc98e20e369df82e2b3a447,no
review/rendered_code/a51c13c99e8d788b97d004d7.js,22943,7da70b68ce5e15454ae045fd1410a6976e5ede639aec9dfebd0ef1aed94ca723,no
review/rendered_code/a527baebbabd84fd15685f28.html,1409,b8bd77a7c84e86fee4162bc0e486917129f11c889f15924c2d0d6e21a7d8a669,no
review/rendered_code/a52a69f65894c091eb4432af.html,1073,eb5c302d2d3fa66e14cb0c32477bac51d2c0472e187d2e2bc9ac515194cdbc9f,no
review/rendered_code/a52b230fbbc30e078f0c6eff.html,1431,f74cbf968fdcccf82fdffe11d5a675612270552121fab4c10cf1d53404d9d3f8,no
review/rendered_code/a53865a070d1de4493519d6b.js,3140,3ee00dc54c4b239459c5702b8eab43c464f54243b5b38625ecc38961e20d5204,no
review/rendered_code/a539c90b9cd03bf6948ebb26.html,1769,8871d083f936de58220bf2906c2e339371f6698bc488c2d68f6aeb0117406005,no
review/rendered_code/a53dd4962069695a4c593504.html,1368,f2f6e6f23a525f9ed073a17976e87aa21f582906a973dc57b6e9262daaad1cae,no
review/rendered_code/a586fabd1fb234aa5a3abf0b.js,3032,80e2f60d64ad853f5fdd33210f48526281064c176d714198fea08a61c7d2b9e1,no
review/rendered_code/a5aee77c8ee9b263cf756062.html,1495,49dc052977ca2ec7b971c9b688281e5791dcc9d515ad75dfdd79bc16d0154f0b,no
review/rendered_code/a5b48911ecb07264f44556aa.js,10959,61c037b01baa1a843381926fc0f356013b2308aeb5e563dce60e80397ccef006,no
review/rendered_code/a5b82058882cec5bb0fc08bb.html,1465,96a08887fedbb22dc5e781909cb16978359df6754f5d92fe0e2988b92556e8dc,no
review/rendered_code/a5e44bd7735ba9d2dfb4b120.js,3064,7657945445f89f265d81d5d226074d0c0602c8638c0803c9148d7b4ad6ab201d,no
review/rendered_code/a5e92b6f32486623f4544c4c.js,704,3a1cad43f8466d1410099652ae47aedb1f55bfb4787f9b6f448b3587b7b5ef6d,no
review/rendered_code/a5e9d65eac576740750190e3.html,1474,0e28fc9370daecfac3f878bef1b4dac193025620a4586134e5c65226003f1302,no
review/rendered_code/a5f7a80848acc7c2ac917adb.js,965,63af5489edc141bc99f4aabc099c2749472bf436e875d4e5de97393765e60e84,no
review/rendered_code/a6054434b6a58426e714c902.html,22517,d62d98b6d065868e626b657fa3478653901bf29c89fe72b36d47dd66952baa60,no
review/rendered_code/a616d5ea38f520370d954c64.html,4202,85e613919fec7d946d88c3315ac8701eabebeb989d21843564716b92d431f513,no
review/rendered_code/a639b05c3fdfb01b60ad342e.html,933,1d3a7ae12e1ee26bef219ac77091ed84a64c89b6c4dc5fccc1a4298c0430052c,no
review/rendered_code/a6414b38fe4ae470775ca30c.js,11089,f4cfc5aa0efe164b13389c5164c47a191d9c5c2acb33fba56bf5f70daf1253a6,no
review/rendered_code/a66ce7988afb575c3fa4cc79.html,1911,b08de7be7ed1b3731121e582edd7e005117d64d7b1b271071efb013696aeace4,no
review/rendered_code/a6b639570bc22a846605372c.html,1446,54ea2459f16ab7e7bb4263ddce864e599a9c109196a3daaaf963171c1526c790,no
review/rendered_code/a6c1915710978983f2caf814.html,4531,57e5c8d82ee5b13427ecf010a0896775de50813a3dc31060538c5ce1f137bc0c,no
review/rendered_code/a6e37a1e3ba8ace3147f8ebe.js,966,d31707844cf9ddf66d5f27e7291b9e6788b1d205ceda11112d09a4ffd5a09932,no
review/rendered_code/a723bd308a536bdd492c7942.js,966,8cbec0e2d69a6096fa9911893dc4799b5609c2d387000c8e2cd831d98cbf2441,no
review/rendered_code/a74a7ac5efeba8aa994d4e5b.js,966,9056d23cc9fa4d3315a7b19310580b148132dddebd936a93085c10c786ff2ebf,no
review/rendered_code/a74ae2f29d32cf828a855921.html,1451,a171e82fd3372a7a2569b96eafe6eb63c6428370a7594ecbf57929efca0631b8,no
review/rendered_code/a7535d4a7344fb20540c145f.html,25153,0c28befb9210525235a074c612e0c9549ab715d47c2328c4d185d2dc0d1efc02,no
review/rendered_code/a79af59f467b920963a7efed.html,1485,60fd8372225a137cf4c50356af8b14a5cad454114b388fd448b93173d9597c8e,no
review/rendered_code/a7b6280a1fbefd185b81c29e.js,21700,a409fdb7e0c07b7273f200fc279cafd03c1ef9fd30b073287a97f7b01850c455,no
review/rendered_code/a7cda7380f6bb5e4df20a402.html,1469,88ebc75d71aafbafb6b5c30d052a6c870b974a210eefb3fc112dda58efbd1798,no
review/rendered_code/a7ed89b3b42f264ab89ac649.html,1470,65bf315c63767ba5be8220a0db38e47702bbf20d87bf5216355396fe19fdc85b,no
review/rendered_code/a80714316206fb17fefc2c8f.js,77438,783fa7d161f7fa88ae71ce01a80bea958635bd4e9e1c756364bf6e3670180d18,no
review/rendered_code/a80f5215a6fc4190175ef76d.html,1380,0edba261773856dba3887dab22c3c5b6a77ba3b1bdffa2632a49659e4597297b,no
review/rendered_code/a83436f993f847f0c49cef97.html,2704,2b6e90c00ef4f33d0645ee54673bc1d4dcbd55235ac065f15fe1a803304c8332,no
review/rendered_code/a857efc2aaee68177ac9eea4.js,966,0d5d00036ebda9b5a3ed1e7ef3d6c42463825f25169edeb1d2a24c77992d5a77,no
review/rendered_code/a858169d3385758bb14a7344.js,3052,af668a54366f52f815f6904b31b9d8a58471f058d2473bc90b8bc8fe999a3601,no
review/rendered_code/a8649d37defc9c59f6967cff.js,966,7765c6fab95452e6b44bca4cfcd48360f26effca6a56bd9391132ad4f5eb897b,no
review/rendered_code/a86e6f7d7f48668664c5c06f.js,966,b4764ce367de73097601205599d5ef270b3cd2c8bfbc916cd91dab4281fbd74a,no
review/rendered_code/a87020f709759e6a47b376b2.html,1059,f69e2b2cd2f09b9876a9e2ce81b2c011d475bfb1c34304afa4c89394631f0dab,no
review/rendered_code/a87ba825e3d1bc418fe41d88.html,1475,44901ae58ea5c293917d2d3f6198e2f88d11c1e4d72987778a330ebb3c24d50a,no
review/rendered_code/a8878e19d62ce33f38d0f43c.js,11586,fdc12e367232569c3167847649258dfdbb43b44af11b37378045f8f7c8662a96,no
review/rendered_code/a8988c34e2152d7fe2967ef0.html,1446,7538233df9d11e7558b2236a5ec56a3577a9eab2602f2c8ee61c406066d33781,no
review/rendered_code/a899b6518e8986d25c5ce0d6.js,28863,1db4eef50fa958244b82d1619c7e27a0f2d8158c76d9f64fef1703fd85efafe9,no
review/rendered_code/a89dd14c435ff8fb0e0b72e1.js,966,4485d07bd3c91948243c349981bb857edeca30c2bf5c013ffa07de9a9a810b61,no
review/rendered_code/a8d2e8a52c3299dda961863a.js,4120,3976d9cbf17f5c0bb8292f8c4382319838531a10ea6cfaf44b41da77facc3287,no
review/rendered_code/a8d3b0b2a93f2a2a3d6d3705.html,956,ac19a15b8440a38d8d3da3ae590c30d040f37fb3ae89c829f470631e2e2d2c2c,no
review/rendered_code/a8e39f7f8994568feba94067.js,3092,4ea5b11441f57d297de0156f2cc8511167ce42b40f95c36c9da463518267dc06,no
review/rendered_code/a8ec470f0b3e19ebfe1302c1.js,6762,57dad66c5ce776af667bf6f5a35abb334db086e97588cfd1847f138d2c309a4f,no
review/rendered_code/a9201d436939bab2ac8f4f4a.html,1469,55b7a05199cb0c92a23362197015f95241c0cde8fab08d29cee73ed93b39b7b9,no
review/rendered_code/a94e8ee7ded799f1e1b6e864.js,966,c848fd5d1b35807e8a3a038c4c79d2e463d956025c7d9ed0115c7e9f0cd64bce,no
review/rendered_code/a95ccc16b4dc883434716ea7.js,3500,7a9dd02b6414044512b3e3e513b0abbc59ccd1fd6e1b3937854482b19fc4d110,no
review/rendered_code/a95e9fc3680cfa298781885f.js,22183,dcb9eba3127c2c891bfa1dad4e00e3db40fe30a8b62920d9eb36cdaf44b28420,no
review/rendered_code/a987149f0784cb50cda2918f.html,15897,39cb3f3edc62b633deac1a163d735c82680b38e35b6a79fac3ac320e63fa1a04,no
review/rendered_code/a9a3c97d8cf87498c7e61ff9.js,964,e2cba4684a4e8588dde26262837e5081d0726abc6c6a4b576393083bb82e34a8,no
review/rendered_code/a9c5d5e75734e32fd3dac524.html,8573,0b2cf44b94d6e71fd57cfb4486b2b5be748c3fbfc03f0b512e358c334ca9946d,no
review/rendered_code/a9c83b84874ce5ec3599e4a6.js,23773,c01cf0e47a80c2b38512629ab3dca1df463edc19803fdcae318a1f645cd27987,no
review/rendered_code/a9d321af8cbd2cd312178d75.js,4060,fea196d9f7aa59470d8f76511ccc1cc4a47aa7826025664f719c8886734eaa23,no
review/rendered_code/a9ebace1e80dede514aeace1.html,3933,a7b50b1b4d53386db7980c1b7257590b21cfee058fd890e56d339b8ed55b70af,no
review/rendered_code/a9f726bedfba982a47b7c43c.html,1463,040451e0a9c484d2e1c114b41708cdf9aff122409e056b73273ba68d31128bbc,no
review/rendered_code/a9fa856e6b77c97d23134c60.html,1412,89b7d360c0f2f88e3a64637bcdb238381763447c169dadba0968f9500c6273a9,no
review/rendered_code/aa439daba9a9d1fc4b06e320.js,965,88f930927e3fc946663fb93edca62c672aad95a6d536d5776f9b2cbf7bd71c0a,no
review/rendered_code/aa47263946bf8a8e1aca8e82.js,4193,6405973f4a01f5400af97e7273a12dba4b90543b23f86ac901c671ee7481cd2c,no
review/rendered_code/aa4a3e508cf29a12847cba23.html,1510,0b0491f5182dad0ab277231ee995b851e34a3f3f767f42d5a2d48de12ce4b0e7,no
review/rendered_code/aa6b260f8b6be1ddee278f95.js,3172,659020d9892df4a28db2ef4ce4c9be31b90f8f3a4a8c08ea33a5fc7f1eef059d,no
review/rendered_code/aab32dffd736348952b60d22.html,5279,87093df17587b81b396dd93f66f61e75462cf076a554ea6b40861efe62b3c99c,no
review/rendered_code/aac9640619590481542640cf.js,3608,a3bd786625079151281e36ce78cd76de8beff525227f445754e858b38a02fd3e,no
review/rendered_code/aaf9ea9c11e0fd7f2d6bc549.js,9351,791cc4aaf39294bb4686e09af2931e081f375f2aa021d0273ab763bcd65f9ca9,no
review/rendered_code/ab0012d890590549187e4c97.html,1535,660aeed803acf47e549fab7ce386621de359641c58ffce1a9cf2994d2955ab29,no
review/rendered_code/ab00911d9260d7869aca348c.js,13572,a9f073781594713827dfb565c6ce3465c0348ce958ae6e83593a6c19f259b6b5,no
review/rendered_code/ab061b18f3ece979ccf96394.html,1480,74aca3d9ba320125dc767d25a48b4be6aa27fb882d3641e4b0cf547095d8f3df,no
review/rendered_code/ab0c783dfa76132deb1d4b25.html,1138,157e12beb0f87f3f77184bf7b5f4548b75e907f08c4e8a65728cd30dce01324e,no
review/rendered_code/ab16d65e5169e2a59c350c2a.html,1487,f9af0733d32f06f0573cec78b85a247c0b1dae8b85151fc2ed3f14dc268d8994,no
review/rendered_code/ab26816b4b0806f05f217ec7.js,10914,f4d1313f47071f1ff5bac0e76cbf75af9f5a76b353fd9735a9d9ba1dc4b2f125,no
review/rendered_code/ab4933153bf338e79141c49c.html,906,9c3ffb3e256b4e1818026b46236f9a537cb8d58068529c9bab074e7bf4f1f4e0,no
review/rendered_code/ab87936ff6e7c6e141b580a8.js,3156,7d5cb28f93e20237a7bee831abba4a7ce38a03361b5ae6a59c14ccc1c8506227,no
review/rendered_code/ab9363dd06ee772b5a0aedb0.html,19346,43066c7532f785f00f54c79a4a368e11bbb873fa3f86c8b729aac93a0f6c1fd3,no
review/rendered_code/ab99330c3c67c9118b9db060.js,10832,9df3df3fa1f7045ff775874ca951a6eb8368d4a2440a42c966ac4cf687a7147d,no
review/rendered_code/abce91e05e6f06e198efd06b.html,1053,812e032d93394a551d00c47ff3b08f73dc39c5a68c7477aaa421ec25d6f964a7,no
review/rendered_code/ac26a0c87661854709953828.js,3428,4f3b95e764802159b35ce935477746193f1c09f857c60483bf0056c41d3ec808,no
review/rendered_code/ac3e734a7296aa616c05fae2.js,2598,4946f5d5d377158b7e56b2da615013f6bcf5b08b77c111fbe7b4e41a2a869fb0,no
review/rendered_code/ac671b14a8eb452530e856b2.js,2363,96d87d5ec80174cdbceb662fdc4a681475f5794e762ef22be1fba6467dbafe6f,no
review/rendered_code/acbf137b92ab329c4f2f443a.html,1476,8ea92a56ac83b09eea1c92d4b13214d458d0e5f464e4c1f84b405026f0f0003e,no
review/rendered_code/acd42e35ae8b73674660f258.html,8111,e6bbd2f98cfbbfd30f822c94dfcc87bb5d011b1318bbbf602351a185d3f49e96,no
review/rendered_code/ad247ee69b157f33af27ef2e.js,7591,7d281ff5db1394cc62a6b3a53f84e370539c47d921977ff0c6bd896c3d99d7c7,no
review/rendered_code/ad42a744a232afb55d4167ac.html,1476,4535a8d0a467fc99f539909230b2d842471300553535d718d44a9517100954c3,no
review/rendered_code/ad45bb9ac91d172cb4fe7511.js,3336,d608da9d17401c383695eb88395f0c337a4ff82a4bac9366420022094fd1e364,no
review/rendered_code/ad4a6dd044f497ab88d8b4eb.js,3594,3c21c1f4906a66203bf97adbf50822e00eda635b371997dc93345a3928666d77,no
review/rendered_code/ad642b06b10747aab78a507a.html,918,82fc479f94bf5428cef2f30a9d24651f42b54eac26529d373febd06d3a905091,no
review/rendered_code/ad65e1929550e08bb0abcd17.html,1455,7a528688c57bf3b77d2047658c40f8a375f3abfe14095e00affacdc25f178b2a,no
review/rendered_code/ad6f6afeef75e2a9f395ad86.html,2981,000d6bb1d3d9fb4071302f5fdfe1dd5c75710daf4025327cfbb18fca275b089d,no
review/rendered_code/ad71d0fcf61e92fbc93c760e.js,6718,b01ce393ef76a791cec9060cfa2eb52421adcbf329399c62241941c0e207efd7,no
review/rendered_code/ad7ce1cce0b53c44d185c588.js,3556,a43dfd22b69545c2f2bd10b5cb871861d8ace1f139d9d99eb9f19274e0fd47ac,no
review/rendered_code/ad87ed6b6fd07cd573bbf16d.js,12947,b3659b49d8a078bfbed68fef96b1e37577e9da0390cf34ad0c906db63d7f5572,no
review/rendered_code/ad9cb9d161d44a6d8d889f7a.js,3600,255f84b750b33ced821ca8259bf53b01d7d572425db5a90438dcbac809e5c293,no
review/rendered_code/adaa000ee1b6397fbd1fb818.js,7111,4503b90dabfdaba6e9ef102faaac1744f00a511962e85beb266cd07c83d081b9,no
review/rendered_code/adc18a617b82d7d33d351e62.html,1487,2afca8d455a338806423ac4ccb1a54d48da17e78cedaf32387b6fca9d2140718,no
review/rendered_code/adf0f60570ee04432a776b1b.html,1480,06d115b515e0049b4ddbf5b9a2449f62f7273ed93df7362d15424284cf46cc1c,no
review/rendered_code/adf5c5cc54a756ffc74e0dff.js,10022,47d6d5bee6d7972b3ab8cb01e943e82cffbc57d61acd3b265d5e0f85ae499dce,no
review/rendered_code/ae20b6bd2b44c43ee1a0e142.js,3082,a64febc43e0768e69980409aca1c85ea655df74152d1b838081c389a4f46fa57,no
review/rendered_code/ae3687c8c4ea975934a4136a.js,3256,eac4db85499f96939659d4654b6d2153253b5651f06c516cfc71d327f331e7fc,no
review/rendered_code/ae532088d3a2a10b2c0eb577.js,7811,c733a1b986caebb95041a63127505f3faedcbe0ecc853192dd9ef843c9d73a9a,no
review/rendered_code/ae588a78f0d26bd61d206063.html,1772,cf97b4ca040342a94c38152f4f7a61f69a87a17f2b069b4cf066c1c930baa29e,no
review/rendered_code/ae5afd30a93b951dd283a3ea.html,1339,54b4ddc0aabdfaf07f3362fcfab0372437c730d6497472cdc89fea4e4bb00ee0,no
review/rendered_code/ae7d370959f46aded768e0e2.js,966,8f637d9942ffb2a4cbfe94fc1e02f3ddce5012554af0220f8ecbcf6ff05f7a43,no
review/rendered_code/aead822448671018cad63278.js,965,fcbcf88e7c56131b7578a8e05ed7f33ebf4b9fb427e0b1d6dc35cefe8646eace,no
review/rendered_code/aec0a3762d015bdbdc987912.js,3592,1d207035f89735abd65abb1220e7fe2c8b47b280323ac185c87d36bffe1d5cad,no
review/rendered_code/aec760077c485967cd3d6e8a.js,966,1609e72f01aa178f07b6b7b3b1ae669c34d75ade9a088cc3eb1a24971cf22d14,no
review/rendered_code/aee1e23572304f9ce214f68d.html,1680,c131879d09a841355329e0f37723e110f13b733e80c4c10f6bc7562e931a5541,no
review/rendered_code/aee3a668b3f377e3f2ba5fb4.js,966,7d85aa40b071c601dc2c61a8fd9ac7f8e52fded2ad5d048ae8d18b0d6cce60f3,no
review/rendered_code/aeebe63f371203c9c6755a97.html,942,b4ac354267a059068b1af600d0616f7102f96869fd5e5ab296c526c18238e004,no
review/rendered_code/aeebf7e9c9bc09120716801d.js,966,eafc9cac364bd312c58c5d315a8e8f419d409df94dc46f9b290414442973131f,no
review/rendered_code/af0828257ac7835ae8cabc77.html,942,7a10ac7338c22f4750e6f041bad739ea09a69a5500aab21ce5290d4b6b79c569,no
review/rendered_code/af1a85c61206e6bf790cf20f.js,966,2b88ee16f1aa8da4ade644e47d38595292932acea271f059bd1eb74ec76017b5,no
review/rendered_code/af27195a19bc5e7c2940856e.js,966,8d1d750f9903e07c289cd807c346bbbc3e89fa2a7165bcb868cfe34ac6b6e05e,no
review/rendered_code/af4948dc8b87e44e967d4cc9.js,6762,30d2fccf4ea0e9fb6a63b1d31adfd2bb27cf123adeabebe0a3b95a997bea4cb2,no
review/rendered_code/af541de67f13c69e1be17f1c.html,9090,3def149a3d0dd5c7958db947b5ce0b4bd308bf428734794e4771344f7004faca,no
review/rendered_code/af6609e54b59895d7a002dbb.js,9859,2f7b5e8ed3ecdccdaef03214ba4ba88ec5e0812d4846d44e491e99fcc206fd4b,no
review/rendered_code/af94045f9fcb151ceafe42c1.html,7224,98b1e4649839a2a50222b21dd06b82cb9597e991bd3aa321f99c227a99e83cfc,no
review/rendered_code/afdba207af755e6e66fbe3bf.js,966,352b147bee8e47abb22d9f16d6e8a5f2bf191ba962f4270e2a02ed49f8a227dc,no
review/rendered_code/aff6ce3eb75e3b4e40cd4993.html,1242,276afd029c75ed917168b89ee668eeb1b1240c7820c48e0ce921d8f5859eff6e,no
review/rendered_code/b008cc2001fb32a61814bdef.html,1446,5a6b864b3c0f6fafcaf297bfbe30ac4da1cbc959b7a41c2977761758dbd5b7bd,no
review/rendered_code/b019e9ea8d59e6b10d188194.js,966,84fe73bad127c61da1ee9f2bd4da921e6792247e082d33520c62af9957009328,no
review/rendered_code/b036965c1a97c1e2041e07a2.js,4152,9c3067b270c3996d09ab61126dfe4ebfe20694f0f226f5ec9d7450d2f08f0469,no
review/rendered_code/b05d333c3e09ae3c8b734d00.js,966,aeed3086e17178e60c3585acb1c1524487302e205a337cba54712954a3974012,no
review/rendered_code/b0710a05ddb5f60edff9b56b.js,965,de1f1fc903791087d2af8a0c7116877a3e67d9122d82c6398dbb4e6d4dc9ac9e,no
review/rendered_code/b07a33ae3f31016355bdb00a.js,966,c8d5cf03504387db4f2dfcdde75d664d35dd2ec5f0240e18f5dcb2980f1a577b,no
review/rendered_code/b08812cd48a61db453e32aa5.html,1076,b1219f8b3e30fe2ddd1ddd233ccaa29ce3b5c577e46cfdaf36bb692d5162c952,no
review/rendered_code/b08d01f7d7a4e9f264f9b955.js,3052,280c585640c66cd77ff68e85f1df4ff747ffca6c07798ce88152c1e424e523b6,no
review/rendered_code/b08ea7a1e78dc9362cc7f7e1.js,13158,73fddcd2373dc1d1ef7431f579d45cfb7f506ff495783eeb0439a241b3cd53a4,no
review/rendered_code/b0963e757fd1785d192ac252.js,966,ffcdc5cc8d9725a53167532e2052a58a94de8c7ecf732ee83fb8b68be34f1acf,no
review/rendered_code/b0a85d3e39f46075e363d677.js,3548,22c6da92d198cca096899c1bb3a4d3c1840c0eebb9ea76f37ab8951c2c73e3d4,no
review/rendered_code/b0afc2a34c2a7b82f402773d.html,1524,d72a3cd57bf5f33119246f26995d08c33c28ad34c1bcd6c307694550600f7a79,no
review/rendered_code/b0bb9347fe1a97f1ce243dc3.js,965,1f26a587e8630ac0d60d7c877f02dc9be88cd53792630a99869ab6e9621a5b9f,no
review/rendered_code/b0f728901497f93dc7ab15d9.js,12170,fc674787f0fb42a06c4345db0c821cf1a9db3211354f19118dca2e279092f184,no
review/rendered_code/b11f9b84fde2aef5664ab9fe.html,8413,44a8eec9e62c094c11f1328f635b54232fce3afd3029212cb4074e711fadd23d,no
review/rendered_code/b18ff63202cfbd354bd5965d.js,966,6007231785fe13713f5c3758fb325c13952cc9091c92c7d859b7d4d359e81132,no
review/rendered_code/b19b5ef9b115f64ac1a2cdb3.js,966,28d971d09e25b0c271dd5e08d033a270d26519715c1652880dde6f0b42bca788,no
review/rendered_code/b1a1e6fb33e087378f27f56c.html,1406,9827725b4bb0439d9e99f78262c634dc160a3dd44c50c5b2757eda447f101b2f,no
review/rendered_code/b1a5b3dd6cd73bb1e7a9926d.html,1444,fdee377c54d211670ce12a9f2d37cd0ac058da9a2566e7509afa02b47000f789,no
review/rendered_code/b1a9cd8164c2b5b169b3f3d1.html,2647,9f7c38e227a8f43a93d84bcff9303785743f507a7ebdb67598c6a3e3ed6a8ad6,no
review/rendered_code/b1d062402643d6ea6aa72b1b.js,3288,6daa09f7352677952757af290b45bbd3dd0a90eeae5c3b0b88eb13c3384a2689,no
review/rendered_code/b1e79cb81401b9765a1c4c44.js,9334,b0b7f8ee899b258c63f2a60fd1f9ffde294c3683c52be6851dc38f518db06689,no
review/rendered_code/b208b4cf6ad0d3fe79e2a5e1.html,918,18518acdf4e32ec39f83b9a5bd5d8bca6b969ac254dc902a766898458f29fb3c,no
review/rendered_code/b2194e8f397ae744dfe7018b.js,25006,b523038f87f175c5ae49364ce47f15da1bc577568e2f1c9c009512ea4bd9cb69,no
review/rendered_code/b234a62e6d5cd659259ac47c.html,1508,63a2f21972fa444dc9719fb90f35e95412385faf63f302c85aceefd5bac0148c,no
review/rendered_code/b23e16b39108039060eb9868.html,1265,717661dd8cc7a12126cc31692002a49e335d470ad4c2a4876fad0baea967279c,no
review/rendered_code/b25914bb154697dceab64f99.js,966,0a69b75d6169d1fad04da853d9ee613e52dbb827eb3a4faa37e1c883be34481c,no
review/rendered_code/b25d9ea52e84b937af30880d.js,966,3a449b52f74ed54424416f01bc75e88b397c971eff434637f5ed439ff0bc799d,no
review/rendered_code/b264c122891d76671e9d2cca.html,11359,78f2c506eac1ce618efba987ea9288b1d464a39092b0a2283c5b15af1ab40bfe,no
review/rendered_code/b28e3fc5cdb55983325264da.html,1522,4407f96c969624acdc7d538c5ff25cabd2b9731441ac64c5742d73301d26a320,no
review/rendered_code/b29a50c10c6b59a6443b8c10.js,10509,03358c35f86dea275fe4e8dbe9edcfee90c352c799866566b7a36861e4d444d1,no
review/rendered_code/b29f6eeaf06836df620df823.js,3252,c30b1e6e05e9277a5c0302c33d967023a725c6fdedc26ae2ff92cb2a189e3e5a,no
review/rendered_code/b2a50b4d656781deea2fa7fd.js,28656,644804b47c6ac43c48dff25f64057d9cfaff1580aeac5716492fde54a5285496,no
review/rendered_code/b2afd4414743c026ff7c467b.js,7405,585c73dff027a8b70c530dfa92cc50abb83ffda11c0d31b2628d8fb36e69dfb7,no
review/rendered_code/b2c37fdde84bb0b446330dfc.html,1885,1fd8087e4280d2a24703367e71ef7736d72be5efc83b702a9abbd10db935f22f,no
review/rendered_code/b2d3cb51f6948114d20d647d.html,1444,8ed58bd7f7b3df6ae02c4d398783002c86dc4a4f5e2717aea3728f940d05d643,no
review/rendered_code/b2dc8ddd182735f9c60808d3.html,1304,3dd64b7919473012fa3924ff91daaa7fc35954c74163e0b60719e6a6adea9bf6,no
review/rendered_code/b2f3c8dc1014a6273cb6fd82.html,1330,363f00296910aba3eee47e42a98070f184a77a4c51ea9d4268e72fdee83f402b,no
review/rendered_code/b2f8077578ebb0aaa399ee48.html,1396,1036d379cb0cb04bda934487ab54ac8894bfb343015caf8ab472c34cd3d56178,no
review/rendered_code/b300758d9ea50f8ed94991d7.html,1118,e63da2788de5294732e7c94af18fad76ad592da4eccbda47120bc6589416a003,no
review/rendered_code/b3011594d27efa32703942f8.html,1276,29d7635f987706ab7d92124e63642e89136f412b91ec536808995cbf244a30f8,no
review/rendered_code/b308736fd994efb853fa00f8.js,966,26ce0ac0ddf34216bd5b3ee9d108bad60335cc47145c2c35a0a393a901c1b7fe,no
review/rendered_code/b30f7caa309a43c1ce3181c6.html,1492,9366e4c5dfb0287699acdde44f9e4eda20f3b3e76cbf2cb731501449583945c1,no
review/rendered_code/b325cfdf92f6d14d563d5866.js,965,1a773bb0031e3eca4d7229b5567b185e706ef636205616d366a84d186ba3ec2a,no
review/rendered_code/b3286de7c20f4084bbce0ffa.js,3064,dca890b4d5b9dbefe26cd00c1d73a032765f4d5b51f420c07938bb487949759a,no
review/rendered_code/b32c5bf1589b63cbeba0e8bb.html,955,5e7d0712ebe6eede1782c73f9e227cd38904b3c067470bb059d5f71f54384f89,no
review/rendered_code/b34261240189ea42ae589c84.html,7850,45514f207c36200985d340ac4e66d2a1881c4de0b06bde6871797a5f01515dbd,no
review/rendered_code/b366c408cfc16631a4c47213.js,14341,3b05a16723c15b622599038fad921a2a044a0a2f97f008a755772df62105b8f9,no
review/rendered_code/b377161ead6c1e1b134f6b72.js,965,4eb195235d2b275ec1c018441df58c488400d1d1825626551a33c85fc0806b13,no
review/rendered_code/b37f25a747c39a7c6b75b513.js,3616,c89baeb6e54b2d66ea1e85921db23fb797af945b12c4c84785a9e1414c77ae12,no
review/rendered_code/b3957001bf1672b7c37c4529.html,1388,0a47cf31adbe12988b30bb3c050bdbc7534379834e746a6eb42904cf93eb6d5b,no
review/rendered_code/b39999449d8216e9500d4ce7.html,1373,4870a19bcbe8c766751368321ed9615eef13984e8a7138a154deff0714c973e1,no
review/rendered_code/b39f7dac661b8f7460c582d4.html,1444,5ef64050f64b2f0f54f6f513f181baab777b4aa8edd9298661314eae87914e5a,no
review/rendered_code/b3af142db56c3a296e74c519.html,877,22c60ef81402fd1e71ada15c020694008f9968576e4cb5249dda16faea818744,no
review/rendered_code/b3be9b39279dc9457c9810fa.html,2282,b8724a6e813313d2007fa7e1395f2b5cddbd980a38f9dcb53a9b34539df9a24f,no
review/rendered_code/b3bf55fabafb14df2ce81d22.js,966,1fe3792518ba8a564e2f920d268aa909a4763f2d6fe97cbeef3e6d78b06e699c,no
review/rendered_code/b3bf8b5c9f91f03b2b3a4ae7.html,7662,fc55aaa102eec37ccdc4af07cf0dedd2d121f932e87b67ada407fd5fac52935c,no
review/rendered_code/b3dcd47dd83a3622da22329f.js,966,abf0ea0ee588bb196c39fe4ea6de9786d0a1fb80395bfa30f7ebcbd6ca378943,no
review/rendered_code/b3fab13e1d07ba139cc4ff7f.js,10990,56c42e978dbfc09d29cab713cc3a13b15e28762ed09c967023ca191e75bfcaeb,no
review/rendered_code/b41a97c4fabdcaed10759e53.html,2916,e966e8a51c0fc47e01c903a8e96bc96162537bff0fa94b09424d8a867a2b6d2b,no
review/rendered_code/b41c0dd146f4bd957d78cb2b.js,3560,7c49ff5c6f67bc3b3ce90c03c2519044ea02d503e7077874bf49b0c2b82f1630,no
review/rendered_code/b428681f2671e69d4ba42f0d.js,966,6409c0a6eed805996e7423b570f3d5721efac6128698677ec29f7fd50aafdfe9,no
review/rendered_code/b453652a9487425ad02fa3c4.html,4047,fc44a5d1762fb3f159f1d0143ab70fad1fdaf3bdf94fd3cf7b9ff51b15063e3f,no
review/rendered_code/b47540c7840e36613ec199b1.html,1467,d3a29bbb29abad1a8d4e5244c046f36795b60e7ccc769f02b2c6663176e85e20,no
review/rendered_code/b485be394b79be78489119ed.js,966,dc41490f55f465aec08b3dfb5fc0d086fbb2251ac45c3c4825a59886c596699a,no
review/rendered_code/b4a6ac5dd189a9bab7bb08bb.js,3196,44b6b21485d78c4d2f4bc4d1fc1f52aea7a59863d404a4fa17dda739f7d13594,no
review/rendered_code/b4a6cea19ba49ee6bd33ac00.html,1465,ce7ac9394cc75cf4a54e92f8b60e677a9b3b7f8b995e5a4c54d1b874164a6cfd,no
review/rendered_code/b4a896117b89bd805e3a34fd.html,1701,d172508abcae35ca1422c172e7ac3754f7f196b34012d26113def694bf7d61db,no
review/rendered_code/b4cf29db97c79394c8e405a7.js,966,fa388f77ca75994ead0f0ee75d8414cc8e57823cbca271941113a3f71a5218fe,no
review/rendered_code/b5037353af8bf9611c48cdc4.js,4052,526dfd96004ae718f661dc19018d6d6fa5bba2b19112a77d37320f0fa515066c,no
review/rendered_code/b53a8903755c2684b3701f14.js,966,672815a68411bdafdab34fab5a08f34c30103dc1606043a8624ee37674880a6c,no
review/rendered_code/b5417b681c9b0c986d0db2b7.html,1515,44890732e1c262db1e0d008cf4b2ae7dace4bb13f249b23190c2d5eebc45c09f,no
review/rendered_code/b553f9235f9e517d92ad4882.js,12658,28e01b69d8da4b6c5213147a09ba4f325d763512c528b5b8f5d8e63fe2222cf9,no
review/rendered_code/b5727bfee9c2b2e8b20fe88d.html,1491,1d4f02a79420e926feb900de5d55f79938a9eb86c3cf62e844c75b6c2b716786,no
review/rendered_code/b5921496d0803cc2069d68b9.js,3764,ea6ff32712c64ad2c6bd46a0893521a2c21d433006b45c663208e18ce1adbd9a,no
review/rendered_code/b5921d0a95b0eb2eeabfd983.js,966,0691ed559e2c73998e7274f2a8c3a55d6f12115f49c60911f281127d3645b815,no
review/rendered_code/b5ad6f6ee2bad133a673908c.js,3076,6cd5d8f7c5ed58e7824b82096d8b94885e65f14a7ec1684bf8eb5f5460201026,no
review/rendered_code/b5c75a12b00a970527c26446.html,8210,fc8497ab163045581e26ae715195dea42bb44851abfcee880dccfd4057861d28,no
review/rendered_code/b5c76309099bca495012a431.html,1296,e342681f1b83c8fb684efca4191eb7fa47946bbfd6a22282e85b1e43ce195ef9,no
review/rendered_code/b5c8786dfe68d9792cdba1a6.js,8889,28f1f7a841108f46a98a8eef3d45d9f6d870a453649c9bdf3ef6f35a3ad104fd,no
review/rendered_code/b5d3752392d145721132a002.js,4028,c3b7d4c90c96fb73c8bdfd5845a844143aae9d7528a504c72c47fbb554384099,no
review/rendered_code/b5e49f54dbb5024fa94e5b8a.html,15621,ceba440c4231d33236674492025010e1421e7edb04398809d379d827a64244a7,no
review/rendered_code/b5f7fb705f631637a1c17c06.html,1927,b22afd6c043943a4e9f821d9a28c39a4dc0fb27d910d4303d85c5e5eb4917546,no
review/rendered_code/b60b79ee3aec3464ce08447e.html,8254,6a475e2e3e379b6fcc92ccd2ef2c59f841e9bb3c200138c1750aaa74dec52bb7,no
review/rendered_code/b60b91b07c9c2fc08982ea9c.js,1411,c36c0844163bfa7058878c094b49204068edbf6f5be52797d0e33d34bbb3d752,no
review/rendered_code/b61943bce96a487185abc120.html,1030,45bacbdca9c87a3bc3b860a4e251f001c00497fdc0705c1d33d33bfaa44a1afa,no
review/rendered_code/b624bbfb3666537b0fc235a7.js,966,770b2e6c8b03af361ed95f4b5115cb62e6dfe22c97df346f29cd250c325c4a45,no
review/rendered_code/b628a85973822dbdf13b6205.js,3872,2cdbb1fa313afa4fe8a04a6bd40c0e2685bd9e78c0e39a9ebd8ca58efe309ddd,no
review/rendered_code/b652fc9840823f6f73f605de.html,7124,093e486a525f2242d5f787b661c3e415b1c1295f80bea6f71b6fa49c7a9d6f30,no
review/rendered_code/b675e037597e6ef15bd0dc8f.html,19105,e55d8a51120cf587d8c3ce462f9d4fda1c2507e42907aff6979b903b508e579f,no
review/rendered_code/b676bbc477b276db233b0553.html,1738,98364d027fb465fdf17f20e32136ef8b2319714975655c320eee91fb80e2dbc9,no
review/rendered_code/b68a3df3107b68e8985b97fc.js,965,6ee041d5ddc986974ed823139954f4fcbf9a6045c67f92d8fd170cc2ae083cef,no
review/rendered_code/b69079936911421f7e915871.html,1944,465b60f8d540c502d5599443b87cabf642cbe88315cca9c1607f7516e0c6a481,no
review/rendered_code/b6a567d2c93181df08dd25ce.html,1512,02cde3e54f920293707d522c12c69d745497dbc3d93e86d864d72cdf66002c47,no
review/rendered_code/b6be49760f191c73a33af144.html,990,0786a32ce775d888c2377545ce321fb9f21f40f46b5e475add4fc03571204cb8,no
review/rendered_code/b6fcb98d6a782f25acd82099.js,965,cf95a3e8a6743441c8fbc8843dd3426cbb0cadb34dea837ef61b7bd3c5d5aecd,no
review/rendered_code/b73154a4cade70bcc1ecb60c.html,1351,e26dfd614df5fe4521329c1919abf93871875e0438647197013c8616ebf33827,no
review/rendered_code/b75ae2750c38ff3dad8ec50e.html,1454,63fef8544da1905af7a265ad334f1c8b5ac1bdb00ddcae2d9b57db9b636752a1,no
review/rendered_code/b76befb913d7048879e6f09b.html,1271,731d84c2f6b429c0fbcd82ae5d16dc40a992765ed767e95de65ddee7e0855d36,no
review/rendered_code/b77479534fe58221dddd9e52.html,1455,5aa4deb8794be7838c5f823ee9d807b1fc2c0dc4eb82acf524da896e603c4311,no
review/rendered_code/b7778e36966e688baad11c42.js,3396,30aa4a0f6b47d4096074cfc090eb96ea432db573cbf74d8ce944dd5714f70c97,no
review/rendered_code/b78db3534e65ac9bd9d5d877.js,3896,e70ffbca81206674fc6def60452677fd8ca15448c258b983118629a55f400b3d,no
review/rendered_code/b7b41d0c40192f5fb05d8ed5.html,781,23fdb73c05430ce33ddbb8d966886fd7d5113b426785fdd6ab85170f71ffcaa5,no
review/rendered_code/b7c4a56d4c370f4dcbe3e98a.js,3388,9cb0296aa34bc8aa271adb4197afdd9773128201010b6e4d18f9319647fd3c72,no
review/rendered_code/b7d27d33f07d117f543d52c5.html,1001,9c19252741983d7d3830999bbd37a65002efa297ba4ef679f94f36b619793d01,no
review/rendered_code/b80d94f647fd3e6d0b8c8b22.js,965,2b815bec92b8f6aae98c64630ffd3f1e8a0e6a6393c511f7efe96a3e615a2962,no
review/rendered_code/b867063817a1db15e21d66cb.js,3216,4fa91cba3dbaca76ef8dd6cbc70523fcf846b4561f2b4f7a6b3ef86b52728f87,no
review/rendered_code/b86843696cd9392503f6868a.js,9408,5c14c54c3fbdafddd503cec91d53093534881f502595ae63b090956cf85ec799,no
review/rendered_code/b86e2341f0856b0bfb32ab68.html,1742,191d993471ab2eee56d7f3a7072590a66cce3c7ee96dbc042a134a778d055231,no
review/rendered_code/b87029c0c679827f8aa171aa.js,966,58b5b815ddbdfda79c5f9d6295265e23e6eea4de45fa41ba9878dc237b06abe7,no
review/rendered_code/b876baaf286389e11b1c395a.js,966,fd7ff360f6760ac9fd4e1b902fce0e65923ab5d556aa61b0d7880f8a4b89eb7b,no
review/rendered_code/b8819f3d6772785e9389112e.js,11274,66a3a331b18ed6b3cadcaac542c77e0ccd00c1ca45e5033b242ac7d24e10d760,no
review/rendered_code/b88ec7302b112cacf76f5cd4.html,856,82633262369137596595326206e0244dc8232ceb3285b98252ad913ceba89894,no
review/rendered_code/b89800b3252625cfcae52188.html,969,346f7703114c38b63aefd895a1f8fda5c865b9b4528ad90de88928222de3cd04,no
review/rendered_code/b89a058872e7baab292a7c64.js,11586,888618457e80a4e4c8cabfd93f6b4ac96ba1b5da65524d2fa5db17b9f7d0f577,no
review/rendered_code/b8a24ec81955316787299967.html,1590,719d867d74763e15e595a89eb5d5ac15bc17d8cbb4d4ebbf942b3db2da001b68,no
review/rendered_code/b8b6291cf5ea46472e465914.html,1466,ff529ec71da32422996707c951852868ae7ef5927d76ce80bc41d864b7337c4d,no
review/rendered_code/b8c936a19fc66eb554fe1446.js,966,eea902fadbc1b15a2723402a94e80cadeb7799378cdc5f4555ae3d4f3d10f5bf,no
review/rendered_code/b8d549601a9613ae3adb4ed2.js,24808,fd83c7f9e4f2c04e4ac6153e5f2348212be494245b6fd3c03f19786aad67546f,no
review/rendered_code/b8f137afc016842252eadc13.html,7549,b23e7fb12d5121d941a68cd73ee71149ef7e532970fda535f2e6579fac7c6a13,no
review/rendered_code/b8f196b16ecd34fd78fad96e.html,1353,d49ced8bf485f7568b29a583579756d6e330a1903cfb8df99a76784e745de901,no
review/rendered_code/b905684ac9afb1fc84e2b72c.js,3124,b5dc1b6c96d5b8f180b92f11afbbdd84b2b557ca99218487479c835c5e7f01aa,no
review/rendered_code/b95362e7ba82c4dfdfbaa53d.js,966,55ef6746510859c20d0082c2b98168d4631dc599121c57242aa9660e499732aa,no
review/rendered_code/b95c56569da893f923762d8e.html,1456,3ca7e4cad873ff826459804a1145ffa47e119fa7b7b9a90441c59c7f5c7770e9,no
review/rendered_code/b961df5078c225cfb84391e3.html,660,a7e196b94b6477e48df6ccb23011e04636a3711b3ced52e8b6e23ff3a2c0d496,no
review/rendered_code/b966dffe60e119d5a1f34dd6.js,3632,527c8af65e3a292819a535711d4df0b9ed79885cd501de838ed8edc520aa36e5,no
review/rendered_code/b96cfc0bab77da9a945f0fb4.html,1454,be4d8a02a541ca291e01a755e8b2ff075480996028275b8af27b81d869eb91b9,no
review/rendered_code/b9753021b91afbd57dec4b16.js,11043,43e23613644cc2efc86a6810e74e9b7abae1355da7bfbaec98c40cb11b3d5e9f,no
review/rendered_code/b982c38d596869cef4e80d95.html,1373,c2bf81d733930224baeaa5f0b0cd719ee594048cea6cb5f45cdeb8c4d25f5817,no
review/rendered_code/b9880dcb8ab88a8ab9100b4f.html,3285,d7cbb72292a8d563627fb390bdb39c333b53f43c4d165e608fd29d082e3456ec,no
review/rendered_code/b98d7965f0f802bf1929690a.js,966,5df9a03246e0d92e2b803c962090a1af526343b898dd9d51f391577280b1bbbf,no
review/rendered_code/b9adf9d3dcb925e66154abb9.html,1504,cec6fe5f41ad7fa14e57fbdadfc51b68c61f733dd98bfbeece2ae0a180195ac8,no
review/rendered_code/b9beb789de4729358f2329dc.html,1476,36d5155fea474fa347c32c5d6c30166b476a2c38c7769f06f95cf96becac3b9e,no
review/rendered_code/b9c046e6471dcace37b03b65.html,1460,ff0e33ed48fa6935ba5ace4cbeda87c4d6fe15f2c7583c9b9a395c9142b3cc59,no
review/rendered_code/b9d53e2a131cbcee4bc93379.html,1332,b1c099d186aa826a098d02ed71322c8ced44ed7432e7d70775d4a91d23dde2ad,no
review/rendered_code/b9deb966851fcd53d8890392.html,3263,cce4fffbdc85d4e960ee402d94eca1f99f0abb2e783e6665785488c1be20766c,no
review/rendered_code/b9e9586deb2a1d00b6fa0976.html,7586,e20929cf66d71113628597c9ba9ea43943fde0d522d7ddb7f838e0f9b3d89aa7,no
review/rendered_code/b9eea3f0b0d263badd6e8423.html,1455,167a8a872ec9c50be9575aaffa7ef5c6a6222030e6c9cf97f8c3d27f40d60d43,no
review/rendered_code/b9f3fda737c4892cd02f703a.html,829,7243b9580d76a4f00294bb120566dc1e122060fcb05067c1c9bd338560549378,no
review/rendered_code/ba451ebcd80a0c7a4ccd3915.js,1393,b25eb2b87bd770ee12ae1784460e11e61e807b2824e94d34537aeb4dd0ae825c,no
review/rendered_code/ba4feed53fc537de90c1ba59.html,932,7e2497f4d2c40f13c665b4ed91afd61a5b92cd23036a2b2efa65a0203aacc117,no
review/rendered_code/ba71f9cd988e501d8ac96993.js,966,4938c3e0d7719f01b36bb57b253771cb1c2346727a608c8e443c92f15bde5bc6,no
review/rendered_code/ba73b2e202ed046e42e6033d.js,9465,8ceda97b5f0b92dea98f05a87c713c6b82efe12a5ae977f821f925b2bab0aeed,no
review/rendered_code/ba827f23474f708895865bcf.js,9564,ae14c688bab12f1b740fdc80e85980dd6f67e8131dabb7f27ae09b6e3f4e96f9,no
review/rendered_code/ba9ed2a808b36400e5b43b70.html,1485,818561146abcccf4e1827046ff41a033a1f39a0a8beb4f6cd294e2ac129bf09f,no
review/rendered_code/baafb9aa5de77e0621e3da34.html,2013,0e4eef496e06cc1917663fb7854d0e5f4be46697979e7e03b406d2677269a067,no
review/rendered_code/bac12d23aee52f1fa369136b.html,1443,062304c32626b8c83476d6aacf458da8e7c439348dd3c3df12c3296b6bf1f773,no
review/rendered_code/bac82b78862238173839e52d.js,3124,42f638fa776909cd9a726220f0ac3eec1cd55c7271fc3749041d1d7f425ebef6,no
review/rendered_code/badfcc44ad627b324234e707.js,3336,765b5fa53fc910ebff56c8042133994b3408d3598a685414ab4996f87a3621a1,no
review/rendered_code/baebbc1cc30b1611fe1ddd5b.js,3712,7501b1fcbe10874c7384559a0113ef0a8bdc20ac01da0c22a86801c08dbbe6c7,no
review/rendered_code/baf6eb0020645895161d08ae.js,5977,9cb8dc9897273cf3d1a33a5bc5175cda175b69e262678565570c9a303504d081,no
review/rendered_code/bafc3389a21701da1cf7bc0e.html,1472,d3be6d53ff71e2ba34617f4a93747bd63440b7078a4507104434ef7342313160,no
review/rendered_code/bafd726add186dccb5e94ca5.html,1382,ce7d0e2fba2cac10dcaa1c06319a90421f77e7dd626bc319b485a0ecf5794bad,no
review/rendered_code/bb03d333f412b14faa94fc93.html,1121,f68d5422bc4ad5c76f3ed998b21eb1dcbbd32863bb393629ea119b967c0f0333,no
review/rendered_code/bb2a323f79c7a80a68ef8388.js,516,c501283217ddb978a09b5349f6211a69f24568dd557deb314ae99270170e85a5,no
review/rendered_code/bb2c3895c3a71452e5083c94.js,25946,3390b619450e6166928441be71ac5b32a472d724a47b6130b8cb9103c57c50e7,no
review/rendered_code/bb5628fd4c2df3caf9c0bded.html,1558,ce2c626a3e9e1144d94a4172e0a489d3c4adae8d0845795669a65eca25f3910f,no
review/rendered_code/bb783c559be5da32ef66d44b.html,942,ce147083b7aab4fef5ca4d40de98df1bbef29019ebed853d35d57831a871b2b4,no
review/rendered_code/bb7986d3c64634d87952ffac.html,1569,0adb1522ff71b89e31dbd1baa328fb8ebae7b55fb2a423520dedbef2959da81d,no
review/rendered_code/bb88d3781b67c47c061510fa.js,3168,ecfc838027072ac79128882ceac93cee0ae4b53697d4f988f47c69832aa9fa50,no
review/rendered_code/bb91af52176cc3a95a7a7ae0.html,1474,04f3aa2ca45641d0e1b2d09f5afebcb78627aae5c0fc276a759864aac2c5b4d1,no
review/rendered_code/bb938a7517556e14c7ac137e.js,966,88eaf5c8a07cccc618eefeccad98175c8fa4011dc90d3271f9709aade7649d79,no
review/rendered_code/bb97e39a58353d2d16d4d9ba.js,3304,0de9c9bb2a3b39ee024d29047379670ee8beb27aa7632c75e612c05523e53d9b,no
review/rendered_code/bba2a27458e904e597e945c0.html,1779,9aacb790ed162330532eff7543914137c13b7701aa280391605bde1b780619ce,no
review/rendered_code/bbbcd298ed58672765acdfca.html,8788,08ed341c25ce8ad404775ee87f47c857ee149cbcfb6abe7d7800296509df2ea0,no
review/rendered_code/bbe3fa4b788addae97d34bb3.js,9751,cf147e36a5f43f9bcbc3af93b48a037fabc70db8a0a84456b9fb19be02736406,no
review/rendered_code/bbf4a136dd31cb88811e36fc.js,9233,d9447c2306683f51f1ccb1863a59f4bb4a892a57b53b2a1c579263210c327a33,no
review/rendered_code/bc034d15e3425cb581c94083.js,966,773668dfbf77ed6443c87ec34d8aa182876a20f8c0c776691da378f106e9d0a2,no
review/rendered_code/bc46f661fd02aab2c5d1fa87.js,14934,85b7cf989ab95186cd55a7eb1982ebad781dd5460985faf822404453e7fbd909,no
review/rendered_code/bc547c74ad162f9a4a84f0a7.html,2023,ccc260b8c36735a903eeb548d42de472900b495219fdb3ebe71b06244d0c26d1,no
review/rendered_code/bc6ba95fc19ea7b2395d2c56.html,1722,a58d7a4ceb15838181b984548d5022f91289156ded3cda0c593f115a513f5951,no
review/rendered_code/bc71dd634230925d7c5c17e4.js,3036,ca9a741cd9bce79c4d648bce2afe430804b51c7cc510bdf1fced4a7b165cb3b3,no
review/rendered_code/bc76a12f327a695f088efad7.js,3100,85209f45cfcd449165e68938eaec8a5f7f4fc5f17291e87311d9f6bc2547de7d,no
review/rendered_code/bc852a5fa066dc2ecb861452.js,966,1f0df5692dd5114707ba285b4e708913763120f60e4c1ed655d5caa3b3213856,no
review/rendered_code/bcb15a1ef6547fa444e8a5ed.js,966,2c3895c3fed49a7fec697c7f882ac3abb2e50c834d64ed71732c86d186e25e6c,no
review/rendered_code/bccbd5dfce10da822a3b8140.html,7478,d8c214f42038210733a07a6cfa68f5b25dd0459eec981d0714e87b986b4b3f4f,no
review/rendered_code/bced94c7fc290de234410de8.js,966,cab025fed8de566f21dbbcd4c31de3a7c3b5b5b38703657a06d308f0b8349af5,no
review/rendered_code/bd05fb48c27e7ceaf3e06a9a.js,3016,58815e92bb49239f14b6d8675ffbf05e2deb537bc26ba73a129e07cafde445a3,no
review/rendered_code/bd0f6c83ba5e72bfea5e3c0b.html,1822,4445e54e9717c6020b5346d587f714dc2279036f72f97b89618476a231de21e3,no
review/rendered_code/bd20efba73945dbd7784ae85.js,3020,30a31bcb0c3e9d96052b99640b3eeee97b893782721299dea91e7d5014fe6e6b,no
review/rendered_code/bd41f047be7d4ded1eb48b78.html,6947,02957f4da1b487f1eaa754687574f9d8376f5664908ee45a9f6f342184c31108,no
review/rendered_code/bd52ee25cf817a4f7c7d9906.js,3344,346574fc716f32f786e61c5fe72d25f0c439e341c0eee64f7cd46df0189a7574,no
review/rendered_code/bd8bb9aa88f74c24773616a9.js,3620,a9315462fcdc1c0700d411f817ecc7e6f0a5ead7a5e23be751514b47e827eea3,no
review/rendered_code/bda6685a870e63d7d14d012f.html,1461,09f4dbc629ddff3e4d8723aa8cb3921d3a400c8db0241144208e41d557c647e4,no
review/rendered_code/bde103b1675b7b8eab938863.js,966,e270a4cfe4d4341f298b18875dca3dbe7a9b17dea626e6163ba5b02290ac4d2c,no
review/rendered_code/bde641276cb2752796ff909a.html,1524,7110c393b7dd2c8f24f269a917c584573cee9ba56b2af5e8bee8aec6e1b8f95e,no
review/rendered_code/bdea3f8ded7088fa357cd31b.js,966,cc9f3a3da06779be94773ccf4bb877f7e62a15b657f1852a4acfde147b6c80ef,no
review/rendered_code/be04a6dca6b3fdf4e62aa645.js,9528,7e3d3e4666d6fce900ef28389dfb18a6fdeae567936f3ce7ff9c362566cdcf51,no
review/rendered_code/be08d3431895518ac242cb42.js,3732,9e8233dd48a7a4a5fba5f9dcbc2a5e1a57e6ffa8fe1a334dda113d2bdd6de063,no
review/rendered_code/be2e0d438caea6dd89e74ca6.html,955,389157017a97bd1e99f73624f678077cb08a75c305b0cff82735ee49ea67ea92,no
review/rendered_code/be36c30dfecd22f149300c9b.js,9423,6b69855d1c760430d442153883b295945b1abdd1b4dfbda4d73452b40ab89d6c,no
review/rendered_code/be8ac3c647169b3754cb7a0a.js,966,78fd1bf513f2d6515eb91bc0492c8466fbe21a43dd4c5c65d784fc2008934f59,no
review/rendered_code/be931a96f4bc4fea23f09072.js,14973,967967285916b02b93cf2f52b13b8a5064d723c5141b04e1d54de1939e675022,no
review/rendered_code/beb4dd4f1ec78f969570b2ab.js,966,b20d06b813599db02dbbd0f4fa4f62861c099b70849d5c03d302a1951bdae66b,no
review/rendered_code/bec21134845cbda51d504053.html,1551,d05aaaac476aa1c5e637b22e2c32f323e6412e7791d2847e13965f60afa806af,no
review/rendered_code/beccf322ae86d1f2a2ac3b5f.html,813,190576ccc515557b6797127e946017507ea81673f7d86b3137fb6f861c33ac5c,no
review/rendered_code/becdb5ee4e717b25be94d4bc.js,966,e095644e54e2d96702201957f03791e0fcb21c5c4210c6f03a12299332ca2a00,no
review/rendered_code/bed3badcce917e560f8e9278.html,1440,8e6897fb87041516aa0cee0a2310cc12511c7445994b2584833298f0c4103d41,no
review/rendered_code/bee2b036ad82b369c8c65429.js,966,adfbdcd96c6d7b7be9871afca1c923473aad99ee9f4c523c005174908e4691e9,no
review/rendered_code/beec1ba02c7e7dcfff817d82.js,3092,3fcbae5bf8261c5147189c4804ad4c44ada5d5065803b1e81b4c8276819cadc4,no
review/rendered_code/bf00ce670d2b9c20642ac04e.html,1765,71c39478da528e09286d0306cb7544a7125231b86f0c3f4fbb8d2e28d8c63cae,no
review/rendered_code/bf089b1ff3b7462545f37052.js,25006,77f9a0f14084beee83a1b9bf266923747cf4f1c44c230e83c10b3a476ab2002b,no
review/rendered_code/bf12c9a200dcb50823e5950e.js,3696,747c3117983c6ee8a1c2fb0c7dc38b8f96c65f407dfe9c23a792a9deff316e92,no
review/rendered_code/bf158766f947e6aa50ae2b5d.js,966,3e4015eb9335bb56b3c2c77ffa5fc250431d29643a262a32c2cdb54fcf5f576d,no
review/rendered_code/bf1e3aeb2e97252d18449171.html,1463,f5f1d1824b413a0cc87712ebd1c8db74cd475258f2544229bdd29dfe7c46c3e5,no
review/rendered_code/bf5f5428d7159efb9b3d6c27.html,3900,20cd22b0c6fdb8a8db3bbb453b30b102c18b93fd1b304d7a39d4011f683d8459,no
review/rendered_code/bf5f8af8f729230cda6bbf47.html,9283,c839213a78a1bf0fe2e34d7084832737f3aeaf84cab6e519be890ba85c4773c6,no
review/rendered_code/bf5fe046f208016db635bda7.html,8698,78821a86648e5453fc862b9290b44d34fe1a01c48db26f7584fadd79de13c17d,no
review/rendered_code/bf6e7919ec65efd9990fb505.html,1460,118e355c2c4751fd7e82d569f2f1c2c5b166e609bdfc435372897886c93acc8d,no
review/rendered_code/bf91a8fd7e40e190d46fb52d.js,10997,0c7336516e16c062c25765de8dc78c286c7fef1e7f4681532f9098045b0a7ccb,no
review/rendered_code/bf944ecd59fe5d8640c9216e.js,4196,23d6a569d205a411cc4887d22c4d7129a818d1835fec06fd132f95c7ec10abc3,no
review/rendered_code/bf94612ace37f712a29244d2.html,19845,e5159268cb3e30f7f683e582aab7e42779af36cf7e91695c4e41a0485a7654cb,no
review/rendered_code/bfaa7dad9c014269cc9a84d6.html,1439,9e7d4c6c3579ddcd34f8637a655bff0cb07b2fc02e99bf6164e2350c2ee2210f,no
review/rendered_code/bfcbc4b6d4bc51fc0ba053fc.html,1405,7eb986e181617c5edb00b734233a6e7d901ad980f9d84e5c4f3697edd25b1c42,no
review/rendered_code/bfcefe49e4060bbff3370b9b.js,966,acd3fe111774f0694ce2ce63dbffe9113cd962f188f7ff6414e3cf7e7d61574c,no
review/rendered_code/c0052198cdbe4c0a42513ba4.html,1297,6b00d8e0b3807cc488ee95f55430dc10812f1106d39803953d46fbc735ab6442,no
review/rendered_code/c018a59175fd8cd7b61062b3.js,966,33efedef40caf6c4db41543c5d76f4b8f32b2713f14cf3df75c0840fa4a8a5ef,no
review/rendered_code/c024a5daa9ef9bfdfc6e993a.html,1461,cb589796fa2a228b314ecf5adb936068abeffc7b0b145b3d488abcc6b8148f43,no
review/rendered_code/c028266759b1b54489891230.js,966,a16128285bcf6034d5ddf1449dcfd9a300f9c921cd6ffc88beeaf897065c1d93,no
review/rendered_code/c03b11a7f3bf5c2dda87e022.js,966,aed1475735f64ec673d9362cbb9ab50b5981559897097f53d80b56e5235b3887,no
review/rendered_code/c03bb552d22fecf22425e3af.html,4859,c643e0dcd8c32b0e9a5dbd5f6be2a78307935602b684d801cf95834bb284ce48,no
review/rendered_code/c046f4e9d967a50e218ca77c.html,1466,eacb5d602ab936df984a29d98bdb885f05e0cd0f4202822d35ac240e2a44d0fa,no
review/rendered_code/c04b2e6e59041ffdcbc345b1.js,22078,03131340f78452d76aa0659a0b24e2428fb4fc7314cb04258d2190fbfe769e34,no
review/rendered_code/c05ba0dd8075dd0e55aa52a6.html,691,597fc26f5bca20258929ba5dcfd32298b223353b43d8db55056192613f4a569a,no
review/rendered_code/c05d9cb25ced3222cf510854.js,3152,f11f6d81972a0fc2130e6a4f7a82359bbdf82c6a685d00ed43b5f4dc03808d41,no
review/rendered_code/c0657f9eb6b94b1ce719e866.js,966,30237d258903b913ce0d4d36fae5fa15a270489bf0e76d6ff88f56a1f1a6a030,no
review/rendered_code/c09b81881c93e4c5449b68e6.js,14262,638dbc9c2d6720829032163f10416450f0a765c35ae713c146b848fe4f3a2e62,no
review/rendered_code/c0a8082cad0bdcd306c080d8.html,1354,375f9229fb4bf3fe2a904d51cde97876b38708f4d501ff09b451a2a0e8d54b5c,no
review/rendered_code/c0bb4ee28ee72141756b5fbe.html,8777,827c654f0792cb5e568a290bf933403fc213f7b9c7bf3bb0e460507a7aeea6f8,no
review/rendered_code/c0ea04c3d6e8bb28671e037b.js,20042,d215840c4ca9eb88adaaa39e03c512f9f3e93cb318302bc120417c9651b61e25,no
review/rendered_code/c0f27c57a748e3b374a3883b.js,10868,df07c5c16f70467861df8c2f2d3703344e254634a307521dd69e6bba27b3d304,no
review/rendered_code/c0ff9c28405d3875ebc2451d.html,1305,e90901822694960cfccce468ae6d07bc45740bcd3c0d1e61858993fad4641ee8,no
review/rendered_code/c102ce80bed792cde695f93a.js,966,756b048feeaa316f3068703bc8395657ec0a39689de05d1f07705670772041c2,no
review/rendered_code/c10fb63047f7a5d8ba768f7c.html,1445,6fe52e72a01ed04e29fc1e38537d7ff6e5882f354c7f9de0db299c636d387be0,no
review/rendered_code/c128b1b28760f7bb9c44dded.html,1409,8d6314e2c93ebd1f8ff75de8c5d071c0562b1ee675a1ae0e0132a43249505d52,no
review/rendered_code/c155cb03cc16c7a050eb5758.js,966,9c9e8e68698bd498478855e966af95653e7891a470b45e4fa3141c5dff1f4c9a,no
review/rendered_code/c15968b1a8d60a327a8abca5.js,3881,16f87a5850ecc985908c0a634c63e9c9f96e04635e024b9977e35425c93edab0,no
review/rendered_code/c163052f2e4f9c13da4df46d.html,1322,57437d30394e486de221ea210c625ab476c8f5b8ebcca24581014847a3e7ab30,no
review/rendered_code/c174dc7285b73bc8f997f1f0.js,3528,71cc20b165b28e2c9ddf783cfa1438eecee2a64e265c2c15d164d89c0e7f475c,no
review/rendered_code/c17cc11b59397ff33017c602.html,1417,32347c88d9149d84db907d337a598497d0a8953038e367ff43a4380434263d53,no
review/rendered_code/c18372395d541b505428443c.js,3408,2659d17a86930b988382d4a48987c244e2fcf2e28147522ad078c83ab6849c83,no
review/rendered_code/c184afd3e8819098910cb823.js,2936,e2e883c8667a1b6d5abd287ff08bbeeb8d60587f5789beabcb28564d247b728f,no
review/rendered_code/c18d5e57fed6abc66c2deb7f.html,1381,5c7c6792d77cd3176d715407a9a29e6ce99b34f5ba8eafc2b7b65a34bd87a50e,no
review/rendered_code/c1923699e5842dad64ecca1a.html,1460,012dab02ef89bd07ad396e19dac3646fd546ee63f1da64c25643058b78fe065a,no
review/rendered_code/c1a4ca36a3c0f1d6301f8db1.html,1510,fc96341b20715edbafd5a2ef5e024852d1161403b813b8d81626a77d6656398d,no
review/rendered_code/c1af427716745afdee95971f.js,3504,5bfe5340f30f6f30a29423f93185723f2ed63c0ad227fdf0f7fb7db8e1b77168,no
review/rendered_code/c1dd7d84c160b4b6d71380cb.html,1897,d8f66d922d5fb013c3bd78f17fb67b4a8b086ef3f6e81d8a0c24bdf3b69196b1,no
review/rendered_code/c210641bfd3a88cecf0d04a6.js,9561,d44c3a340c92c8b28bbd3983c094f84613488bbf9b3adc2584c176a9d7e170ab,no
review/rendered_code/c21c3c2e734abcabfa64ea95.js,966,f7064de77cbadb2a6fa940172213de2d6901d8fb0ac2f306419feb3c6b115533,no
review/rendered_code/c227cfa94a96341e5e5a507f.html,8627,62ef6b801f6a5d8bc083eea5d8e5233c02130aa3fe0b06feb7631243ab57d7c9,no
review/rendered_code/c249293c72420c2db9329c34.html,680,a34b7f5145604cfb57e0a9dac71b4d42352c1643ebcdd882933289989fe14b36,no
review/rendered_code/c252176999fb33637f112746.html,1160,2cee539c30a7dfb9edbcd44ea74b9883a3bd04ae0e9b1a1215bd4252e579315c,no
review/rendered_code/c265c9a331eed9277fd52b8a.html,1679,4ec73310afeccc869b37ed8d7e315d3aaa444ec2a0e4f289e1447afdd41a0856,no
review/rendered_code/c26b04a373c04b94a53aae95.html,1435,213c30f2dbe547021f7b939a4cb97753c8b46ff091ce9756a44ebf35b38b46e1,no
review/rendered_code/c283a8bfa1a993cbe2019bfe.js,966,5459510e9d1fdde5ad59f3257eb60084aa689ba03f28427fae48299ff34e94d3,no
review/rendered_code/c2963e0226f0d94cce369a3c.html,1447,fa79acd27808c52a1da8799bd39ed4613dc262cf610bbd4c7a897401e2180a31,no
review/rendered_code/c29e9870cf62e199b81f9e49.html,1473,cce910a61bb55b100fd090d182b13ff8079b20ecd1f9fffeede11a35119f9309,no
review/rendered_code/c2a25c1d472b52ebbeba24b5.html,1330,a3a0ddc1f34fb6de57de744ab95286bba56d16f33d47c40cc563700fb300cf4f,no
review/rendered_code/c2b82ac0e6c2a1e6eb91cbea.html,1420,863317798e1d0fba2e30f67d5a2b8fd101e0999c8c1d0a3f02aa3add8ce49172,no
review/rendered_code/c2db63b3e8868907bb0df9d1.js,9537,b83be31e7de42218653dcd3fd7c17f372e1cb91241f265e86dc46617d6e7e528,no
review/rendered_code/c2e292a8a74261407cd64d47.js,966,cfb8f4bdb79fcf06a4682f9759d4944eab57bd337dffd81cb8547945c203d6ff,no
review/rendered_code/c2ea05690f57a608fcff3b47.js,3560,f8c1fd3756f3de07cf9b748a7787bd72315a31090ca908a08f45156eb770d251,no
review/rendered_code/c2f1c9787e54df063023a429.html,5087,46be156fd1d7b4ec11a5e820c2c17b1b63ad79376e8c04ad34bc4ccbfd918ef8,no
review/rendered_code/c306a801415d6a968116f737.html,1475,69151091fb0095a905f04c95ee28a544caacbff99965ad09465aaa153893a855,no
review/rendered_code/c32639bf82ef410dc6c00f2c.html,1482,65d174e7a9e6e2ed954114d9e6ccf21363086d1a9b32d12347cffd9c20643dae,no
review/rendered_code/c32941b126de873cdbc28b10.js,966,501660659dc0b5a5fa9bc3bb82fc440e3cdb5b6549eec4d782a3cb9db1dc7e10,no
review/rendered_code/c338e25f12587411c2a878a5.js,191986,f307678febfd7e02a72c93c3025599a52af5831413a7eba735d6ba9df4696741,no
review/rendered_code/c3434d5417b7e2e70ae37051.js,3684,8aa0c5a67a4908c90291f75b1e34b82616a7ef7d03cb5f78f311470812a0dd15,no
review/rendered_code/c35536229e831556d248f5f8.html,1478,594e8926050812931c1dd4f9752099f127e37818a5e699048c5bcdfa4a8433ac,no
review/rendered_code/c362395d3d2dbd7e55145ada.html,1447,181083e9c3e5d985ecef6d4d3cb3515616a0440ae3bf705ca1fe182b6046f264,no
review/rendered_code/c39dd696de7cd76da3331a42.html,1868,d0ee95c399d961fbf66f322b980a5fb8cb45d89946e4224f09bba51e913b9593,no
review/rendered_code/c3c01576e1f725cd51365e4b.js,14545,79584066ac95c56843fb27473629dcd5025a8a290acb1168dba6606dd741c7b1,no
review/rendered_code/c3f782598611128bdd399f0f.html,1481,cd9e95f25806ad42ae5add840f4c82a0bff7ea087a265e8ee8d191fd77e3c80f,no
review/rendered_code/c415ce140b1c2037a57593e1.html,1674,ee9d77760f7f981e07444249a7b2806fbc898ec851b12b799db639fc14408cbd,no
review/rendered_code/c438da5bc1bedfa2947231bf.js,3680,447011c6500613b5cc82bae646e85e01129a879f7277e38b81b2c1ebe6f2cfa5,no
review/rendered_code/c4396ca76d0b356268d126d0.js,966,b2454030f3d9e456d0bd60b7bfb3ed7ea1f390913dda3728200754644a33e9f5,no
review/rendered_code/c4761e64cac60b0683b56535.js,966,efbf217068a88cac5987ebec0e3c4bd67460e5ec0a6be4adbadf996d13d3665c,no
review/rendered_code/c4a608df9cfa4b3cffccd9bb.html,1450,021eb3879a29eaf3a9f79dad64bd4de943e7ff32069a2695b8d5f63c26b75c88,no
review/rendered_code/c4ae863074eefc36079de105.html,24013,caf805c8df051848fa2cafb06231ab3a1927c5c726a705e0d2889e2598f3d1a1,no
review/rendered_code/c50609bd472dca66d06aed3b.js,11307,36e1578b62da429358193a6d74723c0a4a58fb48896da93659655b25b4ce3439,no
review/rendered_code/c51474611588dfe4a9ade3ac.html,1004,938120d556d1ce6ec1897222594509de55034cf403f5a87e2c5be9ed126d937c,no
review/rendered_code/c5165f35f04add9e1c371a77.js,966,d6c4f0bb7e0799fb2fae1b3da7a67c763ac3366e26088b14216fc6558acbeabc,no
review/rendered_code/c5402550d38f19fb81b1f728.js,3392,a6ad0aa0c911e5807f8ffb8173f453b9daf04afd31c4a22f6ca4ff8ecca09ae7,no
review/rendered_code/c55255ac5686e1930b9a1eb1.js,966,60ef592f612322bca9ba51c65b5802e571fcd436842157c61532563b405a14ab,no
review/rendered_code/c55984c826110677868d7e64.html,1361,f44ac5be7473e2a1ec820a161e8e8dbba4f1128d765383ab8f5328f3e1aadb9e,no
review/rendered_code/c59dc208a15a9053a5e68e5d.html,23813,60a007b5a080e69cac1f421e5108919218b1e5a982913ba72a92d0a5fc686edf,no
review/rendered_code/c5e5138cfc9cedb71cc1772d.html,5226,42cb995b659b58004cf25f407e149f3737c95a3d90a5057bf02c2816e2c7a1a7,no
review/rendered_code/c5ec85bc6318498c7c11acb7.js,966,27092d823b61aa6a7807fb616c50b62517c6aa71a960517fe5359fde621437e0,no
review/rendered_code/c65ce03c652d83f0c0c8dc4d.html,1491,2c0ee2261733e8dfdd2a3305d2fd042fec27b50c9ba04d5100f3bd9fc483079c,no
review/rendered_code/c66a3e7da8b824dc115736e4.js,7845,8f111b30276b1f038b05ba2da4882d603adeedbdf79e97ee413f6f1ad248f655,no
review/rendered_code/c66a663d9305af50402a747c.html,14487,ad5089286d6cf8c788a0654bcf36f5fe29626ab9ad22096f8ab04ba1edf3c811,no
review/rendered_code/c670d5920a8c8deddb2802a0.html,1250,5e679ad42c423079e67862440d07ea565f81a1c606e8383d417b355431ff17b8,no
review/rendered_code/c691707c60166a343433a3ca.js,3216,41ad41460ab52de8785ea90aaa0e00109c10fc54cce4a00934d21b03cfe97b00,no
review/rendered_code/c6a5205f6624e5929a90d00c.html,1356,a21c0b0fb78e1086b08b35f779275d49bcbe9d302a68e267632ae09f30f7e570,no
review/rendered_code/c6b5783212cf703e5dc7b640.js,3504,e6499bb7d083bc1ef94dcab1b71dc3cd2434064cfd66ad9f450a5ff3c7351f38,no
review/rendered_code/c6cba7cc6bf383939c655567.html,1454,80cdd615bf939d811fa483f769e05e3dab4e39b032fbb6d35802e6c7c4a1b077,no
review/rendered_code/c6cd02dbd37824b22305eb29.html,2254,13faab53f55cd68f8844c7adbb7155262f806845869b654cd6a61d0e40c8a0b9,no
review/rendered_code/c7206c738bb7b5bffa9a9732.js,3576,dbe04590fbfc1be372c77bce5bb27aee1738acb449e57547151a2857f6dcc281,no
review/rendered_code/c72ad2ed534d1cc7b71eab7b.js,966,7543f92bcf23e3944959bdbf1ccbb7b3e818382b427b14cc39ebe7c5a7fa7a83,no
review/rendered_code/c72b1640e2bf794ca7fd3b1c.html,1464,6a5fefa5dbcf79a302944b73642ee1b9077787e068e846e82cbea963871fc12e,no
review/rendered_code/c7302dbb85a3eed2ea63e1cf.html,1853,b528b6958d57dcab2b8afb5bbaf628da35dc41defd227c5eea0579a66cdb7dc0,no
review/rendered_code/c745bf71810360b541003d42.html,1454,09536acbb99e814868e1e6b69a295798c30fc3a90ca8584dd10d683eff41f3cb,no
review/rendered_code/c75c86ad82ca6c9d2701371c.js,3480,6b8b62f17222574a4d07f12128a86681b2b12a64a5714d30ba74250f08a83e5c,no
review/rendered_code/c76db896556606a4dfea383a.js,966,9f1719cfe9d8f85c99d39034a2a825531380ae1cf212b602a2f93d38acbbac1c,no
review/rendered_code/c7839268b613c9bde2e44848.html,1069,cbf6b26e1ff5fc4bca3edb5605629cc5ee3636800173e5ff2b0d9aa25e994cf9,no
review/rendered_code/c7877822de7f6963772396b9.html,1629,e8f14d2347593ce6ad1f314d68586c44e9a4d5ea71402dd3d6212d6df98488eb,no
review/rendered_code/c79c466f5f8ab2b0297f355a.js,12645,761768a4a8488735ea9e5fb00f6bb69579eab803cb978e02b03f523bc0fd9e4a,no
review/rendered_code/c7a14373dd2eb5f8a926171e.html,1011,4924b6852272197a36027fcc1e0adbf12676b405669d2bc56574313f94aa0ecc,no
review/rendered_code/c7ac8206006e39a1081c0c6d.html,1477,15a38c0860a65eea5b67daaa81bf33bf5c2f73a38fc7a1aa5ec7ce29e3466715,no
review/rendered_code/c7ea805158e66ddf107ac08e.html,7896,ca032187532f2f9c3f5598f79f193a12ca4669247f763cd9f038350af056dde6,no
review/rendered_code/c7ec1d1234ee88693cad50d3.js,6084,83d5257d58e803dc2168872696ab300dc12d6963d8fb42d5ae10dd03e7605023,no
review/rendered_code/c7f9bd0f1090b8ddf0aafe8a.html,1439,b2f1ebc4df636fff64ed9b3a54ba309c5c06956b04d9105ac19bc2e484468e31,no
review/rendered_code/c82fbe20a3f22772cd5c50b1.js,3144,c09c5c5a4af158f031f1b9b40057897b90729174f271745fd0dc7bed5f46be45,no
review/rendered_code/c841e685edfbdf0b09d3089a.js,966,2245dfcd4daca8237f722bd2ebc14d1850097b1f7c416f4dae1612df70c2591f,no
review/rendered_code/c855bf160fcd125cfc523323.js,24655,a312c14b52feec9b23fd134658dde147dfb51a8f52a3317f884a9fce5e218065,no
review/rendered_code/c869a0fed1a87f0fc9bf70c6.html,843,98330117c83e66c7d1fbe748f09997ddd1ba71cb2dee93836857484ae55cb19c,no
review/rendered_code/c8907ff85e80ca6c6531639d.html,1490,608e8242325368b8abbc0d08ebf7f24182b38f91d3377adba7a3ad47cd3b369c,no
review/rendered_code/c895727fc5a8a8d41f6a230e.js,966,cb617f0351e943eb3968b30b4bba77f3befca0b58961e063d9a8aa6db8fedf7b,no
review/rendered_code/c8b778f78f332b4c1a41d7f1.html,757,47fca563d490e2f56df0ec43f28d7f1d6b597d23c74036434d582670fc5990cd,no
review/rendered_code/c8c1f278352f325bf7b3fca6.html,1011,4ca6e8bfa5e3d3177eea42c179d1aa6f85bd37dc108045de64116440e49976d6,no
review/rendered_code/c8c505e65f779f267cfa6daf.js,7665,8f1dd7aa65b79d96e358118fc984901fa6a77736120d0ae4db4a12e904145049,no
review/rendered_code/c8ca99077c6cd080285bdb28.html,1392,a5271d3e597dfd8d5f51311f6a8aa0d9eef309417d50c38dd311197cfafda018,no
review/rendered_code/c8d3c646a2bdab023ae2bf37.html,2492,daba6fa9ac07a42f835caea8d1aa7cb69dc07ffaef6c2c2ae72419260c0f6d5d,no
review/rendered_code/c8db5616b50985b5592d4c77.js,966,accc174791c53d5e816102ac6b87636dc03ca9e9cc439b5252cf324ffc2918df,no
review/rendered_code/c8e9f1535997ffa6d3ef52f7.html,3408,43d3892f41c80eac6955769745b682c5127b5e99de00080c1b249060f305e976,no
review/rendered_code/c8f78466ca9892473fc4b6f6.js,11038,2c10915eb6417c23ccb524648f077726d8eb5aee4f70ca058d31a9d8286636d1,no
review/rendered_code/c90112216043ed849d09c223.html,1837,fdcfff3f1a38eb8cd4fa59d04542392eee0a4887951e66bb891f65321c0f45fe,no
review/rendered_code/c9035ef721a538b3a8df76eb.js,13970,aa634003f7a0bcf8fc7c6b04e697bb27f49055dc38d119afb9764439a33cd8c4,no
review/rendered_code/c925e381652f2b110d50a4d5.js,3892,74d0ea129b40e2005cdbe9b8d0acaef26cb9473d29e60d8326c5c12a53b8db43,no
review/rendered_code/c92889ad3d1e1d2e005bed54.js,167,2fc83306bee0ebc63537bded91938e33d782720e3a7963248e49c43cc5655239,no
review/rendered_code/c944b9bf25cb1f8ebc6083a8.js,966,280a92f0af1c0de38c50c10147f9a7337eccae879fc687b6f866673372c0ed09,no
review/rendered_code/c94c80353fb27d8de8c24a67.js,12901,fb8de73efde81d44cd836825d0d10edc2cf063fce20cd479012a2c4e580dd179,no
review/rendered_code/c9723afece07728a93b72b5b.js,2992,8af0af115a2360c8a320c0a96e95b628534ae6a6885b3fcf6c10894390206873,no
review/rendered_code/c9883e512c43db420a1dc09a.html,1513,94c6d95388de2112910f87472a3396faa3e9842a5aa75c6d02e598b6f24a7f4a,no
review/rendered_code/c9a34d3d79d501e77938a095.html,1831,dfafbacc31adf3846b9946d270e264f2710534f13e3e6dd477a8cf60e8006b13,no
review/rendered_code/c9bb730afa53180316a0481c.js,3412,742c14a43c9d935925f71d738d11a6b96c035cc911bd964a402d7a36b1b144ab,no
review/rendered_code/c9d5560d41e14975c62df574.js,965,a75ea0d49a14dbb7f04b9abdd3369dbf3b65e15ca690b8f9cedae0f66e47284b,no
review/rendered_code/c9ea7f5e0a38c15c4c9bddea.html,2967,84f684474ffe4aa55b103676d7c432281c3f0b2b010dc05d1fe4d26ebbf0ae8c,no
review/rendered_code/c9f1e1022bbad0c8b848c1c7.html,8627,b73becfd09041750b52f9deffba4a4ced24f88d2656c32bb1c8059c0d356cf96,no
review/rendered_code/c9fc2633deb2fc10b7de0062.html,1746,d758e3e3c8f758da8ae1e61af793eb91d866dca18339c572f4d2e3e799cd6b43,no
review/rendered_code/ca16eb7849de554819ccb91f.html,1451,5f4aa93a89576a0ad7a808b6546b5af117ae8ac78e36ce0466a6004b673972c7,no
review/rendered_code/ca1ae7ca2be41514d1534f89.js,2363,657cf24c646d7b50fca3a82384e731db97816ceb53f03ece3caef26899346504,no
review/rendered_code/ca850e362b2b48e27a16b41c.js,26570,3f21227be7835cf8dd9a80391b696378bfa84af131ba698ad08467c19d51b8b7,no
review/rendered_code/ca8f48e03d502224c5041518.html,746,aaf0042ed0e770f46d694ada518db9f9eb77659ef424cdacbb3bff69a53bfe43,no
review/rendered_code/ca8fe94a5a63bcb79aaab875.html,1396,6a4a1b07f0bb90506164814b2fc57a1b743ac3382a52e811249541960292b283,no
review/rendered_code/cabaeed13e113fbad54ef14b.html,8353,b388dff8e3fc7e6670553e406da4aebfd1f1768412ae54c669a10e137b60e9ea,no
review/rendered_code/cae199f47921881b0de4a202.html,19980,bad698ef6b21914a3da270422d53a585d829c6dc8d7196d3432c95a15801b70b,no
review/rendered_code/cae300aec0b372ba17060f6d.html,27775,b276895cb435e0441299fa9890d275f043226ea302eef437e5fbd7baafd8ab3d,no
review/rendered_code/cafe87ed7abca91e1a42b882.js,3332,f7f574e6fe9cbeeba0dad70e5d3ae55d3e63089ea9c49d4a3b343a557cad2231,no
review/rendered_code/cb116b2e8bafc0bd43bda8cf.html,1449,a8591ddcd78544d5f52c3d7658c9495e9e3c2b6bf7c01d832febc4f46a627145,no
review/rendered_code/cb185e6eee35d79bb231e9e6.js,3136,3faff5580fad474591d8c7013c388d384e1261cf017b23cc4b61fa9567859069,no
review/rendered_code/cb23524d5c74271dbef33784.html,2782,960adef9693d41495ee056094a15710732b9c11bdced3859f61815cf15e10f2d,no
review/rendered_code/cb2ed463d5cc98f17607de3b.html,2116,ef4d6fb80f9dee389e65902b91a53e97d0a474abdc2a86666f0138b8fb7070b4,no
review/rendered_code/cb3e29325e6ddcd1ce7f9d21.js,965,87e9d8895c1652068c09b85185e06cf16a3bfe2ae8ab7f845b1d7b873f684689,no
review/rendered_code/cb41441e0c31b9d99dfdc08d.html,1447,d18afdfd79006494913c87fcb6117c2a8cbe9a424a9154ea0274636b09e0725a,no
review/rendered_code/cb4c0e91015f2e375ea5e26b.html,8463,73802f0cbc8cd6388321c60393e1ae53183959941c45f434231f72386737dc68,no
review/rendered_code/cb63f88695c120f80fc76dbe.html,1434,a16a0c39d6de1ec81f1006f17be1fabbf46061070b412f769aef51b3f0628cd8,no
review/rendered_code/cb6e8408a50ca8e06c7f6eb9.js,12978,10173fa43d96c3302de6529a92972e5f62e4fa0bc90f277446c27ff8dcd741e2,no
review/rendered_code/cb841af8a1ca6901c6314f48.js,10669,c58c6bed9bf540edc789c3aaac9bc894a245786f07ca1b09a5d238f33b177198,no
review/rendered_code/cbb3884a7d20ee5c5ff44910.html,1477,b076393713557162701143858c728243ee792cca9089abc4dd4832fe9436840f,no
review/rendered_code/cbdbb775cac9757b57f1e541.js,966,428127256feedc76b1a55b966af15c34c8e3a975a97eca8c251a39dc20af4934,no
review/rendered_code/cbe0f6260833b1c76622111a.html,1404,9d02c1cf5a51c00e93bbb6aebb442f89b2f0e6bd4d364e301bec02a33acab25d,no
review/rendered_code/cbe9b7d2e088b7d75474b32a.js,966,32ecc2de8bd1ace2a0f1f3002cf2c91a454b38d3c4230ddc93396681cf51914a,no
review/rendered_code/cbfc7693560da1390ebbc458.js,966,0d6beaf1d7e040455b432e04626f5a24c05f90bf15ac0b51a6b1d50097bf42bc,no
review/rendered_code/cc1107ff1fffae4bc8101735.js,12815,2889a807e10ce052c7aa3c547cb8c70099f7c7014d159cc2978ec836d5302716,no
review/rendered_code/cc4ee51118d1d53e372bb135.html,1387,03ce68c779a11378d88fefb821120ab9cf3b72cbc96f5452c4e066cd469c5e85,no
review/rendered_code/cc6640f13b5d12bc3cb3fb57.html,1376,76e8221c2df769d768e09ceda64fdb0fba42d8dede6c39aa66cd5ca23ca84ebb,no
review/rendered_code/cc758bd8c1990054efc4db33.js,966,0670a14d81c78128ea2105a539c85684d45d3636a6a4fe281faccffb87f269a5,no
review/rendered_code/cc7f1829e7a00702614edcb6.html,7907,22a2a3c5ce823c219093c912bb6107db79f3f83f5a61a9f24ba4b136b8a588a0,no
review/rendered_code/cd10e4ad0ba9ec41a70a0b7d.html,1262,6fb026608550313648e3eb27e668cf46582e47b93f5aa5b06677c7c6fca735f2,no
review/rendered_code/cd3383ca52351f5d96bd4ce1.js,966,23f6bfae3a06e5772e5cdc7b575757eed5a8d479a40e1c1ec44fd1cf53c89fd9,no
review/rendered_code/cd348a0302833691df51e65a.html,1298,4f051b07b17b79873713a8029e4d695659ecb953b8293c3decd31959b5d0e793,no
review/rendered_code/cd3963b6ba434caadd37c123.html,7763,272e733355b9d5139250759ff51874a9e8d03e8b3ef484d0bdac6dc7d3ab00fa,no
review/rendered_code/cd4103ec7c738552db26dfc0.html,1481,d27be3f272d1ce4a6694d3a1a6869e07f3696be8b5ef1ac8d6355005a6244feb,no
review/rendered_code/cd46debd9b41c19c8580b9e0.js,353,59a4a49e69fb331b4dbf47ecd15753c3469e8b8d3346d9d6f1f9dc17ed920b30,no
review/rendered_code/cd4776e5bdb5d45555d670b3.js,3560,621c8104dac0a95a981c57cf25e7f3c674942e769f5826c11241edb2f4647f83,no
review/rendered_code/cd5a8d2df07afd65acc23204.js,966,d9465fe0e46d802e15af38924332f452a9fa3645f7d9ffb972c5bf95aecd3b64,no
review/rendered_code/cd7da463c24e99fff1db46d2.js,12818,27cc65bcce3325750ae8295f7bc86531112f89f9807659e0f0f0d8472e52cbb4,no
review/rendered_code/cd9256b82ca4646b83fe484c.js,9207,6ab90b9918a1d23bb884c35171450742b07a2f5d92a5b42cb5387799d8d44274,no
review/rendered_code/cdb48a08ee83c10afabdc4a3.html,933,66339e123b3f745251f41f678b95e9e5ad5633f4992974386981638eef85478a,no
review/rendered_code/cdf05d05648e6e641aec489c.html,1597,6248a99091e6c1a59d534d6adf6d177f11d32db280cc67eb6119d452537bcd3d,no
review/rendered_code/cdfbfe0d489e0748b4a9cf88.html,1096,948c151748621a15e71ff5b556d275979474147d10e2b53080fc0c6976d4798f,no
review/rendered_code/ce0da0077c676abe9d72ccf8.html,1387,f4b88c314ef2f9c2b17a9239f883d9b93a4d7970c5759ca1d4def1fa0152bd0f,no
review/rendered_code/ce4f3b6e42246d89d3d018ef.js,966,0a85c911bfcddf439587cce3590ffc1f9d265b9c42d3bc86a10d4b256906028d,no
review/rendered_code/ce5913872194f681e75d678f.js,22668,37959303284aaa0f238025aabb4fa076013c64a117f2923bc7d69647573a1b42,no
review/rendered_code/ce6a43dc852ac89bee821345.html,1090,6e3a5b23512db2ebe4dc6acdc3e3a73950076829bab0a3310cdb7dcbd377f8a0,no
review/rendered_code/ce93b9fbb25bda02f25b19e0.html,1398,d84e224b14233bebf94269c27053cb3d0f23a0a59dec1893002c395667b77ad1,no
review/rendered_code/cea61d6a403eb920b38efb9f.html,948,3e082695dc2432274c0dbac246fc4f28fc789d212d93de580ad8dcbb5925d32f,no
review/rendered_code/ceaf16f35bc71e3b8d3a54be.js,3088,46cc907f1a785eb1eefc60175dbb91fbc301be4b3e394172eed626800503c28e,no
review/rendered_code/ced2a7e4c0032f0d1f195a35.html,942,fedc8fb320fea52ed49197c63e4d07a1d59aa98a4a708d95cfb562b509f73d9f,no
review/rendered_code/cedac15e7f6f66c197244cf5.js,966,649984d4c8ce94909772aac17a1cd6e4c7f18a6a926ec8c787bb1bf7392baa36,no
review/rendered_code/cef301f1eb8a78ea908b9d2d.html,3476,399d0b6be02944e2d1f858e212ebb3209143b8c8c14e5b1909e1c2a39b97ddd5,no
review/rendered_code/cf07c0cbd0047d8ad67eb47c.html,975,4d51f5e2f00adfb5e342111078cdc17e15648e5ada6df6ab9bdbfb284ed9eb27,no
review/rendered_code/cf118a435299c76c165f1b86.js,966,a83c4de77fa9766f4c0603615514467e6b1cacf6dcfce3b60301fcba9b3618c3,no
review/rendered_code/cf479d1aaed7f47ec38c712e.html,1563,142b69a5ad1577d268839d0398fb73db45a91573f024047fb577a3a430990301,no
review/rendered_code/cf5a747f3062dd637de1388c.html,8852,7f6fc86cef9f0fe7725efe16f1617212efac62f16bbaeee6c9ce34932b8cb620,no
review/rendered_code/cf62941cc62aeb699ec6eeb4.js,12986,da1798d0a1ed96c4a9ba541e997da01aa12453f00e25962162f1205743181459,no
review/rendered_code/cf71818c27523be64c3c97a8.js,15394,38e8a2c95924cd37cc8f9568cc561810f5683edc938ec93573f6da48359be681,no
review/rendered_code/cf763f26e44e8b4ef04a1709.html,1198,3178bd326ddcd081201cec85695f3c6202f3ca1f83341df5d892b86bcc1e987c,no
review/rendered_code/cf7fb3bf01210c7d713453f0.html,1445,d67cb7f4de733aefd1ea9b10514021eacc9bc85f6ff7f674b03c37cd75a96a48,no
review/rendered_code/cf8cb7a5904d718dcea1e59f.html,1456,f17c58e2b514b9a7dc0d754c982653ce942a41a51206fd2948187f6b5518f299,no
review/rendered_code/cfa776cf1babb5c0cc1da5db.js,9005,e3c8a9a66c09204bfd06f22698048c701de54bae5a55c66ccb20ff980a20d743,no
review/rendered_code/cfb0deae39c327119f734eb4.html,1756,ad90236a05ef4d395235025cf60bf2f50785da8d1c328075c0590199984719b1,no
review/rendered_code/cfc98ed5ff555690df707f84.html,2926,2a765a8490bc01d1dba1e25dc77cf1c79f70b63b8a654a8b452d5ae9e1d17e52,no
review/rendered_code/cfd27de7b840f4038e1cc471.html,951,0038aad04e6c71f8b1ef5dd56144def8e9c3c7e17ef8bada53b2b07563dfc65b,no
review/rendered_code/d0060a096d28772c9e122591.js,966,599b8091be0f92ae3d0a289691b402595ba8312f53cc7eba0bc546817773cadd,no
review/rendered_code/d05898e834957377e1f7c704.js,10970,1d9edf7fcf6afaf5cf206d96f7302630e6fd9085452c7560c5ffff6d2e3a8930,no
review/rendered_code/d07de0f6e7755d5761c1e1c8.js,3360,c5c907d93d7ebec1fab1437a1a878979aa9b6cc862e42f076ab87f74def0f3b0,no
review/rendered_code/d08280a5364ee7e762108465.js,966,2627237cafa91c5464bfc4419b555b99cca2305888ca781140fd0a3b5f3e1cc3,no
review/rendered_code/d09ffb43c6125d8930d48693.html,1429,9cbe759ca713fea7b9494a7e36d4b84f05e8ed461152f2d51cedad98bfa76125,no
review/rendered_code/d0c59bfc914ad7a9bcefba7e.js,13885,d30e832d3d33fc8371fbf15c441c7bb1b6f82d8c888a8c49775a5ced90592850,no
review/rendered_code/d0c7374055c720aff724e16d.html,1441,5155f933eafdd929ae16c8039c38d06388c897445d76485d8b5539686092af52,no
review/rendered_code/d0d0ac6ab0001c67cbe612af.js,150973,9dcd970df9ea59102d5906dfa50ffe3965fe1f87b77550a2d41deda71562b523,no
review/rendered_code/d107e81576f2c03d45abb25a.js,965,502c04d42e6d568e266092c860ffcc0db3f8b900de9343cd7a83530c2ff98d03,no
review/rendered_code/d10c41c772d30bb5672bbba3.html,2291,7aa845e4d0861275f40db78a1bdbe54463883ab1126b303e8904f4f68bde07d5,no
review/rendered_code/d11626737a4e89f017f79956.html,1765,455f506c34b7c5838a6d780f20777a96ddeef6dab9054e0bb5fd39af5660b016,no
review/rendered_code/d1208f5ef05ae4b12a4b8144.js,966,03d9237b18ae66a2893f7d9dc4013b51ffe896d36f98e643107be7793fbc8240,no
review/rendered_code/d12c3e5eeb217cf43fe340b6.js,15716,ba75fd4560a68b6cd43a9ae1302245efbc2702a2fadf72426ee48c74ebd5d77b,no
review/rendered_code/d13143b9d8f22b9e4b864ac2.html,1494,c7d2f4159c6b34ffe8079bdc8921619d7c2a545c5de1518c21caedfdb86eb018,no
review/rendered_code/d1332c0cc1bc8b5f83fdbe3e.html,1383,317073a7e0ae6dc559406651f9405481707da890533b6fae996af27fd01d2fc6,no
review/rendered_code/d148fe17f5612ec52b70f187.html,1420,51e9cf7d229a69c4b6d325f26ec53cb5cb2d7eff9e3052d1e445de116f437641,no
review/rendered_code/d14c1bd92f728bdb51d95f90.html,9584,763ff18d8bb28a255cad6e55b57095a38dcc5315f6db07bcc9411bf46ea3941b,no
review/rendered_code/d1522d2bb2176adaa11bebf0.js,966,dcd8cfd9ee7ef15a02e5ae4b66a03403e87838a266cad8d7623fb596f34b62c2,no
review/rendered_code/d1802cb80ea2e3503fb9ad50.js,3712,431af1b7c8fc5b58023782391068e3e5959278a592d13ae29aa1b48f18967a06,no
review/rendered_code/d19c47c3e1bd01457cc48bef.html,1437,5037ef7180c70dc6cb1033f1a59f1752e25ff0c8d06fb9e6da9bf505e01db1ff,no
review/rendered_code/d19da821fc1f81ab75bd0019.js,966,ead8ce4f9d7a682f0ba35aaa652b547a159fd332844e91c507026e36216e6f6d,no
review/rendered_code/d1a3af7a5a9c2dd31bf21350.html,1466,ffed752f232c7156b6abee797668128d9113bc240afc741a502da2363e7c0815,no
review/rendered_code/d1d80d7b8238bafd9ba38c67.js,3912,ec6f44391cac7ccaeea5b8eca0a2a56e00805f6845375907d092e7892daa6f80,no
review/rendered_code/d2037c736ff81489bc8cdec6.html,8081,f177df8f7a524f0970a1abde6d2a3cb85849d99481d85b78fd21ea6a9a112153,no
review/rendered_code/d20825dbb1cfb53e39df6d2e.html,1439,9df38e193f606e2019818272f5ba861abef41d6997697aabac014d84c38a0733,no
review/rendered_code/d2083f40fde7fb8246316fcd.js,965,56b3fe2f381b32ad825e90291a2c2740ea820696bb28cd8e8e6dcf4748791d6b,no
review/rendered_code/d20eeb396a789aecd3b8e17f.html,1394,f306e144744440d30b802e4ec9f44cbe78554574d5380299dcbcb86c30ace7e9,no
review/rendered_code/d21f2cc711875367f12c476b.html,1165,8ef6257fc71e691ed79b29f238bcb34ea5d286778703285d6cb2e34e1f027fdd,no
review/rendered_code/d23066a78277acae382465f0.js,3024,c64abe046dcc5c77803afff48ff9d378f083097d3b95e307b1cbd19f83c1f9ff,no
review/rendered_code/d240e0ba32c9230cad4612c2.html,1851,acab184f458010a76b5896a01143e14b593c7543f568b592c785f4d6cf917804,no
review/rendered_code/d25169d97de0e5898d19b12c.js,16649,deb99b27567df1cbd599ed428de83485aa053297c582edb53393b2edc76a5422,no
review/rendered_code/d2653f7f5923a96494c13a7e.html,1322,189c6f4516c1b1018e7182151375b1f0c2cd45f95190a38ae195d645bd95d03f,no
review/rendered_code/d29beebb9d8df30cb898c548.js,965,4877ea25a26917d38826d4c625d3ec88e87d3d7d42f65bde465ce7826adc4f6e,no
review/rendered_code/d2a6fb2de0e2a085fce6c892.js,3352,2ef94f3fd7ff56da1ad520c6d1be941a4da96bad94cb2d04be665ecaeb5ff8a1,no
review/rendered_code/d2c7f5a17efe74f6744e0878.html,625,e02f03ffad8a9f2a8ad3cd7136376d7af4137d34b8f405c67341a57eb620473d,no
review/rendered_code/d2cf246a200c6c98f8e53bd0.js,338,3bd012bd3e3d43a307b488df77ebdfab0ddd52e2d9c811337aadf6772bddb12d,no
review/rendered_code/d2e6b33519cee2b90b0098f9.js,78215,95eaaf8c3425f10eafa62cf1d48a10aa77683da68c3be2a463b9742a8f139f8a,no
review/rendered_code/d30af8de5d2321a0e754a935.js,966,66e76efa4d345647f141c7c685a9ce038c3fbfd1c622f020bfa8ae6ea72b6667,no
review/rendered_code/d319adc6e4a0fa2cae313e60.js,4193,fe569c4bcc686712251ca955a6d80ddb6c79eb04c9f331592895446d3eb2b3ac,no
review/rendered_code/d331a1b1f7d603f54f86b130.js,37280,47163d1a592423e48ff8403d84c951e15d7dcfa32a6e8f1d7eaf0fd04f02a900,no
review/rendered_code/d3424d7db49ed865f4d58261.js,3704,a4a255d00163b6ae70733257488b22c70deeed4889a161982ac74eb895909be5,no
review/rendered_code/d34c8e0cebccc286899d6d6f.js,19332,d8584973abd8ca95834c6d73fe0979a0faefdc9760772f1a078d0d084d81a4b2,no
review/rendered_code/d395b5dcbf41cd4ffa6f08f8.js,3564,83bdd4661aadeb876e10c27409eeee0af25053e225ed4b2e97e72463ca00334d,no
review/rendered_code/d39b48e817c13fa51f85ede5.html,1458,149b6044149b5dc94282d2e608eb0311e4c4e159119d1f2f08f65338aba371ef,no
review/rendered_code/d3cc5b026f0dc5255902e249.js,966,65bf8fd338dd8825e373c7fea7ea8299797838e59fd9578af48a99147145bc1a,no
review/rendered_code/d3d8843aaa2597981b465953.js,2598,4da57f5befe851a549b2f22b6fef3a703ab9abf95d56bb8e092f961b72275733,no
review/rendered_code/d3dc21460b58cb39d93f51c0.html,1302,45da5393d0c57d6e75b8d11588da900070cae5e9dc9fbd905e3efeafec72979c,no
review/rendered_code/d3dc941b722e99985b0ff791.html,1525,5248a5146c52b2f52bae5c122530adcb8df21874bf423722737e50e0ee93959f,no
review/rendered_code/d3f793c7acba6a6fc5e5fd14.html,3577,fe4b5c27c122fe2c751aa815352d30f0ce3e125ba6c18ae6f2a881cf92f1f4a5,no
review/rendered_code/d3fa0dbf6310aac74c77c1f9.js,966,e7a14f02eccf3c30fa837ab1bf5cab7c5334c5f9f4bc2dccb31f8e3ef6798da2,no
review/rendered_code/d41aa2bd730e308f0d9fe1d8.html,9070,7ec4e0d3702569d36339015c5d3a4075d99a1a53e7552b8cf7809af924b701b6,no
review/rendered_code/d43f48357a3444d3b57f650d.js,13080,b3f216321440fd1f624a62b35d5a3c7f4dd1f45e528190fefb9fe8bcdbb00bd7,no
review/rendered_code/d44079bec3183bf2b42e2f53.html,1597,6d6d032d09b2294faf4363fef925ead35723b58d3756e8751471f450c640d68a,no
review/rendered_code/d4ac7323b0d0f4b09eed843c.js,3092,1363104442c47fd7dd56f7d80cdf3029442cea6d5582f6111975f9034987cf9f,no
review/rendered_code/d4df1c187bdca66e8d847d94.js,966,6282419168dec5f2281a7f1241f93ec26c85159602cd0ceafad2239fbf4bae85,no
review/rendered_code/d4e285f521621a30cbf8c1d3.html,2749,58b0f21407f45f738a65ac0529521eb057328837fd0e27bb536687b3868d7971,no
review/rendered_code/d4f1fefde5d5cf9180585017.js,3052,cecd78019b4ec6df1c968455cd46238f5e293794cbcbb49d2e5120143d6698cb,no
review/rendered_code/d51515d78652b0dd2ba7b97d.html,2312,3f2c24ea255e04c086a9288ae67473e92bad362b005245a21883ad87de74398c,no
review/rendered_code/d51c3fd73f119f7b677e0aac.js,3132,5a94509e4e3c9f7b1495c71e51288dabc352070ceb1e59b270352f9d0453e92b,no
review/rendered_code/d52ece18b4019b05c3c713f3.html,1445,d7f3cf613e0f2b8f4f7bce9a28cefcacd44862e036f87959f0b67d5071ccfa79,no
review/rendered_code/d5397241da5cd60cd6416a57.html,8455,dded4d36424c1887c3ec2260ac1efab22d3d632b95cdb0889d7942672d71b910,no
review/rendered_code/d5729df46e1a8fdd40d309b3.html,927,72defedd10e1c2776db68a98843596f534584bd695cc291f9ea75aa1d54c33bf,no
review/rendered_code/d573124c7c84ba18597ea237.html,1432,e95a91a8b7846b389729e0877b30bd95419cdf8398374d85719e2e340637661b,no
review/rendered_code/d58da4d350870cbc3b2faff5.html,7492,90b6e4c1640f8f59a89d25473aaba27640fa187cde019a0f11208d45edb11a69,no
review/rendered_code/d590ea76eef12fff64a30cad.html,1370,fb4dca46dc2bdb6596fc7df996de34b3a60eff3c6adcace5438634d2bb743616,no
review/rendered_code/d59307793b4f712b958a999d.html,8743,aab0c933e7641376ac9bbd19aa0e3ba44d57e1d74a83e7224ef2949ddad4a319,no
review/rendered_code/d5bdddb5bfaf74e2c1908925.html,1456,dca050acd0a9da59ca88d7a45aa78d3245913459b0c5030a8fba5c5240cd6f71,no
review/rendered_code/d5df61bb10e1e18c15705147.js,966,7a25da766b49f38250684fbf45c9b286f5b12c65ced74065f91e027f3cd9017c,no
review/rendered_code/d608c98826e00fe496392c45.html,1991,4df5879d310f17be46157065319ac00a3c5550b83caeab3d9f6b951920b1630e,no
review/rendered_code/d61eb0c10d3bbfb1931bbfaa.js,3764,213cb2db845871aeee2a05861556938b80a61c404b0631d85c93809996d38c00,no
review/rendered_code/d654b1feb6e2e754ff4df16a.html,1476,7d93f470ea31b29ec95848cb4e34b34891350212b999dc84e5e655acfbeb0ccd,no
review/rendered_code/d6556caf6a49b2c9b385b6f3.js,966,b1be0c35d02b1589d1ab12026b2de6538dfad9fb688c61a232e56c24338ece27,no
review/rendered_code/d66709661d024744158239f0.js,4076,00299f59cf5594c3cf571029434379a2d08a9c0af818e164069cc21fd310bd41,no
review/rendered_code/d67a6604f907b83e54fbf4ca.html,1436,da99ef50873d7bbd7cc655a4f313894c61ded54d6babcb1060d50354b16733b8,no
review/rendered_code/d6977fb2912923cdb5ddd526.js,965,4af721560ebdfb01853978883e633fa3880f68bd32b3665a8c79a33f3ebe01ef,no
review/rendered_code/d69aca9e4979696e3f435071.js,3672,62bcf6aca7d51e680b4dacb238531b7e9af8dae0f8cff9b8b35c831a1158a30c,no
review/rendered_code/d6a60a8138153b6716a5089c.js,3144,a24645bef05858c1a99710163c1cb531d4f23072fe3ce2cac7c9553034c41d53,no
review/rendered_code/d6bf33546a05d58fa25c8c9f.js,4116,a7662f580fe5624280389c2c58207714fd327569cd0cd1059c5f7b987ec8bb3d,no
review/rendered_code/d6c9879c4a37e60d41658f25.js,13086,5e8c92b26be42daa19bbb3cf0d48a8423cc147a7c69b7ec90f0c1c7c36f8b2a8,no
review/rendered_code/d6ca76e3b8c2fb6433d8a9e0.html,1535,33afe3febf660e7941dd7e2c452ce0cc9d238abb68c742085f3132850b0762ed,no
review/rendered_code/d6f48d66763ecfcf78ce5c14.html,1017,4cbc3c065034c5cd7a9fd49214fb7e56712d0f003eeb0c3236f8760637a89167,no
review/rendered_code/d6fb476c2f2e3c798b4000ca.html,202,d6fb476c2f2e3c798b4000caeebc41987f43c4015b1255c0f182ba498a1413a3,no
review/rendered_code/d712ecacb90e087ff9faa815.html,1447,ed82c828e224efe3c79b3c6fa3bfeb5625e354652c350072062994cc8eebbcc0,no
review/rendered_code/d713708174581aec6ffcee9a.js,11490,b46648b94e2db8985a0fb521dd5c461b3c0b36661f00e7c4c099518dc7e625b5,no
review/rendered_code/d723175db12271386a119e2c.html,1511,c3ef0f34b052fbaea43bcd375b7f2db50ba9d150ea68fa54bd01d5848bae89f5,no
review/rendered_code/d75019e8a6e1916c83c7a070.js,14860,63f0d18d3c54cbf93a090e08959f2c1bec8a812dcd91fecf53874484dec85009,no
review/rendered_code/d7890f7725f3586138d9bb17.html,1314,6b6e3703258e7c2eb48220b50d416bc5de405669248c5846ffb301e03dbc7ea8,no
review/rendered_code/d796525107b35f2b1d0ab5cd.html,1005,fa10136b6751cd2b0550fb507957ed124a0341331d58d5c76fa29bc43d66db1a,no
review/rendered_code/d7b4bc0ee229a40f62693e18.html,1166,41594d0713fc295e412a33da6134d9b53b658f63782ed72ea64129cfdb3c2650,no
review/rendered_code/d7bca3c03899b111cafd4f92.html,1402,a0927dffcd9bc4db10dffb41156dc08fcf5e6307dbf9c6b757d8fd565ffa551a,no
review/rendered_code/d80296ecbd354074a550ccd2.js,3432,4759cb7328ab4076daf80be15cef5ecb650c3e09240528d50b0c620a6c436390,no
review/rendered_code/d81609324daf1e6d959262e3.html,8507,283ada737e187d650fd5b8c665a74894e89edb4f53ca283c0df30e82ce4f8365,no
review/rendered_code/d81c1325a2475eda38f316cb.js,25436,27de3dfcecc3d39a0813f861be3153452101fe8e5765e7eab97eff4917dca785,no
review/rendered_code/d8208e40e4a4b7f3de7b66f9.html,1491,58e62cb17a9417bd70272728b8392142f2b7aa72089e0ea716532deae53e7323,no
review/rendered_code/d8258ed4c8af6123dc79a1e3.html,1414,4bef44e645427c07866dcb62b7d9de2cba9713db8689d59b30b1267cb589a167,no
review/rendered_code/d84d8207ecb1c89cac7e99fb.js,2964,c042d914e4473d9a0b22c7134d7d4a3d4bbcc2e33c9797da6b71683eb2f227ab,no
review/rendered_code/d87f7c6a08d74997d924df00.js,9523,6cd8ed7c99207e8383f039c302e0868f4cb010ab7a7ff1143b11de3e4d741457,no
review/rendered_code/d8804edb8df8286233217b35.html,1492,8dd041b2c819c1b92c817bf80881b4ab8934fcd743e7557901e984cea743c561,no
review/rendered_code/d88298bbff15415bed3d02f9.html,2070,498bd3ecf367ace2eb02c346630e16e82647c60edf6a5f57e956204b97483f9f,no
review/rendered_code/d892d62577d74e7225288dc5.js,10997,d5fa3e1717e0795319b7e6072262ae225d36d22783f44e3c32aeb49b55f94e96,no
review/rendered_code/d8c4690d7f40663eb8ea1302.js,966,28bc68cf1fc101617997c6e5f455a7555f5434d481c7240753a2779e1dea4087,no
review/rendered_code/d8d0da2ea67e4e8291c0da9b.html,970,6cb06ca04aafc3ac8b323bf0df3c8f7bf41ae8db8f32a91867e9e0d7f6fe0cf9,no
review/rendered_code/d8d4efcd912f48b876ee5ac9.js,966,0912cdc307c444cab229c063bbbe0a0345112a2e265b901cff9bfa9311386468,no
review/rendered_code/d8df36bd77bd46758541d6ab.js,5977,df47f6c74a95b31cea438c5bd1aaccf19b64483e27fea2969512d00217e52e8c,no
review/rendered_code/d900eff724c4398e7f14508f.html,1366,60cc6f64f098196ae45d3cbea847fa1642920ff2cf8bcb80568ba69c5dfc1036,no
review/rendered_code/d903078689362433c74befaf.js,10698,e634a716c6990723bb537a6dfea1ea9f9f5148331be80dfc84f0888190c342d9,no
review/rendered_code/d9287439dc485aeef0e7a2ea.html,973,19d35d6a8d5f07c26dfb0b14b26999843ce5e3e9baee1c1f638087710f7d9387,no
review/rendered_code/d93529a7cafeef70be0b2880.html,1448,5cc33a7a8165c3bf66bed3ad2d8f5d3cfd2f1de05ce02438a23039e48046a2af,no
review/rendered_code/d95a42621dbade1442ed75ec.html,1416,aed14dbdca550da9299730745c24810f3c7367efcfc4c30e616882900a6727f4,no
review/rendered_code/d9f2495524d9b42740576069.js,3024,054686be4d5861569d8197b2d13b3786951f0f7a2f982a81fa247fb345a67a08,no
review/rendered_code/da1812c144ee16cd89032b88.html,5057,c1fd48177fec20af54a1fee459d1c361a0c5f080bef00409d2921c871d20a019,no
review/rendered_code/da1eb43c93fc58ccdda83cda.js,966,49edc064da5086efb385d1b979111edd0b46e9bc755bd77f54e49017cae482c9,no
review/rendered_code/da25d7afd449c034a373df2b.js,3956,d7c8af43652ef6e092d675c7ccae0b462fb71d1859e96536f866076396274159,no
review/rendered_code/da2b0d25883fe08a700e9b8f.html,1457,adfe7258dc703adcc2a814afb1f26d8d2799183e22745110849cc4cf95ad01ab,no
review/rendered_code/da2d13f4f998ae082cd062b1.html,2799,f9994aef4f35181f10fd73eea89ba3c8d282318d12b1db17a1b5fca570a38219,no
review/rendered_code/da33ff2e79f93f6d965bcc72.js,966,ed6b2aba8ecfb32bfacd93938ce1241c49d0f9eaa38f7045e71bffd5fcb5b507,no
review/rendered_code/da407d118154dd1c2a23ae59.html,7367,2af316eed4b3a60a6755b1c4b67792a7baf95e08222792deea2fc14ab1624a4e,no
review/rendered_code/da4ef0e1c3791f8e81a7d9bb.js,10849,95876bee8d5ca41473fa92e0a8ac89a061e1a40dbe9dd18afd6baa8bc6d6d70a,no
review/rendered_code/da69f1fa7f41860738e34d1b.html,1368,aaae8da89c9535d21d9d58e07a40a9cc1c8b62e2164cc94c2ee3b07cab671240,no
review/rendered_code/da7693082824c9c86e529794.html,1062,121d1d3c4779af92229fce9410a3b14811cb6edc5da9c74ce23e6a1e0ee2222b,no
review/rendered_code/da7b72ddee9af46c1a378e49.js,966,85f0625e92ce44728b7ed87e473e0a946a9eaa2b11a080d52c1e8e8e5c58fb00,no
review/rendered_code/da7e2970d616aa476ed369b3.js,966,3657e71ac83923089a8ba097537c3850cf6dc72c0acd53132ca233be8efeb5a7,no
review/rendered_code/da82a18f68512a0ef071d3ec.js,4193,d591659f0089e8124a945bf607538886188f9f5d3c4cf68da81896fb9819be2e,no
review/rendered_code/da8a5130188d6bfb8a0cd102.html,1449,0cb334986390c4a76cb01d8ba1a188b15c2e56565308c58c5fce0f80bc6a3e17,no
review/rendered_code/da97d2ac72a614fc0bf97e80.js,7294,bfb0e24aa5bb88de4375280cca99aa520002cc835af200732ef26057e534a3f7,no
review/rendered_code/dad380dbc0f733e4e4c61c16.js,3076,b93d8f63dc94eb020441d649ac7aaf4dd034ccf3461b1c51a5192dbda350696c,no
review/rendered_code/daec88af24d9fab20619cb05.js,3612,d9f0b8dc6e25688e6cc0213b72cd4eee6157426c306dd1e5d10642056d7414a9,no
review/rendered_code/daede89faef3a0b25a8bd162.js,23813,5eed73d021b9281412de52f41ea84aacd0bc99a9a5e20ed261bb803a8c03931b,no
review/rendered_code/db033218b99002b80701362e.html,3254,9ca0937b72acec36a47f83907a86af19376e3b1c691c6f2e2a91e6dcaa24836f,no
review/rendered_code/db0388824d0715cfc7b0ba76.html,1401,1acf9b634f149ac1164634cdc3e1b915d1234c0f4914c37c215b498e118244fb,no
review/rendered_code/db549fdbd58b23ed4d612338.js,966,85853a0bc0de48fbb2cada7b93b08ae585ab58ba099f9aea0975d6cc988bea77,no
review/rendered_code/db5d74dab54b3ca5c0997ffa.js,10861,d62288dbb1a9d71f5f1f705de4147da0df3a9ae7e69b9d243af9ef64911e1e97,no
review/rendered_code/db5ed112b29f7022999a4712.html,1362,5393d5696ad2847f13bbbf91ebebc578cbb8e44c05fe3f9522489299d6577992,no
review/rendered_code/db66ff632e1fda1c63964689.js,965,33b1aa26db061132b7cea83467bc1bee8d251b3c3a6892de8d4308c7dc3ec861,no
review/rendered_code/db736b53666ae9281120cf32.html,2039,8c4adae4f0f395979069e6e7981b0c302f62c3bae703652a41a6cca028966258,no
review/rendered_code/db789e4f452b96703e3dddb4.js,11546,8109ba14d417bef4b82f59b5049a288d2c1b2331cacec0e70ed98cb649a790aa,no
review/rendered_code/dbb93650ed7b3fe994a553e4.html,1164,3fdc26bca2c2ecccc2e58977437591d5b1ff0ac8053c9bd90fe0aa7b75f18919,no
review/rendered_code/dc19588886a12815a2b8afc5.js,966,7d741af018eec1972533866706ce294730c7f4b6a125b0693098c558a4fe8a89,no
review/rendered_code/dc40eb6f4ae8b794eb11533f.js,3556,0708108a099af0f966a90463013cb1b1271379fd5f98de0c1134609f1be9fccd,no
review/rendered_code/dc6821834b41a5b05d66a118.html,3891,54653e0bed3af6f6fc6723105e68d2af79d0b1a9994c0aeacd7400c546cf17f3,no
review/rendered_code/dc6b52edf1326d981d86dc52.js,3108,87e408be71a60d1be84423dabcd9526e546e3fcc863875d37c4f2424d86884f1,no
review/rendered_code/dc7e5ce2ffc9b871f1b6c1cf.js,16733,a7c4d9711223c3405331b53a9f0313b99006a1dd81841907b641e8c86b163db4,no
review/rendered_code/dc80e9dba039e919b1a6d155.html,3154,167b31c3c3aa45eddca6a09885df8d45338920eafff9f7656c9e28da1969b30e,no
review/rendered_code/dc83b070bfeca6c7088e8b7e.html,1472,7eb7f621706791b17656a1a1306ebaa02b6c12c83553139f2979ae605ce9821d,no
review/rendered_code/dcab84b6c874d978d70b9030.js,4004,62659c32de06d616ffa05023b565ef2e1f1263077384196854834536ca262bd4,no
review/rendered_code/dcab9524a91cabd83ccacc4e.js,18269,1b45b3c99dc5b4ed4bb1082d3be375f050384a0ee59b35eabbea716114f9e918,no
review/rendered_code/dcb239c297b63906b3337bad.html,1346,3ff03669bfe10ca2e13e78fea60be677b000bda6b7df9d3d2f9b7590df7af4c0,no
review/rendered_code/dcc4557d57cf1630c9594782.html,8115,b0c6febfe1510c11a3086f5d862500040c47b04e9e48b2dbf2fb7861318a29cf,no
review/rendered_code/dcce649c7c910803f5663cf5.html,1320,916f1da5906e08c08afdae505fd5130399c2436e4b3dca8f819eb294413d2148,no
review/rendered_code/dccf2c542300bd06774173f9.js,966,eb2780da77707de035bfa2b2dc914c539e370ef87c0c754f3a19664981dfd1cb,no
review/rendered_code/dcdecd163c9907de420c5a8b.js,7294,49c77741e5b1ca6d66ba4353c6a3c28b23c90f1d5b0df0a39147eeeb02dbe81a,no
review/rendered_code/dd2141b33dc5b04bf91175c6.html,1630,f7cedc71135368249ff82890007813ea48acb0b7ca236d622417fc3a7b490a27,no
review/rendered_code/dd283c7daff4f19c61e74d42.html,1422,af0d20bd0a4b660cc5dc3bc27ca17c1290597c5d5acf3a8ddd7af68a2fdf61de,no
review/rendered_code/dd2aae2724ce5643ba74a793.html,8208,68029cb53f19bdca5c238bed9f9662ef69f4cb76b7401a3e1f460089e1aa49de,no
review/rendered_code/dd4663cd186ea89a77f0e980.html,1412,04bb31f6d051cca9897e09313904bda30b4210b3a332261ccd71ff50e96836cc,no
review/rendered_code/dd4c8207e62b2f594e95c90d.js,11444,66b5dfbf531a3f6474edf4df5fbb7816bf2847693afd9a9405b00f4b0873e163,no
review/rendered_code/dd5ae9b3c9ad77a79271440f.html,1424,68c28c064c6dd805ea7d69828933ee4b02e8a280c9f3b8ba8d9d4717dac933cc,no
review/rendered_code/dd5e32b895362eca0313b25e.html,8798,bc3c89547885209fb307d479c1e173743f05ea8541103531e9b693a070f45da0,no
review/rendered_code/dd654f2d1c9fe28f8cf979c7.js,3224,08cc738530da9a5376c5b43ef840964e6191d8eca3f8318da0e20541afcf8b05,no
review/rendered_code/dd6676beceebf8649591299e.js,3124,b084bb7278a988d02cfedd3bc4615ccede51bc8a4978f19073debfc93b755028,no
review/rendered_code/dd8d3a9989363080857eec64.html,1409,a1a0a796ce57ed82a6b6c7ee9eaa61168f24a1808dc84fe9241b11731fe36dfd,no
review/rendered_code/ddd7771a0fc2394fa4da98a7.js,965,a71723a2f3d6d8be63677fd099cff612aec625d4ceac1d834b9bbc32cfdb4c5a,no
review/rendered_code/ddee871f0f8a85f92c876d55.html,1456,ca5997837f42c2169fd08ed4f00bae67096190d3aa261b6883cbc76283600734,no
review/rendered_code/de03afb6d218b8c53f2d0f08.js,9751,59cd0dc52ab7816297ba1f89cbdd65b46674b5bc801a578768f42453a6a7e82a,no
review/rendered_code/de097dfb6de80147bf708cfd.html,1472,a60a5d16e7ca6f212b5981c5b5bb2d7d97b1a16577ffc4ef7e1d99564dcd42f7,no
review/rendered_code/de1d03b9e48aa653af7b4580.html,1460,d794786061f8c119c44b0ef685f298d60619a70818c08c1328fa91834130a3e8,no
review/rendered_code/de2c5855b9eef3ecb342df99.html,7436,09aa86f5995eae146d0d24c9ac62ee4790bba5dfc5ae4b4ab2b397cf1ec2dec6,no
review/rendered_code/de3cafd50bba04db44076d1b.js,966,1ec306161dcba4ea0fd75d67356ada2256cee4cbc180e310f64ea73bf374931d,no
review/rendered_code/de6110891077d65b73404425.js,966,cb670533fdde153b1dafbeeafd278d3ad66188d3ad54ad50677d5560912eae84,no
review/rendered_code/de6aa460cb3aaec444397fcd.html,1089,2c21d07fd73330ee50037d8ed391fdad332b46b0e7155f12e7301bf0621c6a8c,no
review/rendered_code/de9ddacc2c697de2f544ae2a.html,684,7ed5a5c9b9f0c71a50d28ebae6f8b0960fa1e86627bbaf04225a8027538e8bf4,no
review/rendered_code/deb38f7b715fa7e2853a9492.html,1271,9455037f388b0f494236e41d16499a422c9e5782db8724f47bbb70f3f6f504da,no
review/rendered_code/debc0da9b003ff9290707f14.html,1446,96fbc0073d7a690e526aa02a68c6d58997b8e7f224d770829fa466e97ffb36ca,no
review/rendered_code/decbf05a51ebad2ba1151807.html,1370,d37a48106577e4afc9bf3d141651d002c73782e6191e19bfb726e899d8963436,no
review/rendered_code/df1126113a379d205ad865f3.js,966,83f8e6e14b7d38d6b3749af3c8b342451a1fc9706731aaf496ba2e2ed25f6ef7,no
review/rendered_code/df18026abd4f924e3659ecbf.html,7529,92a2a9987043bcce6bf5ac9a47a4002697a208bec6a4003d637a25e2ff2e2d8c,no
review/rendered_code/df277aa0e212696e783545c6.js,9412,b7a9570f4d4ce800f8a5862f0ed53f298f62709a05e86db80f1bd708e1367243,no
review/rendered_code/df328476a6c214e4f63bfaf6.html,4351,2844fcaeb54f7de0e6c8970d7b61f344449588f94458a9e3bda1febc4c2b8e7b,no
review/rendered_code/df49dc6ea507d8f9f28c17b7.js,20404,b6a9f48c0a32f848dc66c9c2acae9f2e912f4410055f61cf8c2ae0983f698234,no
review/rendered_code/df50498f80329e5f792c3513.js,966,448849fd5633c50dd678e9415a92c5799b6cb2a9bda90cb6095bbfb98dce00d6,no
review/rendered_code/df58279d135b9682e9a5b93a.js,3156,9a50147ad702146575b78d331482ce5afc62d5b1bdce8279a55df16abb481232,no
review/rendered_code/df9ea9dfe9434f7eae1732da.html,1017,d6a9731b40c3e69c809637994655b2fceee085ad6684e9663d825e3dd113e6cb,no
review/rendered_code/dfbce89d9048772ef9fea7a3.html,1454,f79c284c619b4bc6178c766be15f2e0ee68f9e191784afce153e832b30e41fb3,no
review/rendered_code/dfcfe0dea351e164e3de42f2.js,966,6e9505f602b779f6fd027bd25eee06d750e75d27d0e753ce29f5038d4c1af1ca,no
review/rendered_code/e015579b9d47c12d4b0ccaa8.js,966,6ea35e837243c74bb6dac62b086840cf3c24fcb603e1b20f233704bcefe6f0b9,no
review/rendered_code/e02bef8f5764f802857b48e7.html,1875,a3fc42f83a4f80a368230348cf6164d3c8fd4461d3153a1383f6a3b2a6f77bf6,no
review/rendered_code/e05b01337831567203f8563b.html,1527,f19d9990ea75212b4111dcc7aefc921b22b1637c7cb7765b3bdfd70024e59405,no
review/rendered_code/e05fe57ef92fc996ce3272ec.js,3380,ad451867c5255d21d1471302d6347073a858ea69c1ec33f7fc5ad1f3c90fea13,no
review/rendered_code/e0a1a8b66d3a05bdcdd09c7d.js,3380,88f5f48cc3ce0ef8ecfd3c312915f4635ece383f17f3edb3129e8c4b74d54b50,no
review/rendered_code/e0d54fa57d00fca5ef4e4d88.html,1577,ccdc98607656bfacd3433a07a72b080c00523d9093bee884551e59a25804c358,no
review/rendered_code/e0ee0a587bb63c2f67a22445.js,966,89ed0d93c82fd0a15932974b8b5a329ffd48e990b6f0dd24e7f9fff860d3577f,no
review/rendered_code/e1008b67198a434276e61c89.js,3816,291747d289d6101fe0d3fbebf62b8cadd842cedaa1c883503488177f64e6b4e3,no
review/rendered_code/e11095aeac6378430e30dd49.html,2253,0dce6774e388b1401c49d3bfb64f4efd1ef1ae89a1677f88fe79ac6d1100edd0,no
review/rendered_code/e128e9532fd9a1f4354fb119.html,1484,07cd4fa3fdcc85277781f4341add1fb52403766587c2ae031dbc8c6afaf33723,no
review/rendered_code/e15f7925bcc6530722deee0c.js,28622,19f909bed507a2ab3a993e0291953dc90256d3d49d2645d69523ded0ba01dab6,no
review/rendered_code/e174e47a9786b2cc958b1bb2.js,966,76d27d6428372395562b766a672e3afc307846a72cf2008cdf7b2260180ec8b8,no
review/rendered_code/e1764df68e3f29f760c7737e.html,1754,a7ab045eab172289ff2335cb44f8bc07d6d88462b9805c73320cb12bbbc3e874,no
review/rendered_code/e1c0a85f34c0969ba72cf11c.html,1500,d60de47db033d17fea5e41e1449e9a4267a091da4ba9681afb408e41f7947279,no
review/rendered_code/e1cc8d5796d3ff9267e259e9.js,3084,78ee45b6b28f87b1ec6ec17436e7fa85d4e348915f78cbc1e5aaf1c6b63665f1,no
review/rendered_code/e1e6c938b7f4ee3ecbe92d46.js,3712,afd3d68aed278c9f0240c1745abe032decc16d1c2b5a0bfb8a75c71772ddc247,no
review/rendered_code/e1f06e0da93efe9e64ea9732.js,966,62a179426186b89c881cc4ef1382886cd8ab26d726a01937a9ac32348201cdd9,no
review/rendered_code/e1fa7ee048e12d978248078f.js,7703,bac4b7a02696ee08a5ad21cac24b3783536103103da24846db5fd8a4149a8575,no
review/rendered_code/e1fec0c3810d6f4d08180574.html,1482,510cae46a8c2324927dcc043d8d770b4752c16da6459d1a4421b359d6b6662f5,no
review/rendered_code/e21aecceaef8344c32cccccf.html,1730,35124b484caa0d7f8bcbe9f4c21142a4bf411dcbfd2c55daf907019a0f30ddc9,no
review/rendered_code/e21f17304dfab72a13d5c1d9.html,6942,300dfc78231e597b49ffef14cb9ef3c4033f4ebb22e8c06da677d56919510fca,no
review/rendered_code/e2304c16a8986e7950ca7c1b.html,1466,5c4812933325f9aed0393a9e9132e9d63b81df76869920bda25febaf707a2018,no
review/rendered_code/e23821002b83f71558da41c4.js,966,9e36712b5d2f5e3c968ca6da2d94649e85330480f1e34d7dce8e44ebf5390cc1,no
review/rendered_code/e27cb68f787915b8fd3b30c8.html,1485,f99efc920e1da696d1607c90087900ff234311292843e4f4c54e4aa09eff96c4,no
review/rendered_code/e27cf3022a4346398fe69573.js,15006,4abcad043971b2815a022c74f9ba807784110c5e4636a2e1fba7c3689712b4fb,no
review/rendered_code/e2b2ab48734df34771e209b0.js,965,717dd12303eb05c99c9c9cad9c3162a115a194e5a5ffd2e6f4ffd7c214cdab35,no
review/rendered_code/e2c381a92644bb4ea3abb0a8.js,965,ebe32db80329271233696910e2734afc124ccffdd05cfe1d4bf25e290b830476,no
review/rendered_code/e2e99dda588efb8db68f3515.html,1456,b368c4440b593c66a8eb377646eaada97999050d4d5f552f2b8019db84950019,no
review/rendered_code/e2f4a523906a043ef65021c7.js,19579,23cef0320a4224db9607405ab2bf18c93c85eee7e48345cc7eca2b7e0b469f43,no
review/rendered_code/e2fbf9d7fcc3b0a31850c503.js,966,6492d381d8c36a400c50c0b01ce2bf76c152d3a8a3be3f7f0ad187c3da689178,no
review/rendered_code/e308cfefb6dcb34228ed86df.html,1456,18f58ebfd17c5c50468c7fc15a5408e9a31b85bb88872e5dca392df73c2fc4ad,no
review/rendered_code/e31a20933ae7111bc38ca752.html,1493,5bc7005b79baba571709222d097a4a648edd44cab8ca6a68810a2f32eaa05463,no
review/rendered_code/e35261044f8ffe9604b6895e.js,3504,429ffc62394bcd82397a10ab2fc72f51ca1dd8af0e56f3e15e58198fcb3180c1,no
review/rendered_code/e35a072ba5d39444d0aba084.js,25099,e722120a0a30f5dd8d5801a89c2624feac495e5992e49000fba9c418ed089c54,no
review/rendered_code/e369dbd83183f88316b278f6.js,8020,aa1ea9f81ac5a76ed8da17ffb4672ee142a37100d0c4110d6454ab939103d59e,no
review/rendered_code/e37398b81f00bd9d9abbf15b.html,932,fb567cecb09b2fd3e1e87378c445cc72a26a4ec792246477d511bc23d56173dd,no
review/rendered_code/e37aa5e802dbca8672408a88.html,810,da1c2d4716f2aa76ac18a6a7fce528d1fcc6d4c023d159c3252e3d6435f85673,no
review/rendered_code/e37b3ad1f8722a23743f8c8b.html,1648,0938f373c5cb804c365dafd9d03f824ba64a007bf0083f0bf9b12bfc58ac1d67,no
review/rendered_code/e383fa4971a4cd09ac20fc5b.html,1346,8c612c92826aae1e37143f25c8053550c15708794c40782450622ee69a74e655,no
review/rendered_code/e3aa26b2f439a6dcd821bf6e.html,1419,f36e12b56dd1cc1a5380bdaf4072bd89fb11274aece73ee86f9bda093becaf6b,no
review/rendered_code/e3b2b493a1e272d55a641264.js,14346,925b00c48ba936f70be192659a326aa2b9da9bb35a9f164527dfa6470aac882c,no
review/rendered_code/e3da88e85f900f46c50c6af4.html,1570,a6cbd21600543d0288d574dfa649145a9051a06610aade716e86a390b65124df,no
review/rendered_code/e3dba5dfadab8176d6c5d4dd.html,1312,9005bbb2ae55946ec91baf886244ef9fdeb9011c106f4f56369408b07653bddc,no
review/rendered_code/e3dc9fd2d0341623dc3f8574.js,3060,34f2f463e57eae6f1ac75e5aff7afc6598f38346d09784e6ce97c460f5216c46,no
review/rendered_code/e3ffa06eb5253a5f0f4e3006.html,7472,9124c484fcb8960f4bc859f511b86409615bc6d1051844f62a845fa8f40e4ca8,no
review/rendered_code/e406590de427cea9c90022f8.js,966,eeb42026583cbf4a836011b08caeaf65acbac1ae2e876e79b206d0b67363a13a,no
review/rendered_code/e4352ea4348b07d70a434f87.js,3336,05c3ab6d91712e7bb3674777f81f4e5ac0c467c4e83fbc7aa58e09f212e83588,no
review/rendered_code/e445e81de3d6da5fa84eb924.html,1491,359386d52a9a561771f4ae533b1f1960158c944930982df73fc72e5f641becb3,no
review/rendered_code/e46a1dcfb5942d99e8b7a903.html,2253,fb64136cdc5656c70d8fcc253469bbb770447243ac57b815292898b8a6731532,no
review/rendered_code/e47e461a6b601f9e65406a0a.js,7517,b484b3f894903418dfa324f7aa781ddd24e5fbf4b721d27529b8e855be5134d3,no
review/rendered_code/e48889f3df7faa1ba3ce9ca0.html,15732,56bc6992d2c357d867fddd9f5d5049d38e380830933a7a62ccbe6c278bbd80c8,no
review/rendered_code/e49b34e4a4c889bd93731b7f.js,3164,3aec9d40d51a03b6c6b259e2132eee2edff39df586f3933907afc9b1614ff6d2,no
review/rendered_code/e4afb7c1ec943cafe0e2d576.html,1990,106c1899eee362ec2c39d0c5954c68d5f4c8d81dd5436eaa3a81b60af18870ef,no
review/rendered_code/e4b3ca065021cbfd50b57466.html,1460,3ce74e0d4af7c3b2f1f41a0108e9c86bfc49ee579b32403ecb25b037cef6e9cd,no
review/rendered_code/e4ba18ff317b4bf4149166d5.js,10653,b4929cecc1fb448fd5a82ea9f1dfee040b5e446715459b01fdca59d2f4780fb9,no
review/rendered_code/e4babdd1889a23082f4d1bb2.js,22147,b07d740cc434015022041c034812df62b4288d2e7c866b305012d942e1447de6,no
review/rendered_code/e4bea9f7e32d82bde012dbb7.html,2113,540710e04940d4a156bdf8ff354dda2b501d8eb8bbfdc867079882cea0edd5ca,no
review/rendered_code/e4c50f4b485d5b68d36732cd.html,28142,1b30ab644a485b1d97075b546d85cfb6421cdc039b9f7992301890c3bc8d3457,no
review/rendered_code/e4df2793116a7440444368de.js,3997,585839ec419cfc254c5ca69ed26bbc7f00cc39d5bddae0506c52e2120a8e6227,no
review/rendered_code/e4f32aa973918c38766cf569.js,966,c75b32e599c4493539b009e70f5e5c4692bca604b9716818512f3da8db3b765b,no
review/rendered_code/e50efaa81b4a5b000792460d.html,3321,dd8ecf0797820259536f42508d84755348432fa76b685d2687e35df4a3f5f9ab,no
review/rendered_code/e5434f5709952ed8f912bf55.js,966,e1b54f287e5de3e10c9c12c8d228766ee5099fb6686302522d27395ffa06f746,no
review/rendered_code/e55f5066bc6e1c3cffa918d7.js,966,a08b2e50149db10d4645f1bf162b5c2dbaeb308de2f7dce22ffee373f6728c61,no
review/rendered_code/e595a08fdf45c8544ecc350c.js,966,a630534916a8a57b0ef0decf98c184b4ae4fe31bd126935604f777e014d5c2ba,no
review/rendered_code/e59f559c62f4e0ff5876b1f1.js,4076,f92d8e83bd71deb05052010bbeb807010d748e980b9b764f8724343764b1ae41,no
review/rendered_code/e5aed4ce7205702bf425e508.html,1346,f9ee465179f16c9750b5f7e32e31e992c49598eb29215cb2f728ec1493e2671e,no
review/rendered_code/e5c60fc6c550f879eead18e7.html,1244,dd7e3e68cd06919bddadf9e68f6db3b63aa3d6606748d970b747f97bd9701849,no
review/rendered_code/e5d06469aac12f799b7041dd.html,203,d94ba2089e0252b41a0b677c116870a1cac89ecbd1447a050365df4dc7942fcb,no
review/rendered_code/e5f55fc716f7e9ea062aa468.js,965,153c17e9ac9f770c6c456ab370843b178357a834f9f051e4959957652016f572,no
review/rendered_code/e5fa392d78403f51f06df80c.js,5862,c2d425f8d3dc93459eef7b5131dcebe9a97ad2aa13f6ee58cda169a527368581,no
review/rendered_code/e5fa51b5d9247f3ca51206b5.js,3584,96dd1f09310a5a026d1ba39fd734ad6078274f0b20fba103607c3e9b53850dfa,no
review/rendered_code/e5ff8489a7ff879cb44c24c6.js,966,288da888b168764e4f345f8780dc39c72f9e6b02e3b40df2b509027a21bdc33d,no
review/rendered_code/e61e6bc8276eef3068710222.html,1377,87fca2df093cbb3cec608dd2b9a61859e756032908e14ee00caec106a3278931,no
review/rendered_code/e62948f6682023ef948ece2a.html,819,9129fb72303b5781d9cf175602e8d0afba075645f481b5487f6f9edba62449dd,no
review/rendered_code/e66d988e515c9b609373fe59.js,77443,d6f4cb723070b7a97a64bd542515dce46e32f0a8b147997b1800159d75c23b3a,no
review/rendered_code/e697de554eb497ca2fae086d.js,3468,a5a6a9fd0e84482015c85a49efb711f526575dfe405906b6fbfb843de22c9c57,no
review/rendered_code/e6ab38e16c8f47a078a8b024.html,997,6d42ca9a123c3d250d2e444df4787b30e474dda116ace0689ce5429fff43173e,no
review/rendered_code/e6bbe91de64eb4f775d98fc6.js,25317,866a26860694ae164774750ff480718f6609fb2864b65b0de4a882121515fe81,no
review/rendered_code/e6c2fa32116a1b45fc155f7f.js,9792,7bd91f981f43c62107cf81348fd94cfebf65a00e39e73a01643bcdee004af361,no
review/rendered_code/e6ce362b417e9a30abc1fb3a.html,1122,0b428278a39a933c3b6346de31c76ecdbc3eca3be05605d28cae41ea47f36b16,no
review/rendered_code/e6d7f811dc3c147582abba97.html,6550,6a24f5b9ff67a12e08b365687a44cea2f49b590d930d072db8079202b49abb70,no
review/rendered_code/e6e76d2fc5e9baec51a0c134.html,1442,989bf3cb3184b1a4eb85af0b2ddbb1b55bcfdb6fdc81080f737f8a575796bf94,no
review/rendered_code/e70e1a340d41c6c1eb708413.html,1462,6959c00c4a1be7b1eac60a671702995730302f530cf9485ff4bd2cb4eb4f4fdf,no
review/rendered_code/e71b2497308d1075eff47e19.html,1441,f755b79bf3cac542dd12bf4335dae0e324b979332e02ec299e8c36d6311fb873,no
review/rendered_code/e72e61d0fe5e23c46ffd20f4.js,966,b05c27dd3d773c160b88fde89f90306daaeee8c8f36243c2eb4f39a48892b4dd,no
review/rendered_code/e734c683ddb47cf3eadf7343.html,2137,3b2489e90d5da992e4cf8dd5e5ce6f8978013be817c53f243c1def3db148afe0,no
review/rendered_code/e74dd66b158faeb64f34ab7f.html,3482,c67a2d3fdc783c4060c33a1d930b1bd01791e3faafdd0979ed67c38e9444e96b,no
review/rendered_code/e756b1570b9ded14cd9d5168.html,1023,833bc295dab88f08e78c8ffc3f19e4b2cf80a8a111e0d77232c9c17113ae5ee3,no
review/rendered_code/e76837a76b6ff7e0544171b3.js,966,f08f2846438aa6e511c6d80f5b45ec99fb43c12d5dea1375430995d6dc29d0dd,no
review/rendered_code/e7722782b4fddac7754e067d.js,24786,691faf7637e0666f98c07aea50575796b8ef1b870494e40a2083812dae6a1dc8,no
review/rendered_code/e7793e78ad9061609bce2311.html,1738,cc2f779a74d27f73b587d7570254bd826ef33f7c368a8e39c8d09bd005515f58,no
review/rendered_code/e77cea8edf6f235024bb59d1.js,3692,88709d42c0972a630b651782c4688b0428dae3a520c4674ef70229ba99d6270b,no
review/rendered_code/e789653b38fcb4064edd0bb7.js,3544,886ad5dd167759e67ba2c86e2e27e034a232fa310ac5283dc04e786871be2a4e,no
review/rendered_code/e79a07b1458893515cd3989b.js,966,ca9a67b29166301ab4c3a1d88a6a29956e0cd6b0e6b7380aa102a8280c688311,no
review/rendered_code/e7b3d327c017f6db9bef1081.html,31026,d5cb782187f9a2c56e47bd4f2b887f529000abe3eed6e87d936800d3b9ec0822,no
review/rendered_code/e7be689da330cc765633fe43.html,2142,0bf7041cac9a9f342073c7c22040bc476befd6396cb78b2a31def0ecaa0082ed,no
review/rendered_code/e7c3e3c74ac0df71873dc04c.html,8589,6f59e85af0a5fe1e9720464e8a79469c11469aebe724161b94a4f11f4ec90fe6,no
review/rendered_code/e7c72f1bd4269bd7172d16ba.html,1445,0daeb3540cbf1ed8c0ac4ff3dc60788eb42df4c394201ff67b725f145e504317,no
review/rendered_code/e7cfd56f86a4316629205ed2.js,966,fcbcef0dc2694eab4f63c866137fa58cf024bf53d9c02921b1da6bc5e08b5b8c,no
review/rendered_code/e7edec9d9e6599f4dc4fc94e.html,1350,4194985cc0223fcfb04a257cc7b78c2c5b9e9d87b6186d9b6619a6e766c1cead,no
review/rendered_code/e82a6fd540769b532f4df0b3.js,3384,5735928859ab26b6dbc3c1215c314ff69060c4bc181469f32a0928843bd471b5,no
review/rendered_code/e84f6aca466bb7dce9b906fc.js,3676,1e848ac17045679feaf3fdf89f45a56453fb5bdb9989a57b900d32038f4abd84,no
review/rendered_code/e866fa97cf5e30ccd087bb51.html,1504,26197bb45a2b0adc70c8d37380f3c82ddcbeda617bde1cbd5d82c7c17cae61ce,no
review/rendered_code/e88558af2ac57c57313c0ea5.html,1472,9e361403eea5c85b4ff9f08fb34a502910a30036ba07eab3174ee43f51c2d1b1,no
review/rendered_code/e8d8acb3f16008ff23978811.js,966,b5dc9519eb120c396a0c4cf275ba2885791b166b1aa92d568f9debb216855ff2,no
review/rendered_code/e8f1ac7557a60bace9254ccf.js,966,c972277d68a54dec98a6fb49479b9ef50f9435b8683a2fd92a679cf39eb5137d,no
review/rendered_code/e8f96e1b624438a0b2e7d989.html,1697,2ca71a31bec84613a1eb2fd5b45dcaef46d2ba1146df825e93ddc24ec7a4dba4,no
review/rendered_code/e8fee287316bc72cdc09beeb.html,940,9e9afe6a5ab2203fcfea469b49f2d811d207fdb5e42f5d3f44273dbc66b8395c,no
review/rendered_code/e91cc295dffb259af15fca77.html,1627,5e70e11b93124769e8e91531fbf9c61c55fa91496b66a0409cce473daa321683,no
review/rendered_code/e9336cf6598474be420a4898.html,1438,2b3b123142ea0b9544499e731544b291482fa7c8f8ff110bf0d278cf8456ede8,no
review/rendered_code/e9546cd5a5bc492efa70b902.js,3112,684f52a7c3d37ba7b09272291969fb652f083a87a39d16d2e5aa82edca00a656,no
review/rendered_code/e9554c9a4ac419a2c852feea.html,8476,ba70e00210b66d017ad6860cd6e09c63c5dcd6f87da09369ebcfd381b314d9e4,no
review/rendered_code/e97dc8bad90aa7b8b227d867.js,7907,ec39fabfc22ead403b4ae04e8b588be21da71951c026b14e1cca0ee79ee29bf6,no
review/rendered_code/e98b7c71e07593c3420f3502.html,3614,cab805cd15ae45d3aa01d4dde63f635e5cf276d0c648d35f0a7dba10bda8e6c3,no
review/rendered_code/ea21dd4fa1bee56ae3a2ba9e.html,8251,ab89873671965e66f8fd14d1d2dfe1b7f504a5d9fb551e3713aef816c70e29e6,no
review/rendered_code/ea25b72e94045ee368fa0adc.js,8113,2b42486870d907eb89be5e227417c58e79262b50e2edee21f9bb032e2514d353,no
review/rendered_code/ea2c65704c349e6dc7741f3d.html,975,f6ed0f71f76ab9d11a03c9d352a7416a0205f4a885229bd2aa1945dbda53a913,no
review/rendered_code/ea30e4107b395c0273d274c2.js,966,32b91e4fe746a8c0a49d11b23c824130dcf50e44682ce7d1bba30d72684c9629,no
review/rendered_code/ea3127f395332508b7f7a6ce.html,1471,ca5f16e765b434661e90afb7667f8d8d58ab5935a731e03c4be86bca2b60d3e9,no
review/rendered_code/ea36ef9f23d530994c3e07eb.js,3004,bfc5b39523860bd991bd46fa1e03d4026158043c8842874dd6aa7336b43ba3f2,no
review/rendered_code/ea792c1bea8927d63ace457c.html,7734,eed5c2d718fd5b511904fcc7a0f2b8c517756fe37ba54e613ec7149e4b90d303,no
review/rendered_code/eac36c41b86f0e153b832a90.html,1461,5e6f7ed8fd6926ca8a98a166d384b822f849381dd41f74202ded68eff0a02209,no
review/rendered_code/ead48f33eaa3f01d89ed7316.html,1480,29fdef639f6885fd616daaded584b52ce605bfc550d44fe8841cb613a5b856da,no
review/rendered_code/eb3e784edcf8ce0ff3143f7f.js,3364,ba2dd1f624fa1e3b26c698be8a0b38837e1d8d1032980ac8bd6bfcac75afae3d,no
review/rendered_code/eb67bd05a0353f2e038601b0.js,9528,9fd99f0c62a95b90288f6682d18082602e6dc876db75cd0d1a8e95ec9cd95168,no
review/rendered_code/eb7888cb224b420bebf9a3f4.html,7517,c4287ed023a8544ca088f0423864776a8f7f7287dfe57f7762d4f335296a99f6,no
review/rendered_code/ebb4c7a2685116076d6b0d42.html,1376,0949e64dc6a662b983214fd070b2466a0566a648b62377138574f74d03b22b8f,no
review/rendered_code/ebbcbf89ffc38fb5be38c129.js,4076,e10b0f06699d7ee148f3960b44e74d7fdd9baf4e5beadefa07ec68fb74d3c284,no
review/rendered_code/ec16cf98d76afc9cded64069.html,4545,bd17517f3ed58dc4c373e737a926d7b33b1f64bbd14544807490f274f166a7f3,no
review/rendered_code/ec2940cb8b9ce5619c1b7815.html,18367,49020d268cb6d14b3c28b826ebae42a04d8dcaa6956e7f4dcbbc8ddb900ce746,no
review/rendered_code/ec31509468069640167d0352.html,3317,1182b53a64f0359e92a0f16c1c2a92de9e8e5f98396f5520529b209241176160,no
review/rendered_code/ec456b06040b2dae8cac0ffe.js,3380,f05f5e7851c65fadcf4b802df825c76831fc63b23f9c84cb5f73257714a25583,no
review/rendered_code/ec467b86c003a527ae08bbd3.html,1517,116f4e26fefdaa2574355b51af9ae311513ad10f35a65b157a315cc5da246333,no
review/rendered_code/ec4c290bd5832ea1265a54b8.html,8895,cdea7509fc869f7f4da3e5a561330a2ecc5259d8d4a09e5ba849b1b3bf35b0a9,no
review/rendered_code/ec4d2051ff37d45114a3345d.html,961,49f006864711e93f04971ea9ea8c8c99dfcc58f5ac77acfb6e2e9b58582b062c,no
review/rendered_code/ec61cf12686178ae9f25514d.html,7496,e0aa7c9434bccf29019531b068f350cd39c4da369563d067c6b41dc2fece6dd9,no
review/rendered_code/ec72278b05bb9c972fcad240.js,3024,d7dfd6aaed75bfc42abe7c9af60d8d434f687bceae2a5d8dba86cc2a72b83f9a,no
review/rendered_code/ecceb1c6639c4d788d80b109.html,1399,e725750e428107788ced85003b6fc9a481ca1aab4d743274b8ea51111eb2cc2b,no
review/rendered_code/ece1aa38f88db3733e4317ce.js,3692,d3bc5bc65564b0589712c4c6357c4829080c1bde07540870e9c798dcc40e4070,no
review/rendered_code/ecf1a79d30e333147f4edb7b.html,8213,b45a1d340f51b1b99211954779f9eb239feed5c0908e1a9e5a9470fdf34d7f9e,no
review/rendered_code/ed08f5e02222c7336c6a0b14.html,1199,8d2585e406f9fba33ef2702ff6407cd9d0c72e90d5bff1eb84619a4a49be0ee3,no
review/rendered_code/ed23cd5d7dd792b8de70c3ae.html,1847,7608b448976366c1311978acf7f85679f014cb9e66871134cac88812e1de1282,no
review/rendered_code/ed2bdc3cdcd49eb329c63cab.html,2213,9cb31e6c137705fcd1c0e646f29eaec18bd4718453ff82abba3106240586061d,no
review/rendered_code/ed2db8bd19dc29ed62acee5d.js,966,a47e475264a735aaf95fe13228eeba6ca43b3d4f662012111bfa904e9a7e34cd,no
review/rendered_code/ed379f0864164ff7f41e449e.js,11437,48e5b455a1b4339410d4233081faff554feabcda0c3e1bda2fc37aa8bc671dbc,no
review/rendered_code/ed3efaf0af08c39604724721.html,1410,8d13227325673b48f38ce9efe45bff71d3358a1f6592c17ff0e8de4377b1a227,no
review/rendered_code/ed4baf1ebae5db96ead4779b.html,945,0bda63701b4d6b48cf40016f9b4a67c72b4b0222ae472ab7318201dc9885055a,no
review/rendered_code/ed8a71283dcbcf53eaccc525.html,1043,b4abd2de0ec60ca91f1b918a6eadeb224bfc7b94d54f10b7238de7db4339a60b,no
review/rendered_code/ed93660298dab936e4c1983e.html,1437,696fa0433a4af1e9795f404780a34b295adb944deb8a6efb1fc4c41ed859a230,no
review/rendered_code/edbbcf9e4b8e591988079554.js,966,c7f6b71e7788f70d8f7b1e56c08f74a4389c5ed59f1ee09c23fe5bb77783e58f,no
review/rendered_code/edc8da83e6c32b902bfed73a.html,1467,c6fdfeb41263755a0522562583d316fe2120d8b0cab1fcbf9e6183af916b6032,no
review/rendered_code/edef06674300699d4418bcef.js,3720,c1bc335b37f77f5fac83a38570a5d2d6ea0a50c2153c566cff3c061cc4d87c44,no
review/rendered_code/edf3856927f2d0cb772224a1.html,1349,5590831a261cffc61afb1f8ad6edb488796dbb654d2a24629e23ba31ad2fea7b,no
review/rendered_code/ee08565eeae64e100053f497.js,13005,9bb9824779917b39089c737c2559a7180fdd5b9a252be8b5c60cf62292a52d0a,no
review/rendered_code/ee29ad40c6782f1a6b5f6a0b.js,3972,4d36e6e64492fb3ebc203966b269039b1f0822fbe5fe758fbb98f80812f1fe6a,no
review/rendered_code/ee2e9ea8e59748948e997764.html,1041,b52ecdd6a6606f54bcd776a8c5313c5addd450344cf4c94d2b17c7e7bf08ae49,no
review/rendered_code/ee33423f24f643ad7fe69aa9.js,2666,8fc7b5303cbeb62ae3701fda21b5a5fa23d4adb57cee2d575cd13870164c865d,no
review/rendered_code/ee46ae1ade10f87b45a6ce47.html,5290,715868bc6b9328e8c13dad41412bea01a6f9bb8cd0b92ed9a597778cf4b46320,no
review/rendered_code/ee6f7033b2de2688ecb21418.html,1472,273db9dff43c649f945061ea09e583029051ebce42424bcb66a479a01889966c,no
review/rendered_code/ee7124e45a6c9d4ec32d141b.html,1311,e2acd208dbf9cb1f66efefc7601c6a0ab051b3a7bcb9d52eb000de3e94121a7c,no
review/rendered_code/ee862775fae8725beb98409f.html,1929,30f72975a78d54d53d2e18745fea49e9c05eca6ac72db8239fe979d55fb26bf4,no
review/rendered_code/ee8bf807632e4c0dd18541b6.js,9291,e02fe499df09661099c511a538d661f567cd1a12d0c170c75f0d6d7fe84d69ed,no
review/rendered_code/ee8e3251e7c36b996a7dce0e.html,1431,ae2855457e7aff9c791882c57c9cbba5006cb04af5126abc12cbc3d08ad639a9,no
review/rendered_code/ee9728eb4bf074921c339e2c.js,966,a075c0b9017eaac5d4c01b20177d17acded756076aabe11f50a38e334874846f,no
review/rendered_code/eebb4bc83cfb198b1da4f2d8.js,966,fa2689c29db184cab4bea0aaf6269ccf892c6f95897e2bfeed75fcb7a9eed224,no
review/rendered_code/eed1cf8efd3733f644eb8981.js,966,6fee7d27b95fbf200072c625574c515051f5df3fecc9afd31f4e7c69a1955de2,no
review/rendered_code/eee9fe8e52c813c030d5f004.js,965,aee4ea3fea9c4b035508940f825742f0c1ce0079d12f94e1848b9f5e8917f408,no
review/rendered_code/eeec728a365bd3212b61f0f3.js,6073,c5ea9426012f13de44653a8dc88ca89b54a0ee9ab3ba3db3cfd0edfdede33dff,no
review/rendered_code/eef44ac5f96dd261385b2d01.html,1075,414d3ed7befa2f86f76aa024eb9b699ff998bc6315a8258ab28906d4d195dc19,no
review/rendered_code/ef0bf5b9dfe4fe06fd483cf6.js,4193,f7f07bc80e698205f102f29595f54e055da443d81c415c65680097814d56f673,no
review/rendered_code/ef2deaa510258c13325ec5be.js,3196,5a3ce9a3ceddd0964a09ba69edd8456d0e10f078d6bdc9999e92a5c15097a394,no
review/rendered_code/ef368d21314289879db8ba0c.html,1445,d40b00b3bd2b42fbe04a31e646bf0706f1eec4e3512107ce3d4b8ca848237a60,no
review/rendered_code/ef4b7e698a7263d144f7cafe.html,7483,b5e36ca156c96e91f451972d74aed3f4345cde8f60418343bc0f7207c085c1dc,no
review/rendered_code/ef5625d8e0bc44644fc4e76b.js,3500,5da7b1a4f305f01ece458f1bec65e220d94933d51941a6f116623013750a8e7b,no
review/rendered_code/ef619ebe647b9a47136e7527.html,26024,405f4f10465d3d6a44ce3dfe61a24bc5c7e62190138a7eb7a0f612d3fd13455b,no
review/rendered_code/ef7bacd5154adc5861a14729.html,1687,66194731327de9ed3f18b84c444367b625644ca9c892af366d0acb1df2deea3b,no
review/rendered_code/ef8c5ae20f699430c43c3895.html,1446,a09e791c3f5219a6af8873d14f8df3dac06e41aa61150bd1619c49c86c1acf2e,no
review/rendered_code/ef995b5e32ecd420613d0449.js,4220,e39432842c4aa269dcb795eda35af6984d91c588854dabf5344f86a98e0225d0,no
review/rendered_code/efb1c1d87f71ed8c4cd16e1d.html,25362,2670647bb9043f9cdcfca4ebfd7c8dbf47a55d4b457ee5d9caec3f6780d256a7,no
review/rendered_code/efb49a1acbd2e3f6beff22f6.html,3073,ec47a61763a63fdef2eb27b0e40884931d311210291ca30417c40a8bc9baabb3,no
review/rendered_code/efbf3028ba7b85dd33fbf1d8.js,11385,c31914bb2645925a1c778a5f578253c77f92c174c4c3bc169f6480c82ad0d7c3,no
review/rendered_code/efc05392f25ee3ffcc2f9006.js,3180,f46decbd25c779a0e25291b47d4da62fea0d2ad25c07fdaedd47bca8d97d0371,no
review/rendered_code/efcc4a1d6ffe6674353a196b.js,3936,fb5ca375fc387962260cb9eb4a6789c7af6f6a136456cb24a50424dd38c3fd4d,no
review/rendered_code/efee69089514a69a76c76263.js,966,940a0832686aee7d159d09228d5ea5c1b52c4536b6052e26ed670edf71ac5e31,no
review/rendered_code/eff1b1aa63040bef0b39856b.js,9751,77a7f7a1787c0adf9ef3ec473e04e24463df2853840dc890d85b3287e55912f2,no
review/rendered_code/f00c76dbd5174871ea288e0e.html,1441,e2facf205a72ca076b11991ba8803621d895191653f7d3d00ab112d8785d05b4,no
review/rendered_code/f03747da8c76c1d4bcc703f4.html,3400,9b7cb62ecc12c36dd5d94aac25072758491e90dc73adccf5b6f5a2277ef3cd74,no
review/rendered_code/f04d60adc450756a7989cc6b.html,1932,1b7a0fe1f23c691ebb2fbf2ea9fbaa02f3152f0d299ede53fecc4a7ab7b63540,no
review/rendered_code/f06e9e1b8c95d15a154771d0.js,3168,8254c78d00edef571ffb8f8e0ee24d183b3fa1dec8e8598b109138cd1f331d81,no
review/rendered_code/f084b1035ab86bee2716981f.html,1401,cc5e31dd320ffafca74174499d0f289db4353ac084b8392bc60a0c26d933e21a,no
review/rendered_code/f08e06cf08ec6baa02d462a1.js,966,8808b1c916f95c93ac02cb13a34a4d29dfd078bf75239dc653005a3589d3f1a9,no
review/rendered_code/f0d03746b75b8e1b792bdfa7.js,3156,f5a1c4aff22b66b69c16d9eca05f71e71dd90c2e01465e5266528b0c3c2d7a6d,no
review/rendered_code/f0e739b20eccd1415010f815.js,4044,33b29d1864f933b841dc45700e52f72c5232c6de9c27cf4b6081a37b5afe666e,no
review/rendered_code/f0f62322f8b5552b25c0fb23.js,56705,3a07a5fc990fe88ddb8d5bf828b7269457276b0993c0cb4e3e0fdee5f42b5246,no
review/rendered_code/f0fab8f9418b6ce80b4011c4.html,3404,88388f5bf5c2916c3851c909c788053691c51efb7ae0921f19253213c7c216a7,no
review/rendered_code/f1299a3f73a1bafbdee143e0.js,3508,bdaaed35a3f78e15badf889d41c1703ac82a608ec21bee8a73f498f3bdc477d7,no
review/rendered_code/f136064a03e47b459eaf6f41.html,13013,0f376327aebac3fab744cfce2a5fb89c9aaef567b0c883f86c896c15fcabfa1e,no
review/rendered_code/f13afe72dc99654267c61bd8.js,3664,a93a7bb659e130dc924a86e0b05b3ec6522f5aa5e01cb90f429423e9583360bf,no
review/rendered_code/f14ae59b2b21241a69ba333f.js,3084,a5ffdae2b4d847402c33a70e504d4bc27f9bd7df7ce9f10a576f50591e44e539,no
review/rendered_code/f15714165708976e83bd2b00.html,1608,33fabb7abbd339092764aafef94202f85a5e07d2e6947c3144f35441f1451a24,no
review/rendered_code/f15e011847814518757a149b.js,3324,09a4e311348cf4a206b895de05a6a9fb94a9f832dc3d04f302ebd197d0b1dc8a,no
review/rendered_code/f163f4cb47db7c76d4ace35f.js,338,806096e9a49c90c9c6a182b94b19c241c8e20fc178bcdfad7bac36023fa37ac0,no
review/rendered_code/f1678260936a8e5eeacc6ead.html,3007,cd7646a279bf94585adf93126ac6df3d4565b04b2a3b1efec8dd84eb5387652d,no
review/rendered_code/f17aa405e5e4a5ada50155f1.html,1435,decab399ff0a288f16edc7fa8c0a804668d664eba7f01b1195dadb54f7c08449,no
review/rendered_code/f1834ad0577b6f3845c6cf3d.js,966,0e6f0282709537cce8aacdaf02e0d8deea3b8ca209805d4e31d2c248a5cb845a,no
review/rendered_code/f1873027d492b5f80b326f73.html,813,bcc4382c4d35937147cc0e8326a9bc789266c6fbd9e5a5260fdf75d18d99562a,no
review/rendered_code/f19a38ae58727c3449153ebf.js,3144,4607ee793af4221ad4e0055da6f0aca9bf37fa2842964cbfc094643deea8c243,no
review/rendered_code/f1b1b64888d7d6ee55b4b062.html,2026,96960c029cd62a2abe8b17071e18b8ef1cc6b18f01a5a9bc6fb8c295bce8add0,no
review/rendered_code/f1b3e8ab8a20806719d80e10.html,1412,ec01993cfc3db1d29f10cf6858dfa0b5bb403a182ec2d1d31170ee1f84a9c4a2,no
review/rendered_code/f1b4af01173baf2e93730ff3.js,11583,9ca6bd912cd9ab442171a75c89dbab1e5576bab517c5a65042e7592bf9a4a8db,no
review/rendered_code/f1d544218b45cc9ab4e78ab2.html,1540,378664005d257e735c67e3b15db6ff97b459bf478b4831ba0f643e1b8b6bf0c3,no
review/rendered_code/f1f1bc0ad2071972722bfce3.js,3056,9c62a38f8ebb7fad491927b57aa06f30e4af51c053a8d584646f6a78a5b8340e,no
review/rendered_code/f21cd30b22888afe94a78830.html,1476,7758a58ba35ce5f187516a4e4f37b3513d69a11c43b06138325df84ee731e3e8,no
review/rendered_code/f227d29fdae13101ee87006d.html,7826,60fadfeeedab2cb8d27fd846e2ec399aa19396a272b9e9dce2fa791bd5070510,no
review/rendered_code/f237dee52cd6a41f7a920346.html,1875,0b06db471d77a3488c274997a6dd2bb8e34f6cdca6f329abf34d1a3e0361a92c,no
review/rendered_code/f239ff164890492f00e620de.js,4044,f99d4df5ea1ba4d1479152ae5dced10f1263a3a821ea2d67700010aaeec81cb8,no
review/rendered_code/f23bfbc71358f4481286eccc.html,1668,3a267a1a74bfb9249a5580504f1202be176fca597564e133840b30bfdce8e195,no
review/rendered_code/f28e80435f307d8d08379df4.html,1408,7be051e6d2cd09dc0b62af4b86010d7001051743703d5b115be06d52656635e1,no
review/rendered_code/f2a0e8d30a3474c545b4d920.js,5733,530edcece8b9e8dd0e7c55f8cc2bc7fdef016cd8ebd266a08570e3b39d6aad70,no
review/rendered_code/f2affdc11a2fc4b9158b92d5.html,1482,d07ca011a47b4dd2d2ca07e7f7ff80e9d2c27d071ec56349300e9ff11349a0fb,no
review/rendered_code/f2b19545409c092a919354c7.html,8861,53adcf8bda51d28c02fdd6ffb7beefe3818dbc193431140cd39cb7f2ea6f2355,no
review/rendered_code/f2bc1ebf3dff8d931bd4cce5.js,11586,db6d1b62d16d0aa7f70c28934e6e8de73cade04458b2a66ba66b86189f857828,no
review/rendered_code/f2de18da821e9b4967cc03f8.js,11201,0dbcc43a90268f0d20e250fd4f285e552470a699cbdfa4d8b4701871b0b7909e,no
review/rendered_code/f3003d12d5e74cc9eec039f6.js,966,292b81dc8f1cd24418db4b3f46eb86b80a3318a611824de94cd856799aadfcea,no
review/rendered_code/f3318c83c272ea642b3872bf.js,3060,0736b8b5f57a35d5fce44751962e3defb943c8e57a17ab6b556d4849c1880ce5,no
review/rendered_code/f33409b2c2e574c21b06be92.html,1431,4acf8501c7d29c438bfe56f2dd885b808d3c4d70f53bca65d8cae853eee8d18b,no
review/rendered_code/f38b5d45b5991d329360ed7c.js,157,f38b5d45b5991d329360ed7cc38ddb9a1640692c3ec45f26e2363302f3025af8,no
review/rendered_code/f38eb304ada9a191073cd48a.html,29486,272e8241040b9ad59d66e125655056ba68a0107fd70c396ddaa34bb092057670,no
review/rendered_code/f3a6db7bfcfb6da91a92fe5a.js,965,280d264ec9d2617313fe501340caa57ff17a45b91f8ac761ea1081ce71a961c2,no
review/rendered_code/f3ba77af3b572284cf48fed4.html,1449,f97dd31595dc29e29bf14831783270f5586eeb0cc70ed31ee87e1e4f29b11f35,no
review/rendered_code/f3cb8b74806d15ddad4ee853.html,1450,2ab975fb0059063d1d47fa14e9345591cd0540aea011c887c7498f42bcb82ac2,no
review/rendered_code/f3de95d84ae142b77d780f46.html,199,f3de95d84ae142b77d780f4699cbafdc21da5fa1e2bb09437b9e8c44f16b1636,no
review/rendered_code/f3e38b392f1faedcdaca0d33.html,1448,0cf98d32a815bb41bbe52212561a213662b923612e5e1b073ceb39d5a16cb22b,no
review/rendered_code/f3f58b3cbd7b319fbba67f18.html,677,ecd047404bfe919736514e004dc8f1407ee73317e6cc6fdfc7319d6f41cf29c0,no
review/rendered_code/f43643865dd0752909a09d6b.html,953,a374cd122cfdc089d8d2691bc13e68b3b20cb48c12379c4e77c7ff672a8c9a96,no
review/rendered_code/f43ba2a52087855eeac7451c.html,1442,f3836fe608d8df5bef5e8a7660d995d4e86ba139d2518c89d3c9e6035ad9e8d2,no
review/rendered_code/f45774d8aa2c82af5ff2193e.js,3160,838f8c1e4a98c5a423886595249aac69a51559da06fa02d3288d1e01f482dd7e,no
review/rendered_code/f47303323908f082209a29a2.js,966,b9279f8f23e549b3462c3dfb6c6ef05d1cb5a48c17799be8a9493656e02db32f,no
review/rendered_code/f47aee854788486cff13adac.html,1206,cc6d4175e5f4ac7cd8c00dff376c996e139795cae44cb9b06b06504a2031a005,no
review/rendered_code/f480e2ea038ae52d794d1ad4.js,965,f0a59fc0392d18d8ad730388e14e97e8431b5e8dce1ef42b4c2050a67ed88355,no
review/rendered_code/f481ab73e772c3374154fe3c.js,966,497b037c18ccbc28a9b4e08b20bde5a6963901610caefbe268101a9b4d527f5e,no
review/rendered_code/f49a17c073d6187c41ddf46e.js,19567,30bc64b47e769a0e9bbcc69ebda3158040ae64448e08ed19b42c77a5c2e1b70a,no
review/rendered_code/f49b5de390138e3679c6a0e7.js,25870,10e80d091d2acc37efea4d0937ea55809f217630bde363b574fb8f6e0b60c61b,no
review/rendered_code/f4bec7e6986f9fe932e608e2.html,7443,cbf5bb2b9337a22873c0c1e08b6f9d6b21a1af0fd71d55dbe912e7397dd9d1a2,no
review/rendered_code/f4c1384682a8d0602ee2f2bc.html,1545,12b3f4b4f6f1da2af22271b7bba71397fc6ee5692872438d2592e2ea38e99531,no
review/rendered_code/f4c2af1ba5130e787b5e7c3e.html,1420,162745ae0caab1b36bdd1b08282594bc1d52cd038fb36f57dccf0df59dd18ac3,no
review/rendered_code/f4d4c65296b44374422654c0.js,6482,1ca693ee6f6f9c768f5d92d60b6b34ba0d74465537060b1a8abbdda2f5095918,no
review/rendered_code/f4f4206dbf2947a876659aee.js,7894,38c6a1ae5d6b9dacefcf59f71a627494eda78fc7e01e760d1912d8b28f3ac7ac,no
review/rendered_code/f4f7d565680bbfcb4c27d06d.js,3560,3460d4b570d0e8e4945bd19ba50d486f876465439bd014bdc250927ac27a0c48,no
review/rendered_code/f524062e21b800139b5a5277.js,12510,c878fa11fc116a819e833e82e47420f204447f3f7f176adf18ef17d1de3e1a57,no
review/rendered_code/f525fc84c368c7bfecd01507.html,1419,8362c5b8124d8d93568ea0703987392238f94c90338f5ed337f6015a62f2e739,no
review/rendered_code/f54b578aac663f2e1359297f.js,965,11ce6babbfeafc33bae78a98bdaf3ad630b74554df53dc9263cf587e3860ea5d,no
review/rendered_code/f54ba4e4e110dd925d1a08b9.js,966,b5bf3fba9ebbb2a4299490b09ce54614e53e8c1b08e4d3ded9e98a4cf6dd119a,no
review/rendered_code/f567f504aa8f1c16786f5b9a.js,14707,2f33eb7811abb68123b8cdd8abef8ac4477df1faaf5f92072d504cd0ab5cd38d,no
review/rendered_code/f5803830315ca494e39fcd55.js,15220,7398a5a6b9cac017374a043dbbcf3750be0ad647f0b6674045a113ee30e672da,no
review/rendered_code/f59b0e1ffd59eb00e9cc13ee.js,11202,c878e7e9d68f13bc18c748127a8a8a1aab3f48fc5d9d1a0efd3a2aba5e697a78,no
review/rendered_code/f5a7057f8597a99e3b8c19f9.html,1461,24d2d5f99d52d03f13c284ceb3237e8b28e9fdf31b10cbceff8ad427c85afdf3,no
review/rendered_code/f5d5ab224b9b0ce39a146ee8.html,7522,d473608aeb08580b7983a378eee2f95ba0d2d1c465ffe574bceaefbbe6468830,no
review/rendered_code/f5dd54cc9a67b6903cd8241f.js,11188,88c26c8d15a830c000b21bc31453d3375ffaa73fdc862f79dbd2d98db21652d0,no
review/rendered_code/f5f0eda053b685298ff93b93.html,1539,6821226b3ec96e47141c815f356bbb6dfc5e636f650934efdfca23ca2993d5eb,no
review/rendered_code/f5fbfc2f7f79468470d85fbd.js,3648,b197cb38260de62483c2fdef6776a8d6220909531e41e83d2ace477c40b05493,no
review/rendered_code/f61574dc8fa24e81d46c124e.js,3548,c9fc68eba4a20ac28014bd9364414a932c3d233bbc76fc819fa8489c87d6d080,no
review/rendered_code/f6452dc2d117663d0a1a35e5.html,1678,3422f8e0a1fd06a82cfbd78a50ee33a72b84699dc983ad83358129db4ddc60e4,no
review/rendered_code/f64d93777037e79a32a6f685.html,10147,5557e791c95360522ad65d45325a359ed0c8be640decfec26251e43d16f3e615,no
review/rendered_code/f6894488916f2d276bd9d0f7.js,12660,f6bab6e14c0d80c4d33b059b2b2d34062274bd2d46c0d48f3d9aba9fb19481e9,no
review/rendered_code/f68bb04ab4cf600069f4dd38.js,966,7598548b07695d425c3da550ed498e0ab555d14cd96056f6dfa352fae220de62,no
review/rendered_code/f6c833c452bd015f86699f3d.js,3972,262533c9dd5b47868231624c102137b402aec90bfbc34dda7bca69e386a6e1eb,no
review/rendered_code/f6df4170de6c11ed8b1fbbc1.js,9048,5d813690698ff84fd19f5724058db9f8e3822ae617c69d69854228d6d35655cd,no
review/rendered_code/f6e5699e9eb456d0cab6df99.js,3092,0ffd4c7293f29c882e0ba1493454c86445d50b3800950deec8c241139c0ebbd2,no
review/rendered_code/f6ebb1fa5afd66b05ffca143.html,5551,0257ad1ea6f1c36870febad3c3066f8127e5a0980333f91eac3fd78a4f2215ee,no
review/rendered_code/f6f87b09fc360b1287e754f1.js,3092,0331dd3fb61a08deaa5951e5fc609e15c2d3fac4eabd39a3cec581c59916a633,no
review/rendered_code/f6fbff71291c65d7786eb37d.html,1708,1a3a0795935bbbdba1c0fcf55744f194d1df9a5ff278bce27ebf8d8ec9f62eac,no
review/rendered_code/f701c708817b90f21f239aae.html,1480,4acf6866d254a7e33eb340167516707536f9844d4aa073522faa8e76d1087ef4,no
review/rendered_code/f71d43337cc0bd6f9037d5e0.js,3520,92efe65aaf013b70233b291fb5fd2fb43efc1b2c1180193b6ddb7e9af4c30781,no
review/rendered_code/f72266f864fcac599faf4412.html,1061,aa93e642d754d918cc21bf11fd1c039fe65fc79ee04c1447bab5444fd683fdfe,no
review/rendered_code/f728740f5c61efb325a436c5.html,1889,ba6303f64c5932ebf620e3656d13e9fd5b4579678e395bf73e72968ab633ad62,no
review/rendered_code/f740e21ba1b9f3aa3adaadeb.html,1466,b297a23999b4e0312efe9f5832fd53bec261cbf523b20c150abe92aab2c26387,no
review/rendered_code/f786c35cd3827a38c26805b4.js,966,f343e7453a6de41b98d1865733083d7d16c79d67bb9ba50ecc6cdb9edc2d0669,no
review/rendered_code/f7d32cb1edfc9beee9009d38.js,8969,6b549e5cc77b89ad5dac7456abd766aedb314a34f5cfce04ff1a5be43c98d62d,no
review/rendered_code/f7daa36567d818d0649aefdb.html,7441,ee94174b8c80f92ef275bfc3937276d21a19af80a7e109dbef524556b557c78b,no
review/rendered_code/f7f7b49198a3093b243bc652.html,8122,3e0c45f1daf1d9e4d53fae2f6fed6a351661e196f8f0181e9e5eb61bbcba9681,no
review/rendered_code/f7fd0f60cb8149f12b16338a.js,3500,08c22e19d5fde5d6361064817a7478eb192f8b5d41de7ddc3fc5675b9bc7a0bb,no
review/rendered_code/f8225c1661652bd31277e606.js,12889,2940f2a55d8447ce5281b78794e63e5b8aa1063dd1233d3a0b71b67aa02b0087,no
review/rendered_code/f8680ea773585563ef263886.html,201,2e519c297744f1f857630595e17701e1bb0878b6b7bb4fd9fe9b492069337673,no
review/rendered_code/f87c9cec55e527371eab27ae.js,4060,ef57216b90f7d315accf26d6ac50e6cb94b9882af2bbeae3801894e029ec695c,no
review/rendered_code/f899809b0f80615710f7cdae.html,14959,231f2a37a240e06f671eaedd868f12a2851627e21b8b90bd8d5268f1c2c3a6a1,no
review/rendered_code/f8a66c73ccfe6452b2793963.js,167,1e371c86d97464642f40e3ed752ec201b6d4b97ae76d8e4254843ff2aed7bba7,no
review/rendered_code/f8b5e898d9645f31ec770087.html,950,b170e79a8746b55aa1132b09fbdafdf5ee377e113dbc84ec177cc2c151f9eecd,no
review/rendered_code/f8d2606cbd49ab4389f33ff6.js,966,e238cec99daef1a249c515bde2346f99b7d2757048d8a0c63a41c76cd67a55fd,no
review/rendered_code/f8d8cca62b793886f51da5ef.js,966,6ffdf61b2f1787c08171f43ea5ed087e545d13a148a04e1f74f242912a6c78ed,no
review/rendered_code/f8ffabc5752fdbffe0475f3c.js,13358,50d7a76a89ff0a1e40a87559ebd455e1de30632d9f74e3abbf1fcc8cf4116e91,no
review/rendered_code/f905534625e07f7752237698.js,25006,8956bef0b77a06ba1957d8f448917b6bc50f8f27b36135109a869dd2423c2f2e,no
review/rendered_code/f91d22b6ec869b5008c757ed.html,966,dddc247f174c3d48fc12639c62e7c86db8c9cf8ab25dc37cac988d8ea5476782,no
review/rendered_code/f92de683acdd32f1bfbd20b2.html,1069,49a23664d10b92671a9e74e74bd9c1a91d4d043748260f67dc4f541b9847186f,no
review/rendered_code/f93ea1b9ae3342d4ff0fb06f.html,3334,05f8719e1cde96857c9a47746974cd0d5367e20f266e882055f7a5dc25e522b8,no
review/rendered_code/f94786edd87e566aae99e354.js,966,2d07c8950f939b6461c6cf7b2561783148af58731fe1dda7919f1becf53f0cc2,no
review/rendered_code/f94c1f73a2f36dfef541eaf3.html,7212,8f00fdb629aee5ce0f524150e499ca35412110adb72c589553d2edc1c2464dae,no
review/rendered_code/f96a7202d3b6ab8f0e3eba21.html,1469,8e5a6c5cdd058bb68572ce270031759163e5bd7c747541fba151f44fecfa41e2,no
review/rendered_code/f97758b918268d3ee2475402.html,1465,2a797078431e5dd2e5931d7448b3e84e84e55bbc17cabf1a55bfcd070328db1c,no
review/rendered_code/f9937c1167f0576e0b9fb044.js,966,21c53b49c817a1b248b2ce2fb1ef5f2c596a89b03b7f005e4aac9d700178c80a,no
review/rendered_code/f99d2304c2ad69e6c1007208.js,9207,47803a61b0f4758846c737f2ce9dc144bd7edd8dd1397cf294285704b965aa33,no
review/rendered_code/f9be29f7e247d062b7144faa.js,3512,cecaae6606b557c59424c8dd3018137c26327f95ada98bbe63b1b73064055a92,no
review/rendered_code/f9c0430cc442040e33aeb8c5.html,1365,2727f0ef61e39dd6c2bf1a03072d6db7444ff15295921c9846fa0ec289c35d8c,no
review/rendered_code/f9cc6a55b197f24ba6adecb3.html,2240,95dcfa03eaf976343d2b6f604672b71ba196e539b387caf4b360ffdbaa31162e,no
review/rendered_code/f9d597fac2682b096c6b44d4.js,966,cb64c1d1d36bc021fc0d665a3b3ca913b39912952a386cdb8bf28906ba33939f,no
review/rendered_code/f9df7d78e1a84a67177400cf.js,3584,241cbde23632e37160f39023dfee6f30805f33f86bb170793a844659f010c030,no
review/rendered_code/f9e2997ee727f2c94d5e8461.html,1447,b651777bdd6c93de5d817846dbe875d0e234fd49623e4045f317b417df9cdfdf,no
review/rendered_code/fa4d7abbf2fd968c46e83a6c.html,1996,43c631547497bd00e5a10422fe3377184795ed207695a8e1d7a0d6a765a73706,no
review/rendered_code/fa4ef038a8ca302c11b5c880.js,26162,bc6e0a337bdff3722f347eb9e09878701987b730b81e2bd68ed995da2ba43c31,no
review/rendered_code/fa6fabb7b78bf416de626c36.html,1928,a5258066b2d8fb9294025e847da4a27e2a550375aecb9180837eaa4ed5829bfc,no
review/rendered_code/fa9c4b622c7d0be6faca1d40.js,966,c4a1db57220c87ac7a267a14f0f174b82c9938e6bdb084f8cf1d7b9bc0479023,no
review/rendered_code/face8ece4a90e02b0f8622b5.html,1679,2be1bb817b19f7be9c752f4dc14643ec535bb79b8cac71060556fcf3c7ff7a96,no
review/rendered_code/facf5696c96ab093bb7a5532.js,3352,fd4bf5bd23cd2d0dc45768391859e592687755b3d41235dfb74a2291e9844c1b,no
review/rendered_code/fad1407055427ced2b52e73e.js,15038,98c2dd6229b47bc8a0210ec68fbf977cecf1407c20925bfae04ba30da2de6ac5,no
review/rendered_code/fad9c6c49d3890f010912e39.js,966,989374891dc12df486e5e97d75dfae469078980b59b50aeac715fc9023964f02,no
review/rendered_code/faea04ab99753fd64eb86c74.html,8281,e0ac169cc68e812b818efeb0facf636ffea3a0815c44b516f577b98ecb56c752,no
review/rendered_code/fb06498aaecb53d668c9cd5d.html,995,dc63703499a4114b411188b61b02d1afd8f21728425e179f112d130210ba93e7,no
review/rendered_code/fb2b81cb2eb394e6d197d057.html,978,cf1326ae1db6fe0ebfa52e99e74bff85d42dd98918fecd0334678da71ad4eb93,no
review/rendered_code/fb442a3b2a169c125c0dfb2f.js,3320,ad0a088c3d52342f6c2dc6f6867a3e2b301541ec45be060000651eedb4630bd1,no
review/rendered_code/fb515938d6a3ad7bb8d13bfd.js,3084,a4f70900b828b2cf12a23af8ebaae2f280b0931eac56dbe7640cd91f6e635e9d,no
review/rendered_code/fb69da6b7926631ca6140948.js,3320,e1d912d33991f873a1cc24ef666750fac09deb157dea1f371caa36cd7420f6f9,no
review/rendered_code/fb7b3b7ed02b11adf78f66a6.js,1193,5ec0c8cba428b8562cffa9a76b55fbaf30fe0f9cb5767865f7b3f3a53f456994,no
review/rendered_code/fb8d27227e2c4950916125e7.html,1027,71cac7a7f028d9081b5a3b32e0dd4506156d8bc597af18e08d307765ce583dac,no
review/rendered_code/fb9dcbc4b338d5455d20f952.html,841,3f54280ff93d7f4245f7fed4e31e81ac6cec638db849f63be74d5b11851773f3,no
review/rendered_code/fba4d9c1e833d2c0c90cafc0.js,21077,87c607a988c918d31ff0ec42120f7fdf0afeadd08918835da315293724833b82,no
review/rendered_code/fba9d1787ed449e58fb9fb2b.html,1455,734919752e2bf1ab2f363e748a061f24c9f7a231ca99a50d62d05f01335ec647,no
review/rendered_code/fbc0070b136180b0a7933b40.js,13420,0c439b97f3b6d5e80e8eb29675ea7790d00dc426eb090fe89c52bea39f113472,no
review/rendered_code/fbe0f91cd46e0780fd246228.js,3680,6d4857cdacc6ac406a2627619a1bb571c2539c97fca6c6ba86ddd33aa2dad0ef,no
review/rendered_code/fbefff9994bdf191014f8a6c.html,3425,3a171523001745716d6f6ecc817fdddbd11e533b27797ef1d42455d25808f65b,no
review/rendered_code/fc0188f38849c003382dceb3.html,1381,546fcdc949ab4b2c09e8baaf004eb3eca93c4318eb3840689730d2dc95fabd27,no
review/rendered_code/fc1f4483d0ecb3738a3b775b.js,3400,05a896bc8676d8218340b24b0cd00762331660f8383887ca2cf97e78ec31a1fc,no
review/rendered_code/fc26ddfb3c8f59f007a97c4b.js,9996,dee03261757d4324d5f6711d75239855526aaa50a4c5d48d920eb33e3efe5a27,no
review/rendered_code/fc296a960ac4477e4a4ad790.html,1470,048cf267afb48f27b13aaac61973b91ee46663e5c5c9babd5fcfa1ebeb3e9bc4,no
review/rendered_code/fc3d0de2dd509850f80f2b49.js,3108,15e0f193917617036013896dd62e644431a8043f2c0e0be7a0bfb0346875b4f6,no
review/rendered_code/fc43f0002ecad9fdaf444490.js,3476,f78000175bfe7ad21d54bb74eba590e59ee9adda58a72af2fed3603cac5854ce,no
review/rendered_code/fc4dae3858e33c4a119ccfc0.js,966,5a94a35d32da8ab72baa1825b68fbe1c64af4f14f90443c1a40708730b31fe1b,no
review/rendered_code/fc5d4f2008d44636507096ec.html,1853,236b1f8d9e6e8ef4e607c713f6267780d3b7a84fc9092b588ec8dc91ceb04374,no
review/rendered_code/fc98b8a6a569b7095cdb15a7.js,6762,2b1e9efcce0f96055c0c86c3ee0f386b8e5deba97d021363277c8897a32b635f,no
review/rendered_code/fcaf599cd76bcaddf840407e.js,10724,3ff439b9e03fb5f19574d6397c255b62580c1766275ae3d207e843a4a1775c11,no
review/rendered_code/fcc4decc2c00a35a9872d5be.js,9624,203f38b29975d4cea6dc9172857208e1bf06e4653f7a6da1d4012416e168d034,no
review/rendered_code/fcdfba3cae4b66c7299ff3db.js,3956,cf5d7ea74b0f0e3ee6603d30011cb8c4705dfae3745b77fca6047019f9c5da7f,no
review/rendered_code/fcebed781dfa7c6794ee0a45.html,1611,f74463202c565d5352f022b1c635494e7a49e7a4c8d244a0d3f5ddb20d06c1ea,no
review/rendered_code/fcf0b1a99081ad0676051e14.js,966,80fd9e0674e070f5197058e849d1b58f4b933bce0e93bd71aa5032aae56a9b81,no
review/rendered_code/fcfafa72794b904b6cdfa19d.html,16254,1a0e4188f7532fde432e50cca5f77fa829b0581f5a775759cc4f48d5ec790198,no
review/rendered_code/fcfbf586a161a797d9734631.html,2110,c40653562051e96db112834409fc847a30cb9ccc26e8e7545748514b3ed9188e,no
review/rendered_code/fcfef08dfa69f5a577f0beab.html,1482,fab6a8fbb3584844ace5d92d4c7c4ad479bc30b18a42acab0b4268c6cf404021,no
review/rendered_code/fd28897fc7f5f48347a05a24.js,14358,e449838bbbcdf2331dd32ff32f2dff9f831ba08fd0a67cf9f70fb01fc69cd42f,no
review/rendered_code/fdc169766a6ff97f4876bb8b.js,3460,eab6ccebfecf5c7ef7c78a6590c85e378fb0efa31a584b2776446f58ae50ae56,no
review/rendered_code/fdc42d8e134a0948dee04131.html,947,a95d645e529acc72de6b34fc0fcd5cb20e0fac09f4ab31e0bb5a6f4e9ab89a4f,no
review/rendered_code/fdc99f800425361414fdce1d.html,1462,b03a7b28155e4b367d57e85f4beeeca983eeb29faee314cafd92df2a8eae307c,no
review/rendered_code/fdcbecdbf039d847abd128d6.js,966,87ab99ff76f6d312c3df551df433b9055a4e3da47479fd737054ffb1098e0055,no
review/rendered_code/fde5d3b8365873eb9bdbc9c6.html,1021,70d483f000fc53e110d99519003b333cdb2332e2459b22182c079f58859d9ecd,no
review/rendered_code/fdfffd3bf33c26720e2dd8ad.js,7419,dcfca3d4ab73e699bfffe22abc3374ca3d5904a873b54842ca84ff3e61361867,no
review/rendered_code/fe18ed3fb880ff01f43aec66.html,1476,839081411319a919c6eb09c34e8891bd45ffd32c4617fa0bf7d06d01d43bb8f9,no
review/rendered_code/fe6f637774a405b61e4b0516.js,17236,6cef51bbbec9ece2e5e069173efb934d7968ab68319faa175531a21939cb700e,no
review/rendered_code/fe762d780500be5576a281e4.js,3212,4436088e6f4ad4e8d399bce888a50c9a2246d2c523f4f58062b01dacb3e01aa9,no
review/rendered_code/fe8b45a64f795bc7fd4de154.js,3368,4e11f620fd48d8379b81faa53262def06e8449589449f7566b55ff827a7d4b72,no
review/rendered_code/fe929b283721f59480aa75c3.html,1475,53c18cdb9313d88daed87fdc953639f1daa483980bb056cd27dcb33c2e284fbd,no
review/rendered_code/fe9e739d7e421c66de63886d.js,3544,24746279c58e1ed241c2388430621296ecba8accead1340527fb88ddc107023a,no
review/rendered_code/fec9c19b799f9fb39a6580aa.js,966,ce5f894b094623a9b6df6a6127f1d2d93389c02a1beb2a8cd88a0b5778a57c0a,no
review/rendered_code/feff8300d4145161c9a708fb.js,3048,65c290ba3f3c8011115e222201b510167e8e83f70a6dafa82af215cb61531cce,no
review/rendered_code/ff2ede5bfc08cf9ed0d56119.js,7447,b41be1078e614637dbb026122974fd3dad25f518abe9d73be97be1ff99310702,no
review/rendered_code/ff30ebe37f2c8880dfd9292f.html,1102,ce23f39ac5909be21de49cd8bcb13b8901961eab1e29076bcf647fbd7a52d855,no
review/rendered_code/ff3e4a7f33e43edc8c47149c.js,10849,c2d60bbd295d3da663af53916873e317d124ac925d46f35874e80e9a896d666d,no
review/rendered_code/ff467b262e44a43363034241.js,3916,c843651efdbaf23bb3af6305f3978875f80d69e353d7d419b675480aa227a2bd,no
review/rendered_code/ff72df55592866e5068caca1.html,1833,f36786f7bef44cec498f8bab8589a6e1d2dc6ee212514041064c44f7deda3219,no
review/rendered_code/ffc92d8ea29dd3d02389c012.html,1443,31e70681d773ffcc366c0bc8e85d9784733d4b21da14463fec5b5a0f87834fd8,no
review/rendered_code/ffcdc0f1b73950ec72120b74.html,14379,2088c7807e620ee00f8771038b12e80f656f454127f635cdc06457b135c8675a,no
review/rendered_code/fff5b6ad07382d20fe01c0ac.html,1463,0910e582112f64de0f4c432901382747ff147279f357f1fd88177bcd4977b893,no
